timestamp,poll_id,rtt_ms,bandwidth_kbps,cpu_load,ram_usage,prev_rtt_ms,rtt_delta,rtt_trend,avg_bw_last_6s,local_latency_ms,cloud_latency_ms,queue_depth,error_rate_pct,network_ok,bandwidth_ok,offload_ok,prob,raw_decision,pending_mode,pending_count,previous_mode,current_mode,transition,push_ok,pipeline_action
2026-04-20 11:23:07,1,0.00,0.00,0.00,26.73,0.00,0.00,stable,0.00,-1.00,-1.00,0,0.00,0,0,0,0.500,LOCAL,,0,LOCAL,LOCAL,0,0,none
2026-04-20 11:23:09,2,0.00,0.00,32.00,31.20,0.00,0.00,stable,0.00,-1.00,-1.00,0,0.00,0,0,0,0.500,LOCAL,,0,LOCAL,LOCAL,0,0,none
2026-04-20 11:23:11,3,29.85,63.12,34.62,42.30,0.00,29.85,up,21.04,-1.00,-1.00,1,0.00,1,0,0,0.500,LOCAL,,0,LOCAL,LOCAL,0,0,none
2026-04-20 11:23:13,4,29.85,63.12,41.35,54.70,29.85,0.00,stable,31.56,-1.00,-1.00,1,0.00,1,0,0,0.500,LOCAL,,0,LOCAL,LOCAL,0,0,none
2026-04-20 11:23:15,5,48.86,1466.67,41.80,56.88,29.85,19.01,up,398.23,100.24,-1.00,1,0.00,1,1,0,0.500,LOCAL,,0,LOCAL,LOCAL,0,0,none
2026-04-20 11:23:17,6,9.30,1369.18,28.04,47.11,48.86,-39.57,down,740.52,141.53,-1.00,1,0.00,1,1,0,0.500,LOCAL,,0,LOCAL,LOCAL,0,0,none
2026-04-20 11:23:19,7,9.30,1369.18,22.25,47.11,9.30,0.00,stable,1067.04,95.96,-1.00,1,0.00,1,1,0,0.500,LOCAL,,0,LOCAL,LOCAL,0,0,none
2026-04-20 11:23:21,8,4.34,319.29,21.71,47.11,9.30,-4.96,stable,1131.08,98.15,-1.00,1,0.00,1,1,0,0.500,LOCAL,,0,LOCAL,LOCAL,0,0,none
2026-04-20 11:23:23,9,4.34,319.29,22.17,47.11,4.34,0.00,stable,844.23,97.79,-1.00,1,0.00,1,1,0,0.500,LOCAL,,0,LOCAL,LOCAL,0,0,none
2026-04-20 11:23:25,10,4.46,2253.03,22.66,47.11,4.34,0.12,stable,1065.20,95.25,-1.00,1,0.00,1,1,0,0.500,LOCAL,,0,LOCAL,LOCAL,0,0,none
2026-04-20 11:23:27,11,5.20,1784.53,21.72,47.11,4.46,0.74,stable,1169.04,98.44,-1.00,1,0.00,1,1,0,0.500,LOCAL,,0,LOCAL,LOCAL,0,0,none
2026-04-20 11:23:29,12,5.20,1784.53,21.43,47.11,5.20,0.00,stable,1535.34,96.59,-1.00,1,0.00,1,1,0,0.500,LOCAL,,0,LOCAL,LOCAL,0,0,none
2026-04-20 11:23:31,13,440.80,332.78,21.02,47.11,5.20,435.60,up,1538.72,98.71,-1.00,1,0.00,0,1,0,0.500,LOCAL,,0,LOCAL,LOCAL,0,0,none
2026-04-20 11:23:33,14,53.31,1347.03,21.81,47.11,440.80,-387.49,down,1312.21,96.89,-1.00,1,0.00,1,1,0,0.500,LOCAL,,0,LOCAL,LOCAL,0,0,none
2026-04-20 11:23:35,15,53.31,1347.03,21.17,47.11,53.31,0.00,stable,1202.84,96.84,-1.00,1,0.00,1,1,0,0.500,LOCAL,,0,LOCAL,LOCAL,0,0,none
2026-04-20 11:23:37,16,35.94,1187.85,25.33,47.26,53.31,-17.37,down,1053.67,96.93,-1.00,1,0.00,1,1,0,0.500,LOCAL,,0,LOCAL,LOCAL,0,0,none
2026-04-20 11:23:39,17,8.30,2583.49,63.31,47.92,35.94,-27.64,down,1616.35,155.95,-1.00,1,0.00,1,1,1,1.000,CLOUD,CLOUD,1,LOCAL,LOCAL,0,0,none
2026-04-20 11:23:41,18,8.30,2583.49,66.53,47.92,8.30,0.00,stable,1925.47,178.09,-1.00,1,0.00,1,1,1,1.000,CLOUD,CLOUD,2,LOCAL,LOCAL,0,0,none
2026-04-20 11:23:43,19,12.58,213.76,66.64,47.92,8.30,4.28,stable,1642.15,143.45,-1.00,1,0.00,1,1,1,1.000,CLOUD,,0,LOCAL,CLOUD,1,0,started
2026-04-20 11:23:48,20,47.88,67.08,66.33,48.91,12.58,35.30,up,1361.96,231.24,-1.00,1,0.00,1,0,1,0.947,CLOUD,,0,CLOUD,CLOUD,0,0,none
2026-04-20 11:23:50,21,47.88,67.08,66.15,48.82,47.88,0.00,stable,732.85,231.24,-1.00,1,0.00,1,0,1,0.930,CLOUD,,0,CLOUD,CLOUD,0,0,none
2026-04-20 11:23:52,22,30.82,180.44,66.19,48.82,47.88,-17.06,down,132.09,231.24,-1.00,1,0.00,1,1,1,0.995,CLOUD,,0,CLOUD,CLOUD,0,0,none
2026-04-20 11:23:54,23,30.82,180.44,66.19,48.83,30.82,0.00,stable,123.76,231.24,-1.00,1,0.00,1,1,1,0.995,CLOUD,,0,CLOUD,CLOUD,0,0,none
2026-04-20 11:23:56,24,60.73,235.23,66.06,48.82,30.82,29.91,up,165.79,231.24,-1.00,1,0.00,1,1,1,0.924,CLOUD,,0,CLOUD,CLOUD,0,0,none
2026-04-20 11:23:58,25,81.74,143.87,66.28,48.83,60.73,21.01,up,184.99,231.24,-1.00,1,0.00,1,1,1,0.506,CLOUD,,0,CLOUD,CLOUD,0,0,none
2026-04-20 11:24:00,26,81.74,143.87,66.03,48.82,81.74,0.00,stable,175.85,231.24,-1.00,1,0.00,1,1,0,0.500,LOCAL,LOCAL,1,CLOUD,CLOUD,0,0,none
2026-04-20 11:24:02,27,93.55,146.45,66.20,48.83,81.74,11.81,up,167.35,231.24,-1.00,1,0.00,1,1,0,0.500,LOCAL,LOCAL,2,CLOUD,CLOUD,0,0,none
2026-04-20 11:24:04,28,56.48,378.87,65.97,48.89,93.55,-37.07,down,203.26,231.24,-1.00,1,0.00,1,1,1,0.981,CLOUD,,0,CLOUD,CLOUD,0,0,none
2026-04-20 11:24:06,29,56.48,378.87,66.03,48.84,56.48,0.00,stable,262.02,231.24,-1.00,1,0.00,1,1,1,0.983,CLOUD,,0,CLOUD,CLOUD,0,0,none
2026-04-20 11:24:08,30,72.53,822.96,66.33,48.13,56.48,16.05,up,431.79,231.24,-1.00,1,0.00,1,1,1,0.998,CLOUD,,0,CLOUD,CLOUD,0,0,none
2026-04-20 11:24:10,31,72.53,822.96,66.00,48.13,72.53,0.00,stable,600.91,231.24,-1.00,1,0.00,1,1,1,0.997,CLOUD,,0,CLOUD,CLOUD,0,0,none
2026-04-20 11:24:12,32,60.21,203.23,66.03,48.11,72.53,-12.32,down,557.00,231.24,-1.00,1,0.00,1,1,1,0.905,CLOUD,,0,CLOUD,CLOUD,0,0,none
2026-04-20 11:24:14,33,47.56,2386.01,66.06,48.12,60.21,-12.65,down,1058.79,231.24,-1.00,1,0.00,1,1,1,1.000,CLOUD,,0,CLOUD,CLOUD,0,0,none
2026-04-20 11:24:16,34,47.56,2386.01,65.97,48.10,47.56,0.00,stable,1449.55,231.24,-1.00,1,0.00,1,1,1,1.000,CLOUD,,0,CLOUD,CLOUD,0,0,none
2026-04-20 11:24:18,35,57.15,35.01,66.22,48.12,47.56,9.60,stable,1252.56,231.24,-1.00,1,0.00,1,0,1,0.821,CLOUD,,0,CLOUD,CLOUD,0,0,none
2026-04-20 11:24:20,36,57.15,35.01,66.11,48.13,57.15,0.00,stable,1210.51,231.24,-1.00,1,0.00,1,0,1,0.793,CLOUD,,0,CLOUD,CLOUD,0,0,none
2026-04-20 11:24:22,37,102.30,251.09,66.17,48.13,57.15,45.15,up,676.78,231.24,-1.00,1,0.00,1,1,0,0.500,LOCAL,LOCAL,1,CLOUD,CLOUD,0,0,none
2026-04-20 11:24:24,38,36.49,228.71,66.08,48.13,102.30,-65.81,down,137.46,231.24,-1.00,1,0.00,1,1,1,0.993,CLOUD,,0,CLOUD,CLOUD,0,0,none
2026-04-20 11:24:26,39,36.49,228.71,66.08,48.12,36.49,0.00,stable,185.88,231.24,-1.00,1,0.00,1,1,1,0.993,CLOUD,,0,CLOUD,CLOUD,0,0,none
2026-04-20 11:24:28,40,56.96,696.92,66.06,48.13,36.49,20.47,up,351.36,231.24,-1.00,1,0.00,1,1,1,0.999,CLOUD,,0,CLOUD,CLOUD,0,0,none
2026-04-20 11:24:30,41,46.80,121.13,66.06,48.10,56.96,-10.16,down,318.87,231.24,-1.00,1,0.00,1,1,1,0.952,CLOUD,,0,CLOUD,CLOUD,0,0,none
2026-04-20 11:24:32,42,46.80,121.13,66.17,48.13,46.80,0.00,stable,291.97,231.24,-1.00,1,0.00,1,1,1,0.959,CLOUD,,0,CLOUD,CLOUD,0,0,none
2026-04-20 11:24:34,43,31.91,373.39,66.17,48.14,46.80,-14.89,down,328.14,231.24,-1.00,1,0.00,1,1,1,0.999,CLOUD,,0,CLOUD,CLOUD,0,0,none
2026-04-20 11:24:36,44,31.91,373.39,66.03,48.10,31.91,0.00,stable,247.26,231.24,-1.00,1,0.00,1,1,1,0.998,CLOUD,,0,CLOUD,CLOUD,0,0,none
2026-04-20 11:24:38,45,52.06,229.08,66.39,48.14,31.91,20.15,up,274.25,231.24,-1.00,1,0.00,1,1,1,0.979,CLOUD,,0,CLOUD,CLOUD,0,0,none
2026-04-20 11:24:40,46,65.33,160.80,66.03,48.14,52.06,13.27,up,284.17,231.24,-1.00,1,0.00,1,1,1,0.802,CLOUD,,0,CLOUD,CLOUD,0,0,none
2026-04-20 11:24:42,47,65.33,160.80,66.03,48.09,65.33,0.00,stable,231.02,231.24,-1.00,1,0.00,1,1,1,0.802,CLOUD,,0,CLOUD,CLOUD,0,0,none
2026-04-20 11:24:44,48,37.61,238.19,66.00,48.17,65.33,-27.72,down,197.22,231.24,-1.00,1,0.00,1,1,1,0.991,CLOUD,,0,CLOUD,CLOUD,0,0,none
2026-04-20 11:24:46,49,37.61,238.19,66.23,48.14,37.61,0.00,stable,199.50,231.24,-1.00,1,0.00,1,1,1,0.994,CLOUD,,0,CLOUD,CLOUD,0,0,none
2026-04-20 11:24:48,50,38.31,98.80,65.95,48.11,37.61,0.70,stable,184.00,231.24,-1.00,1,0.00,1,0,1,0.970,CLOUD,,0,CLOUD,CLOUD,0,0,none
2026-04-20 11:24:50,51,38.31,98.80,66.25,48.16,38.31,0.00,stable,168.50,231.24,-1.00,1,0.00,1,0,1,0.981,CLOUD,,0,CLOUD,CLOUD,0,0,none
2026-04-20 11:24:52,52,73.62,52.14,66.06,48.15,38.31,35.31,up,121.98,231.24,-1.00,1,0.00,1,0,0,0.500,LOCAL,LOCAL,1,CLOUD,CLOUD,0,0,none
2026-04-20 11:24:54,53,54.60,238.83,66.31,48.15,73.62,-19.02,down,122.14,231.24,-1.00,1,0.00,1,1,1,0.972,CLOUD,,0,CLOUD,CLOUD,0,0,none
2026-04-20 11:24:56,54,54.60,238.83,66.03,48.15,54.60,0.00,stable,157.15,231.24,-1.00,1,0.00,1,1,1,0.957,CLOUD,,0,CLOUD,CLOUD,0,0,none
2026-04-20 11:24:58,55,163.80,36.42,66.06,48.15,54.60,109.20,up,141.56,231.24,-1.00,1,0.00,1,0,0,0.500,LOCAL,LOCAL,1,CLOUD,CLOUD,0,0,none
2026-04-20 11:25:00,56,163.80,36.42,66.03,48.11,163.80,0.00,stable,137.63,231.24,-1.00,1,0.00,1,0,0,0.500,LOCAL,LOCAL,2,CLOUD,CLOUD,0,0,none
2026-04-20 11:25:02,57,79.99,242.09,65.74,48.17,163.80,-83.81,down,138.44,231.24,-1.00,1,0.00,1,1,1,0.532,CLOUD,,0,CLOUD,CLOUD,0,0,none
2026-04-20 11:25:04,58,79.99,242.09,66.20,48.16,79.99,0.00,stable,139.26,231.24,-1.00,1,0.00,1,1,1,0.703,CLOUD,,0,CLOUD,CLOUD,0,0,none
2026-04-20 11:25:06,59,47.00,89.86,66.08,48.11,79.99,-32.99,down,152.62,231.24,-1.00,1,0.00,1,0,1,0.940,CLOUD,,0,CLOUD,CLOUD,0,0,none
2026-04-20 11:25:08,60,47.00,89.86,66.17,48.16,47.00,0.00,stable,165.98,231.24,-1.00,1,0.00,1,0,1,0.947,CLOUD,,0,CLOUD,CLOUD,0,0,none
2026-04-20 11:25:10,61,83.32,90.76,66.00,48.15,47.00,36.32,up,128.14,231.24,-1.00,1,0.00,1,0,0,0.500,LOCAL,LOCAL,1,CLOUD,CLOUD,0,0,none
2026-04-20 11:25:12,62,38.41,245.59,65.99,48.17,83.32,-44.91,down,129.02,231.24,-1.00,1,0.00,1,1,1,0.991,CLOUD,,0,CLOUD,CLOUD,0,0,none
2026-04-20 11:25:14,63,38.41,245.59,66.20,48.15,38.41,0.00,stable,167.95,231.24,-1.00,1,0.00,1,1,1,0.994,CLOUD,,0,CLOUD,CLOUD,0,0,none
2026-04-20 11:25:16,64,53.55,167.22,66.03,48.10,38.41,15.14,up,187.29,231.24,-1.00,1,0.00,1,1,1,0.933,CLOUD,,0,CLOUD,CLOUD,0,0,none
2026-04-20 11:25:18,65,53.55,167.22,66.11,48.15,53.55,0.00,stable,206.41,231.24,-1.00,1,0.00,1,1,1,0.941,CLOUD,,0,CLOUD,CLOUD,0,0,none
2026-04-20 11:25:20,66,44.79,171.09,66.06,48.11,53.55,-8.76,stable,187.78,231.24,-1.00,1,0.00,1,1,1,0.973,CLOUD,,0,CLOUD,CLOUD,0,0,none
2026-04-20 11:25:22,67,41.72,145.49,66.06,48.14,44.79,-3.07,stable,162.76,231.24,-1.00,1,0.00,1,1,1,0.975,CLOUD,,0,CLOUD,CLOUD,0,0,none
2026-04-20 11:25:24,68,41.72,145.49,66.17,48.11,41.72,0.00,stable,157.32,231.24,-1.00,1,0.00,1,1,1,0.979,CLOUD,,0,CLOUD,CLOUD,0,0,none
2026-04-20 11:25:26,69,58.82,181.15,66.03,48.16,41.72,17.10,up,160.81,231.24,-1.00,1,0.00,1,1,1,0.901,CLOUD,,0,CLOUD,CLOUD,0,0,none
2026-04-20 11:25:28,70,58.82,181.15,66.03,48.16,58.82,0.00,stable,163.32,231.24,-1.00,1,0.00,1,1,1,0.902,CLOUD,,0,CLOUD,CLOUD,0,0,none
2026-04-20 11:25:30,71,55.77,177.12,66.14,48.13,58.82,-3.05,stable,171.23,231.24,-1.00,1,0.00,1,1,1,0.935,CLOUD,,0,CLOUD,CLOUD,0,0,none
2026-04-20 11:25:32,72,49.50,428.58,66.06,48.14,55.77,-6.27,stable,242.00,231.24,-1.00,1,0.00,1,1,1,0.994,CLOUD,,0,CLOUD,CLOUD,0,0,none
2026-04-20 11:25:34,73,49.50,428.58,65.86,48.12,49.50,0.00,stable,303.86,231.24,-1.00,1,0.00,1,1,1,0.992,CLOUD,,0,CLOUD,CLOUD,0,0,none
2026-04-20 11:25:36,74,58.66,281.84,66.31,48.15,49.50,9.16,stable,329.03,231.24,-1.00,1,0.00,1,1,1,0.970,CLOUD,,0,CLOUD,CLOUD,0,0,none
2026-04-20 11:25:38,75,18.81,1232.03,65.86,48.11,58.66,-39.85,down,592.76,231.24,-1.00,1,0.00,1,1,1,1.000,CLOUD,,0,CLOUD,CLOUD,0,0,none
2026-04-20 11:25:40,76,18.81,1232.03,66.08,48.14,18.81,0.00,stable,793.62,231.24,-1.00,1,0.00,1,1,1,1.000,CLOUD,,0,CLOUD,CLOUD,0,0,none
2026-04-20 11:25:42,77,96.55,217.86,65.86,48.13,18.81,77.74,up,740.94,231.24,-1.00,1,0.00,1,1,0,0.500,LOCAL,LOCAL,1,CLOUD,CLOUD,0,0,none
2026-04-20 11:25:44,78,96.55,217.86,66.11,48.15,96.55,0.00,stable,724.95,231.24,-1.00,1,0.00,1,1,0,0.500,LOCAL,LOCAL,2,CLOUD,CLOUD,0,0,none
2026-04-20 11:25:46,79,70.88,194.36,66.08,48.15,96.55,-25.67,down,465.53,231.24,-1.00,1,0.00,1,1,1,0.769,CLOUD,,0,CLOUD,CLOUD,0,0,none
2026-04-20 11:25:48,80,70.88,194.36,65.89,48.12,70.88,0.00,stable,206.11,231.24,-1.00,1,0.00,1,1,1,0.709,CLOUD,,0,CLOUD,CLOUD,0,0,none
2026-04-20 11:25:50,81,62.32,64.27,66.08,48.15,70.88,-8.56,stable,167.71,231.24,-1.00,1,0.00,1,0,1,0.734,CLOUD,,0,CLOUD,CLOUD,0,0,none
2026-04-20 11:25:52,82,96.66,131.27,65.97,48.14,62.32,34.34,up,146.07,231.24,-1.00,1,0.00,1,1,0,0.500,LOCAL,LOCAL,1,CLOUD,CLOUD,0,0,none
2026-04-20 11:25:54,83,96.66,131.27,66.00,48.12,96.66,0.00,stable,130.29,231.24,-1.00,1,0.00,1,1,0,0.500,LOCAL,LOCAL,2,CLOUD,CLOUD,0,0,none
2026-04-20 11:25:56,84,154.68,45.71,66.03,48.11,96.66,58.02,up,93.13,231.24,-1.00,1,0.00,1,0,0,0.500,LOCAL,,0,CLOUD,LOCAL,1,0,started
2026-04-20 11:25:58,85,154.68,45.71,66.72,49.24,154.68,0.00,stable,88.49,174.82,-1.00,1,0.00,1,0,0,0.500,LOCAL,,0,LOCAL,LOCAL,0,0,none
2026-04-20 11:26:00,86,67.41,160.36,66.64,51.27,154.68,-87.27,down,95.76,164.25,-1.00,1,0.00,1,1,1,0.897,CLOUD,CLOUD,1,LOCAL,LOCAL,0,0,none
2026-04-20 11:26:02,87,72.72,2074.08,66.53,53.63,67.41,5.30,stable,581.47,168.14,-1.00,1,0.00,1,1,1,1.000,CLOUD,CLOUD,2,LOCAL,LOCAL,0,0,none
2026-04-20 11:26:04,88,72.72,2074.08,66.67,56.11,72.72,0.00,stable,1088.56,187.87,-1.00,1,0.00,1,1,1,1.000,CLOUD,,0,LOCAL,CLOUD,1,0,started
2026-04-20 11:26:07,89,25.70,692.67,66.64,48.68,72.72,-47.01,down,1250.30,242.67,-1.00,1,0.00,1,1,1,1.000,CLOUD,,0,CLOUD,CLOUD,0,0,none
2026-04-20 11:26:09,90,27.71,2272.57,66.56,48.86,25.70,2.00,stable,1778.35,242.67,-1.00,1,0.00,1,1,1,1.000,CLOUD,,0,CLOUD,CLOUD,0,0,none
2026-04-20 11:26:11,91,27.71,2272.57,66.06,48.85,27.71,0.00,stable,1827.97,242.67,-1.00,1,0.00,1,1,1,1.000,CLOUD,,0,CLOUD,CLOUD,0,0,none
2026-04-20 11:26:13,92,94.36,206.33,65.97,48.91,27.71,66.66,up,1361.03,242.67,-1.00,1,0.00,1,1,0,0.500,LOCAL,LOCAL,1,CLOUD,CLOUD,0,0,none
2026-04-20 11:26:16,93,52.47,170.05,65.96,49.01,94.36,-41.90,down,1230.38,242.67,-1.00,1,0.00,1,1,1,0.934,CLOUD,,0,CLOUD,CLOUD,0,0,none
2026-04-20 11:26:19,94,52.47,170.05,66.17,48.96,52.47,0.00,stable,704.75,242.67,-1.00,1,0.00,1,1,1,0.952,CLOUD,,0,CLOUD,CLOUD,0,0,none
2026-04-20 11:26:21,95,75.80,218.02,65.95,48.91,52.47,23.34,up,191.11,242.67,-1.00,1,0.00,1,1,1,0.663,CLOUD,,0,CLOUD,CLOUD,0,0,none
2026-04-20 11:26:23,96,75.80,218.02,66.11,48.99,75.80,0.00,stable,194.04,242.67,-1.00,1,0.00,1,1,1,0.720,CLOUD,,0,CLOUD,CLOUD,0,0,none
2026-04-20 11:26:25,97,47.04,63.73,65.97,48.95,75.80,-28.76,down,167.45,242.67,-1.00,1,0.00,1,0,1,0.914,CLOUD,,0,CLOUD,CLOUD,0,0,none
2026-04-20 11:26:27,98,52.37,57.62,66.18,49.02,47.04,5.33,stable,139.35,242.67,-1.00,1,0.00,1,0,1,0.892,CLOUD,,0,CLOUD,CLOUD,0,0,none
2026-04-20 11:26:29,99,52.37,57.62,66.23,48.30,52.37,0.00,stable,99.25,242.67,-1.00,1,0.00,1,0,1,0.899,CLOUD,,0,CLOUD,CLOUD,0,0,none
2026-04-20 11:26:31,100,51.65,271.36,65.97,48.25,52.37,-0.72,stable,112.58,242.67,-1.00,1,0.00,1,1,1,0.972,CLOUD,,0,CLOUD,CLOUD,0,0,none
2026-04-20 11:26:33,101,51.65,271.36,66.00,48.29,51.65,0.00,stable,164.49,242.67,-1.00,1,0.00,1,1,1,0.974,CLOUD,,0,CLOUD,CLOUD,0,0,none
2026-04-20 11:26:35,102,67.50,85.05,66.28,48.26,51.65,15.86,up,171.35,242.67,-1.00,1,0.00,1,0,1,0.728,CLOUD,,0,CLOUD,CLOUD,0,0,none
2026-04-20 11:26:37,103,52.56,116.47,66.22,48.39,67.50,-14.94,down,186.06,242.67,-1.00,1,0.00,1,1,1,0.933,CLOUD,,0,CLOUD,CLOUD,0,0,none
2026-04-20 11:26:39,104,52.56,116.47,66.14,48.30,52.56,0.00,stable,147.34,242.67,-1.00,1,0.00,1,1,1,0.924,CLOUD,,0,CLOUD,CLOUD,0,0,none
2026-04-20 11:26:41,105,41.71,112.11,66.03,48.26,52.56,-10.86,down,107.52,242.67,-1.00,1,0.00,1,1,1,0.967,CLOUD,,0,CLOUD,CLOUD,0,0,none
2026-04-20 11:26:43,106,41.71,112.11,66.20,48.29,41.71,0.00,stable,114.29,242.67,-1.00,1,0.00,1,1,1,0.974,CLOUD,,0,CLOUD,CLOUD,0,0,none
2026-04-20 11:26:45,107,61.72,176.02,66.25,48.30,41.71,20.02,up,129.18,242.67,-1.00,1,0.00,1,1,1,0.903,CLOUD,,0,CLOUD,CLOUD,0,0,none
2026-04-20 11:26:47,108,59.47,210.22,66.06,48.29,61.72,-2.25,stable,152.62,242.67,-1.00,1,0.00,1,1,1,0.919,CLOUD,,0,CLOUD,CLOUD,0,0,none
2026-04-20 11:26:49,109,59.47,210.22,66.14,48.30,59.47,0.00,stable,177.15,242.67,-1.00,1,0.00,1,1,1,0.928,CLOUD,,0,CLOUD,CLOUD,0,0,none
2026-04-20 11:26:51,110,53.85,168.21,65.92,48.25,59.47,-5.62,stable,191.17,242.67,-1.00,1,0.00,1,1,1,0.919,CLOUD,,0,CLOUD,CLOUD,0,0,none
2026-04-20 11:26:53,111,53.48,246.19,66.28,48.34,53.85,-0.37,stable,208.71,242.67,-1.00,1,0.00,1,1,1,0.975,CLOUD,,0,CLOUD,CLOUD,0,0,none
2026-04-20 11:26:55,112,53.48,246.19,66.20,48.30,53.48,0.00,stable,217.70,242.67,-1.00,1,0.00,1,1,1,0.972,CLOUD,,0,CLOUD,CLOUD,0,0,none
2026-04-20 11:26:57,113,138.64,157.71,66.08,48.30,53.48,85.15,up,204.57,242.67,-1.00,1,0.00,1,1,0,0.500,LOCAL,LOCAL,1,CLOUD,CLOUD,0,0,none
2026-04-20 11:26:59,114,138.64,157.71,66.08,48.32,138.64,0.00,stable,201.95,242.67,-1.00,1,0.00,1,1,0,0.500,LOCAL,LOCAL,2,CLOUD,CLOUD,0,0,none
2026-04-20 11:27:01,115,64.55,302.87,66.03,48.26,138.64,-74.08,down,216.12,242.67,-1.00,1,0.00,1,1,1,0.932,CLOUD,,0,CLOUD,CLOUD,0,0,none
2026-04-20 11:27:03,116,32.44,223.21,66.08,48.30,64.55,-32.12,down,210.38,242.67,-1.00,1,0.00,1,1,1,0.995,CLOUD,,0,CLOUD,CLOUD,0,0,none
2026-04-20 11:27:05,117,32.44,223.21,66.20,48.27,32.44,0.00,stable,226.75,242.67,-1.00,1,0.00,1,1,1,0.996,CLOUD,,0,CLOUD,CLOUD,0,0,none
2026-04-20 11:27:07,118,48.57,162.00,65.92,48.33,32.44,16.13,up,227.82,242.67,-1.00,1,0.00,1,1,1,0.948,CLOUD,,0,CLOUD,CLOUD,0,0,none
2026-04-20 11:27:09,119,48.57,162.00,66.20,48.31,48.57,0.00,stable,192.61,242.67,-1.00,1,0.00,1,1,1,0.966,CLOUD,,0,CLOUD,CLOUD,0,0,none
2026-04-20 11:27:11,120,39.69,67.73,66.03,48.27,48.57,-8.88,stable,153.74,242.67,-1.00,1,0.00,1,0,1,0.962,CLOUD,,0,CLOUD,CLOUD,0,0,none
2026-04-20 11:27:13,121,39.69,67.73,66.11,48.30,39.69,0.00,stable,114.87,242.67,-1.00,1,0.00,1,0,1,0.966,CLOUD,,0,CLOUD,CLOUD,0,0,none
2026-04-20 11:27:15,122,48.85,216.83,66.17,48.30,39.69,9.16,stable,128.57,242.67,-1.00,1,0.00,1,1,1,0.976,CLOUD,,0,CLOUD,CLOUD,0,0,none
2026-04-20 11:27:17,123,61.13,172.74,66.03,48.26,48.85,12.28,up,131.26,242.67,-1.00,1,0.00,1,1,1,0.872,CLOUD,,0,CLOUD,CLOUD,0,0,none
2026-04-20 11:27:19,124,61.13,172.74,66.08,48.31,61.13,0.00,stable,157.51,242.67,-1.00,1,0.00,1,1,1,0.881,CLOUD,,0,CLOUD,CLOUD,0,0,none
2026-04-20 11:27:21,125,121.25,62.31,66.14,48.29,61.13,60.12,up,156.15,242.67,-1.00,1,0.00,1,0,0,0.500,LOCAL,LOCAL,1,CLOUD,CLOUD,0,0,none
2026-04-20 11:27:23,126,121.25,62.31,66.17,48.31,121.25,0.00,stable,117.52,242.67,-1.00,1,0.00,1,0,0,0.500,LOCAL,LOCAL,2,CLOUD,CLOUD,0,0,none
2026-04-20 11:27:25,127,53.38,150.30,66.03,48.26,121.25,-67.87,down,111.91,242.67,-1.00,1,0.00,1,1,1,0.925,CLOUD,,0,CLOUD,CLOUD,0,0,none
2026-04-20 11:27:27,128,84.24,60.96,66.14,48.30,53.38,30.85,up,83.97,242.67,-1.00,1,0.00,1,0,0,0.500,LOCAL,LOCAL,1,CLOUD,CLOUD,0,0,none
2026-04-20 11:27:29,129,84.24,60.96,66.25,48.27,84.24,0.00,stable,83.63,242.67,-1.00,1,0.00,1,0,0,0.500,LOCAL,LOCAL,2,CLOUD,CLOUD,0,0,none
2026-04-20 11:27:31,130,58.70,190.07,66.22,48.29,84.24,-25.54,down,115.57,242.67,-1.00,1,0.00,1,1,1,0.931,CLOUD,,0,CLOUD,CLOUD,0,0,none
2026-04-20 11:27:33,131,58.70,190.07,65.97,48.29,58.70,0.00,stable,125.51,242.67,-1.00,1,0.00,1,1,1,0.901,CLOUD,,0,CLOUD,CLOUD,0,0,none
2026-04-20 11:27:35,132,36.55,211.34,66.11,48.26,58.70,-22.15,down,163.11,242.67,-1.00,1,0.00,1,1,1,0.992,CLOUD,,0,CLOUD,CLOUD,0,0,none
2026-04-20 11:27:37,133,49.49,139.83,66.22,48.29,36.55,12.94,up,182.83,242.67,-1.00,1,0.00,1,1,1,0.958,CLOUD,,0,CLOUD,CLOUD,0,0,none
2026-04-20 11:27:39,134,49.49,139.83,65.97,48.26,49.49,0.00,stable,170.27,242.67,-1.00,1,0.00,1,1,1,0.939,CLOUD,,0,CLOUD,CLOUD,0,0,none
2026-04-20 11:27:41,135,71.06,120.04,66.14,48.29,49.49,21.57,up,152.76,242.67,-1.00,1,0.00,1,1,1,0.663,CLOUD,,0,CLOUD,CLOUD,0,0,none
2026-04-20 11:27:43,136,89.18,336.72,65.95,48.37,71.06,18.12,up,184.10,242.67,-1.00,1,0.00,1,1,1,0.572,CLOUD,,0,CLOUD,CLOUD,0,0,none
2026-04-20 11:27:45,137,89.18,336.72,65.95,48.30,89.18,0.00,stable,233.33,242.67,-1.00,1,0.00,1,1,1,0.572,CLOUD,,0,CLOUD,CLOUD,0,0,none
2026-04-20 11:27:47,138,198.70,29.66,66.00,48.26,89.18,109.52,up,205.79,242.67,-1.00,1,0.00,1,0,0,0.500,LOCAL,LOCAL,1,CLOUD,CLOUD,0,0,none
2026-04-20 11:27:49,139,198.70,29.66,66.06,48.30,198.70,0.00,stable,183.19,242.67,-1.00,1,0.00,1,0,0,0.500,LOCAL,LOCAL,2,CLOUD,CLOUD,0,0,none
2026-04-20 11:27:51,140,224.61,12.20,66.06,48.30,198.70,25.92,up,102.06,242.67,-1.00,1,0.00,0,0,0,0.500,LOCAL,,0,CLOUD,LOCAL,1,0,started
2026-04-20 11:27:54,141,224.61,12.20,66.64,49.50,224.61,0.00,stable,20.93,242.67,-1.00,1,0.00,0,0,0,0.500,LOCAL,,0,LOCAL,LOCAL,0,0,none
2026-04-20 11:27:56,142,181.91,26.79,66.58,51.20,224.61,-42.70,down,20.21,242.67,-1.00,1,0.00,1,0,0,0.500,LOCAL,,0,LOCAL,LOCAL,0,0,none
2026-04-20 11:27:58,143,181.91,26.79,66.39,53.85,181.91,0.00,stable,19.49,172.06,-1.00,1,0.00,1,0,0,0.500,LOCAL,,0,LOCAL,LOCAL,0,0,none
2026-04-20 11:28:00,144,73.00,1940.46,66.56,56.36,181.91,-108.92,down,501.56,197.46,-1.00,1,0.00,1,1,1,1.000,CLOUD,CLOUD,1,LOCAL,LOCAL,0,0,none
2026-04-20 11:28:02,145,72.41,1947.44,66.42,58.17,73.00,-0.59,stable,985.37,196.42,-1.00,1,0.00,1,1,1,1.000,CLOUD,CLOUD,2,LOCAL,LOCAL,0,0,none
2026-04-20 11:28:04,146,72.41,1947.44,66.69,58.77,72.41,0.00,stable,1465.53,272.52,-1.00,1,0.00,1,1,1,1.000,CLOUD,,0,LOCAL,CLOUD,1,0,started
2026-04-20 11:28:06,147,42.21,283.38,66.67,49.03,72.41,-30.20,down,1529.68,187.37,-1.00,1,0.00,1,1,1,0.997,CLOUD,,0,CLOUD,CLOUD,0,0,none
2026-04-20 11:28:08,148,103.75,67.96,66.61,49.18,42.21,61.54,up,1061.56,187.37,-1.00,1,0.00,1,0,0,0.500,LOCAL,LOCAL,1,CLOUD,CLOUD,0,0,none
2026-04-20 11:28:10,149,103.75,67.96,66.11,49.16,103.75,0.00,stable,591.69,187.37,-1.00,1,0.00,1,0,0,0.500,LOCAL,LOCAL,2,CLOUD,CLOUD,0,0,none
2026-04-20 11:28:12,150,135.39,144.64,66.28,49.19,103.75,31.64,up,140.99,187.37,-1.00,1,0.00,1,1,0,0.500,LOCAL,,0,CLOUD,LOCAL,1,0,started
2026-04-20 11:28:17,151,143.78,31.23,66.14,49.35,135.39,8.39,stable,77.95,234.87,-1.00,1,0.00,1,0,0,0.500,LOCAL,,0,LOCAL,LOCAL,0,0,none
2026-04-20 11:28:19,152,53.33,2745.86,66.61,51.64,143.78,-90.46,down,747.42,195.30,-1.00,1,0.00,1,1,1,1.000,CLOUD,CLOUD,1,LOCAL,LOCAL,0,0,none
2026-04-20 11:28:21,153,53.33,2745.86,66.61,53.86,53.33,0.00,stable,1416.90,180.77,-1.00,1,0.00,1,1,1,1.000,CLOUD,CLOUD,2,LOCAL,LOCAL,0,0,none
2026-04-20 11:28:23,154,41.48,446.68,66.61,56.45,53.33,-11.84,down,1492.41,151.18,-1.00,1,0.00,1,1,1,0.999,CLOUD,,0,LOCAL,CLOUD,1,0,started
2026-04-20 11:28:27,155,29.35,118.81,66.65,49.19,41.48,-12.14,down,1514.30,262.14,-1.00,1,0.00,1,1,1,0.997,CLOUD,,0,CLOUD,CLOUD,0,0,none
2026-04-20 11:28:29,156,29.35,118.81,66.34,49.18,29.35,0.00,stable,857.54,262.14,-1.00,1,0.00,1,1,1,0.994,CLOUD,,0,CLOUD,CLOUD,0,0,none
2026-04-20 11:28:31,157,43.92,65.51,66.03,49.13,29.35,14.57,up,187.45,262.14,-1.00,1,0.00,1,0,1,0.941,CLOUD,,0,CLOUD,CLOUD,0,0,none
2026-04-20 11:28:33,158,43.92,65.51,66.22,49.18,43.92,0.00,stable,92.16,262.14,-1.00,1,0.00,1,0,1,0.956,CLOUD,,0,CLOUD,CLOUD,0,0,none
2026-04-20 11:28:35,159,58.98,110.18,66.06,49.13,43.92,15.06,up,90.00,262.14,-1.00,1,0.00,1,1,1,0.842,CLOUD,,0,CLOUD,CLOUD,0,0,none
2026-04-20 11:28:37,160,39.85,226.43,66.03,49.15,58.98,-19.13,down,116.91,262.14,-1.00,1,0.00,1,1,1,0.989,CLOUD,,0,CLOUD,CLOUD,0,0,none
2026-04-20 11:28:39,161,39.85,226.43,66.14,49.18,39.85,0.00,stable,157.14,262.14,-1.00,1,0.00,1,1,1,0.991,CLOUD,,0,CLOUD,CLOUD,0,0,none
2026-04-20 11:28:41,162,57.12,329.95,66.14,49.13,39.85,17.28,up,223.24,262.14,-1.00,1,0.00,1,1,1,0.977,CLOUD,,0,CLOUD,CLOUD,0,0,none
2026-04-20 11:28:43,163,57.12,329.95,66.25,49.18,57.12,0.00,stable,278.19,262.14,-1.00,1,0.00,1,1,1,0.981,CLOUD,,0,CLOUD,CLOUD,0,0,none
2026-04-20 11:28:45,164,35.92,148.60,66.17,49.17,57.12,-21.20,down,258.73,262.14,-1.00,1,0.00,1,1,1,0.989,CLOUD,,0,CLOUD,CLOUD,0,0,none
2026-04-20 11:28:47,165,34.32,91.88,66.19,48.46,35.92,-1.60,stable,225.09,262.14,-1.00,1,0.00,1,0,1,0.985,CLOUD,,0,CLOUD,CLOUD,0,0,none
2026-04-20 11:28:49,166,34.32,91.88,66.17,48.48,34.32,0.00,stable,165.58,262.14,-1.00,1,0.00,1,0,1,0.985,CLOUD,,0,CLOUD,CLOUD,0,0,none
2026-04-20 11:28:51,167,50.24,161.80,66.06,48.42,34.32,15.92,up,123.54,262.14,-1.00,1,0.00,1,1,1,0.951,CLOUD,,0,CLOUD,CLOUD,0,0,none
2026-04-20 11:28:53,168,66.18,54.74,66.19,48.58,50.24,15.94,up,100.08,262.14,-1.00,1,0.00,1,0,1,0.675,CLOUD,,0,CLOUD,CLOUD,0,0,none
2026-04-20 11:28:55,169,66.18,54.74,66.06,48.42,66.18,0.00,stable,90.79,262.14,-1.00,1,0.00,1,0,1,0.626,CLOUD,,0,CLOUD,CLOUD,0,0,none
2026-04-20 11:28:57,170,37.55,103.30,66.25,48.45,66.18,-28.63,down,93.65,262.14,-1.00,0,0.00,1,1,1,0.983,CLOUD,,0,CLOUD,CLOUD,0,0,none
2026-04-20 11:28:59,171,37.55,103.30,66.11,48.48,37.55,0.00,stable,79.02,262.14,-1.00,1,0.00,1,1,1,0.979,CLOUD,,0,CLOUD,CLOUD,0,0,none
2026-04-20 11:29:01,172,53.19,100.94,66.22,48.45,37.55,15.64,up,90.57,262.14,-1.00,1,0.00,1,1,1,0.920,CLOUD,,0,CLOUD,CLOUD,0,0,none
2026-04-20 11:29:03,173,53.19,100.94,66.00,48.48,53.19,0.00,stable,102.12,262.14,-1.00,1,0.00,1,1,1,0.890,CLOUD,,0,CLOUD,CLOUD,0,0,none
2026-04-20 11:29:05,174,86.36,22.97,65.92,48.45,53.19,33.18,up,82.04,262.14,-1.00,1,0.00,1,0,0,0.500,LOCAL,LOCAL,1,CLOUD,CLOUD,0,0,none
2026-04-20 11:29:07,175,86.36,22.97,66.14,48.48,86.36,0.00,stable,61.96,262.14,-1.00,1,0.00,1,0,0,0.500,LOCAL,LOCAL,2,CLOUD,CLOUD,0,0,none
2026-04-20 11:29:09,176,53.63,198.04,66.06,48.44,86.36,-32.73,down,86.23,262.14,-1.00,1,0.00,1,1,1,0.948,CLOUD,,0,CLOUD,CLOUD,0,0,none
2026-04-20 11:29:11,177,54.63,251.82,66.06,48.52,53.63,0.99,stable,123.95,262.14,-1.00,1,0.00,1,1,1,0.962,CLOUD,,0,CLOUD,CLOUD,0,0,none
2026-04-20 11:29:13,178,54.63,251.82,66.23,48.48,54.63,0.00,stable,181.16,262.14,-1.00,1,0.00,1,1,1,0.971,CLOUD,,0,CLOUD,CLOUD,0,0,none
2026-04-20 11:29:15,179,29.16,164.98,66.11,48.44,54.63,-25.47,down,216.66,262.14,-1.00,1,0.00,1,1,1,0.994,CLOUD,,0,CLOUD,CLOUD,0,0,none
2026-04-20 11:29:17,180,29.16,164.98,66.25,48.48,29.16,0.00,stable,208.40,262.14,-1.00,1,0.00,1,1,1,0.996,CLOUD,,0,CLOUD,CLOUD,0,0,none
2026-04-20 11:29:19,181,56.57,167.82,66.22,48.48,29.16,27.41,up,187.40,262.14,-1.00,1,0.00,1,1,1,0.934,CLOUD,,0,CLOUD,CLOUD,0,0,none
2026-04-20 11:29:21,182,78.88,154.00,66.14,48.44,56.57,22.31,up,162.95,262.14,-1.00,1,0.00,1,1,1,0.542,CLOUD,,0,CLOUD,CLOUD,0,0,none
2026-04-20 11:29:23,183,78.88,154.00,66.00,48.48,78.88,0.00,stable,160.20,262.14,-1.00,1,0.00,1,1,0,0.500,LOCAL,LOCAL,1,CLOUD,CLOUD,0,0,none
2026-04-20 11:29:25,184,44.35,2300.93,66.22,48.46,78.88,-34.53,down,694.19,262.14,-1.00,1,0.00,1,1,1,1.000,CLOUD,,0,CLOUD,CLOUD,0,0,none
2026-04-20 11:29:27,185,44.35,2300.93,66.08,48.45,44.35,0.00,stable,1227.46,262.14,-1.00,1,0.00,1,1,1,1.000,CLOUD,,0,CLOUD,CLOUD,0,0,none
2026-04-20 11:29:29,186,78.25,52.39,66.19,48.48,44.35,33.90,up,1202.06,262.14,-1.00,1,0.00,1,0,0,0.500,LOCAL,LOCAL,1,CLOUD,CLOUD,0,0,none
2026-04-20 11:29:31,187,56.07,428.49,66.00,48.43,78.25,-22.18,down,1270.68,262.14,-1.00,1,0.00,1,1,1,0.988,CLOUD,,0,CLOUD,CLOUD,0,0,none
2026-04-20 11:29:33,188,56.07,428.49,65.97,48.44,56.07,0.00,stable,802.58,262.14,-1.00,1,0.00,1,1,1,0.988,CLOUD,,0,CLOUD,CLOUD,0,0,none
2026-04-20 11:29:35,189,50.01,34.27,66.11,48.48,56.07,-6.06,stable,235.91,262.14,-1.00,1,0.00,1,0,1,0.886,CLOUD,,0,CLOUD,CLOUD,0,0,none
2026-04-20 11:29:37,190,49.03,178.55,66.14,48.54,50.01,-0.98,stable,267.45,262.14,-1.00,1,0.00,1,1,1,0.966,CLOUD,,0,CLOUD,CLOUD,0,0,none
2026-04-20 11:29:39,191,49.03,178.55,66.20,48.48,49.03,0.00,stable,204.97,262.14,-1.00,1,0.00,1,1,1,0.969,CLOUD,,0,CLOUD,CLOUD,0,0,none
2026-04-20 11:29:41,192,27.60,1000.55,66.31,48.48,49.03,-21.43,down,347.98,262.14,-1.00,1,0.00,1,1,1,1.000,CLOUD,,0,CLOUD,CLOUD,0,0,none
2026-04-20 11:29:43,193,27.60,1000.55,66.20,48.45,27.60,0.00,stable,589.55,262.14,-1.00,1,0.00,1,1,1,1.000,CLOUD,,0,CLOUD,CLOUD,0,0,none
2026-04-20 11:29:45,194,59.70,696.06,66.03,48.48,27.60,32.10,up,718.93,262.14,-1.00,1,0.00,1,1,1,0.998,CLOUD,,0,CLOUD,CLOUD,0,0,none
2026-04-20 11:29:47,195,80.57,439.11,66.14,48.47,59.70,20.86,up,784.07,262.14,-1.00,1,0.00,1,1,1,0.907,CLOUD,,0,CLOUD,CLOUD,0,0,none
2026-04-20 11:29:49,196,80.57,439.11,66.28,48.45,80.57,0.00,stable,643.71,262.14,-1.00,1,0.00,1,1,1,0.924,CLOUD,,0,CLOUD,CLOUD,0,0,none
2026-04-20 11:29:51,197,31.89,370.33,66.03,48.49,80.57,-48.68,down,486.15,262.14,-1.00,1,0.00,1,1,1,0.998,CLOUD,,0,CLOUD,CLOUD,0,0,none
2026-04-20 11:29:53,198,95.42,2011.29,66.03,48.43,31.89,63.53,up,814.96,262.14,-1.00,1,0.00,1,1,1,1.000,CLOUD,,0,CLOUD,CLOUD,0,0,none
2026-04-20 11:29:55,199,95.42,2011.29,66.14,48.47,95.42,0.00,stable,1208.01,262.14,-1.00,1,0.00,1,1,1,1.000,CLOUD,,0,CLOUD,CLOUD,0,0,none
2026-04-20 11:29:57,200,71.08,89.23,66.08,48.47,95.42,-24.33,down,1120.54,262.14,-1.00,1,0.00,1,0,1,0.584,CLOUD,,0,CLOUD,CLOUD,0,0,none
2026-04-20 11:29:59,201,71.08,89.23,66.00,48.45,71.08,0.00,stable,1050.26,262.14,-1.00,1,0.00,1,0,1,0.552,CLOUD,,0,CLOUD,CLOUD,0,0,none
2026-04-20 11:30:01,202,57.79,132.64,66.28,48.45,71.08,-13.29,down,580.60,262.14,-1.00,1,0.00,1,1,1,0.911,CLOUD,,0,CLOUD,CLOUD,0,0,none
2026-04-20 11:30:03,203,30.98,241.38,66.31,48.48,57.79,-26.81,down,138.12,262.14,-1.00,1,0.00,1,1,1,0.997,CLOUD,,0,CLOUD,CLOUD,0,0,none
2026-04-20 11:30:05,204,30.98,241.38,66.06,48.47,30.98,0.00,stable,176.16,262.14,-1.00,1,0.00,1,1,1,0.996,CLOUD,,0,CLOUD,CLOUD,0,0,none
2026-04-20 11:30:07,205,473.04,469.73,66.14,48.48,30.98,442.07,up,271.28,262.14,-1.00,1,0.00,0,1,0,0.500,LOCAL,LOCAL,1,CLOUD,CLOUD,0,0,none
2026-04-20 11:30:09,206,39.53,1079.79,66.00,48.48,473.04,-433.51,down,508.07,262.14,-1.00,1,0.00,1,1,1,1.000,CLOUD,,0,CLOUD,CLOUD,0,0,none
2026-04-20 11:30:11,207,39.53,1079.79,66.11,48.49,39.53,0.00,stable,717.67,262.14,-1.00,1,0.00,1,1,1,1.000,CLOUD,,0,CLOUD,CLOUD,0,0,none
2026-04-20 11:30:13,208,47.90,2535.28,66.11,48.49,39.53,8.37,stable,1291.15,262.14,-1.00,1,0.00,1,1,1,1.000,CLOUD,,0,CLOUD,CLOUD,0,0,none
2026-04-20 11:30:15,209,47.90,2535.28,66.14,48.44,47.90,0.00,stable,1807.53,262.14,-1.00,1,0.00,1,1,1,1.000,CLOUD,,0,CLOUD,CLOUD,0,0,none
2026-04-20 11:30:17,210,73.55,2274.41,66.11,48.48,47.90,25.65,up,2106.19,262.14,-1.00,1,0.00,1,1,1,1.000,CLOUD,,0,CLOUD,CLOUD,0,0,none
2026-04-20 11:30:19,211,29.19,357.96,66.14,48.48,73.55,-44.36,down,1925.73,262.14,-1.00,1,0.00,1,1,1,0.999,CLOUD,,0,CLOUD,CLOUD,0,0,none
2026-04-20 11:30:21,212,29.19,357.96,66.06,48.46,29.19,0.00,stable,1381.40,262.14,-1.00,1,0.00,1,1,1,0.999,CLOUD,,0,CLOUD,CLOUD,0,0,none
2026-04-20 11:30:23,213,54.01,481.22,66.22,48.48,29.19,24.82,up,867.89,262.14,-1.00,1,0.00,1,1,1,0.996,CLOUD,,0,CLOUD,CLOUD,0,0,none
2026-04-20 11:30:25,214,95.36,912.45,66.08,48.44,54.01,41.35,up,527.40,262.14,-1.00,1,0.00,1,1,1,0.989,CLOUD,,0,CLOUD,CLOUD,0,0,none
2026-04-20 11:30:27,215,95.36,912.45,66.03,48.46,95.36,0.00,stable,666.02,262.14,-1.00,1,0.00,1,1,1,0.988,CLOUD,,0,CLOUD,CLOUD,0,0,none
2026-04-20 11:30:29,216,54.82,2352.72,66.14,48.48,95.36,-40.54,down,1164.71,262.14,-1.00,1,0.00,1,1,1,1.000,CLOUD,,0,CLOUD,CLOUD,0,0,none
2026-04-20 11:30:31,217,54.82,2352.72,66.08,48.45,54.82,0.00,stable,1632.58,262.14,-1.00,1,0.00,1,1,1,1.000,CLOUD,,0,CLOUD,CLOUD,0,0,none
2026-04-20 11:30:33,218,70.78,200.97,66.08,48.48,54.82,15.96,up,1454.71,262.14,-1.00,1,0.00,1,1,1,0.780,CLOUD,,0,CLOUD,CLOUD,0,0,none
2026-04-20 11:30:35,219,77.93,23.36,66.14,48.44,70.78,7.15,stable,1232.44,262.14,-1.00,1,0.00,1,0,0,0.500,LOCAL,LOCAL,1,CLOUD,CLOUD,0,0,none
2026-04-20 11:30:37,220,77.93,23.36,66.00,48.49,77.93,0.00,stable,650.10,262.14,-1.00,1,0.00,1,0,0,0.500,LOCAL,LOCAL,2,CLOUD,CLOUD,0,0,none
2026-04-20 11:30:39,221,135.59,236.45,66.06,48.44,77.93,57.66,up,121.03,262.14,-1.00,1,0.00,1,1,0,0.500,LOCAL,,0,CLOUD,LOCAL,1,0,started
2026-04-20 11:30:41,222,135.59,236.45,66.67,49.32,135.59,0.00,stable,129.90,149.45,-1.00,1,0.00,1,1,0,0.500,LOCAL,,0,LOCAL,LOCAL,0,0,none
2026-04-20 11:30:43,223,39.14,1053.78,66.61,51.35,135.59,-96.45,down,387.51,182.72,-1.00,1,0.00,1,1,1,1.000,CLOUD,CLOUD,1,LOCAL,LOCAL,0,0,none
2026-04-20 11:30:45,224,4.52,1369.74,66.69,53.86,39.14,-34.62,down,724.10,194.20,-1.00,1,0.00,1,1,1,1.000,CLOUD,CLOUD,2,LOCAL,LOCAL,0,0,none
2026-04-20 11:30:47,225,4.52,1369.74,66.61,56.32,4.52,0.00,stable,1007.42,207.67,-1.00,1,0.00,1,1,1,1.000,CLOUD,,0,LOCAL,CLOUD,1,0,started
2026-04-20 11:30:50,226,40.87,151.52,66.59,49.20,4.52,36.35,up,986.19,165.04,-1.00,1,0.00,1,1,1,0.991,CLOUD,,0,CLOUD,CLOUD,0,0,none
2026-04-20 11:30:52,227,40.87,151.52,66.23,49.18,40.87,0.00,stable,760.63,165.04,-1.00,1,0.00,1,1,1,0.984,CLOUD,,0,CLOUD,CLOUD,0,0,none
2026-04-20 11:30:54,228,71.20,229.65,66.08,49.15,40.87,30.33,up,475.61,165.04,-1.00,1,0.00,1,1,1,0.810,CLOUD,,0,CLOUD,CLOUD,0,0,none
2026-04-20 11:30:56,229,71.20,229.65,66.06,49.19,71.20,0.00,stable,190.59,165.04,-1.00,1,0.00,1,1,1,0.803,CLOUD,,0,CLOUD,CLOUD,0,0,none
2026-04-20 11:30:58,230,148.56,45.73,65.98,49.15,71.20,77.36,up,164.14,165.04,-1.00,1,0.00,1,0,0,0.500,LOCAL,LOCAL,1,CLOUD,CLOUD,0,0,none
2026-04-20 11:31:00,231,148.56,45.73,66.08,49.19,148.56,0.00,stable,137.69,165.04,-1.00,1,0.00,1,0,0,0.500,LOCAL,LOCAL,2,CLOUD,CLOUD,0,0,none
2026-04-20 11:31:02,232,85.63,111.96,66.11,49.14,148.56,-62.94,down,108.27,165.04,-1.00,1,0.00,1,1,0,0.500,LOCAL,,0,CLOUD,LOCAL,1,0,started
2026-04-20 11:31:04,233,53.52,135.30,66.69,49.30,85.63,-32.10,down,84.68,165.04,-1.00,1,0.00,1,1,1,0.969,CLOUD,CLOUD,1,LOCAL,LOCAL,0,0,none
2026-04-20 11:31:06,234,53.52,135.30,66.56,51.00,53.52,0.00,stable,107.07,192.36,-1.00,1,0.00,1,1,1,0.962,CLOUD,CLOUD,2,LOCAL,LOCAL,0,0,none
2026-04-20 11:31:08,235,49.13,1943.49,66.47,53.54,53.52,-4.40,stable,581.51,196.80,-1.00,1,0.00,1,1,1,1.000,CLOUD,,0,LOCAL,CLOUD,1,0,started
2026-04-20 11:31:11,236,39.54,240.54,66.67,49.07,49.13,-9.59,stable,613.66,196.80,-1.00,1,0.00,1,1,1,0.996,CLOUD,,0,CLOUD,CLOUD,0,0,none
2026-04-20 11:31:13,237,39.54,240.54,66.31,49.19,39.54,0.00,stable,639.97,196.80,-1.00,1,0.00,1,1,1,0.994,CLOUD,,0,CLOUD,CLOUD,0,0,none
2026-04-20 11:31:15,238,60.06,173.39,65.95,49.14,39.54,20.53,up,649.49,196.80,-1.00,1,0.00,1,1,1,0.869,CLOUD,,0,CLOUD,CLOUD,0,0,none
2026-04-20 11:31:17,239,60.06,173.39,66.08,49.18,60.06,0.00,stable,206.96,196.80,-1.00,1,0.00,1,1,1,0.892,CLOUD,,0,CLOUD,CLOUD,0,0,none
2026-04-20 11:31:19,240,46.54,83.47,66.28,49.19,60.06,-13.52,down,167.70,196.80,-1.00,1,0.00,1,0,1,0.955,CLOUD,,0,CLOUD,CLOUD,0,0,none
2026-04-20 11:31:21,241,32.47,98.16,66.11,49.17,46.54,-14.07,down,132.10,196.80,-1.00,1,0.00,1,0,1,0.987,CLOUD,,0,CLOUD,CLOUD,0,0,none
2026-04-20 11:31:23,242,32.47,98.16,66.03,49.18,32.47,0.00,stable,113.30,196.80,-1.00,1,0.00,1,0,1,0.985,CLOUD,,0,CLOUD,CLOUD,0,0,none
2026-04-20 11:31:25,243,48.17,133.35,66.11,49.14,32.47,15.70,up,103.29,196.80,-1.00,1,0.00,1,1,1,0.954,CLOUD,,0,CLOUD,CLOUD,0,0,none
2026-04-20 11:31:27,244,50.57,224.97,65.98,49.21,48.17,2.40,stable,138.66,196.80,-1.00,1,0.00,1,1,1,0.965,CLOUD,,0,CLOUD,CLOUD,0,0,none
2026-04-20 11:31:29,245,50.57,224.97,66.11,49.18,50.57,0.00,stable,170.36,196.80,-1.00,1,0.00,1,1,1,0.971,CLOUD,,0,CLOUD,CLOUD,0,0,none
2026-04-20 11:31:31,246,43.85,67.08,66.19,49.14,50.57,-6.72,stable,162.59,196.80,-1.00,1,0.00,1,0,1,0.955,CLOUD,,0,CLOUD,CLOUD,0,0,none
2026-04-20 11:31:33,247,43.85,67.08,66.14,48.47,43.85,0.00,stable,146.03,196.80,-1.00,1,0.00,1,0,1,0.951,CLOUD,,0,CLOUD,CLOUD,0,0,none
2026-04-20 11:31:35,248,50.11,1306.38,66.14,48.49,43.85,6.26,stable,416.38,196.80,-1.00,1,0.00,1,1,1,1.000,CLOUD,,0,CLOUD,CLOUD,0,0,none
2026-04-20 11:31:37,249,104.16,1436.22,66.11,48.45,50.11,54.05,up,719.19,196.80,-1.00,1,0.00,1,1,1,1.000,CLOUD,,0,CLOUD,CLOUD,0,0,none
2026-04-20 11:31:39,250,104.16,1436.22,66.06,48.47,104.16,0.00,stable,1061.48,196.80,-1.00,1,0.00,1,1,1,1.000,CLOUD,,0,CLOUD,CLOUD,0,0,none
2026-04-20 11:31:41,251,20.61,378.19,66.19,48.49,104.16,-83.55,down,1139.25,196.80,-1.00,1,0.00,1,1,1,1.000,CLOUD,,0,CLOUD,CLOUD,0,0,none
2026-04-20 11:31:43,252,113.79,163.18,66.00,48.50,20.61,93.18,up,853.45,196.80,-1.00,1,0.00,1,1,0,0.500,LOCAL,LOCAL,1,CLOUD,CLOUD,0,0,none
2026-04-20 11:31:45,253,113.79,163.18,66.08,48.49,113.79,0.00,stable,535.19,196.80,-1.00,1,0.00,1,1,0,0.500,LOCAL,LOCAL,2,CLOUD,CLOUD,0,0,none
2026-04-20 11:31:47,254,68.39,117.27,66.17,48.46,113.79,-45.40,down,205.46,196.80,-1.00,1,0.00,1,1,1,0.724,CLOUD,,0,CLOUD,CLOUD,0,0,none
2026-04-20 11:31:49,255,68.39,117.27,66.20,48.50,68.39,0.00,stable,140.23,196.80,-1.00,1,0.00,1,1,1,0.734,CLOUD,,0,CLOUD,CLOUD,0,0,none
2026-04-20 11:31:51,256,201.78,89.57,66.08,48.50,68.39,133.40,up,121.82,196.80,-1.00,1,0.00,0,0,0,0.500,LOCAL,LOCAL,1,CLOUD,CLOUD,0,0,none
2026-04-20 11:31:53,257,56.44,70.17,66.20,48.50,201.78,-145.35,down,98.57,196.80,-1.00,1,0.00,1,0,1,0.862,CLOUD,,0,CLOUD,CLOUD,0,0,none
2026-04-20 11:31:55,258,56.44,70.17,65.86,48.49,56.44,0.00,stable,86.79,196.80,-1.00,1,0.00,1,0,1,0.785,CLOUD,,0,CLOUD,CLOUD,0,0,none
2026-04-20 11:31:57,259,19.23,2140.22,66.22,48.49,56.44,-37.21,down,592.53,196.80,-1.00,1,0.00,1,1,1,1.000,CLOUD,,0,CLOUD,CLOUD,0,0,none
2026-04-20 11:31:59,260,48.87,2326.45,66.06,48.55,19.23,29.64,up,1151.75,196.80,-1.00,1,0.00,1,1,1,1.000,CLOUD,,0,CLOUD,CLOUD,0,0,none
2026-04-20 11:32:01,261,48.87,2326.45,66.14,48.49,48.87,0.00,stable,1715.82,196.80,-1.00,1,0.00,1,1,1,1.000,CLOUD,,0,CLOUD,CLOUD,0,0,none
2026-04-20 11:32:03,262,80.61,119.13,66.14,48.45,48.87,31.74,up,1728.06,196.80,-1.00,1,0.00,1,1,0,0.500,LOCAL,LOCAL,1,CLOUD,CLOUD,0,0,none
2026-04-20 11:32:05,263,80.61,119.13,65.97,48.47,80.61,0.00,stable,1222.79,196.80,-1.00,1,0.00,1,1,0,0.500,LOCAL,LOCAL,2,CLOUD,CLOUD,0,0,none
2026-04-20 11:32:07,264,46.62,1464.17,66.03,48.49,80.61,-33.98,down,1007.22,196.80,-1.00,1,0.00,1,1,1,1.000,CLOUD,,0,CLOUD,CLOUD,0,0,none
2026-04-20 11:32:09,265,54.16,283.78,66.19,48.50,46.62,7.54,stable,496.55,196.80,-1.00,1,0.00,1,1,1,0.977,CLOUD,,0,CLOUD,CLOUD,0,0,none
2026-04-20 11:32:11,266,54.16,283.78,66.08,48.46,54.16,0.00,stable,537.71,196.80,-1.00,1,0.00,1,1,1,0.973,CLOUD,,0,CLOUD,CLOUD,0,0,none
2026-04-20 11:32:13,267,60.71,91.02,66.03,48.50,54.16,6.55,stable,530.69,196.80,-1.00,1,0.00,1,0,1,0.786,CLOUD,,0,CLOUD,CLOUD,0,0,none
2026-04-20 11:32:15,268,90.44,176.83,65.89,48.53,60.71,29.73,up,208.85,196.80,-1.00,1,0.00,1,1,0,0.500,LOCAL,LOCAL,1,CLOUD,CLOUD,0,0,none
2026-04-20 11:32:17,269,90.44,176.83,66.20,48.49,90.44,0.00,stable,182.11,196.80,-1.00,1,0.00,1,1,0,0.500,LOCAL,LOCAL,2,CLOUD,CLOUD,0,0,none
2026-04-20 11:32:19,270,39.44,246.10,66.19,48.45,90.44,-51.00,down,172.69,196.80,-1.00,1,0.00,1,1,1,0.993,CLOUD,,0,CLOUD,CLOUD,0,0,none
2026-04-20 11:32:21,271,39.44,246.10,66.17,48.50,39.44,0.00,stable,211.46,196.80,-1.00,1,0.00,1,1,1,0.993,CLOUD,,0,CLOUD,CLOUD,0,0,none
2026-04-20 11:32:23,272,40.71,91.51,65.92,48.46,39.44,1.27,stable,190.13,196.80,-1.00,1,0.00,1,0,1,0.958,CLOUD,,0,CLOUD,CLOUD,0,0,none
2026-04-20 11:32:25,273,53.39,185.75,66.08,48.50,40.71,12.68,up,192.36,196.80,-1.00,1,0.00,1,1,1,0.947,CLOUD,,0,CLOUD,CLOUD,0,0,none
2026-04-20 11:32:27,274,53.39,185.75,66.17,48.50,53.39,0.00,stable,177.28,196.80,-1.00,1,0.00,1,1,1,0.953,CLOUD,,0,CLOUD,CLOUD,0,0,none
2026-04-20 11:32:29,275,66.49,77.90,66.06,48.48,53.39,13.10,up,135.23,196.80,-1.00,1,0.00,1,0,1,0.660,CLOUD,,0,CLOUD,CLOUD,0,0,none
2026-04-20 11:32:31,276,66.49,77.90,66.19,48.49,66.49,0.00,stable,131.83,196.80,-1.00,1,0.00,1,0,1,0.708,CLOUD,,0,CLOUD,CLOUD,0,0,none
2026-04-20 11:32:33,277,128.45,261.48,65.97,48.46,66.49,61.96,up,150.76,196.80,-1.00,1,0.00,1,1,0,0.500,LOCAL,LOCAL,1,CLOUD,CLOUD,0,0,none
2026-04-20 11:32:35,278,128.45,261.48,66.17,48.50,128.45,0.00,stable,169.69,196.80,-1.00,1,0.00,1,1,0,0.500,LOCAL,LOCAL,2,CLOUD,CLOUD,0,0,none
2026-04-20 11:32:37,279,51.96,223.94,66.14,48.50,128.45,-76.49,down,206.20,196.80,-1.00,1,0.00,1,1,1,0.968,CLOUD,,0,CLOUD,CLOUD,0,0,none
2026-04-20 11:32:39,280,56.02,1290.36,66.22,48.44,51.96,4.05,stable,509.31,196.80,-1.00,1,0.00,1,1,1,1.000,CLOUD,,0,CLOUD,CLOUD,0,0,none
2026-04-20 11:32:41,281,56.02,1290.36,66.08,48.46,56.02,0.00,stable,766.53,196.80,-1.00,1,0.00,1,1,1,1.000,CLOUD,,0,CLOUD,CLOUD,0,0,none
2026-04-20 11:32:43,282,38.82,285.92,66.14,48.49,56.02,-17.20,down,772.64,196.80,-1.00,1,0.00,1,1,1,0.995,CLOUD,,0,CLOUD,CLOUD,0,0,none
2026-04-20 11:32:45,283,38.82,285.92,66.08,48.49,38.82,0.00,stable,788.14,196.80,-1.00,1,0.00,1,1,1,0.994,CLOUD,,0,CLOUD,CLOUD,0,0,none
2026-04-20 11:32:47,284,81.28,190.77,66.08,48.49,38.82,42.47,up,513.24,196.80,-1.00,1,0.00,1,1,1,0.533,CLOUD,,0,CLOUD,CLOUD,0,0,none
2026-04-20 11:32:49,285,82.79,112.24,66.14,48.47,81.28,1.51,stable,218.71,196.80,-1.00,1,0.00,1,1,0,0.500,LOCAL,LOCAL,1,CLOUD,CLOUD,0,0,none
2026-04-20 11:32:51,286,82.79,112.24,66.00,48.49,82.79,0.00,stable,175.29,196.80,-1.00,1,0.00,1,1,0,0.500,LOCAL,LOCAL,2,CLOUD,CLOUD,0,0,none
2026-04-20 11:32:53,287,53.70,333.68,66.08,48.45,82.79,-29.09,down,187.23,196.80,-1.00,1,0.00,1,1,1,0.983,CLOUD,,0,CLOUD,CLOUD,0,0,none
2026-04-20 11:32:55,288,60.17,236.72,66.11,48.47,53.70,6.47,stable,198.72,196.80,-1.00,1,0.00,1,1,1,0.934,CLOUD,,0,CLOUD,CLOUD,0,0,none
2026-04-20 11:32:57,289,60.17,236.72,66.11,48.50,60.17,0.00,stable,229.84,196.80,-1.00,1,0.00,1,1,1,0.934,CLOUD,,0,CLOUD,CLOUD,0,0,none
2026-04-20 11:32:59,290,44.09,117.19,66.20,48.48,60.17,-16.08,down,231.07,196.80,-1.00,1,0.00,1,1,1,0.969,CLOUD,,0,CLOUD,CLOUD,0,0,none
2026-04-20 11:33:01,291,44.09,117.19,66.14,48.49,44.09,0.00,stable,176.95,196.80,-1.00,1,0.00,1,1,1,0.966,CLOUD,,0,CLOUD,CLOUD,0,0,none
2026-04-20 11:33:03,292,73.61,244.68,66.06,48.46,44.09,29.52,up,178.94,196.80,-1.00,1,0.00,1,1,1,0.784,CLOUD,,0,CLOUD,CLOUD,0,0,none
2026-04-20 11:33:05,293,57.82,127.57,66.22,48.50,73.61,-15.79,down,151.66,196.80,-1.00,1,0.00,1,1,1,0.900,CLOUD,,0,CLOUD,CLOUD,0,0,none
2026-04-20 11:33:07,294,57.82,127.57,66.06,48.50,57.82,0.00,stable,154.26,196.80,-1.00,1,0.00,1,1,1,0.873,CLOUD,,0,CLOUD,CLOUD,0,0,none
2026-04-20 11:33:09,295,45.62,173.55,66.08,48.46,57.82,-12.20,down,168.35,196.80,-1.00,1,0.00,1,1,1,0.972,CLOUD,,0,CLOUD,CLOUD,0,0,none
2026-04-20 11:33:11,296,25.02,237.00,66.10,48.54,45.62,-20.59,down,166.42,196.80,-1.00,1,0.00,1,1,1,0.998,CLOUD,,0,CLOUD,CLOUD,0,0,none
2026-04-20 11:33:13,297,25.02,237.00,66.20,48.49,25.02,0.00,stable,193.78,196.80,-1.00,1,0.00,1,1,1,0.998,CLOUD,,0,CLOUD,CLOUD,0,0,none
2026-04-20 11:33:15,298,71.13,107.81,66.08,48.47,25.02,46.10,up,188.84,196.80,-1.00,1,0.00,1,1,1,0.619,CLOUD,,0,CLOUD,CLOUD,0,0,none
2026-04-20 11:33:17,299,71.13,107.81,66.06,48.50,71.13,0.00,stable,172.40,196.80,-1.00,1,0.00,1,1,1,0.608,CLOUD,,0,CLOUD,CLOUD,0,0,none
2026-04-20 11:33:19,300,78.54,218.43,66.20,48.46,71.13,7.41,stable,167.76,196.80,-1.00,1,0.00,1,1,1,0.692,CLOUD,,0,CLOUD,CLOUD,0,0,none
2026-04-20 11:33:21,301,37.93,215.60,66.11,48.50,78.54,-40.61,down,162.41,196.80,-1.00,1,0.00,1,1,1,0.991,CLOUD,,0,CLOUD,CLOUD,0,0,none
2026-04-20 11:33:24,302,37.93,215.60,66.00,48.49,37.93,0.00,stable,189.36,196.80,-1.00,1,0.00,1,1,1,0.989,CLOUD,,0,CLOUD,CLOUD,0,0,none
2026-04-20 11:33:26,303,60.18,208.63,66.11,48.45,37.93,22.25,up,214.57,196.80,-1.00,1,0.00,1,1,1,0.919,CLOUD,,0,CLOUD,CLOUD,0,0,none
2026-04-20 11:33:28,304,60.18,208.63,66.17,48.49,60.18,0.00,stable,212.12,196.80,-1.00,1,0.00,1,1,1,0.926,CLOUD,,0,CLOUD,CLOUD,0,0,none
2026-04-20 11:33:30,305,43.50,226.92,66.11,48.50,60.18,-16.68,down,214.95,196.80,-1.00,1,0.00,1,1,1,0.986,CLOUD,,0,CLOUD,CLOUD,0,0,none
2026-04-20 11:33:32,306,40.08,188.62,65.89,48.46,43.50,-3.41,stable,208.20,196.80,-1.00,1,0.00,1,1,1,0.981,CLOUD,,0,CLOUD,CLOUD,0,0,none
2026-04-20 11:33:34,307,40.08,188.62,66.08,48.49,40.08,0.00,stable,203.20,196.80,-1.00,1,0.00,1,1,1,0.986,CLOUD,,0,CLOUD,CLOUD,0,0,none
2026-04-20 11:33:36,308,30.20,121.45,66.06,48.47,40.08,-9.89,stable,181.40,196.80,-1.00,1,0.00,1,1,1,0.990,CLOUD,,0,CLOUD,CLOUD,0,0,none
2026-04-20 11:33:38,309,60.75,248.16,66.28,48.59,30.20,30.56,up,186.71,196.80,-1.00,1,0.00,1,1,1,0.951,CLOUD,,0,CLOUD,CLOUD,0,0,none
2026-04-20 11:33:40,310,60.75,248.16,65.92,48.50,60.75,0.00,stable,201.59,196.80,-1.00,1,0.00,1,1,1,0.915,CLOUD,,0,CLOUD,CLOUD,0,0,none
2026-04-20 11:33:42,311,77.65,151.94,66.06,48.45,60.75,16.90,up,192.43,196.80,-1.00,1,0.00,1,1,1,0.535,CLOUD,,0,CLOUD,CLOUD,0,0,none
2026-04-20 11:33:44,312,77.65,151.94,66.14,48.49,77.65,0.00,stable,200.05,196.80,-1.00,1,0.00,1,1,1,0.568,CLOUD,,0,CLOUD,CLOUD,0,0,none
2026-04-20 11:33:46,313,72.74,146.01,66.14,48.50,77.65,-4.90,stable,174.51,196.80,-1.00,1,0.00,1,1,1,0.672,CLOUD,,0,CLOUD,CLOUD,0,0,none
2026-04-20 11:33:48,314,72.74,146.01,66.06,48.51,72.74,0.00,stable,148.97,196.80,-1.00,1,0.00,1,1,1,0.643,CLOUD,,0,CLOUD,CLOUD,0,0,none
2026-04-20 11:33:50,315,70.02,8.00,66.14,48.46,72.74,-2.72,stable,112.99,196.80,-1.00,1,0.00,1,0,0,0.500,LOCAL,LOCAL,1,CLOUD,CLOUD,0,0,none
2026-04-20 11:33:52,316,115.45,91.33,66.17,48.50,70.02,45.43,up,97.84,196.80,-1.00,1,0.00,1,0,0,0.500,LOCAL,LOCAL,2,CLOUD,CLOUD,0,0,none
2026-04-20 11:33:54,317,115.45,91.33,66.17,48.50,115.45,0.00,stable,84.17,196.80,-1.00,1,0.00,1,0,0,0.500,LOCAL,,0,CLOUD,LOCAL,1,0,started
2026-04-20 11:33:57,318,47.50,244.34,66.34,49.33,115.45,-67.95,down,108.75,192.02,-1.00,1,0.00,1,1,1,0.987,CLOUD,CLOUD,1,LOCAL,LOCAL,0,0,none
2026-04-20 11:33:59,319,26.42,1262.54,66.64,51.53,47.50,-21.08,down,422.39,142.59,-1.00,1,0.00,1,1,1,1.000,CLOUD,CLOUD,2,LOCAL,LOCAL,0,0,none
2026-04-20 11:34:01,320,26.42,1262.54,66.61,53.98,26.42,0.00,stable,715.19,166.07,-1.00,1,0.00,1,1,1,1.000,CLOUD,,0,LOCAL,CLOUD,1,0,started
2026-04-20 11:34:03,321,11.78,1983.59,66.62,49.01,26.42,-14.64,down,1188.25,226.07,-1.00,1,0.00,1,1,1,1.000,CLOUD,,0,CLOUD,CLOUD,0,0,none
2026-04-20 11:34:05,322,51.34,378.21,66.50,49.16,11.78,39.56,up,1221.72,226.07,-1.00,1,0.00,1,1,1,0.995,CLOUD,,0,CLOUD,CLOUD,0,0,none
2026-04-20 11:34:07,323,51.34,378.21,66.06,49.12,51.34,0.00,stable,1000.64,226.07,-1.00,1,0.00,1,1,1,0.990,CLOUD,,0,CLOUD,CLOUD,0,0,none
2026-04-20 11:34:09,324,43.39,597.82,66.11,49.16,51.34,-7.95,stable,834.46,226.07,-1.00,1,0.00,1,1,1,0.999,CLOUD,,0,CLOUD,CLOUD,0,0,none
2026-04-20 11:34:11,325,41.15,475.67,66.06,49.17,43.39,-2.24,stable,457.48,226.07,-1.00,1,0.00,1,1,1,0.998,CLOUD,,0,CLOUD,CLOUD,0,0,none
2026-04-20 11:34:13,326,41.15,475.67,66.03,49.14,41.15,0.00,stable,481.84,226.07,-1.00,1,0.00,1,1,1,0.998,CLOUD,,0,CLOUD,CLOUD,0,0,none
2026-04-20 11:34:15,327,67.62,57.83,66.14,49.17,41.15,26.47,up,401.75,226.07,-1.00,1,0.00,1,0,1,0.629,CLOUD,,0,CLOUD,CLOUD,0,0,none
2026-04-20 11:34:17,328,67.62,57.83,65.97,49.13,67.62,0.00,stable,266.75,226.07,-1.00,1,0.00,1,0,1,0.564,CLOUD,,0,CLOUD,CLOUD,0,0,none
2026-04-20 11:34:19,329,25.31,429.88,66.31,49.17,67.62,-42.31,down,255.30,226.07,-1.00,1,0.00,1,1,1,1.000,CLOUD,,0,CLOUD,CLOUD,0,0,none
2026-04-20 11:34:21,330,61.30,158.09,65.92,49.17,25.31,35.99,up,175.90,226.07,-1.00,1,0.00,1,1,1,0.832,CLOUD,,0,CLOUD,CLOUD,0,0,none
2026-04-20 11:34:23,331,61.30,158.09,66.25,49.18,61.30,0.00,stable,200.97,226.07,-1.00,1,0.00,1,1,1,0.894,CLOUD,,0,CLOUD,CLOUD,0,0,none
2026-04-20 11:34:25,332,41.25,84.83,66.26,48.47,61.30,-20.05,down,207.72,226.07,-1.00,1,0.00,1,0,1,0.972,CLOUD,,0,CLOUD,CLOUD,0,0,none
2026-04-20 11:34:27,333,35.55,133.99,66.17,48.57,41.25,-5.70,stable,133.75,226.07,-1.00,1,0.00,1,1,1,0.988,CLOUD,,0,CLOUD,CLOUD,0,0,none
2026-04-20 11:34:29,334,35.55,133.99,66.11,48.51,35.55,0.00,stable,127.72,226.07,-1.00,1,0.00,1,1,1,0.987,CLOUD,,0,CLOUD,CLOUD,0,0,none
2026-04-20 11:34:31,335,82.48,53.24,66.00,48.48,35.55,46.93,up,101.51,226.07,-1.00,1,0.00,1,0,0,0.500,LOCAL,LOCAL,1,CLOUD,CLOUD,0,0,none
2026-04-20 11:34:33,336,82.48,53.24,66.08,48.50,82.48,0.00,stable,93.61,226.07,-1.00,1,0.00,1,0,0,0.500,LOCAL,LOCAL,2,CLOUD,CLOUD,0,0,none
2026-04-20 11:34:35,337,44.16,272.27,66.11,48.46,82.48,-38.32,down,128.18,226.07,-1.00,1,0.00,1,1,1,0.989,CLOUD,,0,CLOUD,CLOUD,0,0,none
2026-04-20 11:34:37,338,44.88,116.19,66.12,48.54,44.16,0.72,stable,123.74,226.07,-1.00,1,0.00,1,1,1,0.962,CLOUD,,0,CLOUD,CLOUD,0,0,none
2026-04-20 11:34:39,339,44.88,116.19,66.17,48.50,44.88,0.00,stable,139.47,226.07,-1.00,1,0.00,1,1,1,0.965,CLOUD,,0,CLOUD,CLOUD,0,0,none
2026-04-20 11:34:41,340,48.20,215.37,66.06,48.46,44.88,3.33,stable,180.01,226.07,-1.00,1,0.00,1,1,1,0.973,CLOUD,,0,CLOUD,CLOUD,0,0,none
2026-04-20 11:34:43,341,48.20,215.37,66.14,48.51,48.20,0.00,stable,165.78,226.07,-1.00,1,0.00,1,1,1,0.976,CLOUD,,0,CLOUD,CLOUD,0,0,none
2026-04-20 11:34:45,342,49.81,174.03,66.22,48.51,48.20,1.61,stable,180.24,226.07,-1.00,1,0.00,1,1,1,0.967,CLOUD,,0,CLOUD,CLOUD,0,0,none
2026-04-20 11:34:47,343,54.15,116.94,66.08,48.47,49.81,4.34,stable,180.43,226.07,-1.00,1,0.00,1,1,1,0.905,CLOUD,,0,CLOUD,CLOUD,0,0,none
2026-04-20 11:34:49,344,54.15,116.94,66.19,48.51,54.15,0.00,stable,155.82,226.07,-1.00,1,0.00,1,1,1,0.919,CLOUD,,0,CLOUD,CLOUD,0,0,none
2026-04-20 11:34:51,345,50.83,209.80,66.00,48.50,54.15,-3.33,stable,154.43,226.07,-1.00,1,0.00,1,1,1,0.961,CLOUD,,0,CLOUD,CLOUD,0,0,none
2026-04-20 11:34:53,346,50.83,209.80,65.95,48.52,50.83,0.00,stable,163.37,226.07,-1.00,1,0.00,1,1,1,0.957,CLOUD,,0,CLOUD,CLOUD,0,0,none
2026-04-20 11:34:55,347,88.72,122.40,66.06,48.48,50.83,37.90,up,164.74,226.07,-1.00,1,0.00,1,1,0,0.500,LOCAL,LOCAL,1,CLOUD,CLOUD,0,0,none
2026-04-20 11:34:57,348,88.72,122.40,66.08,48.51,88.72,0.00,stable,166.10,226.07,-1.00,1,0.00,1,1,0,0.500,LOCAL,LOCAL,2,CLOUD,CLOUD,0,0,none
2026-04-20 11:34:59,349,92.05,210.86,66.03,48.46,88.72,3.33,stable,166.36,226.07,-1.00,1,0.00,1,1,0,0.500,LOCAL,,0,CLOUD,LOCAL,1,0,started
2026-04-20 11:35:01,350,114.85,47.46,66.67,49.24,92.05,22.80,up,125.78,180.81,-1.00,1,0.00,1,0,0,0.500,LOCAL,,0,LOCAL,LOCAL,0,0,none
2026-04-20 11:35:03,351,114.85,47.46,66.50,51.62,114.85,0.00,stable,107.05,181.58,-1.00,1,0.00,1,0,0,0.500,LOCAL,,0,LOCAL,LOCAL,0,0,none
2026-04-20 11:35:05,352,36.62,223.26,66.64,53.46,114.85,-78.23,down,132.26,179.72,-1.00,1,0.00,1,1,1,0.997,CLOUD,CLOUD,1,LOCAL,LOCAL,0,0,none
2026-04-20 11:35:07,353,33.91,2280.44,66.64,56.11,36.62,-2.71,stable,649.66,192.08,-1.00,1,0.00,1,1,1,1.000,CLOUD,CLOUD,2,LOCAL,LOCAL,0,0,none
2026-04-20 11:35:09,354,33.91,2280.44,66.64,58.11,33.91,0.00,stable,1207.90,183.59,-1.00,1,0.00,1,1,1,1.000,CLOUD,,0,LOCAL,CLOUD,1,0,started
2026-04-20 11:35:12,355,16.18,245.63,66.62,48.99,33.91,-17.73,down,1257.44,183.17,-1.00,1,0.00,1,1,1,1.000,CLOUD,,0,CLOUD,CLOUD,0,0,none
2026-04-20 11:35:14,356,50.44,239.41,66.69,49.18,16.18,34.26,up,1261.48,183.17,-1.00,1,0.00,1,1,1,0.990,CLOUD,,0,CLOUD,CLOUD,0,0,none
2026-04-20 11:35:16,357,50.44,239.41,66.08,49.14,50.44,0.00,stable,751.22,183.17,-1.00,1,0.00,1,1,1,0.974,CLOUD,,0,CLOUD,CLOUD,0,0,none
2026-04-20 11:35:18,358,93.99,227.15,66.14,49.18,50.44,43.55,up,237.90,183.17,-1.00,1,0.00,1,1,0,0.500,LOCAL,LOCAL,1,CLOUD,CLOUD,0,0,none
2026-04-20 11:35:20,359,93.99,227.15,66.22,49.17,93.99,0.00,stable,233.28,183.17,-1.00,1,0.00,1,1,0,0.500,LOCAL,LOCAL,2,CLOUD,CLOUD,0,0,none
2026-04-20 11:35:22,360,59.82,232.69,65.89,49.17,93.99,-34.17,down,231.60,183.17,-1.00,1,0.00,1,1,1,0.909,CLOUD,,0,CLOUD,CLOUD,0,0,none
2026-04-20 11:35:24,361,104.60,1342.61,66.17,49.14,59.82,44.78,up,507.40,183.17,-1.00,1,0.00,1,1,1,0.999,CLOUD,,0,CLOUD,CLOUD,0,0,none
2026-04-20 11:35:26,362,104.60,1342.61,66.36,49.19,104.60,0.00,stable,786.26,183.17,-1.00,1,0.00,1,1,1,0.999,CLOUD,,0,CLOUD,CLOUD,0,0,none
2026-04-20 11:35:28,363,59.33,107.83,66.08,49.16,104.60,-45.27,down,756.43,183.17,-1.00,1,0.00,1,1,1,0.841,CLOUD,,0,CLOUD,CLOUD,0,0,none
2026-04-20 11:35:31,364,67.51,83.67,66.02,49.21,59.33,8.18,stable,719.18,183.17,-1.00,1,0.00,1,0,1,0.635,CLOUD,,0,CLOUD,CLOUD,0,0,none
2026-04-20 11:35:33,365,67.51,83.67,66.06,49.09,67.51,0.00,stable,404.44,183.17,-1.00,1,0.00,1,0,1,0.649,CLOUD,,0,CLOUD,CLOUD,0,0,none
2026-04-20 11:35:35,366,59.90,153.59,66.42,48.50,67.51,-7.61,stable,107.19,183.17,-1.00,1,0.00,1,1,1,0.925,CLOUD,,0,CLOUD,CLOUD,0,0,none
2026-04-20 11:35:37,367,59.90,153.59,66.06,48.51,59.90,0.00,stable,118.63,183.17,-1.00,1,0.00,1,1,1,0.873,CLOUD,,0,CLOUD,CLOUD,0,0,none
2026-04-20 11:35:39,368,71.36,53.82,65.95,48.46,59.90,11.46,up,111.17,183.17,-1.00,1,0.00,1,0,0,0.500,LOCAL,LOCAL,1,CLOUD,CLOUD,0,0,none
2026-04-20 11:35:41,369,71.36,53.82,66.17,48.52,71.36,0.00,stable,103.71,183.17,-1.00,1,0.00,1,0,1,0.540,CLOUD,,0,CLOUD,CLOUD,0,0,none
2026-04-20 11:35:43,370,36.76,96.18,66.06,48.47,71.36,-34.60,down,89.35,183.17,-1.00,1,0.00,1,0,1,0.978,CLOUD,,0,CLOUD,CLOUD,0,0,none
2026-04-20 11:35:45,371,36.76,96.18,66.19,48.50,36.76,0.00,stable,75.00,183.17,-1.00,1,0.00,1,0,1,0.982,CLOUD,,0,CLOUD,CLOUD,0,0,none
2026-04-20 11:35:47,372,41.78,85.82,66.17,48.50,36.76,5.02,stable,83.00,183.17,-1.00,1,0.00,1,0,1,0.967,CLOUD,,0,CLOUD,CLOUD,0,0,none
2026-04-20 11:35:49,373,51.51,242.60,66.14,48.47,41.78,9.73,stable,130.19,183.17,-1.00,1,0.00,1,1,1,0.974,CLOUD,,0,CLOUD,CLOUD,0,0,none
2026-04-20 11:35:51,374,51.51,242.60,66.11,48.49,51.51,0.00,stable,166.80,183.17,-1.00,1,0.00,1,1,1,0.973,CLOUD,,0,CLOUD,CLOUD,0,0,none
2026-04-20 11:35:53,375,40.50,23.85,66.00,48.48,51.51,-11.02,down,148.72,183.17,-1.00,1,0.00,1,0,1,0.940,CLOUD,,0,CLOUD,CLOUD,0,0,none
2026-04-20 11:35:55,376,40.50,23.85,66.03,48.50,40.50,0.00,stable,133.23,183.17,-1.00,1,0.00,1,0,1,0.942,CLOUD,,0,CLOUD,CLOUD,0,0,none
2026-04-20 11:35:57,377,82.78,103.96,65.97,48.46,40.50,42.28,up,98.57,183.17,-1.00,1,0.00,1,1,0,0.500,LOCAL,LOCAL,1,CLOUD,CLOUD,0,0,none
2026-04-20 11:35:59,378,82.78,103.96,66.17,48.50,82.78,0.00,stable,63.91,183.17,-1.00,1,0.00,1,1,0,0.500,LOCAL,LOCAL,2,CLOUD,CLOUD,0,0,none
2026-04-20 11:36:01,379,77.53,177.98,66.19,48.52,82.78,-5.25,stable,102.44,183.17,-1.00,1,0.00,1,1,1,0.642,CLOUD,,0,CLOUD,CLOUD,0,0,none
2026-04-20 11:36:03,380,77.53,177.98,66.00,48.49,77.53,0.00,stable,140.97,183.17,-1.00,1,0.00,1,1,1,0.568,CLOUD,,0,CLOUD,CLOUD,0,0,none
2026-04-20 11:36:05,381,82.75,68.57,66.22,48.49,77.53,5.22,stable,132.13,183.17,-1.00,0,0.00,1,0,0,0.500,LOCAL,LOCAL,1,CLOUD,CLOUD,0,0,none
2026-04-20 11:36:07,382,25.20,215.86,66.08,48.47,82.75,-57.56,down,160.10,183.17,-1.00,0,0.00,1,1,1,0.997,CLOUD,,0,CLOUD,CLOUD,0,0,none
2026-04-20 11:36:09,383,25.20,215.86,66.22,48.51,25.20,0.00,stable,169.57,183.17,-1.00,1,0.00,1,1,1,0.998,CLOUD,,0,CLOUD,CLOUD,0,0,none
2026-04-20 11:36:11,384,84.04,50.85,66.08,48.52,25.20,58.85,up,137.79,183.17,-1.00,1,0.00,1,0,0,0.500,LOCAL,LOCAL,1,CLOUD,CLOUD,0,0,none
2026-04-20 11:36:13,385,56.01,213.34,66.03,48.51,84.04,-28.04,down,173.98,183.17,-1.00,1,0.00,1,1,1,0.940,CLOUD,,0,CLOUD,CLOUD,0,0,none
2026-04-20 11:36:15,386,56.01,213.34,66.17,48.62,56.01,0.00,stable,173.35,183.17,-1.00,1,0.00,1,1,1,0.951,CLOUD,,0,CLOUD,CLOUD,0,0,none
2026-04-20 11:36:17,387,59.35,85.19,65.95,48.57,56.01,3.34,stable,140.68,183.17,-1.00,1,0.00,1,0,1,0.779,CLOUD,,0,CLOUD,CLOUD,0,0,none
2026-04-20 11:36:19,388,59.35,85.19,66.08,48.62,59.35,0.00,stable,149.26,183.17,-1.00,1,0.00,1,0,1,0.815,CLOUD,,0,CLOUD,CLOUD,0,0,none
2026-04-20 11:36:21,389,62.99,205.63,66.33,48.62,59.35,3.64,stable,147.34,183.17,-1.00,1,0.00,1,1,1,0.923,CLOUD,,0,CLOUD,CLOUD,0,0,none
2026-04-20 11:36:23,390,62.18,178.23,66.11,48.57,62.99,-0.81,stable,138.56,183.17,-1.00,1,0.00,1,1,1,0.880,CLOUD,,0,CLOUD,CLOUD,0,0,none
2026-04-20 11:36:25,391,62.18,178.23,66.19,48.61,62.18,0.00,stable,161.82,183.17,-1.00,1,0.00,1,1,1,0.893,CLOUD,,0,CLOUD,CLOUD,0,0,none
2026-04-20 11:36:28,392,53.08,45.80,65.98,48.65,62.18,-9.09,stable,151.97,183.17,-1.00,1,0.00,1,0,1,0.835,CLOUD,,0,CLOUD,CLOUD,0,0,none
2026-04-20 11:36:30,393,53.08,45.80,66.09,48.60,53.08,0.00,stable,112.02,183.17,-1.00,1,0.00,1,0,1,0.859,CLOUD,,0,CLOUD,CLOUD,0,0,none
2026-04-20 11:36:32,394,48.65,198.71,66.00,48.57,53.08,-4.43,stable,117.14,183.17,-1.00,1,0.00,1,1,1,0.965,CLOUD,,0,CLOUD,CLOUD,0,0,none
2026-04-20 11:36:34,395,48.65,198.71,66.08,48.61,48.65,0.00,stable,122.25,183.17,-1.00,1,0.00,1,1,1,0.969,CLOUD,,0,CLOUD,CLOUD,0,0,none
2026-04-20 11:36:36,396,41.60,207.95,66.09,48.57,48.65,-7.05,stable,162.79,183.17,-1.00,1,0.00,1,1,1,0.986,CLOUD,,0,CLOUD,CLOUD,0,0,none
2026-04-20 11:36:38,397,58.15,214.23,66.03,48.58,41.60,16.55,up,204.90,183.17,-1.00,1,0.00,1,1,1,0.927,CLOUD,,0,CLOUD,CLOUD,0,0,none
2026-04-20 11:36:40,398,58.15,214.23,66.19,48.60,58.15,0.00,stable,208.78,183.17,-1.00,1,0.00,1,1,1,0.943,CLOUD,,0,CLOUD,CLOUD,0,0,none
2026-04-20 11:36:42,399,30.61,145.68,66.06,48.57,58.15,-27.54,down,195.52,183.17,-1.00,1,0.00,1,1,1,0.992,CLOUD,,0,CLOUD,CLOUD,0,0,none
2026-04-20 11:36:44,400,30.61,145.68,66.22,48.61,30.61,0.00,stable,179.96,183.17,-1.00,1,0.00,1,1,1,0.994,CLOUD,,0,CLOUD,CLOUD,0,0,none
2026-04-20 11:36:46,401,51.24,211.63,66.17,48.61,30.61,20.64,up,179.30,183.17,-1.00,1,0.00,1,1,1,0.969,CLOUD,,0,CLOUD,CLOUD,0,0,none
2026-04-20 11:36:48,402,31.38,139.09,66.06,48.57,51.24,-19.86,down,160.52,183.17,-1.00,1,0.00,1,1,1,0.991,CLOUD,,0,CLOUD,CLOUD,0,0,none
2026-04-20 11:36:50,403,31.38,139.09,66.19,48.63,31.38,0.00,stable,158.87,183.17,-1.00,1,0.00,1,1,1,0.993,CLOUD,,0,CLOUD,CLOUD,0,0,none
2026-04-20 11:36:52,404,57.35,65.62,66.17,48.63,31.38,25.97,up,138.85,183.17,-1.00,1,0.00,1,0,1,0.840,CLOUD,,0,CLOUD,CLOUD,0,0,none
2026-04-20 11:36:54,405,31.33,98.51,66.11,48.63,57.35,-26.02,down,110.57,183.17,-1.00,1,0.00,1,0,1,0.988,CLOUD,,0,CLOUD,CLOUD,0,0,none
2026-04-20 11:36:56,406,31.33,98.51,66.11,48.62,31.33,0.00,stable,100.43,183.17,-1.00,1,0.00,1,0,1,0.988,CLOUD,,0,CLOUD,CLOUD,0,0,none
2026-04-20 11:36:58,407,61.56,75.75,66.14,48.59,31.33,30.23,up,84.59,183.17,-1.00,1,0.00,1,0,1,0.781,CLOUD,,0,CLOUD,CLOUD,0,0,none
2026-04-20 11:37:00,408,61.56,75.75,65.95,48.59,61.56,0.00,stable,87.13,183.17,-1.00,1,0.00,1,0,1,0.726,CLOUD,,0,CLOUD,CLOUD,0,0,none
2026-04-20 11:37:02,409,162.23,98.22,66.03,48.63,61.56,100.67,up,87.05,183.17,-1.00,1,0.00,1,0,0,0.500,LOCAL,LOCAL,1,CLOUD,CLOUD,0,0,none
2026-04-20 11:37:04,410,51.47,63.42,66.14,48.62,162.23,-110.76,down,78.28,183.17,-1.00,1,0.00,1,0,1,0.899,CLOUD,,0,CLOUD,CLOUD,0,0,none
2026-04-20 11:37:06,411,51.47,63.42,65.89,48.58,51.47,0.00,stable,75.20,183.17,-1.00,1,0.00,1,0,1,0.856,CLOUD,,0,CLOUD,CLOUD,0,0,none
2026-04-20 11:37:08,412,78.63,86.86,66.05,48.69,51.47,27.16,up,77.98,183.17,-1.00,1,0.00,1,0,0,0.500,LOCAL,LOCAL,1,CLOUD,CLOUD,0,0,none
2026-04-20 11:37:10,413,78.63,86.86,65.98,48.58,78.63,0.00,stable,75.14,183.17,-1.00,1,0.00,1,0,0,0.500,LOCAL,LOCAL,2,CLOUD,CLOUD,0,0,none
2026-04-20 11:37:12,414,50.95,193.18,66.17,48.61,78.63,-27.68,down,107.58,183.17,-1.00,1,0.00,1,1,1,0.965,CLOUD,,0,CLOUD,CLOUD,0,0,none
2026-04-20 11:37:14,415,50.95,193.18,66.14,48.62,50.95,0.00,stable,140.02,183.17,-1.00,1,0.00,1,1,1,0.964,CLOUD,,0,CLOUD,CLOUD,0,0,none
2026-04-20 11:37:16,416,60.97,171.03,65.95,48.58,50.95,10.02,up,161.06,183.17,-1.00,1,0.00,1,1,1,0.856,CLOUD,,0,CLOUD,CLOUD,0,0,none
2026-04-20 11:37:18,417,29.34,130.63,66.14,48.62,60.97,-31.64,down,172.00,183.17,-1.00,1,0.00,1,1,1,0.993,CLOUD,,0,CLOUD,CLOUD,0,0,none
2026-04-20 11:37:20,418,29.34,130.63,66.20,48.63,29.34,0.00,stable,156.37,183.17,-1.00,1,0.00,1,1,1,0.993,CLOUD,,0,CLOUD,CLOUD,0,0,none
2026-04-20 11:37:22,419,74.31,84.42,66.00,48.57,29.34,44.97,up,129.18,183.17,-1.00,1,0.00,1,0,0,0.500,LOCAL,LOCAL,1,CLOUD,CLOUD,0,0,none
2026-04-20 11:37:24,420,74.31,84.42,66.08,48.61,74.31,0.00,stable,107.52,183.17,-1.00,1,0.00,1,0,0,0.500,LOCAL,LOCAL,2,CLOUD,CLOUD,0,0,none
2026-04-20 11:37:26,421,44.84,210.18,65.92,48.57,74.31,-29.47,down,127.41,183.17,-1.00,1,0.00,1,1,1,0.975,CLOUD,,0,CLOUD,CLOUD,0,0,none
2026-04-20 11:37:28,422,43.27,74.25,66.10,48.64,44.84,-1.57,stable,113.32,183.17,-1.00,1,0.00,1,0,1,0.954,CLOUD,,0,CLOUD,CLOUD,0,0,none
2026-04-20 11:37:30,423,43.27,74.25,66.03,48.61,43.27,0.00,stable,110.77,183.17,-1.00,1,0.00,1,0,1,0.949,CLOUD,,0,CLOUD,CLOUD,0,0,none
2026-04-20 11:37:32,424,92.29,165.25,65.92,48.58,43.27,49.02,up,130.98,183.17,-1.00,1,0.00,1,1,0,0.500,LOCAL,LOCAL,1,CLOUD,CLOUD,0,0,none
2026-04-20 11:37:34,425,92.29,165.25,66.06,48.61,92.29,0.00,stable,119.75,183.17,-1.00,1,0.00,1,1,0,0.500,LOCAL,LOCAL,2,CLOUD,CLOUD,0,0,none
2026-04-20 11:37:36,426,77.80,111.22,65.92,48.57,92.29,-14.49,down,128.99,183.17,-1.00,1,0.00,1,1,0,0.500,LOCAL,,0,CLOUD,LOCAL,1,0,started
2026-04-20 11:37:38,427,18.49,1820.15,66.72,49.45,77.80,-59.32,down,565.46,169.56,-1.00,1,0.00,1,1,1,1.000,CLOUD,CLOUD,1,LOCAL,LOCAL,0,0,none
2026-04-20 11:37:40,428,18.49,1820.15,66.58,51.80,18.49,0.00,stable,979.19,169.76,-1.00,1,0.00,1,1,1,1.000,CLOUD,CLOUD,2,LOCAL,LOCAL,0,0,none
2026-04-20 11:37:42,429,30.92,476.90,66.47,53.87,18.49,12.44,up,1057.10,210.35,-1.00,1,0.00,1,1,1,1.000,CLOUD,,0,LOCAL,CLOUD,1,0,started
2026-04-20 11:37:45,430,50.15,240.92,66.69,49.22,30.92,19.23,up,1089.53,192.41,-1.00,1,0.00,1,1,1,0.990,CLOUD,,0,CLOUD,CLOUD,0,0,none
2026-04-20 11:37:47,431,50.15,240.92,66.23,49.27,50.15,0.00,stable,694.72,192.41,-1.00,1,0.00,1,1,1,0.980,CLOUD,,0,CLOUD,CLOUD,0,0,none
2026-04-20 11:37:49,432,65.29,111.53,66.20,49.27,50.15,15.13,up,267.57,192.41,-1.00,1,0.00,1,1,1,0.782,CLOUD,,0,CLOUD,CLOUD,0,0,none
2026-04-20 11:37:51,433,65.29,111.53,66.19,49.29,65.29,0.00,stable,176.23,192.41,-1.00,1,0.00,1,1,1,0.782,CLOUD,,0,CLOUD,CLOUD,0,0,none
2026-04-20 11:37:53,434,71.03,241.82,66.14,49.26,65.29,5.75,stable,176.45,192.41,-1.00,1,0.00,1,1,1,0.840,CLOUD,,0,CLOUD,CLOUD,0,0,none
2026-04-20 11:37:55,435,89.40,794.45,66.11,49.29,71.03,18.37,up,314.83,192.41,-1.00,1,0.00,1,1,1,0.985,CLOUD,,0,CLOUD,CLOUD,0,0,none
2026-04-20 11:37:57,436,89.40,794.45,66.36,49.28,89.40,0.00,stable,485.56,192.41,-1.00,1,0.00,1,1,1,0.990,CLOUD,,0,CLOUD,CLOUD,0,0,none
2026-04-20 11:37:59,437,209.07,1424.64,66.33,49.29,89.40,119.67,up,813.84,192.41,-1.00,1,0.00,0,1,0,0.500,LOCAL,LOCAL,1,CLOUD,CLOUD,0,0,none
2026-04-20 11:38:01,438,46.22,68.03,66.18,49.30,209.07,-162.85,down,770.39,192.41,-1.00,1,0.00,1,0,1,0.943,CLOUD,,0,CLOUD,CLOUD,0,0,none
2026-04-20 11:38:03,439,46.22,68.03,66.36,49.28,46.22,0.00,stable,588.78,192.41,-1.00,1,0.00,1,0,1,0.957,CLOUD,,0,CLOUD,CLOUD,0,0,none
2026-04-20 11:38:05,440,73.62,147.92,65.92,49.25,46.22,27.40,up,427.15,192.41,-1.00,1,0.00,1,1,1,0.572,CLOUD,,0,CLOUD,CLOUD,0,0,none
2026-04-20 11:38:07,441,73.62,147.92,66.23,48.62,73.62,0.00,stable,107.97,192.41,-1.00,1,0.00,1,1,1,0.686,CLOUD,,0,CLOUD,CLOUD,0,0,none
2026-04-20 11:38:09,442,54.68,241.56,66.08,48.61,73.62,-18.94,down,151.36,192.41,-1.00,1,0.00,1,1,1,0.961,CLOUD,,0,CLOUD,CLOUD,0,0,none
2026-04-20 11:38:11,443,48.73,147.41,66.14,48.59,54.68,-5.95,stable,171.21,192.41,-1.00,1,0.00,1,1,1,0.958,CLOUD,,0,CLOUD,CLOUD,0,0,none
2026-04-20 11:38:13,444,48.73,147.41,66.17,48.62,48.73,0.00,stable,171.08,192.41,-1.00,1,0.00,1,1,1,0.960,CLOUD,,0,CLOUD,CLOUD,0,0,none
2026-04-20 11:38:15,445,55.73,242.29,66.11,48.57,48.73,6.99,stable,194.67,192.41,-1.00,1,0.00,1,1,1,0.959,CLOUD,,0,CLOUD,CLOUD,0,0,none
2026-04-20 11:38:17,446,55.73,242.29,66.17,48.61,55.73,0.00,stable,194.85,192.41,-1.00,1,0.00,1,1,1,0.962,CLOUD,,0,CLOUD,CLOUD,0,0,none
2026-04-20 11:38:19,447,59.34,153.36,66.11,48.62,55.73,3.61,stable,196.34,192.41,-1.00,1,0.00,1,1,1,0.888,CLOUD,,0,CLOUD,CLOUD,0,0,none
2026-04-20 11:38:21,448,40.06,99.49,66.20,48.58,59.34,-19.27,down,184.36,192.41,-1.00,1,0.00,1,0,1,0.976,CLOUD,,0,CLOUD,CLOUD,0,0,none
2026-04-20 11:38:23,449,40.06,99.49,66.08,48.61,40.06,0.00,stable,148.66,192.41,-1.00,1,0.00,1,0,1,0.971,CLOUD,,0,CLOUD,CLOUD,0,0,none
2026-04-20 11:38:25,450,51.04,210.78,66.00,48.58,40.06,10.98,up,140.78,192.41,-1.00,1,0.00,1,1,1,0.960,CLOUD,,0,CLOUD,CLOUD,0,0,none
2026-04-20 11:38:27,451,119.30,95.70,66.28,48.62,51.04,68.26,up,126.37,192.41,-1.00,1,0.00,1,0,0,0.500,LOCAL,LOCAL,1,CLOUD,CLOUD,0,0,none
2026-04-20 11:38:29,452,119.30,95.70,66.14,48.58,119.30,0.00,stable,125.42,192.41,-1.00,1,0.00,1,0,0,0.500,LOCAL,LOCAL,2,CLOUD,CLOUD,0,0,none
2026-04-20 11:38:31,453,48.20,228.06,66.14,48.63,119.30,-71.10,down,157.56,192.41,-1.00,1,0.00,1,1,1,0.979,CLOUD,,0,CLOUD,CLOUD,0,0,none
2026-04-20 11:38:33,454,48.20,228.06,66.03,48.62,48.20,0.00,stable,161.88,192.41,-1.00,1,0.00,1,1,1,0.975,CLOUD,,0,CLOUD,CLOUD,0,0,none
2026-04-20 11:38:35,455,52.49,239.38,66.03,48.61,48.20,4.29,stable,197.80,192.41,-1.00,1,25.00,0,1,1,0.965,CLOUD,,0,CLOUD,CLOUD,0,0,none
2026-04-20 11:38:37,456,52.49,239.38,66.08,48.62,52.49,0.00,stable,233.72,192.41,-1.00,1,25.00,0,1,1,0.968,CLOUD,,0,CLOUD,CLOUD,0,0,none
2026-04-20 11:38:39,457,52.74,173.28,66.08,48.59,52.49,0.25,stable,220.03,192.41,-1.00,1,0.00,1,1,1,0.945,CLOUD,,0,CLOUD,CLOUD,0,0,none
2026-04-20 11:38:41,458,45.36,62.83,66.19,48.61,52.74,-7.38,stable,178.72,192.41,-1.00,1,0.00,1,0,1,0.947,CLOUD,,0,CLOUD,CLOUD,0,0,none
2026-04-20 11:38:43,459,45.36,62.83,66.09,48.58,45.36,0.00,stable,134.58,192.41,-1.00,1,0.00,1,0,1,0.937,CLOUD,,0,CLOUD,CLOUD,0,0,none
2026-04-20 11:38:45,460,34.33,219.87,66.17,48.61,45.36,-11.03,down,129.70,192.41,-1.00,1,0.00,1,1,1,0.994,CLOUD,,0,CLOUD,CLOUD,0,0,none
2026-04-20 11:38:48,461,57.65,157.96,65.98,48.64,34.33,23.32,up,125.87,192.41,-1.00,1,0.00,1,1,1,0.888,CLOUD,,0,CLOUD,CLOUD,0,0,none
2026-04-20 11:38:50,462,57.65,157.96,66.20,48.63,57.65,0.00,stable,149.65,192.41,-1.00,1,0.00,1,1,1,0.918,CLOUD,,0,CLOUD,CLOUD,0,0,none
2026-04-20 11:38:52,463,50.49,243.42,66.03,48.58,57.65,-7.17,stable,194.80,192.41,-1.00,1,0.00,1,1,1,0.972,CLOUD,,0,CLOUD,CLOUD,0,0,none
2026-04-20 11:38:54,464,50.49,243.42,66.08,48.63,50.49,0.00,stable,200.69,192.41,-1.00,1,0.00,1,1,1,0.974,CLOUD,,0,CLOUD,CLOUD,0,0,none
2026-04-20 11:38:56,465,45.83,99.60,66.17,48.58,50.49,-4.66,stable,186.10,192.41,-1.00,1,0.00,1,0,1,0.956,CLOUD,,0,CLOUD,CLOUD,0,0,none
2026-04-20 11:38:58,466,64.16,216.88,66.20,48.59,45.83,18.33,up,200.83,192.41,-1.00,1,0.00,1,1,1,0.904,CLOUD,,0,CLOUD,CLOUD,0,0,none
2026-04-20 11:39:00,467,64.16,216.88,66.17,48.63,64.16,0.00,stable,194.20,192.41,-1.00,1,0.00,1,1,1,0.899,CLOUD,,0,CLOUD,CLOUD,0,0,none
2026-04-20 11:39:02,468,52.15,214.60,65.92,48.59,64.16,-12.00,down,186.99,192.41,-1.00,1,0.00,1,1,1,0.951,CLOUD,,0,CLOUD,CLOUD,0,0,none
2026-04-20 11:39:04,469,52.15,214.60,66.11,48.63,52.15,0.00,stable,215.74,192.41,-1.00,1,0.00,1,1,1,0.964,CLOUD,,0,CLOUD,CLOUD,0,0,none
2026-04-20 11:39:06,470,127.71,22.93,66.17,48.59,52.15,75.56,up,167.25,192.41,-1.00,1,0.00,1,0,0,0.500,LOCAL,LOCAL,1,CLOUD,CLOUD,0,0,none
2026-04-20 11:39:08,471,105.95,137.16,66.03,48.72,127.71,-21.76,down,147.32,192.41,-1.00,1,0.00,1,1,0,0.500,LOCAL,LOCAL,2,CLOUD,CLOUD,0,0,none
2026-04-20 11:39:10,472,105.95,137.16,66.25,48.63,105.95,0.00,stable,127.96,192.41,-1.00,1,0.00,1,1,0,0.500,LOCAL,,0,CLOUD,LOCAL,1,0,started
2026-04-20 11:39:13,473,91.02,74.15,66.64,49.09,105.95,-14.93,down,92.85,192.41,-1.00,1,0.00,1,0,0,0.500,LOCAL,,0,LOCAL,LOCAL,0,0,none
2026-04-20 11:39:15,474,91.02,74.15,66.69,51.26,91.02,0.00,stable,105.66,176.67,-1.00,1,0.00,1,0,0,0.500,LOCAL,,0,LOCAL,LOCAL,0,0,none
2026-04-20 11:39:17,475,24.17,719.91,66.56,53.33,91.02,-66.85,down,251.34,176.27,-1.00,1,0.00,1,1,1,1.000,CLOUD,CLOUD,1,LOCAL,LOCAL,0,0,none
2026-04-20 11:39:19,476,11.39,562.48,66.53,55.79,24.17,-12.78,down,357.68,164.17,-1.00,1,0.00,1,1,1,1.000,CLOUD,CLOUD,2,LOCAL,LOCAL,0,0,none
2026-04-20 11:39:21,477,11.39,562.48,66.64,58.08,11.39,0.00,stable,479.76,247.32,-1.00,1,0.00,1,1,1,1.000,CLOUD,,0,LOCAL,CLOUD,1,0,started
2026-04-20 11:39:23,478,21.45,2465.24,66.60,49.16,11.39,10.07,up,1077.53,238.61,-1.00,1,0.00,1,1,1,1.000,CLOUD,,0,CLOUD,CLOUD,0,0,none
2026-04-20 11:39:25,479,36.42,333.39,66.67,49.32,21.45,14.97,up,980.90,238.61,-1.00,1,0.00,1,1,1,0.999,CLOUD,,0,CLOUD,CLOUD,0,0,none
2026-04-20 11:39:27,480,36.42,333.39,66.06,49.28,36.42,0.00,stable,923.63,238.61,-1.00,1,0.00,1,1,1,0.997,CLOUD,,0,CLOUD,CLOUD,0,0,none
2026-04-20 11:39:29,481,17.86,1522.92,66.11,49.32,36.42,-18.56,down,1163.74,238.61,-1.00,1,0.00,1,1,1,1.000,CLOUD,,0,CLOUD,CLOUD,0,0,none
2026-04-20 11:39:31,482,53.40,701.33,66.14,49.31,17.86,35.53,up,722.76,238.61,-1.00,1,0.00,1,1,1,0.999,CLOUD,,0,CLOUD,CLOUD,0,0,none
2026-04-20 11:39:33,483,53.40,701.33,66.17,49.27,53.40,0.00,stable,814.74,238.61,-1.00,1,0.00,1,1,1,0.999,CLOUD,,0,CLOUD,CLOUD,0,0,none
2026-04-20 11:39:35,484,37.10,557.01,66.33,49.32,53.40,-16.29,down,870.65,238.61,-1.00,0,0.00,1,1,1,1.000,CLOUD,,0,CLOUD,CLOUD,0,0,none
2026-04-20 11:39:37,485,37.10,557.01,66.08,49.31,37.10,0.00,stable,629.17,238.61,-1.00,0,0.00,1,1,1,0.999,CLOUD,,0,CLOUD,CLOUD,0,0,none
2026-04-20 11:39:39,486,92.09,42.63,66.00,49.32,37.10,54.98,up,464.50,238.61,-1.00,1,0.00,1,0,0,0.500,LOCAL,LOCAL,1,CLOUD,CLOUD,0,0,none
2026-04-20 11:39:41,487,32.60,235.89,65.95,49.28,92.09,-59.49,down,348.14,238.61,-1.00,1,0.00,1,1,1,0.994,CLOUD,,0,CLOUD,CLOUD,0,0,none
2026-04-20 11:39:43,488,32.60,235.89,66.25,49.31,32.60,0.00,stable,267.86,238.61,-1.00,1,0.00,1,1,1,0.996,CLOUD,,0,CLOUD,CLOUD,0,0,none
2026-04-20 11:39:45,489,82.00,236.34,66.14,48.59,32.60,49.40,up,187.69,238.61,-1.00,1,0.00,1,1,1,0.626,CLOUD,,0,CLOUD,CLOUD,0,0,none
2026-04-20 11:39:47,490,42.54,179.80,66.19,48.62,82.00,-39.46,down,221.98,238.61,-1.00,1,0.00,1,1,1,0.984,CLOUD,,0,CLOUD,CLOUD,0,0,none
2026-04-20 11:39:49,491,42.54,179.80,65.95,48.58,42.54,0.00,stable,207.96,238.61,-1.00,1,0.00,1,1,1,0.976,CLOUD,,0,CLOUD,CLOUD,0,0,none
2026-04-20 11:39:51,492,41.45,216.27,66.17,48.62,42.54,-1.09,stable,203.06,238.61,-1.00,1,0.00,1,1,1,0.989,CLOUD,,0,CLOUD,CLOUD,0,0,none
2026-04-20 11:39:53,493,41.45,216.27,66.06,48.62,41.45,0.00,stable,198.04,238.61,-1.00,1,0.00,1,1,1,0.986,CLOUD,,0,CLOUD,CLOUD,0,0,none
2026-04-20 11:39:55,494,53.66,133.57,66.06,48.59,41.45,12.22,up,186.48,238.61,-1.00,1,0.00,1,1,1,0.916,CLOUD,,0,CLOUD,CLOUD,0,0,none
2026-04-20 11:39:57,495,49.22,161.75,66.11,48.64,53.66,-4.45,stable,181.96,238.61,-1.00,1,0.00,1,1,1,0.959,CLOUD,,0,CLOUD,CLOUD,0,0,none
2026-04-20 11:39:59,496,49.22,161.75,65.92,48.63,49.22,0.00,stable,168.33,238.61,-1.00,1,0.00,1,1,1,0.945,CLOUD,,0,CLOUD,CLOUD,0,0,none
2026-04-20 11:40:01,497,161.80,213.74,66.11,48.59,49.22,112.58,up,167.70,238.61,-1.00,1,0.00,1,1,0,0.500,LOCAL,LOCAL,1,CLOUD,CLOUD,0,0,none
2026-04-20 11:40:03,498,36.62,124.90,66.12,48.71,161.80,-125.18,down,165.54,238.61,-1.00,1,0.00,1,1,1,0.984,CLOUD,,0,CLOUD,CLOUD,0,0,none
2026-04-20 11:40:05,499,36.62,124.90,66.17,48.63,36.62,0.00,stable,156.32,238.61,-1.00,1,0.00,1,1,1,0.985,CLOUD,,0,CLOUD,CLOUD,0,0,none
2026-04-20 11:40:07,500,44.64,82.75,66.14,48.59,36.62,8.02,stable,136.58,238.61,-1.00,1,0.00,1,0,1,0.954,CLOUD,,0,CLOUD,CLOUD,0,0,none
2026-04-20 11:40:09,501,44.64,82.75,66.03,48.63,44.64,0.00,stable,103.83,238.61,-1.00,1,0.00,1,0,1,0.945,CLOUD,,0,CLOUD,CLOUD,0,0,none
2026-04-20 11:40:11,502,89.51,169.39,66.08,48.58,44.64,44.87,up,114.95,238.61,-1.00,1,0.00,1,1,0,0.500,LOCAL,LOCAL,1,CLOUD,CLOUD,0,0,none
2026-04-20 11:40:14,503,40.96,140.52,66.14,48.65,89.51,-48.55,down,118.85,238.61,-1.00,1,0.00,1,1,1,0.979,CLOUD,,0,CLOUD,CLOUD,0,0,none
2026-04-20 11:40:16,504,40.96,140.52,66.23,48.62,40.96,0.00,stable,133.29,238.61,-1.00,1,0.00,1,1,1,0.982,CLOUD,,0,CLOUD,CLOUD,0,0,none
2026-04-20 11:40:18,505,43.73,61.86,66.11,48.58,40.96,2.77,stable,128.07,238.61,-1.00,1,0.00,1,0,1,0.948,CLOUD,,0,CLOUD,CLOUD,0,0,none
2026-04-20 11:40:20,506,43.73,61.86,66.03,48.62,43.73,0.00,stable,101.19,238.61,-1.00,1,0.00,1,0,1,0.941,CLOUD,,0,CLOUD,CLOUD,0,0,none
2026-04-20 11:40:22,507,54.66,209.47,66.14,48.58,43.73,10.93,up,118.43,238.61,-1.00,1,0.00,1,1,1,0.954,CLOUD,,0,CLOUD,CLOUD,0,0,none
2026-04-20 11:40:24,508,39.89,86.44,66.22,48.62,54.66,-14.77,down,104.91,238.61,-1.00,1,0.00,1,0,1,0.975,CLOUD,,0,CLOUD,CLOUD,0,0,none
2026-04-20 11:40:26,509,39.89,86.44,66.00,48.62,39.89,0.00,stable,111.05,238.61,-1.00,1,0.00,1,0,1,0.965,CLOUD,,0,CLOUD,CLOUD,0,0,none
2026-04-20 11:40:28,510,39.18,96.64,66.08,48.58,39.89,-0.71,stable,119.75,238.61,-1.00,1,0.00,1,0,1,0.973,CLOUD,,0,CLOUD,CLOUD,0,0,none
2026-04-20 11:40:30,511,39.18,96.64,65.95,48.63,39.18,0.00,stable,91.54,238.61,-1.00,1,0.00,1,0,1,0.967,CLOUD,,0,CLOUD,CLOUD,0,0,none
2026-04-20 11:40:32,512,24.88,177.04,66.19,48.61,39.18,-14.30,down,114.19,238.61,-1.00,1,0.00,1,1,1,0.997,CLOUD,,0,CLOUD,CLOUD,0,0,none
2026-04-20 11:40:34,513,58.00,99.29,65.92,48.58,24.88,33.13,up,117.40,238.61,-1.00,1,0.00,1,0,1,0.813,CLOUD,,0,CLOUD,CLOUD,0,0,none
2026-04-20 11:40:36,514,58.00,99.29,66.03,48.63,58.00,0.00,stable,118.06,238.61,-1.00,1,0.00,1,0,1,0.837,CLOUD,,0,CLOUD,CLOUD,0,0,none
2026-04-20 11:40:38,515,84.09,127.27,66.14,48.60,58.00,26.09,up,125.72,238.61,-1.00,1,0.00,1,1,0,0.500,LOCAL,LOCAL,1,CLOUD,CLOUD,0,0,none
2026-04-20 11:40:40,516,84.09,127.27,66.11,48.64,84.09,0.00,stable,113.28,238.61,-1.00,1,0.00,1,1,0,0.500,LOCAL,LOCAL,2,CLOUD,CLOUD,0,0,none
2026-04-20 11:40:42,517,126.60,22.91,66.06,48.59,84.09,42.50,up,94.19,238.61,-1.00,1,0.00,1,0,0,0.500,LOCAL,,0,CLOUD,LOCAL,1,0,started
2026-04-20 11:40:44,518,68.53,459.12,66.67,49.05,126.60,-58.06,down,184.14,181.04,-1.00,1,0.00,1,1,1,0.989,CLOUD,CLOUD,1,LOCAL,LOCAL,0,0,none
2026-04-20 11:40:46,519,68.53,459.12,66.67,51.05,68.53,0.00,stable,267.10,177.14,-1.00,1,0.00,1,1,1,0.989,CLOUD,CLOUD,2,LOCAL,LOCAL,0,0,none
2026-04-20 11:40:48,520,21.02,1789.57,66.58,53.91,68.53,-47.51,down,682.68,155.59,-1.00,1,0.00,1,1,1,1.000,CLOUD,,0,LOCAL,CLOUD,1,0,started
2026-04-20 11:40:50,521,56.70,177.86,66.64,49.17,21.02,35.67,up,721.42,254.26,-1.00,1,0.00,1,1,1,0.967,CLOUD,,0,CLOUD,CLOUD,0,0,none
2026-04-20 11:40:52,522,56.70,177.86,66.42,49.30,56.70,0.00,stable,651.10,254.26,-1.00,1,0.00,1,1,1,0.954,CLOUD,,0,CLOUD,CLOUD,0,0,none
2026-04-20 11:40:54,523,36.53,163.26,66.09,49.26,56.70,-20.17,down,577.14,254.26,-1.00,1,0.00,1,1,1,0.988,CLOUD,,0,CLOUD,CLOUD,0,0,none
2026-04-20 11:40:56,524,36.53,163.26,66.22,49.29,36.53,0.00,stable,170.56,254.26,-1.00,1,0.00,1,1,1,0.990,CLOUD,,0,CLOUD,CLOUD,0,0,none
2026-04-20 11:40:58,525,23.95,229.43,66.22,49.30,36.53,-12.58,down,183.45,254.26,-1.00,1,0.00,1,1,1,0.998,CLOUD,,0,CLOUD,CLOUD,0,0,none
2026-04-20 11:41:00,526,98.78,22.58,66.00,49.29,23.95,74.83,up,144.63,254.26,-1.00,1,0.00,1,0,0,0.500,LOCAL,LOCAL,1,CLOUD,CLOUD,0,0,none
2026-04-20 11:41:02,527,98.78,22.58,66.17,49.30,98.78,0.00,stable,109.46,254.26,-1.00,1,0.00,1,0,0,0.500,LOCAL,LOCAL,2,CLOUD,CLOUD,0,0,none
2026-04-20 11:41:04,528,109.98,239.03,66.06,49.26,98.78,11.19,up,128.40,254.26,-1.00,1,0.00,1,1,0,0.500,LOCAL,,0,CLOUD,LOCAL,1,0,started
2026-04-20 11:41:06,529,109.98,239.03,66.69,49.43,109.98,0.00,stable,130.80,149.17,-1.00,1,0.00,1,1,0,0.500,LOCAL,,0,LOCAL,LOCAL,0,0,none
2026-04-20 11:41:08,530,55.05,563.60,66.58,51.41,109.98,-54.92,down,266.06,172.84,-1.00,1,0.00,1,1,1,0.999,CLOUD,CLOUD,1,LOCAL,LOCAL,0,0,none
2026-04-20 11:41:10,531,4.61,2068.96,66.64,53.89,55.05,-50.44,down,777.65,179.06,-1.00,1,0.00,1,1,1,1.000,CLOUD,CLOUD,2,LOCAL,LOCAL,0,0,none
2026-04-20 11:41:12,532,4.61,2068.96,66.64,56.45,4.61,0.00,stable,1235.14,175.49,-1.00,1,0.00,1,1,1,1.000,CLOUD,,0,LOCAL,CLOUD,1,0,started
2026-04-20 11:41:15,533,40.65,180.09,66.62,49.22,4.61,36.03,up,1220.40,219.99,-1.00,1,0.00,1,1,1,0.993,CLOUD,,0,CLOUD,CLOUD,0,0,none
2026-04-20 11:41:17,534,40.65,180.09,66.22,49.32,40.65,0.00,stable,1124.52,219.99,-1.00,1,0.00,1,1,1,0.987,CLOUD,,0,CLOUD,CLOUD,0,0,none
2026-04-20 11:41:19,535,65.75,239.32,66.33,49.32,40.65,25.10,up,667.11,219.99,-1.00,1,0.00,1,1,1,0.922,CLOUD,,0,CLOUD,CLOUD,0,0,none
2026-04-20 11:41:21,536,65.75,239.32,65.89,49.32,65.75,0.00,stable,209.70,219.99,-1.00,1,0.00,1,1,1,0.854,CLOUD,,0,CLOUD,CLOUD,0,0,none
2026-04-20 11:41:23,537,91.22,47.27,66.22,49.32,65.75,25.47,up,176.50,219.99,-1.00,1,0.00,1,0,0,0.500,LOCAL,LOCAL,1,CLOUD,CLOUD,0,0,none
2026-04-20 11:41:25,538,72.57,138.13,65.97,49.33,91.22,-18.65,down,166.01,219.99,-1.00,1,0.00,1,1,1,0.600,CLOUD,,0,CLOUD,CLOUD,0,0,none
2026-04-20 11:41:27,539,72.57,138.13,66.28,49.33,72.57,0.00,stable,140.71,219.99,-1.00,1,0.00,1,1,1,0.710,CLOUD,,0,CLOUD,CLOUD,0,0,none
2026-04-20 11:41:29,540,42.75,130.87,66.11,49.29,72.57,-29.82,down,113.60,219.99,-1.00,1,0.00,1,1,1,0.972,CLOUD,,0,CLOUD,CLOUD,0,0,none
2026-04-20 11:41:31,541,42.75,130.87,66.03,49.33,42.75,0.00,stable,134.50,219.99,-1.00,1,0.00,1,1,1,0.968,CLOUD,,0,CLOUD,CLOUD,0,0,none
2026-04-20 11:41:33,542,109.27,42.60,66.20,49.32,42.75,66.52,up,110.62,219.99,-1.00,1,0.00,1,0,0,0.500,LOCAL,LOCAL,1,CLOUD,CLOUD,0,0,none
2026-04-20 11:41:35,543,109.27,42.60,66.08,49.33,109.27,0.00,stable,86.74,219.99,-1.00,1,0.00,1,0,0,0.500,LOCAL,LOCAL,2,CLOUD,CLOUD,0,0,none
2026-04-20 11:41:37,544,56.55,104.37,66.22,48.60,109.27,-52.71,down,80.11,219.99,-1.00,1,0.00,1,1,1,0.894,CLOUD,,0,CLOUD,CLOUD,0,0,none
2026-04-20 11:41:39,545,56.55,104.37,66.11,48.62,56.55,0.00,stable,73.48,219.99,-1.00,1,0.00,1,1,1,0.877,CLOUD,,0,CLOUD,CLOUD,0,0,none
2026-04-20 11:41:41,546,62.65,87.98,66.17,48.63,56.55,6.10,stable,84.83,219.99,-1.00,1,0.00,1,0,1,0.787,CLOUD,,0,CLOUD,CLOUD,0,0,none
2026-04-20 11:41:43,547,41.14,225.12,65.97,48.68,62.65,-21.51,down,130.46,219.99,-1.00,1,0.00,1,1,1,0.986,CLOUD,,0,CLOUD,CLOUD,0,0,none
2026-04-20 11:41:45,548,41.14,225.12,66.17,48.72,41.14,0.00,stable,160.65,219.99,-1.00,1,0.00,1,1,1,0.990,CLOUD,,0,CLOUD,CLOUD,0,0,none
2026-04-20 11:41:47,549,73.68,203.77,66.19,48.74,41.14,32.54,up,185.50,219.99,-1.00,1,0.00,1,1,1,0.764,CLOUD,,0,CLOUD,CLOUD,0,0,none
2026-04-20 11:41:49,550,40.84,207.05,66.06,48.70,73.68,-32.84,down,215.27,219.99,-1.00,1,0.00,1,1,1,0.986,CLOUD,,0,CLOUD,CLOUD,0,0,none
2026-04-20 11:41:51,551,40.84,207.05,66.20,48.74,40.84,0.00,stable,210.75,219.99,-1.00,1,0.00,1,1,1,0.989,CLOUD,,0,CLOUD,CLOUD,0,0,none
2026-04-20 11:41:53,552,65.50,242.29,66.22,48.69,40.84,24.66,up,215.04,219.99,-1.00,1,0.00,1,1,1,0.913,CLOUD,,0,CLOUD,CLOUD,0,0,none
2026-04-20 11:41:55,553,65.50,242.29,65.97,48.70,65.50,0.00,stable,224.67,219.99,-1.00,1,0.00,1,1,1,0.875,CLOUD,,0,CLOUD,CLOUD,0,0,none
2026-04-20 11:41:57,554,50.88,83.81,66.14,48.74,65.50,-14.62,down,193.86,219.99,-1.00,1,0.00,1,0,1,0.917,CLOUD,,0,CLOUD,CLOUD,0,0,none
2026-04-20 11:41:59,555,43.22,133.89,66.08,48.70,50.88,-7.66,stable,175.57,219.99,-1.00,1,0.00,1,1,1,0.970,CLOUD,,0,CLOUD,CLOUD,0,0,none
2026-04-20 11:42:01,556,43.22,133.89,66.19,48.74,43.22,0.00,stable,148.47,219.99,-1.00,1,0.00,1,1,1,0.975,CLOUD,,0,CLOUD,CLOUD,0,0,none
2026-04-20 11:42:03,557,29.93,227.34,66.22,48.73,43.22,-13.28,down,144.74,219.99,-1.00,1,0.00,1,1,1,0.997,CLOUD,,0,CLOUD,CLOUD,0,0,none
2026-04-20 11:42:05,558,52.27,105.01,66.19,48.70,29.93,22.33,up,150.03,219.99,-1.00,1,0.00,1,1,1,0.926,CLOUD,,0,CLOUD,CLOUD,0,0,none
2026-04-20 11:42:07,559,52.27,105.01,66.14,48.73,52.27,0.00,stable,142.81,219.99,-1.00,0,0.00,1,1,1,0.920,CLOUD,,0,CLOUD,CLOUD,0,0,none
2026-04-20 11:42:09,560,22.84,936.12,66.31,48.74,52.27,-29.43,down,343.37,219.99,-1.00,1,0.00,1,1,1,1.000,CLOUD,,0,CLOUD,CLOUD,0,0,none
2026-04-20 11:42:11,561,22.84,936.12,66.03,48.70,22.84,0.00,stable,520.56,219.99,-1.00,1,0.00,1,1,1,1.000,CLOUD,,0,CLOUD,CLOUD,0,0,none
2026-04-20 11:42:13,562,40.43,2316.50,66.22,48.73,22.84,17.59,up,1073.44,219.99,-1.00,1,0.00,1,1,1,1.000,CLOUD,,0,CLOUD,CLOUD,0,0,none
2026-04-20 11:42:15,563,74.93,35.40,66.11,48.72,40.43,34.50,up,1056.04,219.99,-1.00,1,0.00,1,0,0,0.500,LOCAL,LOCAL,1,CLOUD,CLOUD,0,0,none
2026-04-20 11:42:17,564,74.93,35.40,66.22,48.73,74.93,0.00,stable,830.86,219.99,-1.00,1,0.00,1,0,0,0.500,LOCAL,LOCAL,2,CLOUD,CLOUD,0,0,none
2026-04-20 11:42:19,565,176.02,114.89,65.78,48.71,74.93,101.08,up,625.55,219.99,-1.00,1,0.00,1,1,0,0.500,LOCAL,,0,CLOUD,LOCAL,1,0,started
2026-04-20 11:42:21,566,176.02,114.89,66.64,49.68,176.02,0.00,stable,75.14,198.36,-1.00,1,0.00,1,1,0,0.500,LOCAL,,0,LOCAL,LOCAL,0,0,none
2026-04-20 11:42:23,567,29.00,2147.35,66.53,52.33,176.02,-147.02,down,603.13,170.96,-1.00,1,0.00,1,1,1,1.000,CLOUD,CLOUD,1,LOCAL,LOCAL,0,0,none
2026-04-20 11:42:25,568,20.75,1231.72,66.67,54.33,29.00,-8.25,stable,902.21,219.28,-1.00,1,0.00,1,1,1,1.000,CLOUD,CLOUD,2,LOCAL,LOCAL,0,0,none
2026-04-20 11:42:27,569,20.75,1231.72,66.64,57.04,20.75,0.00,stable,1181.42,170.82,-1.00,1,0.00,1,1,1,1.000,CLOUD,,0,LOCAL,CLOUD,1,0,started
2026-04-20 11:42:30,570,59.02,57.34,66.62,49.32,20.75,38.27,up,1167.03,277.02,-1.00,1,0.00,1,0,1,0.896,CLOUD,,0,CLOUD,CLOUD,0,0,none
2026-04-20 11:42:32,571,59.02,57.34,66.39,49.43,59.02,0.00,stable,644.53,277.02,-1.00,1,0.00,1,0,1,0.856,CLOUD,,0,CLOUD,CLOUD,0,0,none
2026-04-20 11:42:34,572,52.83,52.27,66.17,49.40,59.02,-6.19,stable,349.67,277.02,-1.00,1,0.00,1,0,1,0.881,CLOUD,,0,CLOUD,CLOUD,0,0,none
2026-04-20 11:42:36,573,37.07,169.88,66.01,49.52,52.83,-15.75,down,84.21,277.02,-1.00,1,0.00,1,1,1,0.986,CLOUD,,0,CLOUD,CLOUD,0,0,none
2026-04-20 11:42:38,574,37.07,169.88,66.17,49.45,37.07,0.00,stable,112.34,277.02,-1.00,1,0.00,1,1,1,0.989,CLOUD,,0,CLOUD,CLOUD,0,0,none
2026-04-20 11:42:40,575,25.27,112.49,66.08,49.41,37.07,-11.80,down,126.13,277.02,-1.00,1,0.00,1,1,1,0.994,CLOUD,,0,CLOUD,CLOUD,0,0,none
2026-04-20 11:42:42,576,25.27,112.49,66.22,49.45,25.27,0.00,stable,141.18,277.02,-1.00,1,0.00,1,1,1,0.995,CLOUD,,0,CLOUD,CLOUD,0,0,none
2026-04-20 11:42:44,577,31.64,72.57,66.25,49.44,25.27,6.37,stable,116.86,277.02,-1.00,1,0.00,1,0,1,0.988,CLOUD,,0,CLOUD,CLOUD,0,0,none
2026-04-20 11:42:46,578,94.35,190.19,66.14,49.43,31.64,62.71,up,121.93,277.02,-1.00,1,0.00,1,1,0,0.500,LOCAL,LOCAL,1,CLOUD,CLOUD,0,0,none
2026-04-20 11:42:48,579,94.35,190.19,66.08,49.40,94.35,0.00,stable,141.36,277.02,-1.00,1,0.00,1,1,0,0.500,LOCAL,LOCAL,2,CLOUD,CLOUD,0,0,none
2026-04-20 11:42:50,580,53.16,2390.77,66.20,49.45,94.35,-41.20,down,710.93,277.02,-1.00,1,0.00,1,1,1,1.000,CLOUD,,0,CLOUD,CLOUD,0,0,none
2026-04-20 11:42:54,581,47.26,331.69,66.00,48.79,53.16,-5.90,stable,775.71,277.02,-1.00,1,0.00,1,1,1,0.989,CLOUD,,0,CLOUD,CLOUD,0,0,none
2026-04-20 11:42:56,582,47.26,331.69,66.23,48.75,47.26,0.00,stable,811.09,277.02,-1.00,1,0.00,1,1,1,0.993,CLOUD,,0,CLOUD,CLOUD,0,0,none
2026-04-20 11:42:58,583,53.96,60.61,65.92,48.71,47.26,6.70,stable,778.69,277.02,-1.00,1,0.00,1,0,1,0.826,CLOUD,,0,CLOUD,CLOUD,0,0,none
2026-04-20 11:43:00,584,53.96,60.61,66.17,48.75,53.96,0.00,stable,196.15,277.02,-1.00,1,0.00,1,0,1,0.876,CLOUD,,0,CLOUD,CLOUD,0,0,none
2026-04-20 11:43:02,585,43.48,222.33,66.08,48.75,53.96,-10.48,down,168.81,277.02,-1.00,1,0.00,1,1,1,0.985,CLOUD,,0,CLOUD,CLOUD,0,0,none
2026-04-20 11:43:04,586,96.67,102.12,65.95,48.82,43.48,53.19,up,111.42,277.02,-1.00,1,0.00,1,1,0,0.500,LOCAL,LOCAL,1,CLOUD,CLOUD,0,0,none
2026-04-20 11:43:06,587,96.67,102.12,66.14,48.75,96.67,0.00,stable,121.79,277.02,-1.00,1,0.00,1,1,0,0.500,LOCAL,LOCAL,2,CLOUD,CLOUD,0,0,none
2026-04-20 11:43:08,588,49.34,2205.93,66.22,48.75,96.67,-47.32,down,658.12,277.02,-1.00,1,0.00,1,1,1,1.000,CLOUD,,0,CLOUD,CLOUD,0,0,none
2026-04-20 11:43:10,589,49.34,2205.93,65.95,48.74,49.34,0.00,stable,1154.02,277.02,-1.00,1,0.00,1,1,1,1.000,CLOUD,,0,CLOUD,CLOUD,0,0,none
2026-04-20 11:43:12,590,19.25,1603.02,66.08,48.76,49.34,-30.09,down,1529.25,277.02,-1.00,1,0.00,1,1,1,1.000,CLOUD,,0,CLOUD,CLOUD,0,0,none
2026-04-20 11:43:14,591,51.62,513.98,66.14,48.75,19.25,32.37,up,1632.22,277.02,-1.00,1,0.00,1,1,1,0.997,CLOUD,,0,CLOUD,CLOUD,0,0,none
2026-04-20 11:43:16,592,51.62,513.98,66.08,48.71,51.62,0.00,stable,1209.23,277.02,-1.00,1,0.00,1,1,1,0.997,CLOUD,,0,CLOUD,CLOUD,0,0,none
2026-04-20 11:43:18,593,38.58,196.83,66.28,48.75,51.62,-13.04,down,706.95,277.02,-1.00,1,0.00,1,1,1,0.992,CLOUD,,0,CLOUD,CLOUD,0,0,none
2026-04-20 11:43:20,594,36.00,143.92,65.97,48.70,38.58,-2.58,stable,342.18,277.02,-1.00,1,0.00,1,1,1,0.984,CLOUD,,0,CLOUD,CLOUD,0,0,none
2026-04-20 11:43:22,595,36.00,143.92,66.31,48.76,36.00,0.00,stable,249.66,277.02,-1.00,1,0.00,1,1,1,0.990,CLOUD,,0,CLOUD,CLOUD,0,0,none
2026-04-20 11:43:24,596,62.49,136.92,66.11,48.73,36.00,26.48,up,155.40,277.02,-1.00,1,0.00,1,1,1,0.836,CLOUD,,0,CLOUD,CLOUD,0,0,none
2026-04-20 11:43:26,597,62.49,136.92,65.97,48.76,62.49,0.00,stable,140.42,277.02,-1.00,1,0.00,1,1,1,0.802,CLOUD,,0,CLOUD,CLOUD,0,0,none
2026-04-20 11:43:28,598,42.41,164.59,66.17,48.71,62.49,-20.07,down,145.59,277.02,-1.00,1,0.00,1,1,1,0.981,CLOUD,,0,CLOUD,CLOUD,0,0,none
2026-04-20 11:43:30,599,42.41,164.59,66.20,48.75,42.41,0.00,stable,150.76,277.02,-1.00,1,0.00,1,1,1,0.982,CLOUD,,0,CLOUD,CLOUD,0,0,none
2026-04-20 11:43:32,600,46.41,131.91,66.06,48.76,42.41,3.99,stable,149.50,277.02,-1.00,0,0.00,1,1,1,0.957,CLOUD,,0,CLOUD,CLOUD,0,0,none
2026-04-20 11:43:34,601,136.64,41.31,66.14,48.75,46.41,90.24,up,125.60,277.02,-1.00,0,0.00,1,0,0,0.500,LOCAL,LOCAL,1,CLOUD,CLOUD,0,0,none
2026-04-20 11:43:36,602,136.64,41.31,66.14,48.75,136.64,0.00,stable,94.78,277.02,-1.00,1,0.00,1,0,0,0.500,LOCAL,LOCAL,2,CLOUD,CLOUD,0,0,none
2026-04-20 11:43:38,603,56.73,86.52,65.95,48.71,136.64,-79.92,down,75.26,277.02,-1.00,1,0.00,1,0,1,0.823,CLOUD,,0,CLOUD,CLOUD,0,0,none
2026-04-20 11:43:40,604,34.14,186.33,66.06,48.76,56.73,-22.59,down,88.87,277.02,-1.00,1,0.00,1,1,1,0.992,CLOUD,,0,CLOUD,CLOUD,0,0,none
2026-04-20 11:43:42,605,34.14,186.33,66.06,48.72,34.14,0.00,stable,125.12,277.02,-1.00,1,0.00,1,1,1,0.992,CLOUD,,0,CLOUD,CLOUD,0,0,none
2026-04-20 11:43:44,606,42.03,199.60,66.17,48.72,34.14,7.89,stable,164.70,277.02,-1.00,1,0.00,1,1,1,0.986,CLOUD,,0,CLOUD,CLOUD,0,0,none
2026-04-20 11:43:46,607,42.03,199.60,66.11,48.75,42.03,0.00,stable,192.96,277.02,-1.00,1,0.00,1,1,1,0.985,CLOUD,,0,CLOUD,CLOUD,0,0,none
2026-04-20 11:43:48,608,34.34,219.54,66.25,48.76,42.03,-7.69,stable,201.27,277.02,-1.00,1,0.00,1,1,1,0.995,CLOUD,,0,CLOUD,CLOUD,0,0,none
2026-04-20 11:43:50,609,41.76,63.34,66.14,48.75,34.34,7.42,stable,170.52,277.02,-1.00,1,0.00,1,0,1,0.959,CLOUD,,0,CLOUD,CLOUD,0,0,none
2026-04-20 11:43:52,610,41.76,63.34,65.97,48.76,41.76,0.00,stable,136.45,277.02,-1.00,1,0.00,1,0,1,0.947,CLOUD,,0,CLOUD,CLOUD,0,0,none
2026-04-20 11:43:54,611,121.25,100.99,66.11,48.71,41.76,79.49,up,111.80,277.02,-1.00,1,0.00,1,1,0,0.500,LOCAL,LOCAL,1,CLOUD,CLOUD,0,0,none
2026-04-20 11:43:56,612,29.20,219.82,66.25,48.87,121.25,-92.05,down,111.87,277.02,-1.00,1,0.00,1,1,1,0.997,CLOUD,,0,CLOUD,CLOUD,0,0,none
2026-04-20 11:43:58,613,29.20,219.82,65.95,48.75,29.20,0.00,stable,150.99,277.02,-1.00,1,0.00,1,1,1,0.995,CLOUD,,0,CLOUD,CLOUD,0,0,none
2026-04-20 11:44:00,614,58.42,83.69,65.97,48.72,29.20,29.22,up,156.08,277.02,-1.00,1,0.00,1,0,1,0.800,CLOUD,,0,CLOUD,CLOUD,0,0,none
2026-04-20 11:44:02,615,58.42,83.69,66.03,48.76,58.42,0.00,stable,151.76,277.02,-1.00,1,0.00,1,0,1,0.813,CLOUD,,0,CLOUD,CLOUD,0,0,none
2026-04-20 11:44:04,616,43.76,243.27,66.06,48.71,58.42,-14.66,down,157.62,277.02,-1.00,1,0.00,1,1,1,0.986,CLOUD,,0,CLOUD,CLOUD,0,0,none
2026-04-20 11:44:06,617,43.76,243.27,66.01,48.75,43.76,0.00,stable,163.48,277.02,-1.00,1,0.00,1,1,1,0.985,CLOUD,,0,CLOUD,CLOUD,0,0,none
2026-04-20 11:44:08,618,69.92,95.29,66.17,48.75,43.76,26.16,up,166.38,277.02,-1.00,1,0.00,1,0,1,0.654,CLOUD,,0,CLOUD,CLOUD,0,0,none
2026-04-20 11:44:10,619,66.11,93.05,65.95,48.71,69.92,-3.82,stable,168.72,277.02,-1.00,1,0.00,1,0,1,0.656,CLOUD,,0,CLOUD,CLOUD,0,0,none
2026-04-20 11:44:12,620,66.11,93.05,66.14,48.76,66.11,0.00,stable,131.17,277.02,-1.00,1,0.00,1,0,1,0.723,CLOUD,,0,CLOUD,CLOUD,0,0,none
2026-04-20 11:44:14,621,62.21,72.76,66.03,48.71,66.11,-3.89,stable,88.54,277.02,-1.00,1,0.00,1,0,1,0.732,CLOUD,,0,CLOUD,CLOUD,0,0,none
2026-04-20 11:44:16,622,93.67,182.08,66.20,48.75,62.21,31.46,up,110.24,277.02,-1.00,1,0.00,1,1,0,0.500,LOCAL,LOCAL,1,CLOUD,CLOUD,0,0,none
2026-04-20 11:44:18,623,93.67,182.08,65.97,48.75,93.67,0.00,stable,132.49,277.02,-1.00,1,0.00,1,1,0,0.500,LOCAL,LOCAL,2,CLOUD,CLOUD,0,0,none
2026-04-20 11:44:20,624,85.96,207.37,66.17,48.73,93.67,-7.72,stable,161.07,277.02,-1.00,1,0.00,1,1,0,0.500,LOCAL,,0,CLOUD,LOCAL,1,0,started
2026-04-20 11:44:22,625,85.96,207.37,66.67,49.52,85.96,0.00,stable,194.73,170.94,-1.00,1,0.00,1,1,1,0.675,CLOUD,CLOUD,1,LOCAL,LOCAL,0,0,none
2026-04-20 11:44:24,626,78.16,44.62,66.58,51.75,85.96,-7.79,stable,160.36,157.71,-1.00,1,0.00,1,0,1,0.519,CLOUD,CLOUD,2,LOCAL,LOCAL,0,0,none
2026-04-20 11:44:26,627,44.42,1809.25,66.58,53.81,78.16,-33.75,down,567.15,176.26,-1.00,1,0.00,1,1,1,1.000,CLOUD,,0,LOCAL,CLOUD,1,0,started
2026-04-20 11:44:28,628,44.42,1809.25,66.69,49.35,44.42,0.00,stable,967.63,249.95,-1.00,1,0.00,1,1,1,1.000,CLOUD,,0,CLOUD,CLOUD,0,0,none
2026-04-20 11:44:30,629,24.73,1255.73,66.22,49.48,44.42,-19.69,down,1229.72,249.95,-1.00,1,0.00,1,1,1,1.000,CLOUD,,0,CLOUD,CLOUD,0,0,none
2026-04-20 11:44:32,630,109.27,62.79,66.03,49.47,24.73,84.54,up,1234.26,249.95,-1.00,1,0.00,1,0,0,0.500,LOCAL,LOCAL,1,CLOUD,CLOUD,0,0,none
2026-04-20 11:44:34,631,109.27,62.79,66.00,49.46,109.27,0.00,stable,797.64,249.95,-1.00,1,0.00,1,0,0,0.500,LOCAL,LOCAL,2,CLOUD,CLOUD,0,0,none
2026-04-20 11:44:36,632,84.41,84.81,66.11,49.47,109.27,-24.86,down,366.53,249.95,-1.00,1,0.00,1,0,0,0.500,LOCAL,,0,CLOUD,LOCAL,1,0,started
2026-04-20 11:44:38,633,84.41,84.81,66.64,49.69,84.41,0.00,stable,73.80,249.95,-1.00,1,0.00,1,0,0,0.500,LOCAL,,0,LOCAL,LOCAL,0,0,none
2026-04-20 11:44:40,634,55.80,176.42,66.47,51.59,84.41,-28.61,down,102.21,249.95,-1.00,1,0.00,1,1,1,0.960,CLOUD,CLOUD,1,LOCAL,LOCAL,0,0,none
2026-04-20 11:44:42,635,55.80,176.42,66.42,53.99,55.80,0.00,stable,130.62,249.95,-1.00,1,0.00,1,1,1,0.957,CLOUD,CLOUD,2,LOCAL,LOCAL,0,0,none
2026-04-20 11:44:45,636,108.70,178.16,66.44,56.41,55.80,52.90,up,153.95,161.30,-1.00,1,0.00,1,1,0,0.500,LOCAL,,0,LOCAL,LOCAL,0,0,none
2026-04-20 11:44:47,637,29.36,1563.07,66.50,59.46,108.70,-79.34,down,523.52,154.32,-1.00,1,0.00,1,1,1,1.000,CLOUD,CLOUD,1,LOCAL,LOCAL,0,0,none
2026-04-20 11:44:49,638,29.36,1563.07,66.67,60.18,29.36,0.00,stable,870.18,174.11,-1.00,1,0.00,1,1,1,1.000,CLOUD,CLOUD,2,LOCAL,LOCAL,0,0,none
2026-04-20 11:44:51,639,24.82,2480.19,66.64,59.65,29.36,-4.54,stable,1446.12,155.68,-1.00,1,25.00,0,1,1,1.000,CLOUD,,0,LOCAL,CLOUD,1,0,started
2026-04-20 11:44:53,640,24.82,2480.19,66.64,50.58,24.82,0.00,stable,2021.63,200.49,-1.00,1,25.00,0,1,1,1.000,CLOUD,,0,CLOUD,CLOUD,0,0,none
2026-04-20 11:44:55,641,71.87,615.03,66.31,50.71,24.82,47.05,up,1784.62,200.49,-1.00,1,0.00,1,1,1,0.992,CLOUD,,0,CLOUD,CLOUD,0,0,none
2026-04-20 11:44:57,642,145.00,1124.37,66.12,50.68,71.87,73.13,up,1674.94,200.49,-1.00,1,0.00,1,1,1,0.783,CLOUD,,0,CLOUD,CLOUD,0,0,none
2026-04-20 11:44:59,643,145.00,1124.37,66.06,50.73,145.00,0.00,stable,1335.99,200.49,-1.00,1,0.00,1,1,1,0.766,CLOUD,,0,CLOUD,CLOUD,0,0,none
2026-04-20 11:45:01,644,60.04,47.67,66.14,50.71,145.00,-84.96,down,727.86,200.49,-1.00,1,0.00,1,0,1,0.769,CLOUD,,0,CLOUD,CLOUD,0,0,none
2026-04-20 11:45:03,645,60.04,47.67,66.17,50.69,60.04,0.00,stable,586.02,200.49,-1.00,1,0.00,1,0,1,0.776,CLOUD,,0,CLOUD,CLOUD,0,0,none
2026-04-20 11:45:05,646,177.72,1023.06,66.11,50.73,60.04,117.68,up,560.69,200.49,-1.00,1,0.00,1,1,0,0.500,LOCAL,LOCAL,1,CLOUD,CLOUD,0,0,none
2026-04-20 11:45:07,647,213.20,40.34,66.11,50.72,177.72,35.49,up,289.69,200.49,-1.00,1,0.00,0,0,0,0.500,LOCAL,LOCAL,2,CLOUD,CLOUD,0,0,none
2026-04-20 11:45:09,648,213.20,40.34,66.06,50.73,213.20,0.00,stable,287.85,200.49,-1.00,1,0.00,0,0,0,0.500,LOCAL,,0,CLOUD,LOCAL,1,0,started
2026-04-20 11:45:12,649,35.74,235.12,66.33,50.89,213.20,-177.46,down,334.71,190.53,-1.00,1,0.00,1,1,1,0.996,CLOUD,CLOUD,1,LOCAL,LOCAL,0,0,none
2026-04-20 11:45:14,650,38.91,1125.23,66.61,53.03,35.74,3.17,stable,360.26,173.89,-1.00,1,0.00,1,1,1,1.000,CLOUD,CLOUD,2,LOCAL,LOCAL,0,0,none
2026-04-20 11:45:16,651,38.91,1125.23,66.64,55.45,38.91,0.00,stable,631.48,186.47,-1.00,1,0.00,1,1,1,1.000,CLOUD,,0,LOCAL,CLOUD,1,0,started
2026-04-20 11:45:18,652,19.47,1629.73,66.69,50.53,38.91,-19.44,down,1028.83,341.78,-1.00,1,0.00,1,1,1,1.000,CLOUD,,0,CLOUD,CLOUD,0,0,none
2026-04-20 11:45:20,653,61.29,236.11,66.50,50.68,19.47,41.82,up,1029.07,341.78,-1.00,1,0.00,1,1,1,0.959,CLOUD,,0,CLOUD,CLOUD,0,0,none
2026-04-20 11:45:22,654,61.29,236.11,66.03,50.72,61.29,0.00,stable,806.79,341.78,-1.00,1,0.00,1,1,1,0.917,CLOUD,,0,CLOUD,CLOUD,0,0,none
2026-04-20 11:45:24,655,38.87,140.36,66.00,50.69,61.29,-22.43,down,560.58,341.78,-1.00,1,0.00,1,1,1,0.979,CLOUD,,0,CLOUD,CLOUD,0,0,none
2026-04-20 11:45:26,656,38.87,140.36,66.08,50.73,38.87,0.00,stable,188.23,341.78,-1.00,1,0.00,1,1,1,0.982,CLOUD,,0,CLOUD,CLOUD,0,0,none
2026-04-20 11:45:28,657,75.33,153.74,65.95,50.73,38.87,36.47,up,167.64,341.78,-1.00,1,0.00,1,1,1,0.552,CLOUD,,0,CLOUD,CLOUD,0,0,none
2026-04-20 11:45:32,658,155.58,156.65,65.86,50.79,75.33,80.25,up,147.78,341.78,-1.00,1,0.00,1,1,0,0.500,LOCAL,LOCAL,1,CLOUD,CLOUD,0,0,none
2026-04-20 11:45:34,659,155.58,156.65,66.36,50.74,155.58,0.00,stable,151.85,341.78,-1.00,1,0.00,1,1,0,0.500,LOCAL,LOCAL,2,CLOUD,CLOUD,0,0,none
2026-04-20 11:45:36,660,41.95,97.18,65.97,50.73,155.58,-113.63,down,141.06,341.78,-1.00,1,0.00,1,0,1,0.959,CLOUD,,0,CLOUD,CLOUD,0,0,none
2026-04-20 11:45:38,661,41.95,97.18,66.06,50.69,41.95,0.00,stable,126.91,341.78,-1.00,1,0.00,1,0,1,0.964,CLOUD,,0,CLOUD,CLOUD,0,0,none
2026-04-20 11:45:40,662,166.38,411.16,66.25,50.04,41.95,124.44,up,190.54,341.78,-1.00,1,0.00,1,1,0,0.500,LOCAL,LOCAL,1,CLOUD,CLOUD,0,0,none
2026-04-20 11:45:42,663,52.83,150.13,66.17,50.02,166.38,-113.56,down,188.91,341.78,-1.00,1,0.00,1,1,1,0.942,CLOUD,,0,CLOUD,CLOUD,0,0,none
2026-04-20 11:45:44,664,52.83,150.13,66.00,50.04,52.83,0.00,stable,202.15,341.78,-1.00,1,0.00,1,1,1,0.926,CLOUD,,0,CLOUD,CLOUD,0,0,none
2026-04-20 11:45:46,665,58.94,127.85,66.06,50.00,52.83,6.11,stable,209.81,341.78,-1.00,1,0.00,1,1,1,0.860,CLOUD,,0,CLOUD,CLOUD,0,0,none
2026-04-20 11:45:48,666,58.94,127.85,66.08,50.05,58.94,0.00,stable,138.99,341.78,-1.00,1,0.00,1,1,1,0.866,CLOUD,,0,CLOUD,CLOUD,0,0,none
2026-04-20 11:45:50,667,36.31,182.57,66.14,50.03,58.94,-22.62,down,147.10,341.78,-1.00,1,0.00,1,1,1,0.991,CLOUD,,0,CLOUD,CLOUD,0,0,none
2026-04-20 11:45:52,668,56.87,82.84,66.11,50.04,36.31,20.56,up,130.27,341.78,-1.00,1,0.00,1,0,1,0.852,CLOUD,,0,CLOUD,CLOUD,0,0,none
2026-04-20 11:45:54,669,56.87,82.84,66.11,50.03,56.87,0.00,stable,119.02,341.78,-1.00,1,0.00,1,0,1,0.852,CLOUD,,0,CLOUD,CLOUD,0,0,none
2026-04-20 11:45:56,670,28.22,100.59,65.89,49.99,56.87,-28.66,down,112.21,341.78,-1.00,1,0.00,1,1,1,0.988,CLOUD,,0,CLOUD,CLOUD,0,0,none
2026-04-20 11:45:59,671,108.45,94.00,66.01,50.23,28.22,80.24,up,90.07,341.78,-1.00,0,0.00,1,0,0,0.500,LOCAL,LOCAL,1,CLOUD,CLOUD,0,0,none
2026-04-20 11:46:01,672,108.45,94.00,66.12,50.04,108.45,0.00,stable,92.86,341.78,-1.00,1,0.00,1,0,0,0.500,LOCAL,LOCAL,2,CLOUD,CLOUD,0,0,none
2026-04-20 11:46:03,673,58.76,178.32,65.97,50.17,108.45,-49.69,down,116.73,341.78,-1.00,1,0.00,1,1,1,0.891,CLOUD,,0,CLOUD,CLOUD,0,0,none
2026-04-20 11:46:06,674,58.76,178.32,66.28,50.04,58.76,0.00,stable,136.16,341.78,-1.00,1,0.00,1,1,1,0.931,CLOUD,,0,CLOUD,CLOUD,0,0,none
2026-04-20 11:46:08,675,97.84,162.71,65.95,50.04,58.76,39.07,up,153.34,341.78,-1.00,1,0.00,1,1,0,0.500,LOCAL,LOCAL,1,CLOUD,CLOUD,0,0,none
2026-04-20 11:46:10,676,97.84,162.71,66.14,49.99,97.84,0.00,stable,170.52,341.78,-1.00,1,0.00,1,1,0,0.500,LOCAL,LOCAL,2,CLOUD,CLOUD,0,0,none
2026-04-20 11:46:12,677,41.60,74.24,66.08,50.03,97.84,-56.23,down,144.50,341.78,-1.00,1,0.00,1,0,1,0.960,CLOUD,,0,CLOUD,CLOUD,0,0,none
2026-04-20 11:46:14,678,88.83,167.17,66.09,49.99,41.60,47.23,up,141.71,341.78,-1.00,1,0.00,1,1,0,0.500,LOCAL,LOCAL,1,CLOUD,CLOUD,0,0,none
2026-04-20 11:46:16,679,88.83,167.17,66.03,50.03,88.83,0.00,stable,142.82,341.78,-1.00,1,0.00,1,1,0,0.500,LOCAL,LOCAL,2,CLOUD,CLOUD,0,0,none
2026-04-20 11:46:18,680,98.78,76.77,66.28,50.04,88.83,9.95,stable,121.34,341.78,-1.00,1,0.00,1,0,0,0.500,LOCAL,,0,CLOUD,LOCAL,1,0,started
2026-04-20 11:46:21,681,78.92,78.47,66.26,50.90,98.78,-19.86,down,122.39,341.78,-1.00,1,0.00,1,0,0,0.500,LOCAL,,0,LOCAL,LOCAL,0,0,none
2026-04-20 11:46:23,682,55.03,915.91,66.61,53.39,78.92,-23.89,down,309.58,256.67,-1.00,1,0.00,1,1,1,1.000,CLOUD,CLOUD,1,LOCAL,LOCAL,0,0,none
2026-04-20 11:46:25,683,55.03,915.91,66.56,55.27,55.03,0.00,stable,496.76,146.56,-1.00,1,0.00,1,1,1,1.000,CLOUD,CLOUD,2,LOCAL,LOCAL,0,0,none
2026-04-20 11:46:27,684,44.47,840.82,66.53,57.93,55.03,-10.56,down,687.78,217.15,-1.00,1,0.00,1,1,1,1.000,CLOUD,,0,LOCAL,CLOUD,1,0,started
2026-04-20 11:46:31,685,46.53,234.70,66.50,50.82,44.47,2.06,stable,726.84,181.90,-1.00,1,0.00,1,1,1,0.990,CLOUD,,0,CLOUD,CLOUD,0,0,none
2026-04-20 11:46:33,686,46.53,234.70,66.17,50.73,46.53,0.00,stable,556.53,181.90,-1.00,1,0.00,1,1,1,0.984,CLOUD,,0,CLOUD,CLOUD,0,0,none
2026-04-20 11:46:35,687,46.53,234.70,66.00,50.68,46.53,0.00,stable,386.23,181.90,-1.00,1,0.00,1,1,1,0.979,CLOUD,,0,CLOUD,CLOUD,0,0,none
2026-04-20 11:46:37,688,37.84,1767.05,66.20,50.72,46.53,-8.69,stable,617.79,181.90,-1.00,1,25.00,0,1,1,1.000,CLOUD,,0,CLOUD,CLOUD,0,0,none
2026-04-20 11:46:39,689,57.51,60.74,66.20,50.69,37.84,19.67,up,574.30,181.90,-1.00,1,0.00,1,0,1,0.839,CLOUD,,0,CLOUD,CLOUD,0,0,none
2026-04-20 11:46:41,690,57.51,60.74,66.08,50.74,57.51,0.00,stable,530.80,181.90,-1.00,1,0.00,1,0,1,0.813,CLOUD,,0,CLOUD,CLOUD,0,0,none
2026-04-20 11:46:43,691,69.28,219.24,66.08,50.75,57.51,11.77,up,526.94,181.90,-1.00,1,0.00,1,1,1,0.827,CLOUD,,0,CLOUD,CLOUD,0,0,none
2026-04-20 11:46:45,692,80.73,131.73,66.08,50.72,69.28,11.45,up,118.11,181.90,-1.00,1,0.00,1,1,0,0.500,LOCAL,LOCAL,1,CLOUD,CLOUD,0,0,none
2026-04-20 11:46:47,693,80.73,131.73,66.08,50.74,80.73,0.00,stable,135.86,181.90,-1.00,1,0.00,1,1,0,0.500,LOCAL,LOCAL,2,CLOUD,CLOUD,0,0,none
2026-04-20 11:46:49,694,74.70,190.37,66.28,50.74,80.73,-6.03,stable,168.27,181.90,-1.00,1,0.00,1,1,1,0.750,CLOUD,,0,CLOUD,CLOUD,0,0,none
2026-04-20 11:46:51,695,74.70,190.37,66.25,50.06,74.70,0.00,stable,161.05,181.90,-1.00,1,0.00,1,1,1,0.742,CLOUD,,0,CLOUD,CLOUD,0,0,none
2026-04-20 11:46:53,696,58.70,110.92,66.11,50.04,74.70,-16.00,down,155.85,181.90,-1.00,1,0.00,1,1,1,0.858,CLOUD,,0,CLOUD,CLOUD,0,0,none
2026-04-20 11:46:55,697,53.86,337.71,66.00,50.04,58.70,-4.84,stable,207.34,181.90,-1.00,1,0.00,1,1,1,0.981,CLOUD,,0,CLOUD,CLOUD,0,0,none
2026-04-20 11:46:57,698,53.86,337.71,65.95,50.04,53.86,0.00,stable,244.18,181.90,-1.00,1,0.00,1,1,1,0.979,CLOUD,,0,CLOUD,CLOUD,0,0,none
2026-04-20 11:46:59,699,51.44,84.00,66.00,50.01,53.86,-2.43,stable,217.59,181.90,-1.00,1,0.00,1,0,1,0.894,CLOUD,,0,CLOUD,CLOUD,0,0,none
2026-04-20 11:47:01,700,51.44,84.00,66.22,50.03,51.44,0.00,stable,210.86,181.90,-1.00,1,0.00,1,0,1,0.923,CLOUD,,0,CLOUD,CLOUD,0,0,none
2026-04-20 11:47:03,701,133.19,439.44,66.00,50.04,51.44,81.75,up,236.29,181.90,-1.00,1,0.00,1,1,0,0.500,LOCAL,LOCAL,1,CLOUD,CLOUD,0,0,none
2026-04-20 11:47:05,702,111.81,142.53,66.14,49.99,133.19,-21.38,down,187.49,181.90,-1.00,1,0.00,1,1,0,0.500,LOCAL,LOCAL,2,CLOUD,CLOUD,0,0,none
2026-04-20 11:47:07,703,111.81,142.53,65.98,50.03,111.81,0.00,stable,202.13,181.90,-1.00,1,0.00,1,1,0,0.500,LOCAL,,0,CLOUD,LOCAL,1,0,started
2026-04-20 11:47:09,704,59.06,104.82,66.64,51.81,111.81,-52.75,down,207.33,181.90,-1.00,1,0.00,1,1,1,0.928,CLOUD,CLOUD,1,LOCAL,LOCAL,0,0,none
2026-04-20 11:47:11,705,59.06,104.82,66.45,53.19,59.06,0.00,stable,123.68,197.65,-1.00,1,0.00,1,1,1,0.904,CLOUD,CLOUD,2,LOCAL,LOCAL,0,0,none
2026-04-20 11:47:13,706,32.22,1772.46,66.50,55.82,59.06,-26.85,down,531.16,164.33,-1.00,1,0.00,1,1,1,1.000,CLOUD,,0,LOCAL,CLOUD,1,0,started
2026-04-20 11:47:16,707,45.62,89.86,66.65,50.60,32.22,13.41,up,517.99,231.26,-1.00,1,0.00,1,0,1,0.978,CLOUD,,0,CLOUD,CLOUD,0,0,none
2026-04-20 11:47:18,708,45.62,89.86,66.22,50.68,45.62,0.00,stable,514.25,231.26,-1.00,1,0.00,1,0,1,0.957,CLOUD,,0,CLOUD,CLOUD,0,0,none
2026-04-20 11:47:20,709,73.67,223.96,66.15,50.87,45.62,28.04,up,544.04,231.26,-1.00,1,0.00,1,1,1,0.779,CLOUD,,0,CLOUD,CLOUD,0,0,none
2026-04-20 11:47:22,710,73.67,223.96,66.23,50.75,73.67,0.00,stable,156.91,231.26,-1.00,1,0.00,1,1,1,0.802,CLOUD,,0,CLOUD,CLOUD,0,0,none
2026-04-20 11:47:24,711,40.65,236.44,66.06,50.69,73.67,-33.02,down,193.56,231.26,-1.00,1,0.00,1,1,1,0.989,CLOUD,,0,CLOUD,CLOUD,0,0,none
2026-04-20 11:47:26,712,40.65,236.44,65.97,50.73,40.65,0.00,stable,230.20,231.26,-1.00,1,0.00,1,1,1,0.988,CLOUD,,0,CLOUD,CLOUD,0,0,none
2026-04-20 11:47:28,713,37.23,69.70,66.06,50.71,40.65,-3.42,stable,191.64,231.26,-1.00,1,0.00,1,0,1,0.971,CLOUD,,0,CLOUD,CLOUD,0,0,none
2026-04-20 11:47:30,714,73.75,1984.30,66.11,50.74,37.23,36.52,up,631.72,231.26,-1.00,1,0.00,1,1,1,1.000,CLOUD,,0,CLOUD,CLOUD,0,0,none
2026-04-20 11:47:32,715,73.75,1984.30,66.14,50.75,73.75,0.00,stable,1068.68,231.26,-1.00,1,0.00,1,1,1,1.000,CLOUD,,0,CLOUD,CLOUD,0,0,none
2026-04-20 11:47:34,716,119.07,226.46,66.22,50.70,73.75,45.32,up,1066.19,231.26,-1.00,1,25.00,0,1,0,0.500,LOCAL,LOCAL,1,CLOUD,CLOUD,0,0,none
2026-04-20 11:47:36,717,119.07,226.46,66.06,50.74,119.07,0.00,stable,1105.38,231.26,-1.00,1,25.00,0,1,0,0.500,LOCAL,LOCAL,2,CLOUD,CLOUD,0,0,none
2026-04-20 11:47:38,718,33.88,247.24,66.03,50.00,119.07,-85.19,down,671.11,231.26,-1.00,1,0.00,1,1,1,0.995,CLOUD,,0,CLOUD,CLOUD,0,0,none
2026-04-20 11:47:40,719,54.61,220.81,66.23,50.13,33.88,20.72,up,230.24,231.26,-1.00,1,0.00,1,1,1,0.963,CLOUD,,0,CLOUD,CLOUD,0,0,none
2026-04-20 11:47:42,720,54.61,220.81,66.06,50.01,54.61,0.00,stable,228.83,231.26,-1.00,1,0.00,1,1,1,0.953,CLOUD,,0,CLOUD,CLOUD,0,0,none
2026-04-20 11:47:44,721,77.41,734.99,66.28,50.04,54.61,22.80,up,355.96,231.26,-1.00,1,0.00,1,1,1,0.994,CLOUD,,0,CLOUD,CLOUD,0,0,none
2026-04-20 11:47:46,722,77.41,734.99,66.08,50.01,77.41,0.00,stable,477.90,231.26,-1.00,1,0.00,1,1,1,0.992,CLOUD,,0,CLOUD,CLOUD,0,0,none
2026-04-20 11:47:48,723,124.40,758.58,66.11,50.04,77.41,46.99,up,612.34,231.26,-1.00,1,0.00,1,1,1,0.600,CLOUD,,0,CLOUD,CLOUD,0,0,none
2026-04-20 11:47:50,724,79.27,193.36,66.14,50.02,124.40,-45.13,down,605.48,231.26,-1.00,1,0.00,1,1,1,0.610,CLOUD,,0,CLOUD,CLOUD,0,0,none
2026-04-20 11:47:52,725,79.27,193.36,65.95,50.04,79.27,0.00,stable,470.07,231.26,-1.00,1,0.00,1,1,1,0.533,CLOUD,,0,CLOUD,CLOUD,0,0,none
2026-04-20 11:47:54,726,79.97,221.36,65.97,50.03,79.27,0.70,stable,341.67,231.26,-1.00,1,0.00,1,1,1,0.582,CLOUD,,0,CLOUD,CLOUD,0,0,none
2026-04-20 11:47:56,727,79.97,221.36,66.17,50.05,79.97,0.00,stable,207.36,231.26,-1.00,1,0.00,1,1,1,0.655,CLOUD,,0,CLOUD,CLOUD,0,0,none
2026-04-20 11:47:58,728,81.12,59.96,65.97,50.04,79.97,1.15,stable,174.01,231.26,-1.00,1,0.00,1,0,0,0.500,LOCAL,LOCAL,1,CLOUD,CLOUD,0,0,none
2026-04-20 11:48:00,729,89.67,79.57,66.14,50.01,81.12,8.55,stable,145.56,231.26,-1.00,1,0.00,1,0,0,0.500,LOCAL,LOCAL,2,CLOUD,CLOUD,0,0,none
2026-04-20 11:48:02,730,89.67,79.57,65.97,50.05,89.67,0.00,stable,110.11,231.26,-1.00,1,0.00,1,0,0,0.500,LOCAL,,0,CLOUD,LOCAL,1,0,started
2026-04-20 11:48:08,731,78.57,54.24,66.06,50.84,89.67,-11.10,down,68.33,250.40,-1.00,1,0.00,1,0,0,0.500,LOCAL,,0,LOCAL,LOCAL,0,0,none
2026-04-20 11:48:10,732,42.17,2135.32,66.64,53.68,78.57,-36.40,down,587.17,166.43,-1.00,1,0.00,1,1,1,1.000,CLOUD,CLOUD,1,LOCAL,LOCAL,0,0,none
2026-04-20 11:48:12,733,42.17,2135.32,66.58,55.46,42.17,0.00,stable,1101.11,190.88,-1.00,1,0.00,1,1,1,1.000,CLOUD,CLOUD,2,LOCAL,LOCAL,0,0,none
2026-04-20 11:48:14,734,10.95,2178.72,66.64,57.94,42.17,-31.22,down,1625.90,146.77,-1.00,1,0.00,1,1,1,1.000,CLOUD,,0,LOCAL,CLOUD,1,0,started
2026-04-20 11:48:17,735,41.62,209.78,66.60,50.65,10.95,30.67,up,1664.78,227.24,-1.00,1,0.00,1,1,1,0.994,CLOUD,,0,CLOUD,CLOUD,0,0,none
2026-04-20 11:48:19,736,41.62,209.78,66.22,50.75,41.62,0.00,stable,1183.40,227.24,-1.00,1,0.00,1,1,1,0.989,CLOUD,,0,CLOUD,CLOUD,0,0,none
2026-04-20 11:48:21,737,44.61,177.12,65.97,50.70,41.62,2.99,stable,693.85,227.24,-1.00,1,0.00,1,1,1,0.971,CLOUD,,0,CLOUD,CLOUD,0,0,none
2026-04-20 11:48:23,738,62.80,177.90,66.14,50.74,44.61,18.19,up,193.64,227.24,-1.00,1,0.00,1,1,1,0.877,CLOUD,,0,CLOUD,CLOUD,0,0,none
2026-04-20 11:48:25,739,62.80,177.90,65.92,50.70,62.80,0.00,stable,185.68,227.24,-1.00,1,0.00,1,1,1,0.834,CLOUD,,0,CLOUD,CLOUD,0,0,none
2026-04-20 11:48:27,740,84.40,98.73,66.03,50.74,62.80,21.60,up,157.91,227.24,-1.00,1,0.00,1,0,0,0.500,LOCAL,LOCAL,1,CLOUD,CLOUD,0,0,none
2026-04-20 11:48:29,741,84.40,98.73,66.08,50.74,84.40,0.00,stable,138.32,227.24,-1.00,1,0.00,1,0,0,0.500,LOCAL,LOCAL,2,CLOUD,CLOUD,0,0,none
2026-04-20 11:48:31,742,82.69,97.22,66.06,50.76,84.40,-1.71,stable,118.15,227.24,-1.00,1,0.00,1,0,0,0.500,LOCAL,,0,CLOUD,LOCAL,1,0,started
2026-04-20 11:48:36,743,95.56,49.05,66.09,51.13,82.69,12.87,up,85.93,227.24,-1.00,1,0.00,1,0,0,0.500,LOCAL,,0,LOCAL,LOCAL,0,0,none
2026-04-20 11:48:38,744,188.85,319.15,66.56,52.68,95.56,93.29,up,141.04,155.63,-1.00,1,0.00,1,1,0,0.500,LOCAL,,0,LOCAL,LOCAL,0,0,none
2026-04-20 11:48:40,745,188.85,319.15,66.56,55.38,188.85,0.00,stable,196.14,186.70,-1.00,1,0.00,1,1,0,0.500,LOCAL,,0,LOCAL,LOCAL,0,0,none
2026-04-20 11:48:42,746,10.25,1168.53,66.67,57.69,188.85,-178.60,down,463.97,166.17,-1.00,1,0.00,1,1,1,1.000,CLOUD,CLOUD,1,LOCAL,LOCAL,0,0,none
2026-04-20 11:48:44,747,4.75,1994.20,66.53,59.89,10.25,-5.50,stable,950.26,190.82,-1.00,1,0.00,1,1,1,1.000,CLOUD,CLOUD,2,LOCAL,LOCAL,0,0,none
2026-04-20 11:48:46,748,4.75,1994.20,66.61,60.79,4.75,0.00,stable,1369.02,167.97,-1.00,0,0.00,1,1,1,1.000,CLOUD,,0,LOCAL,CLOUD,1,0,started
2026-04-20 11:48:49,749,29.13,2532.98,66.65,51.10,4.75,24.38,up,1922.48,279.89,-1.00,1,0.00,1,1,1,1.000,CLOUD,,0,CLOUD,CLOUD,0,0,none
2026-04-20 11:48:51,750,28.86,2590.08,66.39,51.25,29.13,-0.27,stable,2277.87,279.89,-1.00,1,0.00,1,1,1,1.000,CLOUD,,0,CLOUD,CLOUD,0,0,none
2026-04-20 11:48:53,751,28.86,2590.08,66.11,51.29,28.86,0.00,stable,2426.83,279.89,-1.00,1,0.00,1,1,1,1.000,CLOUD,,0,CLOUD,CLOUD,0,0,none
2026-04-20 11:48:55,752,56.99,90.19,66.11,51.29,28.86,28.13,up,1950.83,279.89,-1.00,1,0.00,1,0,1,0.859,CLOUD,,0,CLOUD,CLOUD,0,0,none
2026-04-20 11:48:57,753,52.84,244.09,66.03,51.26,56.99,-4.15,stable,1378.61,279.89,-1.00,1,0.00,1,1,1,0.965,CLOUD,,0,CLOUD,CLOUD,0,0,none
2026-04-20 11:48:59,754,52.84,244.09,66.14,51.29,52.84,0.00,stable,792.11,279.89,-1.00,1,0.00,1,1,1,0.970,CLOUD,,0,CLOUD,CLOUD,0,0,none
2026-04-20 11:49:01,755,57.48,134.17,66.17,51.26,52.84,4.65,stable,178.13,279.89,-1.00,1,0.00,1,1,1,0.900,CLOUD,,0,CLOUD,CLOUD,0,0,none
2026-04-20 11:49:03,756,57.48,134.17,66.08,51.29,57.48,0.00,stable,189.13,279.89,-1.00,1,0.00,1,1,1,0.887,CLOUD,,0,CLOUD,CLOUD,0,0,none
2026-04-20 11:49:05,757,64.87,77.26,66.28,51.30,57.48,7.39,stable,147.42,279.89,-1.00,1,0.00,1,0,1,0.764,CLOUD,,0,CLOUD,CLOUD,0,0,none
2026-04-20 11:49:07,758,126.26,29.74,65.97,51.24,64.87,61.38,up,93.83,279.89,-1.00,1,0.00,1,0,0,0.500,LOCAL,LOCAL,1,CLOUD,CLOUD,0,0,none
2026-04-20 11:49:09,759,126.26,29.74,66.03,51.28,126.26,0.00,stable,67.73,279.89,-1.00,1,0.00,1,0,0,0.500,LOCAL,LOCAL,2,CLOUD,CLOUD,0,0,none
2026-04-20 11:49:11,760,83.70,185.52,66.28,50.59,126.26,-42.56,down,80.57,279.89,-1.00,1,0.00,1,1,1,0.540,CLOUD,,0,CLOUD,CLOUD,0,0,none
2026-04-20 11:49:13,761,83.70,185.52,66.18,50.62,83.70,0.00,stable,107.63,279.89,-1.00,1,0.00,1,1,0,0.500,LOCAL,LOCAL,1,CLOUD,CLOUD,0,0,none
2026-04-20 11:49:15,762,43.06,149.41,66.11,50.62,83.70,-40.64,down,137.55,279.89,-1.00,1,0.00,1,1,1,0.975,CLOUD,,0,CLOUD,CLOUD,0,0,none
2026-04-20 11:49:17,763,53.49,181.26,66.00,50.59,43.06,10.44,up,175.43,279.89,-1.00,1,0.00,1,1,1,0.937,CLOUD,,0,CLOUD,CLOUD,0,0,none
2026-04-20 11:49:19,764,53.49,181.26,66.11,50.62,53.49,0.00,stable,174.36,279.89,-1.00,1,0.00,1,1,1,0.947,CLOUD,,0,CLOUD,CLOUD,0,0,none
2026-04-20 11:49:21,765,40.18,83.94,65.89,50.60,53.49,-13.32,down,148.97,279.89,-1.00,1,0.00,1,0,1,0.956,CLOUD,,0,CLOUD,CLOUD,0,0,none
2026-04-20 11:49:23,766,75.39,204.11,66.14,50.62,40.18,35.21,up,162.64,279.89,-1.00,1,0.00,1,1,1,0.715,CLOUD,,0,CLOUD,CLOUD,0,0,none
2026-04-20 11:49:25,767,75.39,204.11,66.00,50.59,75.39,0.00,stable,168.36,279.89,-1.00,1,0.00,1,1,1,0.667,CLOUD,,0,CLOUD,CLOUD,0,0,none
2026-04-20 11:49:27,768,53.11,119.06,66.03,50.62,75.39,-22.28,down,152.80,279.89,-1.00,1,0.00,1,1,1,0.908,CLOUD,,0,CLOUD,CLOUD,0,0,none
2026-04-20 11:49:29,769,53.11,119.06,66.42,50.78,53.11,0.00,stable,161.58,279.89,-1.00,1,0.00,1,1,1,0.948,CLOUD,,0,CLOUD,CLOUD,0,0,none
2026-04-20 11:49:31,770,40.37,308.42,66.08,50.65,53.11,-12.74,down,187.66,279.89,-1.00,1,0.00,1,1,1,0.994,CLOUD,,0,CLOUD,CLOUD,0,0,none
2026-04-20 11:49:33,771,40.21,1778.38,66.20,50.59,40.37,-0.17,stable,581.23,279.89,-1.00,1,0.00,1,1,1,1.000,CLOUD,,0,CLOUD,CLOUD,0,0,none
2026-04-20 11:49:35,772,40.21,1778.38,66.08,50.63,40.21,0.00,stable,996.06,279.89,-1.00,1,0.00,1,1,1,1.000,CLOUD,,0,CLOUD,CLOUD,0,0,none
2026-04-20 11:49:37,773,49.75,87.32,66.17,50.59,40.21,9.54,stable,988.12,279.89,-1.00,1,0.00,1,0,1,0.931,CLOUD,,0,CLOUD,CLOUD,0,0,none
2026-04-20 11:49:39,774,49.75,87.32,65.97,50.63,49.75,0.00,stable,932.85,279.89,-1.00,1,0.00,1,0,1,0.907,CLOUD,,0,CLOUD,CLOUD,0,0,none
2026-04-20 11:49:41,775,113.94,44.91,65.95,50.64,49.75,64.19,up,499.48,279.89,-1.00,1,0.00,1,0,0,0.500,LOCAL,LOCAL,1,CLOUD,CLOUD,0,0,none
2026-04-20 11:49:43,776,151.41,14.40,66.07,50.75,113.94,37.47,up,58.49,279.89,-1.00,1,0.00,1,0,0,0.500,LOCAL,LOCAL,2,CLOUD,CLOUD,0,0,none
2026-04-20 11:49:45,777,151.41,14.40,66.09,50.63,151.41,0.00,stable,40.26,279.89,-1.00,1,0.00,1,0,0,0.500,LOCAL,,0,CLOUD,LOCAL,1,0,started
2026-04-20 11:49:50,778,69.13,183.15,66.24,51.57,151.41,-82.28,down,64.22,179.59,-1.00,1,0.00,1,1,1,0.824,CLOUD,CLOUD,1,LOCAL,LOCAL,0,0,none
2026-04-20 11:49:52,779,45.15,1382.38,66.56,54.28,69.13,-23.98,down,398.58,193.14,-1.00,1,0.00,1,1,1,1.000,CLOUD,CLOUD,2,LOCAL,LOCAL,0,0,none
2026-04-20 11:49:54,780,45.15,1382.38,66.53,56.18,45.15,0.00,stable,740.58,178.22,-1.00,1,0.00,1,1,1,1.000,CLOUD,,0,LOCAL,CLOUD,1,0,started
2026-04-20 11:49:56,781,22.86,1532.59,66.67,51.12,45.15,-22.29,down,1120.12,273.95,-1.00,1,0.00,1,1,1,1.000,CLOUD,,0,CLOUD,CLOUD,0,0,none
2026-04-20 11:49:58,782,100.57,2057.54,66.39,51.30,22.86,77.72,up,1588.72,273.95,-1.00,1,0.00,1,1,1,1.000,CLOUD,,0,CLOUD,CLOUD,0,0,none
2026-04-20 11:50:00,783,100.57,2057.54,66.08,51.29,100.57,0.00,stable,1757.51,273.95,-1.00,1,0.00,1,1,1,1.000,CLOUD,,0,CLOUD,CLOUD,0,0,none
2026-04-20 11:50:02,784,55.12,86.42,66.03,51.27,100.57,-45.45,down,1433.52,273.95,-1.00,1,0.00,1,0,1,0.861,CLOUD,,0,CLOUD,CLOUD,0,0,none
2026-04-20 11:50:04,785,55.12,86.42,66.20,51.31,55.12,0.00,stable,1071.98,273.95,-1.00,1,0.00,1,0,1,0.890,CLOUD,,0,CLOUD,CLOUD,0,0,none
2026-04-20 11:50:06,786,45.52,161.28,66.06,51.28,55.12,-9.60,stable,597.91,273.95,-1.00,1,0.00,1,1,1,0.969,CLOUD,,0,CLOUD,CLOUD,0,0,none
2026-04-20 11:50:08,787,45.52,161.28,66.11,51.41,45.52,0.00,stable,123.85,273.95,-1.00,1,0.00,1,1,1,0.971,CLOUD,,0,CLOUD,CLOUD,0,0,none
2026-04-20 11:50:10,788,58.20,79.53,65.95,51.37,45.52,12.68,up,122.13,273.95,-1.00,1,0.00,1,0,1,0.791,CLOUD,,0,CLOUD,CLOUD,0,0,none
2026-04-20 11:50:12,789,58.20,79.53,66.22,51.41,58.20,0.00,stable,120.40,273.95,-1.00,1,0.00,1,0,1,0.855,CLOUD,,0,CLOUD,CLOUD,0,0,none
2026-04-20 11:50:14,790,162.03,55.71,66.17,51.41,58.20,103.83,up,94.01,273.95,-1.00,1,0.00,1,0,0,0.500,LOCAL,LOCAL,1,CLOUD,CLOUD,0,0,none
2026-04-20 11:50:16,791,146.85,45.96,65.95,51.37,162.03,-15.18,down,65.18,273.95,-1.00,1,0.00,1,0,0,0.500,LOCAL,LOCAL,2,CLOUD,CLOUD,0,0,none
2026-04-20 11:50:18,792,146.85,45.96,66.14,50.74,146.85,0.00,stable,56.79,273.95,-1.00,1,0.00,1,0,0,0.500,LOCAL,,0,CLOUD,LOCAL,1,0,started
2026-04-20 11:50:25,793,105.49,188.57,66.06,51.64,146.85,-41.36,down,84.05,273.95,-1.00,1,0.00,1,1,0,0.500,LOCAL,,0,LOCAL,LOCAL,0,0,none
2026-04-20 11:50:27,794,10.69,1294.39,66.64,54.28,105.49,-94.80,down,393.72,158.51,-1.00,1,0.00,1,1,1,1.000,CLOUD,CLOUD,1,LOCAL,LOCAL,0,0,none
2026-04-20 11:50:29,795,10.69,1294.39,66.58,56.00,10.69,0.00,stable,705.83,170.16,-1.00,1,0.00,1,1,1,1.000,CLOUD,CLOUD,2,LOCAL,LOCAL,0,0,none
2026-04-20 11:50:31,796,63.81,1017.14,66.67,58.71,10.69,53.12,up,948.62,394.07,-1.00,1,0.00,1,1,1,1.000,CLOUD,,0,LOCAL,CLOUD,1,0,started
2026-04-20 11:50:38,797,21.14,98.14,66.25,51.60,63.81,-42.66,down,926.01,222.00,-1.00,1,0.00,1,0,1,0.997,CLOUD,,0,CLOUD,CLOUD,0,0,none
2026-04-20 11:50:40,798,21.14,98.14,66.17,51.44,21.14,0.00,stable,626.95,222.00,-1.00,1,0.00,1,0,1,0.996,CLOUD,,0,CLOUD,CLOUD,0,0,none
2026-04-20 11:50:42,799,56.60,44.49,65.95,51.43,21.14,35.45,up,314.48,222.00,-1.00,1,0.00,1,0,1,0.771,CLOUD,,0,CLOUD,CLOUD,0,0,none
2026-04-20 11:50:44,800,56.60,44.49,66.00,51.48,56.60,0.00,stable,71.31,222.00,-1.00,1,0.00,1,0,1,0.786,CLOUD,,0,CLOUD,CLOUD,0,0,none
2026-04-20 11:50:49,801,351.75,112.58,65.83,51.62,56.60,295.15,up,74.92,222.00,-1.00,1,0.00,0,1,0,0.500,LOCAL,LOCAL,1,CLOUD,CLOUD,0,0,none
2026-04-20 11:50:51,802,351.75,112.58,66.06,51.39,351.75,0.00,stable,78.53,222.00,-1.00,1,0.00,0,1,0,0.500,LOCAL,LOCAL,2,CLOUD,CLOUD,0,0,none
2026-04-20 11:50:53,803,108.81,83.21,66.14,51.43,351.75,-242.94,down,88.21,222.00,-1.00,1,0.00,1,0,0,0.500,LOCAL,,0,CLOUD,LOCAL,1,0,started
2026-04-20 11:50:55,804,108.81,83.21,66.61,51.91,108.81,0.00,stable,97.89,222.00,-1.00,1,0.00,1,0,0,0.500,LOCAL,,0,LOCAL,LOCAL,0,0,none
2026-04-20 11:50:57,805,132.87,138.72,66.44,54.03,108.81,24.05,up,104.43,222.00,-1.00,1,0.00,1,1,0,0.500,LOCAL,,0,LOCAL,LOCAL,0,0,none
2026-04-20 11:50:59,806,102.90,37.50,66.50,55.88,132.87,-29.96,down,85.66,222.00,-1.00,1,0.00,1,0,0,0.500,LOCAL,,0,LOCAL,LOCAL,0,0,none
2026-04-20 11:51:01,807,102.90,37.50,66.28,58.28,102.90,0.00,stable,74.23,167.86,-1.00,1,0.00,1,0,0,0.500,LOCAL,,0,LOCAL,LOCAL,0,0,none
2026-04-20 11:51:03,808,42.07,1564.09,66.56,60.64,102.90,-60.84,down,444.45,206.70,-1.00,1,0.00,1,1,1,1.000,CLOUD,CLOUD,1,LOCAL,LOCAL,0,0,none
2026-04-20 11:51:05,809,42.07,1564.09,66.64,61.39,42.07,0.00,stable,800.79,190.15,-1.00,1,0.00,1,1,1,1.000,CLOUD,CLOUD,2,LOCAL,LOCAL,0,0,none
2026-04-20 11:51:07,810,5.93,82.04,66.69,60.49,42.07,-36.14,down,811.93,137.09,-1.00,1,50.00,0,0,1,1.000,CLOUD,,0,LOCAL,CLOUD,1,0,started
2026-04-20 11:51:10,811,5.93,82.04,66.64,51.50,5.93,0.00,stable,823.06,203.19,-1.00,1,50.00,0,0,1,1.000,CLOUD,,0,CLOUD,CLOUD,0,0,none
2026-04-20 11:51:12,812,54.09,192.83,66.47,51.75,5.93,48.16,up,480.25,203.19,-1.00,1,0.00,1,1,1,0.970,CLOUD,,0,CLOUD,CLOUD,0,0,none
2026-04-20 11:51:14,813,101.48,609.98,66.25,51.77,54.09,47.39,up,241.72,203.19,-1.00,1,0.00,1,1,1,0.850,CLOUD,,0,CLOUD,CLOUD,0,0,none
2026-04-20 11:51:16,814,101.48,609.98,66.03,51.76,101.48,0.00,stable,373.71,203.19,-1.00,1,0.00,1,1,1,0.799,CLOUD,,0,CLOUD,CLOUD,0,0,none
2026-04-20 11:51:19,815,148.88,37.97,65.96,51.94,101.48,47.40,up,362.69,203.19,-1.00,1,0.00,1,0,0,0.500,LOCAL,LOCAL,1,CLOUD,CLOUD,0,0,none
2026-04-20 11:51:21,816,148.88,37.97,66.17,51.77,148.88,0.00,stable,323.98,203.19,-1.00,1,0.00,1,0,0,0.500,LOCAL,LOCAL,2,CLOUD,CLOUD,0,0,none
2026-04-20 11:51:24,817,97.89,104.56,65.86,51.90,148.88,-50.99,down,197.62,203.19,-1.00,1,0.00,1,1,0,0.500,LOCAL,,0,CLOUD,LOCAL,1,0,started
2026-04-20 11:51:26,818,97.89,104.56,66.62,51.81,97.89,0.00,stable,71.27,185.21,-1.00,1,0.00,1,1,0,0.500,LOCAL,,0,LOCAL,LOCAL,0,0,none
2026-04-20 11:51:28,819,45.23,251.66,66.61,53.50,97.89,-52.66,down,124.69,149.39,-1.00,1,0.00,1,1,1,0.994,CLOUD,CLOUD,1,LOCAL,LOCAL,0,0,none
2026-04-20 11:51:30,820,45.23,251.66,66.61,56.17,45.23,0.00,stable,178.11,153.20,-1.00,1,0.00,1,1,1,0.994,CLOUD,CLOUD,2,LOCAL,LOCAL,0,0,none
2026-04-20 11:51:32,821,30.85,494.75,66.64,58.71,45.23,-14.38,down,275.66,200.41,-1.00,1,0.00,1,1,1,1.000,CLOUD,,0,LOCAL,CLOUD,1,0,started
2026-04-20 11:51:36,822,22.48,243.52,66.60,51.97,30.85,-8.37,stable,310.40,215.82,-1.00,1,0.00,1,1,1,0.999,CLOUD,,0,CLOUD,CLOUD,0,0,none
2026-04-20 11:51:38,823,22.48,243.52,66.26,51.77,22.48,0.00,stable,308.36,215.82,-1.00,1,0.00,1,1,1,0.999,CLOUD,,0,CLOUD,CLOUD,0,0,none
2026-04-20 11:51:40,824,33.87,86.04,66.25,51.72,22.48,11.39,up,266.96,215.82,-1.00,1,0.00,1,0,1,0.987,CLOUD,,0,CLOUD,CLOUD,0,0,none
2026-04-20 11:51:42,825,33.87,86.04,66.06,51.77,33.87,0.00,stable,164.78,215.82,-1.00,0,0.00,1,0,1,0.982,CLOUD,,0,CLOUD,CLOUD,0,0,none
2026-04-20 11:51:44,826,60.88,80.19,65.92,51.73,33.87,27.01,up,123.95,215.82,-1.00,0,0.00,1,0,1,0.735,CLOUD,,0,CLOUD,CLOUD,0,0,none
2026-04-20 11:51:46,827,60.88,80.19,66.36,51.77,60.88,0.00,stable,83.11,215.82,-1.00,1,0.00,1,0,1,0.850,CLOUD,,0,CLOUD,CLOUD,0,0,none
2026-04-20 11:51:48,828,157.08,25.02,66.00,51.75,60.88,96.20,up,67.86,215.82,-1.00,1,0.00,1,0,0,0.500,LOCAL,LOCAL,1,CLOUD,CLOUD,0,0,none
2026-04-20 11:51:50,829,160.25,103.27,66.22,51.74,157.08,3.17,stable,72.17,215.82,-1.00,1,0.00,1,1,0,0.500,LOCAL,LOCAL,2,CLOUD,CLOUD,0,0,none
2026-04-20 11:51:52,830,160.25,103.27,66.11,51.75,160.25,0.00,stable,77.94,215.82,-1.00,1,0.00,1,1,0,0.500,LOCAL,,0,CLOUD,LOCAL,1,0,started
2026-04-20 11:51:54,831,79.78,238.58,66.59,51.92,160.25,-80.47,down,117.54,231.40,-1.00,1,0.00,1,1,1,0.813,CLOUD,CLOUD,1,LOCAL,LOCAL,0,0,none
2026-04-20 11:51:56,832,40.67,1923.00,66.64,54.00,79.78,-39.11,down,592.03,246.66,-1.00,1,0.00,1,1,1,1.000,CLOUD,CLOUD,2,LOCAL,LOCAL,0,0,none
2026-04-20 11:51:58,833,40.67,1923.00,66.67,56.53,40.67,0.00,stable,1046.96,167.81,-1.00,1,0.00,1,1,1,1.000,CLOUD,,0,LOCAL,CLOUD,1,0,started
2026-04-20 11:52:00,834,12.39,171.14,66.64,51.57,40.67,-28.28,down,1063.93,252.78,-1.00,1,0.00,1,1,1,1.000,CLOUD,,0,CLOUD,CLOUD,0,0,none
2026-04-20 11:52:02,835,44.05,83.32,66.31,51.76,12.39,31.66,up,1025.11,252.78,-1.00,1,0.00,1,0,1,0.966,CLOUD,,0,CLOUD,CLOUD,0,0,none
2026-04-20 11:52:04,836,44.05,83.32,66.00,51.73,44.05,0.00,stable,565.19,252.78,-1.00,1,0.00,1,0,1,0.946,CLOUD,,0,CLOUD,CLOUD,0,0,none
2026-04-20 11:52:06,837,40.51,285.06,66.14,51.75,44.05,-3.54,stable,155.71,252.78,-1.00,1,0.00,1,1,1,0.994,CLOUD,,0,CLOUD,CLOUD,0,0,none
2026-04-20 11:52:08,838,40.51,285.06,66.14,51.76,40.51,0.00,stable,184.19,252.78,-1.00,1,0.00,1,1,1,0.994,CLOUD,,0,CLOUD,CLOUD,0,0,none
2026-04-20 11:52:10,839,53.13,112.80,66.00,51.74,40.51,12.62,up,191.56,252.78,-1.00,1,0.00,1,1,1,0.900,CLOUD,,0,CLOUD,CLOUD,0,0,none
2026-04-20 11:52:12,840,50.30,109.47,66.11,51.77,53.13,-2.82,stable,198.10,252.78,-1.00,1,0.00,1,1,1,0.932,CLOUD,,0,CLOUD,CLOUD,0,0,none
2026-04-20 11:52:14,841,50.30,109.47,66.20,51.77,50.30,0.00,stable,154.20,252.78,-1.00,1,0.00,1,1,1,0.940,CLOUD,,0,CLOUD,CLOUD,0,0,none
2026-04-20 11:52:16,842,119.67,109.43,66.14,51.72,50.30,69.37,up,110.29,252.78,-1.00,1,0.00,1,1,0,0.500,LOCAL,LOCAL,1,CLOUD,CLOUD,0,0,none
2026-04-20 11:52:18,843,36.98,571.14,66.04,51.76,119.67,-82.70,down,224.88,252.78,-1.00,1,0.00,1,1,1,0.999,CLOUD,,0,CLOUD,CLOUD,0,0,none
2026-04-20 11:52:20,844,36.98,571.14,66.11,51.75,36.98,0.00,stable,340.29,252.78,-1.00,1,0.00,1,1,1,1.000,CLOUD,,0,CLOUD,CLOUD,0,0,none
2026-04-20 11:52:22,845,56.19,64.87,66.22,51.02,36.98,19.21,up,329.15,252.78,-1.00,1,0.00,1,0,1,0.865,CLOUD,,0,CLOUD,CLOUD,0,0,none
2026-04-20 11:52:24,846,56.19,64.87,66.08,51.06,56.19,0.00,stable,318.00,252.78,-1.00,1,0.00,1,0,1,0.837,CLOUD,,0,CLOUD,CLOUD,0,0,none
2026-04-20 11:52:26,847,46.54,157.81,66.03,51.07,56.19,-9.65,stable,214.67,252.78,-1.00,0,0.00,1,1,1,0.963,CLOUD,,0,CLOUD,CLOUD,0,0,none
2026-04-20 11:52:28,848,31.61,1542.31,66.06,51.02,46.54,-14.93,down,457.46,252.78,-1.00,1,0.00,1,1,1,1.000,CLOUD,,0,CLOUD,CLOUD,0,0,none
2026-04-20 11:52:30,849,31.61,1542.31,66.00,51.06,31.61,0.00,stable,826.82,252.78,-1.00,1,0.00,1,1,1,1.000,CLOUD,,0,CLOUD,CLOUD,0,0,none
2026-04-20 11:52:32,850,47.60,1945.07,66.20,51.07,31.61,15.99,up,1296.87,252.78,-1.00,0,0.00,1,1,1,1.000,CLOUD,,0,CLOUD,CLOUD,0,0,none
2026-04-20 11:52:35,851,49.21,83.33,65.96,51.22,47.60,1.61,stable,1278.25,252.78,-1.00,0,0.00,1,0,1,0.907,CLOUD,,0,CLOUD,CLOUD,0,0,none
2026-04-20 11:52:37,852,49.21,83.33,66.26,51.07,49.21,0.00,stable,913.51,252.78,-1.00,1,0.00,1,0,1,0.940,CLOUD,,0,CLOUD,CLOUD,0,0,none
2026-04-20 11:52:39,853,63.39,71.79,65.96,51.28,49.21,14.18,up,545.88,252.78,-1.00,1,0.00,1,0,1,0.683,CLOUD,,0,CLOUD,CLOUD,0,0,none
2026-04-20 11:52:41,854,63.39,71.79,66.15,51.08,63.39,0.00,stable,77.56,252.78,-1.00,1,0.00,1,0,1,0.745,CLOUD,,0,CLOUD,CLOUD,0,0,none
2026-04-20 11:52:43,855,188.97,135.23,66.00,51.07,63.39,125.58,up,90.53,252.78,-1.00,1,0.00,1,1,0,0.500,LOCAL,LOCAL,1,CLOUD,CLOUD,0,0,none
2026-04-20 11:52:45,856,188.97,135.23,66.08,51.06,188.97,0.00,stable,103.51,252.78,-1.00,1,0.00,1,1,0,0.500,LOCAL,LOCAL,2,CLOUD,CLOUD,0,0,none
2026-04-20 11:52:47,857,71.68,134.89,66.19,51.08,188.97,-117.29,down,119.28,252.78,-1.00,1,0.00,1,1,1,0.695,CLOUD,,0,CLOUD,CLOUD,0,0,none
2026-04-20 11:52:49,858,44.41,77.59,66.17,51.06,71.68,-27.27,down,120.73,252.78,-1.00,1,0.00,1,0,1,0.955,CLOUD,,0,CLOUD,CLOUD,0,0,none
2026-04-20 11:52:51,859,44.41,77.59,66.14,51.02,44.41,0.00,stable,106.33,252.78,-1.00,1,0.00,1,0,1,0.953,CLOUD,,0,CLOUD,CLOUD,0,0,none
2026-04-20 11:52:53,860,103.33,236.93,65.96,51.05,44.41,58.92,up,131.75,252.78,-1.00,1,0.00,1,1,0,0.500,LOCAL,LOCAL,1,CLOUD,CLOUD,0,0,none
2026-04-20 11:52:55,861,103.33,236.93,66.03,51.07,103.33,0.00,stable,157.26,252.78,-1.00,1,0.00,1,1,0,0.500,LOCAL,LOCAL,2,CLOUD,CLOUD,0,0,none
2026-04-20 11:52:57,862,44.76,222.23,66.14,51.08,103.33,-58.57,down,193.42,252.78,-1.00,1,0.00,1,1,1,0.984,CLOUD,,0,CLOUD,CLOUD,0,0,none
2026-04-20 11:52:59,863,44.76,222.23,66.00,51.04,44.76,0.00,stable,229.58,252.78,-1.00,1,0.00,1,1,1,0.980,CLOUD,,0,CLOUD,CLOUD,0,0,none
2026-04-20 11:53:01,864,24.49,2221.56,66.06,51.06,44.76,-20.27,down,725.73,252.78,-1.00,1,0.00,1,1,1,1.000,CLOUD,,0,CLOUD,CLOUD,0,0,none
2026-04-20 11:53:03,865,43.20,2152.58,66.17,51.07,24.49,18.70,up,1204.65,252.78,-1.00,1,0.00,1,1,1,1.000,CLOUD,,0,CLOUD,CLOUD,0,0,none
2026-04-20 11:53:05,866,43.20,2152.58,65.97,51.05,43.20,0.00,stable,1687.24,252.78,-1.00,1,0.00,1,1,1,1.000,CLOUD,,0,CLOUD,CLOUD,0,0,none
2026-04-20 11:53:07,867,157.61,233.19,66.11,51.07,43.20,114.42,up,1689.98,252.78,-1.00,1,0.00,1,1,0,0.500,LOCAL,LOCAL,1,CLOUD,CLOUD,0,0,none
2026-04-20 11:53:09,868,62.44,103.53,65.97,51.03,157.61,-95.18,down,1160.47,252.78,-1.00,1,0.00,1,1,1,0.758,CLOUD,,0,CLOUD,CLOUD,0,0,none
2026-04-20 11:53:11,869,62.44,103.53,66.11,51.06,62.44,0.00,stable,648.21,252.78,-1.00,1,0.00,1,1,1,0.797,CLOUD,,0,CLOUD,CLOUD,0,0,none
2026-04-20 11:53:13,870,75.78,194.34,66.03,51.02,62.44,13.34,up,158.65,252.78,-1.00,1,0.00,1,1,1,0.651,CLOUD,,0,CLOUD,CLOUD,0,0,none
2026-04-20 11:53:15,871,75.78,194.34,66.31,51.06,75.78,0.00,stable,148.93,252.78,-1.00,1,0.00,1,1,1,0.744,CLOUD,,0,CLOUD,CLOUD,0,0,none
2026-04-20 11:53:17,872,31.90,140.92,66.11,51.06,75.78,-43.87,down,158.28,252.78,-1.00,1,0.00,1,1,1,0.991,CLOUD,,0,CLOUD,CLOUD,0,0,none
2026-04-20 11:53:19,873,72.50,161.28,66.03,51.02,31.90,40.60,up,172.72,252.78,-1.00,1,0.00,1,1,1,0.665,CLOUD,,0,CLOUD,CLOUD,0,0,none
2026-04-20 11:53:21,874,72.50,161.28,66.14,51.05,72.50,0.00,stable,164.45,252.78,-1.00,1,0.00,1,1,1,0.704,CLOUD,,0,CLOUD,CLOUD,0,0,none
2026-04-20 11:53:23,875,61.35,152.62,66.03,51.03,72.50,-11.15,down,154.02,252.78,-1.00,1,0.00,1,1,1,0.849,CLOUD,,0,CLOUD,CLOUD,0,0,none
2026-04-20 11:53:26,876,30.18,164.33,65.99,51.21,61.35,-31.17,down,159.88,252.78,-1.00,1,0.00,1,1,1,0.992,CLOUD,,0,CLOUD,CLOUD,0,0,none
2026-04-20 11:53:28,877,30.18,164.33,66.05,51.07,30.18,0.00,stable,160.64,252.78,-1.00,1,0.00,1,1,1,0.993,CLOUD,,0,CLOUD,CLOUD,0,0,none
2026-04-20 11:53:30,878,46.60,106.23,66.08,51.04,30.18,16.42,up,146.88,252.78,-1.00,1,0.00,1,1,1,0.949,CLOUD,,0,CLOUD,CLOUD,0,0,none
2026-04-20 11:53:32,879,46.60,106.23,66.08,51.08,46.60,0.00,stable,135.28,252.78,-1.00,1,0.00,1,1,1,0.949,CLOUD,,0,CLOUD,CLOUD,0,0,none
2026-04-20 11:53:34,880,41.28,78.81,65.97,51.03,46.60,-5.31,stable,113.90,252.78,-1.00,1,0.00,1,0,1,0.955,CLOUD,,0,CLOUD,CLOUD,0,0,none
2026-04-20 11:53:36,881,41.28,78.81,66.25,51.08,41.28,0.00,stable,92.52,252.78,-1.00,1,0.00,1,0,1,0.971,CLOUD,,0,CLOUD,CLOUD,0,0,none
2026-04-20 11:53:38,882,35.05,232.08,66.06,51.07,41.28,-6.23,stable,123.98,252.78,-1.00,1,0.00,1,1,1,0.994,CLOUD,,0,CLOUD,CLOUD,0,0,none
2026-04-20 11:53:40,883,47.63,210.82,66.17,51.03,35.05,12.58,up,150.13,252.78,-1.00,1,0.00,1,1,1,0.978,CLOUD,,0,CLOUD,CLOUD,0,0,none
2026-04-20 11:53:42,884,47.63,210.82,66.25,51.07,47.63,0.00,stable,183.13,252.78,-1.00,1,0.00,1,1,1,0.981,CLOUD,,0,CLOUD,CLOUD,0,0,none
2026-04-20 11:53:44,885,85.25,154.55,66.03,51.04,47.63,37.62,up,202.07,252.78,-1.00,1,0.00,1,1,0,0.500,LOCAL,LOCAL,1,CLOUD,CLOUD,0,0,none
2026-04-20 11:53:46,886,85.25,154.55,66.17,51.08,85.25,0.00,stable,182.68,252.78,-1.00,1,0.00,1,1,0,0.500,LOCAL,LOCAL,2,CLOUD,CLOUD,0,0,none
2026-04-20 11:53:48,887,89.65,132.02,66.08,51.08,85.25,4.40,stable,162.98,252.78,-1.00,1,0.00,1,1,0,0.500,LOCAL,,0,CLOUD,LOCAL,1,0,started
2026-04-20 11:53:50,888,62.77,90.26,66.67,51.49,89.65,-26.88,down,132.85,252.78,-1.00,1,0.00,1,0,1,0.892,CLOUD,CLOUD,1,LOCAL,LOCAL,0,0,none
2026-04-20 11:53:52,889,62.77,90.26,66.58,54.02,62.77,0.00,stable,116.77,131.66,-1.00,1,0.00,1,0,1,0.879,CLOUD,CLOUD,2,LOCAL,LOCAL,0,0,none
2026-04-20 11:53:54,890,98.15,2159.09,66.50,56.08,62.77,35.38,up,617.91,195.09,-1.00,1,0.00,1,1,1,1.000,CLOUD,,0,LOCAL,CLOUD,1,0,started
2026-04-20 11:53:56,891,82.97,104.60,66.69,51.62,98.15,-15.18,down,611.05,187.00,-1.00,1,0.00,1,1,1,0.561,CLOUD,,0,CLOUD,CLOUD,0,0,none
2026-04-20 11:53:58,892,82.97,104.60,66.34,51.73,82.97,0.00,stable,614.64,187.00,-1.00,1,0.00,1,1,0,0.500,LOCAL,LOCAL,1,CLOUD,CLOUD,0,0,none
2026-04-20 11:54:00,893,40.73,101.41,66.00,51.69,82.97,-42.24,down,617.42,187.00,-1.00,1,0.00,1,1,1,0.966,CLOUD,,0,CLOUD,CLOUD,0,0,none
2026-04-20 11:54:02,894,40.73,101.41,66.20,51.74,40.73,0.00,stable,103.00,187.00,-1.00,1,0.00,1,1,1,0.975,CLOUD,,0,CLOUD,CLOUD,0,0,none
2026-04-20 11:54:04,895,51.45,236.15,66.14,51.75,40.73,10.72,up,135.89,187.00,-1.00,1,0.00,1,1,1,0.973,CLOUD,,0,CLOUD,CLOUD,0,0,none
2026-04-20 11:54:06,896,51.45,236.15,66.08,51.73,51.45,0.00,stable,168.78,187.00,-1.00,1,0.00,1,1,1,0.970,CLOUD,,0,CLOUD,CLOUD,0,0,none
2026-04-20 11:54:08,897,56.11,262.91,66.28,51.75,51.45,4.66,stable,209.16,187.00,-1.00,1,0.00,1,1,1,0.972,CLOUD,,0,CLOUD,CLOUD,0,0,none
2026-04-20 11:54:10,898,45.13,148.00,66.14,51.75,56.11,-10.99,down,220.81,187.00,-1.00,1,0.00,1,1,1,0.971,CLOUD,,0,CLOUD,CLOUD,0,0,none
2026-04-20 11:54:12,899,45.13,148.00,66.11,51.73,45.13,0.00,stable,198.77,187.00,-1.00,1,0.00,1,1,1,0.969,CLOUD,,0,CLOUD,CLOUD,0,0,none
2026-04-20 11:54:14,900,31.53,180.19,66.31,51.75,45.13,-13.60,down,184.78,187.00,-1.00,1,0.00,1,1,1,0.995,CLOUD,,0,CLOUD,CLOUD,0,0,none
2026-04-20 11:54:16,901,49.64,2679.42,66.08,51.70,31.53,18.12,up,788.91,187.00,-1.00,1,0.00,1,1,1,1.000,CLOUD,,0,CLOUD,CLOUD,0,0,none
2026-04-20 11:54:18,902,49.64,2679.42,66.34,51.07,49.64,0.00,stable,1421.76,187.00,-1.00,1,0.00,1,1,1,1.000,CLOUD,,0,CLOUD,CLOUD,0,0,none
2026-04-20 11:54:20,903,39.42,2728.45,66.00,51.03,49.64,-10.22,down,2066.87,187.00,-1.00,1,0.00,1,1,1,1.000,CLOUD,,0,CLOUD,CLOUD,0,0,none
2026-04-20 11:54:22,904,43.91,176.16,66.08,51.06,39.42,4.49,stable,2065.86,187.00,-1.00,1,0.00,1,1,1,0.977,CLOUD,,0,CLOUD,CLOUD,0,0,none
2026-04-20 11:54:24,905,43.91,176.16,66.22,51.08,43.91,0.00,stable,1440.05,187.00,-1.00,1,0.00,1,1,1,0.982,CLOUD,,0,CLOUD,CLOUD,0,0,none
2026-04-20 11:54:26,906,78.56,140.88,66.03,51.08,43.91,34.65,up,805.41,187.00,-1.00,1,0.00,1,1,0,0.500,LOCAL,LOCAL,1,CLOUD,CLOUD,0,0,none
2026-04-20 11:54:28,907,78.56,140.88,66.06,51.07,78.56,0.00,stable,158.52,187.00,-1.00,1,0.00,1,1,0,0.500,LOCAL,LOCAL,2,CLOUD,CLOUD,0,0,none
2026-04-20 11:54:30,908,66.82,230.75,65.89,51.03,78.56,-11.74,down,172.17,187.00,-1.00,1,0.00,1,1,1,0.830,CLOUD,,0,CLOUD,CLOUD,0,0,none
2026-04-20 11:54:32,909,66.82,230.75,66.06,51.07,66.82,0.00,stable,185.82,187.00,-1.00,1,0.00,1,1,1,0.865,CLOUD,,0,CLOUD,CLOUD,0,0,none
2026-04-20 11:54:34,910,62.26,79.66,66.33,51.05,66.82,-4.55,stable,170.51,187.00,-1.00,0,0.00,1,0,1,0.824,CLOUD,,0,CLOUD,CLOUD,0,0,none
2026-04-20 11:54:36,911,62.26,79.66,66.00,51.08,62.26,0.00,stable,155.21,187.00,-1.00,0,0.00,1,0,1,0.734,CLOUD,,0,CLOUD,CLOUD,0,0,none
2026-04-20 11:54:38,912,61.41,48.22,66.22,51.04,62.26,-0.86,stable,109.57,187.00,-1.00,1,0.00,1,0,1,0.769,CLOUD,,0,CLOUD,CLOUD,0,0,none
2026-04-20 11:54:40,913,81.74,160.57,65.97,51.05,61.41,20.33,up,92.03,187.00,-1.00,1,0.00,1,1,0,0.500,LOCAL,LOCAL,1,CLOUD,CLOUD,0,0,none
2026-04-20 11:54:42,914,81.74,160.57,66.11,51.08,81.74,0.00,stable,112.25,187.00,-1.00,1,0.00,1,1,0,0.500,LOCAL,LOCAL,2,CLOUD,CLOUD,0,0,none
2026-04-20 11:54:44,915,35.84,73.48,66.14,51.03,81.74,-45.90,down,110.71,187.00,-1.00,1,0.00,1,0,1,0.979,CLOUD,,0,CLOUD,CLOUD,0,0,none
2026-04-20 11:54:46,916,35.84,73.48,66.11,51.08,35.84,0.00,stable,117.03,187.00,-1.00,1,0.00,1,0,1,0.978,CLOUD,,0,CLOUD,CLOUD,0,0,none
2026-04-20 11:54:48,917,39.41,146.34,66.03,51.06,35.84,3.57,stable,113.47,187.00,-1.00,1,0.00,1,1,1,0.980,CLOUD,,0,CLOUD,CLOUD,0,0,none
2026-04-20 11:54:50,918,28.63,187.84,66.17,51.03,39.41,-10.77,down,120.29,187.00,-1.00,1,0.00,1,1,1,0.996,CLOUD,,0,CLOUD,CLOUD,0,0,none
2026-04-20 11:54:52,919,28.63,187.84,66.08,51.07,28.63,0.00,stable,148.88,187.00,-1.00,1,0.00,1,1,1,0.995,CLOUD,,0,CLOUD,CLOUD,0,0,none
2026-04-20 11:54:54,920,64.20,99.10,66.11,51.07,28.63,35.56,up,155.28,187.00,-1.00,1,0.00,1,0,1,0.761,CLOUD,,0,CLOUD,CLOUD,0,0,none
2026-04-20 11:54:56,921,64.20,99.10,66.17,51.04,64.20,0.00,stable,143.47,187.00,-1.00,1,0.00,1,0,1,0.776,CLOUD,,0,CLOUD,CLOUD,0,0,none
2026-04-20 11:54:58,922,80.11,52.38,66.14,51.08,64.20,15.92,up,109.60,187.00,-1.00,1,0.00,1,0,0,0.500,LOCAL,LOCAL,1,CLOUD,CLOUD,0,0,none
2026-04-20 11:55:00,923,80.84,2259.41,66.14,51.08,80.11,0.73,stable,627.49,187.00,-1.00,1,0.00,1,1,1,1.000,CLOUD,,0,CLOUD,CLOUD,0,0,none
2026-04-20 11:55:02,924,80.84,2259.41,66.08,51.05,80.84,0.00,stable,1167.57,187.00,-1.00,1,0.00,1,1,1,1.000,CLOUD,,0,CLOUD,CLOUD,0,0,none
2026-04-20 11:55:04,925,112.19,540.43,66.19,51.07,80.84,31.34,up,1277.90,187.00,-1.00,1,0.00,1,1,1,0.504,CLOUD,,0,CLOUD,CLOUD,0,0,none
2026-04-20 11:55:06,926,112.19,540.43,66.00,51.07,112.19,0.00,stable,1399.92,187.00,-1.00,1,0.00,1,1,0,0.500,LOCAL,LOCAL,1,CLOUD,CLOUD,0,0,none
2026-04-20 11:55:08,927,79.15,97.64,65.89,51.03,112.19,-33.04,down,859.48,187.00,-1.00,1,0.00,1,0,0,0.500,LOCAL,LOCAL,2,CLOUD,CLOUD,0,0,none
2026-04-20 11:55:10,928,79.15,97.64,66.14,51.07,79.15,0.00,stable,319.04,187.00,-1.00,1,0.00,1,0,0,0.500,LOCAL,,0,CLOUD,LOCAL,1,0,started
2026-04-20 11:55:12,929,26.55,147.83,66.72,51.53,79.15,-52.61,down,220.89,224.83,-1.00,1,0.00,1,1,1,0.998,CLOUD,CLOUD,1,LOCAL,LOCAL,0,0,none
2026-04-20 11:55:14,930,37.13,1317.10,66.50,53.86,26.55,10.59,up,415.05,177.80,-1.00,1,0.00,1,1,1,1.000,CLOUD,CLOUD,2,LOCAL,LOCAL,0,0,none
2026-04-20 11:55:16,931,37.13,1317.10,66.61,56.32,37.13,0.00,stable,719.92,163.03,-1.00,1,0.00,1,1,1,1.000,CLOUD,,0,LOCAL,CLOUD,1,0,started
2026-04-20 11:55:19,932,47.63,83.79,66.67,51.88,37.13,10.49,up,716.46,222.44,-1.00,1,0.00,1,0,1,0.973,CLOUD,,0,CLOUD,CLOUD,0,0,none
2026-04-20 11:55:21,933,47.63,83.79,66.18,51.77,47.63,0.00,stable,700.44,222.44,-1.00,1,0.00,1,0,1,0.942,CLOUD,,0,CLOUD,CLOUD,0,0,none
2026-04-20 11:55:23,934,99.06,18.46,66.14,51.75,47.63,51.43,up,375.78,222.44,-1.00,1,0.00,1,0,0,0.500,LOCAL,LOCAL,1,CLOUD,CLOUD,0,0,none
2026-04-20 11:55:25,935,99.06,18.46,66.00,51.77,99.06,0.00,stable,51.12,222.44,-1.00,0,0.00,1,0,0,0.500,LOCAL,LOCAL,2,CLOUD,CLOUD,0,0,none
2026-04-20 11:55:28,936,217.84,136.27,65.85,51.91,99.06,118.78,up,64.24,222.44,-1.00,0,0.00,0,1,0,0.500,LOCAL,,0,CLOUD,LOCAL,1,0,started
2026-04-20 11:55:31,937,217.84,136.27,66.72,51.83,217.84,0.00,stable,77.36,239.40,-1.00,1,0.00,0,1,0,0.500,LOCAL,,0,LOCAL,LOCAL,0,0,none
2026-04-20 11:55:33,938,32.54,402.57,66.45,53.94,217.84,-185.30,down,173.39,165.22,-1.00,1,0.00,1,1,1,0.999,CLOUD,CLOUD,1,LOCAL,LOCAL,0,0,none
2026-04-20 11:55:35,939,32.54,402.57,66.67,56.23,32.54,0.00,stable,269.42,156.82,-1.00,1,0.00,1,1,1,1.000,CLOUD,CLOUD,2,LOCAL,LOCAL,0,0,none
2026-04-20 11:55:37,940,19.08,591.12,66.64,58.93,32.54,-13.46,down,383.13,143.91,-1.00,1,0.00,1,1,1,1.000,CLOUD,,0,LOCAL,CLOUD,1,0,started
2026-04-20 11:55:39,941,44.38,91.74,66.72,51.63,19.08,25.30,up,372.00,220.79,-1.00,1,0.00,1,0,1,0.983,CLOUD,,0,CLOUD,CLOUD,0,0,none
2026-04-20 11:55:41,942,44.38,91.74,66.28,51.77,44.38,0.00,stable,294.29,220.79,-1.00,1,0.00,1,0,1,0.966,CLOUD,,0,CLOUD,CLOUD,0,0,none
2026-04-20 11:55:43,943,55.72,69.56,66.00,51.76,44.38,11.35,up,211.04,220.79,-1.00,1,0.00,1,0,1,0.830,CLOUD,,0,CLOUD,CLOUD,0,0,none
2026-04-20 11:55:45,944,46.20,130.72,66.28,51.77,55.72,-9.52,stable,95.94,220.79,-1.00,1,0.00,1,1,1,0.970,CLOUD,,0,CLOUD,CLOUD,0,0,none
2026-04-20 11:55:47,945,46.20,130.72,65.89,51.77,46.20,0.00,stable,105.68,220.79,-1.00,1,0.00,1,1,1,0.945,CLOUD,,0,CLOUD,CLOUD,0,0,none
2026-04-20 11:55:49,946,145.38,91.54,66.03,51.73,46.20,99.18,up,105.63,220.79,-1.00,1,0.00,1,0,0,0.500,LOCAL,LOCAL,1,CLOUD,CLOUD,0,0,none
2026-04-20 11:55:51,947,145.38,91.54,66.14,51.77,145.38,0.00,stable,111.13,220.79,-1.00,1,0.00,1,0,0,0.500,LOCAL,LOCAL,2,CLOUD,CLOUD,0,0,none
2026-04-20 11:55:53,948,48.10,50.83,66.06,51.73,145.38,-97.28,down,91.16,220.79,-1.00,1,0.00,1,0,1,0.908,CLOUD,,0,CLOUD,CLOUD,0,0,none
2026-04-20 11:55:55,949,48.10,50.83,66.06,51.78,48.10,0.00,stable,71.18,220.79,-1.00,1,0.00,1,0,1,0.908,CLOUD,,0,CLOUD,CLOUD,0,0,none
2026-04-20 11:55:57,950,87.16,95.50,66.22,51.77,48.10,39.06,up,72.17,220.79,-1.00,1,0.00,1,0,0,0.500,LOCAL,LOCAL,1,CLOUD,CLOUD,0,0,none
2026-04-20 11:55:59,951,63.33,178.06,66.09,51.73,87.16,-23.83,down,93.81,220.79,-1.00,1,0.00,1,1,1,0.862,CLOUD,,0,CLOUD,CLOUD,0,0,none
2026-04-20 11:56:01,952,63.33,178.06,66.20,51.07,63.33,0.00,stable,125.61,220.79,-1.00,1,0.00,1,1,1,0.881,CLOUD,,0,CLOUD,CLOUD,0,0,none
2026-04-20 11:56:03,953,155.39,66.57,66.11,51.09,63.33,92.06,up,129.55,220.79,-1.00,1,0.00,1,0,0,0.500,LOCAL,LOCAL,1,CLOUD,CLOUD,0,0,none
2026-04-20 11:56:05,954,39.16,114.78,65.95,51.06,155.39,-116.23,down,134.37,220.79,-1.00,1,0.00,1,1,1,0.971,CLOUD,,0,CLOUD,CLOUD,0,0,none
2026-04-20 11:56:07,955,39.16,114.78,66.14,51.09,39.16,0.00,stable,118.55,220.79,-1.00,1,0.00,1,1,1,0.979,CLOUD,,0,CLOUD,CLOUD,0,0,none
2026-04-20 11:56:09,956,39.32,230.13,66.09,51.04,39.16,0.16,stable,131.57,220.79,-1.00,1,0.00,1,1,1,0.991,CLOUD,,0,CLOUD,CLOUD,0,0,none
2026-04-20 11:56:11,957,39.32,230.13,66.06,51.07,39.32,0.00,stable,172.46,220.79,-1.00,1,0.00,1,1,1,0.990,CLOUD,,0,CLOUD,CLOUD,0,0,none
2026-04-20 11:56:13,958,37.09,245.80,66.20,51.08,39.32,-2.23,stable,205.21,220.79,-1.00,1,0.00,1,1,1,0.994,CLOUD,,0,CLOUD,CLOUD,0,0,none
2026-04-20 11:56:15,959,80.75,59.81,66.08,51.04,37.09,43.67,up,191.47,220.79,-1.00,1,0.00,1,0,0,0.500,LOCAL,LOCAL,1,CLOUD,CLOUD,0,0,none
2026-04-20 11:56:17,960,80.75,59.81,66.06,51.09,80.75,0.00,stable,148.89,220.79,-1.00,1,0.00,1,0,0,0.500,LOCAL,LOCAL,2,CLOUD,CLOUD,0,0,none
2026-04-20 11:56:19,961,1200.52,146.22,66.00,51.08,80.75,1119.76,up,127.91,220.79,-1.00,1,0.00,0,1,0,0.500,LOCAL,,0,CLOUD,LOCAL,1,0,started
2026-04-20 11:56:21,962,1200.52,146.22,66.64,51.91,1200.52,0.00,stable,103.01,220.79,-1.00,1,0.00,0,1,0,0.500,LOCAL,,0,LOCAL,LOCAL,0,0,none
2026-04-20 11:56:23,963,48.99,594.91,66.58,54.50,1200.52,-1151.53,down,236.79,169.03,-1.00,1,0.00,1,1,1,0.999,CLOUD,CLOUD,1,LOCAL,LOCAL,0,0,none
2026-04-20 11:56:25,964,883.51,73.33,66.47,56.34,48.99,834.52,up,240.17,239.74,-1.00,1,0.00,0,0,0,0.500,LOCAL,,0,LOCAL,LOCAL,0,0,none
2026-04-20 11:56:27,965,883.51,73.33,66.61,58.92,883.51,0.00,stable,221.95,176.24,-1.00,1,0.00,0,0,0,0.500,LOCAL,,0,LOCAL,LOCAL,0,0,none
2026-04-20 11:56:29,966,38.88,211.76,66.61,60.95,883.51,-844.64,down,238.33,153.86,-1.00,1,0.00,1,1,1,0.995,CLOUD,CLOUD,1,LOCAL,LOCAL,0,0,none
2026-04-20 11:56:31,967,38.88,211.76,66.67,61.99,38.88,0.00,stable,142.55,175.84,-1.00,1,0.00,1,1,1,0.996,CLOUD,CLOUD,2,LOCAL,LOCAL,0,0,none
2026-04-20 11:56:33,968,38.88,211.76,66.61,61.16,38.88,0.00,stable,177.16,138.04,-1.00,1,0.00,1,1,1,0.995,CLOUD,,0,LOCAL,CLOUD,1,0,started
2026-04-20 11:56:36,969,0.00,4.06,66.63,52.68,38.88,-38.88,down,159.84,235.03,-1.00,1,100.00,0,0,1,1.000,CLOUD,,0,CLOUD,CLOUD,0,0,none
2026-04-20 11:56:38,970,0.00,4.06,66.42,52.46,0.00,0.00,stable,107.91,235.03,-1.00,1,100.00,0,0,1,0.999,CLOUD,,0,CLOUD,CLOUD,0,0,none
2026-04-20 11:56:40,971,63.19,83.56,66.19,52.41,0.00,63.19,up,75.86,235.03,-1.00,1,0.00,1,0,1,0.779,CLOUD,,0,CLOUD,CLOUD,0,0,none
2026-04-20 11:56:42,972,63.19,83.56,66.14,52.46,63.19,0.00,stable,43.81,235.03,-1.00,1,0.00,1,0,1,0.764,CLOUD,,0,CLOUD,CLOUD,0,0,none
2026-04-20 11:56:44,973,23.36,238.09,65.95,52.42,63.19,-39.83,down,102.32,235.03,-1.00,1,0.00,1,1,1,0.998,CLOUD,,0,CLOUD,CLOUD,0,0,none
2026-04-20 11:56:47,974,79.12,97.85,66.04,52.59,23.36,55.76,up,125.77,235.03,-1.00,1,0.00,1,0,0,0.500,LOCAL,LOCAL,1,CLOUD,CLOUD,0,0,none
2026-04-20 11:56:49,975,79.12,97.85,66.23,52.47,79.12,0.00,stable,129.34,235.03,-1.00,1,0.00,1,0,0,0.500,LOCAL,LOCAL,2,CLOUD,CLOUD,0,0,none
2026-04-20 11:56:51,976,70.97,178.82,66.03,52.46,79.12,-8.15,stable,153.15,235.03,-1.00,1,0.00,1,1,1,0.727,CLOUD,,0,CLOUD,CLOUD,0,0,none
2026-04-20 11:56:53,977,70.97,178.82,66.25,52.47,70.97,0.00,stable,138.33,235.03,-1.00,1,0.00,1,1,1,0.792,CLOUD,,0,CLOUD,CLOUD,0,0,none
2026-04-20 11:56:55,978,90.16,159.45,65.95,52.46,70.97,19.19,up,153.73,235.03,-1.00,1,0.00,1,1,0,0.500,LOCAL,LOCAL,1,CLOUD,CLOUD,0,0,none
2026-04-20 11:56:57,979,153.39,53.11,66.22,51.80,90.16,63.23,up,142.55,235.03,-1.00,1,0.00,1,0,0,0.500,LOCAL,LOCAL,2,CLOUD,CLOUD,0,0,none
2026-04-20 11:56:59,980,153.39,53.11,65.95,51.80,153.39,0.00,stable,111.12,235.03,-1.00,1,0.00,1,0,0,0.500,LOCAL,,0,CLOUD,LOCAL,1,0,started
2026-04-20 11:57:01,981,118.78,57.49,66.61,52.94,153.39,-34.61,down,80.79,235.03,-1.00,1,0.00,1,0,0,0.500,LOCAL,,0,LOCAL,LOCAL,0,0,none
2026-04-20 11:57:03,982,118.78,57.49,66.45,54.67,118.78,0.00,stable,55.30,177.79,-1.00,1,0.00,1,0,0,0.500,LOCAL,,0,LOCAL,LOCAL,0,0,none
2026-04-20 11:57:05,983,52.90,320.79,66.56,57.24,118.78,-65.88,down,122.22,155.52,-1.00,1,0.00,1,1,1,0.992,CLOUD,CLOUD,1,LOCAL,LOCAL,0,0,none
2026-04-20 11:57:07,984,31.89,320.87,66.61,59.56,52.90,-21.01,down,189.16,215.24,-1.00,1,0.00,1,1,1,0.999,CLOUD,CLOUD,2,LOCAL,LOCAL,0,0,none
2026-04-20 11:57:09,985,31.89,320.87,66.53,61.58,31.89,0.00,stable,255.01,183.11,-1.00,1,0.00,1,1,1,0.999,CLOUD,,0,LOCAL,CLOUD,1,0,started
2026-04-20 11:57:11,986,14.89,537.58,66.67,52.39,31.89,-17.00,down,375.03,257.98,-1.00,1,0.00,1,1,1,1.000,CLOUD,,0,CLOUD,CLOUD,0,0,none
2026-04-20 11:57:13,987,53.19,81.88,66.44,52.52,14.89,38.30,up,315.30,257.98,-1.00,1,0.00,1,0,1,0.934,CLOUD,,0,CLOUD,CLOUD,0,0,none
2026-04-20 11:57:15,988,53.19,81.88,66.03,52.52,53.19,0.00,stable,255.55,257.98,-1.00,1,0.00,1,0,1,0.879,CLOUD,,0,CLOUD,CLOUD,0,0,none
2026-04-20 11:57:17,989,32.14,1827.19,66.14,52.52,53.19,-21.05,down,632.13,257.98,-1.00,1,0.00,1,1,1,1.000,CLOUD,,0,CLOUD,CLOUD,0,0,none
2026-04-20 11:57:19,990,48.82,66.51,66.20,52.68,32.14,16.68,up,514.36,257.98,-1.00,1,0.00,1,0,1,0.929,CLOUD,,0,CLOUD,CLOUD,0,0,none
2026-04-20 11:57:21,991,48.82,66.51,65.98,52.49,48.82,0.00,stable,510.52,257.98,-1.00,1,0.00,1,0,1,0.902,CLOUD,,0,CLOUD,CLOUD,0,0,none
2026-04-20 11:57:26,992,71.39,93.08,65.88,52.68,48.82,22.57,up,513.32,257.98,-1.00,1,0.00,1,0,1,0.503,CLOUD,,0,CLOUD,CLOUD,0,0,none
2026-04-20 11:57:28,993,71.39,93.08,66.09,52.52,71.39,0.00,stable,79.79,257.98,-1.00,1,0.00,1,0,1,0.586,CLOUD,,0,CLOUD,CLOUD,0,0,none
2026-04-20 11:57:30,994,34.10,244.23,66.06,52.50,71.39,-37.29,down,124.22,257.98,-1.00,1,0.00,1,1,1,0.995,CLOUD,,0,CLOUD,CLOUD,0,0,none
2026-04-20 11:57:32,995,34.10,244.23,66.25,52.38,34.10,0.00,stable,168.65,257.98,-1.00,1,0.00,1,1,1,0.996,CLOUD,,0,CLOUD,CLOUD,0,0,none
2026-04-20 11:57:34,996,49.75,159.18,66.03,51.82,34.10,15.64,up,185.18,257.98,-1.00,1,0.00,1,1,1,0.950,CLOUD,,0,CLOUD,CLOUD,0,0,none
2026-04-20 11:57:36,997,79.17,2218.62,66.20,51.78,49.75,29.42,up,716.56,257.98,-1.00,1,0.00,1,1,1,1.000,CLOUD,,0,CLOUD,CLOUD,0,0,none
2026-04-20 11:57:38,998,79.17,2218.62,66.00,51.82,79.17,0.00,stable,1210.16,257.98,-1.00,1,0.00,1,1,1,1.000,CLOUD,,0,CLOUD,CLOUD,0,0,none
2026-04-20 11:57:40,999,58.26,105.53,66.17,51.79,79.17,-20.91,down,1175.49,257.98,-1.00,1,0.00,1,1,1,0.868,CLOUD,,0,CLOUD,CLOUD,0,0,none
2026-04-20 11:57:42,1000,58.26,105.53,66.22,51.83,58.26,0.00,stable,1162.08,257.98,-1.00,1,0.00,1,1,1,0.878,CLOUD,,0,CLOUD,CLOUD,0,0,none
2026-04-20 11:57:44,1001,46.40,123.79,65.97,51.78,58.26,-11.86,down,638.37,257.98,-1.00,1,0.00,1,1,1,0.948,CLOUD,,0,CLOUD,CLOUD,0,0,none
2026-04-20 11:57:46,1002,46.40,123.79,66.11,51.83,46.40,0.00,stable,114.66,257.98,-1.00,1,0.00,1,1,1,0.958,CLOUD,,0,CLOUD,CLOUD,0,0,none
2026-04-20 11:57:48,1003,47.11,173.40,65.97,51.79,46.40,0.71,stable,131.63,257.98,-1.00,1,0.00,1,1,1,0.962,CLOUD,,0,CLOUD,CLOUD,0,0,none
2026-04-20 11:57:51,1004,140.13,216.18,66.13,52.07,47.11,93.02,up,159.29,257.98,-1.00,1,0.00,1,1,0,0.500,LOCAL,LOCAL,1,CLOUD,CLOUD,0,0,none
2026-04-20 11:57:53,1005,140.13,216.18,66.12,51.83,140.13,0.00,stable,182.39,257.98,-1.00,1,0.00,1,1,0,0.500,LOCAL,LOCAL,2,CLOUD,CLOUD,0,0,none
2026-04-20 11:57:55,1006,53.79,245.95,66.14,51.79,140.13,-86.34,down,212.93,257.98,-1.00,1,0.00,1,1,1,0.968,CLOUD,,0,CLOUD,CLOUD,0,0,none
2026-04-20 11:57:57,1007,53.79,245.95,66.11,51.83,53.79,0.00,stable,231.06,257.98,-1.00,1,0.00,1,1,1,0.967,CLOUD,,0,CLOUD,CLOUD,0,0,none
2026-04-20 11:58:01,1008,79.13,47.01,65.78,51.95,53.79,25.34,up,188.77,257.98,-1.00,1,0.00,1,0,0,0.500,LOCAL,LOCAL,1,CLOUD,CLOUD,0,0,none
2026-04-20 11:58:03,1009,79.13,47.01,66.09,51.78,79.13,0.00,stable,146.48,257.98,-1.00,1,0.00,1,0,0,0.500,LOCAL,LOCAL,2,CLOUD,CLOUD,0,0,none
2026-04-20 11:58:05,1010,82.90,257.58,66.14,51.83,79.13,3.77,stable,149.39,257.98,-1.00,1,0.00,1,1,1,0.644,CLOUD,,0,CLOUD,CLOUD,0,0,none
2026-04-20 11:58:07,1011,82.90,257.58,66.06,51.83,82.90,0.00,stable,152.29,257.98,-1.00,1,0.00,1,1,1,0.613,CLOUD,,0,CLOUD,CLOUD,0,0,none
2026-04-20 11:58:09,1012,140.58,130.02,66.14,51.83,82.90,57.68,up,173.04,257.98,-1.00,1,0.00,1,1,0,0.500,LOCAL,LOCAL,1,CLOUD,CLOUD,0,0,none
2026-04-20 11:58:11,1013,25.17,150.94,66.22,51.79,140.58,-115.40,down,199.03,257.98,-1.00,1,0.00,1,1,1,0.996,CLOUD,,0,CLOUD,CLOUD,0,0,none
2026-04-20 11:58:13,1014,25.17,150.94,65.98,51.83,25.17,0.00,stable,172.37,257.98,-1.00,1,0.00,1,1,1,0.995,CLOUD,,0,CLOUD,CLOUD,0,0,none
2026-04-20 11:58:15,1015,85.15,82.76,66.11,51.79,25.17,59.98,up,128.66,257.98,-1.00,1,0.00,1,0,0,0.500,LOCAL,LOCAL,1,CLOUD,CLOUD,0,0,none
2026-04-20 11:58:17,1016,42.77,218.91,66.23,52.01,85.15,-42.38,down,150.89,257.98,-1.00,1,0.00,1,1,1,0.988,CLOUD,,0,CLOUD,CLOUD,0,0,none
2026-04-20 11:58:19,1017,42.77,218.91,66.23,51.83,42.77,0.00,stable,167.88,257.98,-1.00,1,0.00,1,1,1,0.988,CLOUD,,0,CLOUD,CLOUD,0,0,none
2026-04-20 11:58:21,1018,77.72,27.01,66.00,51.83,42.77,34.95,up,136.90,257.98,-1.00,1,0.00,1,0,0,0.500,LOCAL,LOCAL,1,CLOUD,CLOUD,0,0,none
2026-04-20 11:58:23,1019,77.72,27.01,66.00,51.81,77.72,0.00,stable,122.96,257.98,-1.00,1,0.00,1,0,0,0.500,LOCAL,LOCAL,2,CLOUD,CLOUD,0,0,none
2026-04-20 11:58:25,1020,81.62,1093.69,66.19,51.79,77.72,3.91,stable,341.66,257.98,-1.00,1,25.00,0,1,1,0.999,CLOUD,,0,CLOUD,CLOUD,0,0,none
2026-04-20 11:58:27,1021,81.62,1093.69,66.20,51.82,81.62,0.00,stable,560.35,257.98,-1.00,1,25.00,0,1,1,0.999,CLOUD,,0,CLOUD,CLOUD,0,0,none
2026-04-20 11:58:29,1022,62.18,144.18,66.19,51.83,81.62,-19.44,down,589.64,257.98,-1.00,1,0.00,1,1,1,0.864,CLOUD,,0,CLOUD,CLOUD,0,0,none
2026-04-20 11:58:31,1023,26.84,2629.66,66.11,51.83,62.18,-35.34,down,1240.31,257.98,-1.00,1,0.00,1,1,1,1.000,CLOUD,,0,CLOUD,CLOUD,0,0,none
2026-04-20 11:58:33,1024,26.84,2629.66,65.97,51.81,26.84,0.00,stable,1624.30,257.98,-1.00,1,0.00,1,1,1,1.000,CLOUD,,0,CLOUD,CLOUD,0,0,none
2026-04-20 11:58:35,1025,35.89,2106.37,66.22,51.82,26.84,9.05,stable,1877.47,257.98,-1.00,1,0.00,1,1,1,1.000,CLOUD,,0,CLOUD,CLOUD,0,0,none
2026-04-20 11:58:37,1026,35.89,2106.37,65.97,51.79,35.89,0.00,stable,2368.01,257.98,-1.00,1,0.00,1,1,1,1.000,CLOUD,,0,CLOUD,CLOUD,0,0,none
2026-04-20 11:58:39,1027,39.67,545.49,66.08,51.83,35.89,3.78,stable,1846.97,257.98,-1.00,1,0.00,1,1,1,0.999,CLOUD,,0,CLOUD,CLOUD,0,0,none
2026-04-20 11:58:41,1028,122.87,188.54,66.06,51.79,39.67,83.21,up,1236.69,257.98,-1.00,1,0.00,1,1,0,0.500,LOCAL,LOCAL,1,CLOUD,CLOUD,0,0,none
2026-04-20 11:58:43,1029,122.87,188.54,66.31,51.83,122.87,0.00,stable,757.23,257.98,-1.00,1,0.00,1,1,0,0.500,LOCAL,LOCAL,2,CLOUD,CLOUD,0,0,none
2026-04-20 11:58:45,1030,116.89,117.61,65.97,51.79,122.87,-5.98,stable,260.05,257.98,-1.00,1,0.00,1,1,0,0.500,LOCAL,,0,CLOUD,LOCAL,1,0,started
2026-04-20 11:58:47,1031,41.86,286.47,66.64,52.77,116.89,-75.03,down,195.29,236.40,-1.00,1,0.00,1,1,1,0.997,CLOUD,CLOUD,1,LOCAL,LOCAL,0,0,none
2026-04-20 11:58:50,1032,41.86,286.47,66.61,54.90,41.86,0.00,stable,219.77,162.12,-1.00,1,0.00,1,1,1,0.997,CLOUD,CLOUD,2,LOCAL,LOCAL,0,0,none
2026-04-20 11:58:52,1033,71.41,570.13,66.56,57.34,41.86,29.55,up,315.17,157.22,-1.00,1,0.00,1,1,1,0.993,CLOUD,,0,LOCAL,CLOUD,1,0,started
2026-04-20 11:58:54,1034,56.83,141.40,66.69,52.54,71.41,-14.58,down,321.12,226.21,-1.00,1,0.00,1,1,1,0.959,CLOUD,,0,CLOUD,CLOUD,0,0,none
2026-04-20 11:58:56,1035,56.83,141.40,66.37,52.51,56.83,0.00,stable,284.85,226.21,-1.00,1,0.00,1,1,1,0.933,CLOUD,,0,CLOUD,CLOUD,0,0,none
2026-04-20 11:58:58,1036,54.06,251.55,66.03,52.48,56.83,-2.77,stable,276.12,226.21,-1.00,1,0.00,1,1,1,0.963,CLOUD,,0,CLOUD,CLOUD,0,0,none
2026-04-20 11:59:00,1037,54.06,251.55,66.28,52.53,54.06,0.00,stable,196.48,226.21,-1.00,1,0.00,1,1,1,0.975,CLOUD,,0,CLOUD,CLOUD,0,0,none
2026-04-20 11:59:02,1038,50.91,113.18,66.19,52.50,54.06,-3.15,stable,189.42,226.21,-1.00,1,0.00,1,1,1,0.939,CLOUD,,0,CLOUD,CLOUD,0,0,none
2026-04-20 11:59:04,1039,42.73,175.67,66.14,52.50,50.91,-8.18,stable,197.99,226.21,-1.00,1,0.00,1,1,1,0.981,CLOUD,,0,CLOUD,CLOUD,0,0,none
2026-04-20 11:59:06,1040,42.73,175.67,66.08,52.53,42.73,0.00,stable,179.01,226.21,-1.00,1,0.00,1,1,1,0.980,CLOUD,,0,CLOUD,CLOUD,0,0,none
2026-04-20 11:59:08,1041,52.89,106.13,66.11,52.50,42.73,10.16,up,142.66,226.21,-1.00,1,0.00,1,1,1,0.912,CLOUD,,0,CLOUD,CLOUD,0,0,none
2026-04-20 11:59:10,1042,52.89,106.13,66.19,52.52,52.89,0.00,stable,140.90,226.21,-1.00,1,0.00,1,1,1,0.922,CLOUD,,0,CLOUD,CLOUD,0,0,none
2026-04-20 11:59:12,1043,90.93,135.82,66.17,52.53,52.89,38.03,up,130.94,226.21,-1.00,1,0.00,1,1,0,0.500,LOCAL,LOCAL,1,CLOUD,CLOUD,0,0,none
2026-04-20 11:59:14,1044,66.23,348.76,66.22,52.48,90.93,-24.69,down,174.21,226.21,-1.00,1,0.00,1,1,1,0.958,CLOUD,,0,CLOUD,CLOUD,0,0,none
2026-04-20 11:59:16,1045,66.23,348.76,66.14,51.83,66.23,0.00,stable,234.87,226.21,-1.00,1,0.00,1,1,1,0.952,CLOUD,,0,CLOUD,CLOUD,0,0,none
2026-04-20 11:59:18,1046,58.62,100.52,66.31,51.83,66.23,-7.61,stable,233.46,226.21,-1.00,1,0.00,1,1,1,0.884,CLOUD,,0,CLOUD,CLOUD,0,0,none
2026-04-20 11:59:20,1047,58.62,100.52,66.03,51.79,58.62,0.00,stable,224.64,226.21,-1.00,1,0.00,1,1,1,0.830,CLOUD,,0,CLOUD,CLOUD,0,0,none
2026-04-20 11:59:22,1048,27.81,102.72,66.17,51.83,58.62,-30.81,down,163.13,226.21,-1.00,1,0.00,1,1,1,0.993,CLOUD,,0,CLOUD,CLOUD,0,0,none
2026-04-20 11:59:24,1049,53.93,544.91,66.19,51.83,27.81,26.12,up,212.17,226.21,-1.00,1,0.00,1,1,1,0.997,CLOUD,,0,CLOUD,CLOUD,0,0,none
2026-04-20 11:59:26,1050,53.93,544.91,65.97,51.81,53.93,0.00,stable,323.26,226.21,-1.00,1,0.00,1,1,1,0.996,CLOUD,,0,CLOUD,CLOUD,0,0,none
2026-04-20 11:59:28,1051,33.06,314.89,66.08,51.83,53.93,-20.87,down,376.86,226.21,-1.00,1,0.00,1,1,1,0.997,CLOUD,,0,CLOUD,CLOUD,0,0,none
2026-04-20 11:59:30,1052,81.60,145.44,66.00,51.78,33.06,48.54,up,387.54,226.21,-1.00,1,0.00,1,1,0,0.500,LOCAL,LOCAL,1,CLOUD,CLOUD,0,0,none
2026-04-20 11:59:32,1053,81.60,145.44,66.03,51.83,81.60,0.00,stable,287.67,226.21,-1.00,1,0.00,1,1,0,0.500,LOCAL,LOCAL,2,CLOUD,CLOUD,0,0,none
2026-04-20 11:59:34,1054,34.14,587.08,66.25,51.83,81.60,-47.46,down,298.21,226.21,-1.00,1,0.00,1,1,1,1.000,CLOUD,,0,CLOUD,CLOUD,0,0,none
2026-04-20 11:59:36,1055,34.14,587.08,66.14,51.79,34.14,0.00,stable,366.26,226.21,-1.00,1,0.00,1,1,1,1.000,CLOUD,,0,CLOUD,CLOUD,0,0,none
2026-04-20 11:59:38,1056,36.27,320.79,66.08,51.83,34.14,2.12,stable,410.10,226.21,-1.00,1,0.00,1,1,1,0.997,CLOUD,,0,CLOUD,CLOUD,0,0,none
2026-04-20 11:59:40,1057,69.54,68.66,66.25,51.79,36.27,33.28,up,390.90,226.21,-1.00,1,0.00,1,0,1,0.645,CLOUD,,0,CLOUD,CLOUD,0,0,none
2026-04-20 11:59:42,1058,69.54,68.66,66.08,51.78,69.54,0.00,stable,261.29,226.21,-1.00,1,0.00,1,0,1,0.582,CLOUD,,0,CLOUD,CLOUD,0,0,none
2026-04-20 11:59:45,1059,262.27,215.87,65.89,51.96,69.54,192.73,up,168.49,226.21,-1.00,1,0.00,0,1,0,0.500,LOCAL,LOCAL,1,CLOUD,CLOUD,0,0,none
2026-04-20 11:59:47,1060,262.27,215.87,66.17,51.82,262.27,0.00,stable,142.26,226.21,-1.00,1,0.00,0,1,0,0.500,LOCAL,LOCAL,2,CLOUD,CLOUD,0,0,none
2026-04-20 11:59:49,1061,31.10,66.93,66.06,51.79,262.27,-231.18,down,141.83,226.21,-1.00,1,0.00,1,0,1,0.984,CLOUD,,0,CLOUD,CLOUD,0,0,none
2026-04-20 11:59:51,1062,31.10,66.93,66.14,51.83,31.10,0.00,stable,141.40,226.21,-1.00,1,0.00,1,0,1,0.986,CLOUD,,0,CLOUD,CLOUD,0,0,none
2026-04-20 11:59:53,1063,51.82,198.74,65.97,51.79,31.10,20.72,up,137.12,226.21,-1.00,1,0.00,1,1,1,0.951,CLOUD,,0,CLOUD,CLOUD,0,0,none
2026-04-20 11:59:55,1064,53.00,178.08,66.18,51.96,51.82,1.18,stable,127.67,226.21,-1.00,1,0.00,1,1,1,0.953,CLOUD,,0,CLOUD,CLOUD,0,0,none
2026-04-20 11:59:57,1065,53.00,178.08,66.15,51.84,53.00,0.00,stable,155.46,226.21,-1.00,1,0.00,1,1,1,0.951,CLOUD,,0,CLOUD,CLOUD,0,0,none
2026-04-20 11:59:59,1066,57.84,109.07,66.03,51.79,53.00,4.84,stable,165.99,226.21,-1.00,1,0.00,1,1,1,0.850,CLOUD,,0,CLOUD,CLOUD,0,0,none
2026-04-20 12:00:01,1067,57.84,109.07,66.11,51.83,57.84,0.00,stable,143.57,226.21,-1.00,1,0.00,1,1,1,0.866,CLOUD,,0,CLOUD,CLOUD,0,0,none
2026-04-20 12:00:03,1068,49.84,171.63,66.14,51.83,57.84,-8.00,stable,141.96,226.21,-1.00,1,0.00,1,1,1,0.961,CLOUD,,0,CLOUD,CLOUD,0,0,none
2026-04-20 12:00:05,1069,69.89,177.64,66.03,51.82,49.84,20.05,up,141.85,226.21,-1.00,1,0.00,1,1,1,0.746,CLOUD,,0,CLOUD,CLOUD,0,0,none
2026-04-20 12:00:07,1070,69.89,177.64,66.14,51.83,69.89,0.00,stable,158.99,226.21,-1.00,1,0.00,1,1,1,0.778,CLOUD,,0,CLOUD,CLOUD,0,0,none
2026-04-20 12:00:09,1071,59.31,95.71,65.97,51.81,69.89,-10.58,down,155.65,226.21,-1.00,1,0.00,1,0,1,0.801,CLOUD,,0,CLOUD,CLOUD,0,0,none
2026-04-20 12:00:11,1072,59.31,95.71,66.03,51.82,59.31,0.00,stable,136.67,226.21,-1.00,1,0.00,1,0,1,0.815,CLOUD,,0,CLOUD,CLOUD,0,0,none
2026-04-20 12:00:14,1073,33.83,68.54,65.82,51.94,59.31,-25.49,down,109.40,226.21,-1.00,1,0.00,1,0,1,0.970,CLOUD,,0,CLOUD,CLOUD,0,0,none
2026-04-20 12:00:16,1074,33.83,68.54,66.06,51.83,33.83,0.00,stable,82.12,226.21,-1.00,1,0.00,1,0,1,0.979,CLOUD,,0,CLOUD,CLOUD,0,0,none
2026-04-20 12:00:18,1075,33.38,109.49,66.14,51.78,33.83,-0.45,stable,85.57,226.21,-1.00,1,0.00,1,1,1,0.987,CLOUD,,0,CLOUD,CLOUD,0,0,none
2026-04-20 12:00:20,1076,33.38,109.49,66.08,51.83,33.38,0.00,stable,89.01,226.21,-1.00,1,0.00,1,1,1,0.986,CLOUD,,0,CLOUD,CLOUD,0,0,none
2026-04-20 12:00:22,1077,54.19,133.40,66.25,51.83,33.38,20.81,up,105.23,226.21,-1.00,1,0.00,1,1,1,0.934,CLOUD,,0,CLOUD,CLOUD,0,0,none
2026-04-20 12:00:24,1078,66.94,78.17,66.11,51.80,54.19,12.75,up,107.64,226.21,-1.00,1,0.00,1,0,1,0.671,CLOUD,,0,CLOUD,CLOUD,0,0,none
2026-04-20 12:00:26,1079,66.94,78.17,66.11,51.84,66.94,0.00,stable,99.81,226.21,-1.00,1,0.00,1,0,1,0.670,CLOUD,,0,CLOUD,CLOUD,0,0,none
2026-04-20 12:00:28,1080,54.37,107.69,66.12,51.79,66.94,-12.57,down,99.36,226.21,-1.00,1,0.00,1,1,1,0.901,CLOUD,,0,CLOUD,CLOUD,0,0,none
2026-04-20 12:00:30,1081,49.14,219.70,66.09,51.95,54.37,-5.23,stable,120.93,226.21,-1.00,1,0.00,1,1,1,0.973,CLOUD,,0,CLOUD,CLOUD,0,0,none
2026-04-20 12:00:32,1082,49.14,219.70,66.14,51.84,49.14,0.00,stable,156.32,226.21,-1.00,1,0.00,1,1,1,0.975,CLOUD,,0,CLOUD,CLOUD,0,0,none
2026-04-20 12:00:34,1083,47.81,160.61,66.22,51.79,49.14,-1.33,stable,176.93,226.21,-1.00,1,0.00,1,1,1,0.970,CLOUD,,0,CLOUD,CLOUD,0,0,none
2026-04-20 12:00:36,1084,47.81,160.61,66.11,51.83,47.81,0.00,stable,190.16,226.21,-1.00,1,0.00,1,1,1,0.964,CLOUD,,0,CLOUD,CLOUD,0,0,none
2026-04-20 12:00:38,1085,38.56,79.53,66.25,51.84,47.81,-9.25,stable,155.11,226.21,-1.00,1,0.00,1,0,1,0.978,CLOUD,,0,CLOUD,CLOUD,0,0,none
2026-04-20 12:00:40,1086,57.59,213.98,65.95,51.79,38.56,19.03,up,153.68,226.21,-1.00,1,0.00,1,1,1,0.922,CLOUD,,0,CLOUD,CLOUD,0,0,none
2026-04-20 12:00:42,1087,57.59,213.98,66.17,51.83,57.59,0.00,stable,167.02,226.21,-1.00,1,0.00,1,1,1,0.944,CLOUD,,0,CLOUD,CLOUD,0,0,none
2026-04-20 12:00:44,1088,37.59,166.92,66.03,51.83,57.59,-20.00,down,168.60,226.21,-1.00,1,0.00,1,1,1,0.986,CLOUD,,0,CLOUD,CLOUD,0,0,none
2026-04-20 12:00:46,1089,37.59,166.92,66.11,51.83,37.59,0.00,stable,190.45,226.21,-1.00,1,0.00,1,1,1,0.987,CLOUD,,0,CLOUD,CLOUD,0,0,none
2026-04-20 12:00:48,1090,116.64,53.04,65.89,51.80,37.59,79.06,up,150.21,226.21,-1.00,1,0.00,1,0,0,0.500,LOCAL,LOCAL,1,CLOUD,CLOUD,0,0,none
2026-04-20 12:00:50,1091,116.64,53.04,66.28,51.84,116.64,0.00,stable,109.98,226.21,-1.00,1,0.00,1,0,0,0.500,LOCAL,LOCAL,2,CLOUD,CLOUD,0,0,none
2026-04-20 12:00:52,1092,56.70,492.75,66.25,51.84,116.64,-59.94,down,191.44,226.21,-1.00,1,25.00,0,1,1,0.995,CLOUD,,0,CLOUD,CLOUD,0,0,none
2026-04-20 12:00:54,1093,56.70,492.75,66.11,51.82,56.70,0.00,stable,272.90,226.21,-1.00,1,25.00,0,1,1,0.994,CLOUD,,0,CLOUD,CLOUD,0,0,none
2026-04-20 12:00:56,1094,62.26,349.31,66.11,51.83,56.70,5.55,stable,346.96,226.21,-1.00,1,0.00,1,1,1,0.966,CLOUD,,0,CLOUD,CLOUD,0,0,none
2026-04-20 12:00:58,1095,55.06,486.53,66.08,51.78,62.26,-7.20,stable,455.33,226.21,-1.00,1,0.00,1,1,1,0.994,CLOUD,,0,CLOUD,CLOUD,0,0,none
2026-04-20 12:01:00,1096,55.06,486.53,66.20,51.82,55.06,0.00,stable,453.78,226.21,-1.00,1,0.00,1,1,1,0.995,CLOUD,,0,CLOUD,CLOUD,0,0,none
2026-04-20 12:01:02,1097,84.47,510.85,66.06,51.83,55.06,29.41,up,458.30,226.21,-1.00,1,0.00,1,1,1,0.911,CLOUD,,0,CLOUD,CLOUD,0,0,none
2026-04-20 12:01:04,1098,84.47,510.85,66.11,51.83,84.47,0.00,stable,498.69,226.21,-1.00,1,0.00,1,1,1,0.918,CLOUD,,0,CLOUD,CLOUD,0,0,none
2026-04-20 12:01:06,1099,43.35,259.12,66.11,51.84,84.47,-41.12,down,441.83,226.21,-1.00,1,0.00,1,1,1,0.989,CLOUD,,0,CLOUD,CLOUD,0,0,none
2026-04-20 12:01:08,1100,56.45,137.80,66.19,51.79,43.35,13.10,up,354.65,226.21,-1.00,1,0.00,1,1,1,0.914,CLOUD,,0,CLOUD,CLOUD,0,0,none
2026-04-20 12:01:10,1101,56.45,137.80,66.08,51.83,56.45,0.00,stable,261.39,226.21,-1.00,1,0.00,1,1,1,0.900,CLOUD,,0,CLOUD,CLOUD,0,0,none
2026-04-20 12:01:12,1102,78.05,182.24,66.11,51.79,56.45,21.60,up,179.24,226.21,-1.00,1,0.00,1,1,1,0.606,CLOUD,,0,CLOUD,CLOUD,0,0,none
2026-04-20 12:01:14,1103,75.99,101.67,66.17,51.82,78.05,-2.06,stable,139.88,226.21,-1.00,1,0.00,1,1,1,0.521,CLOUD,,0,CLOUD,CLOUD,0,0,none
2026-04-20 12:01:16,1104,75.99,101.67,65.95,51.79,75.99,0.00,stable,130.84,226.21,-1.00,1,0.00,1,1,0,0.500,LOCAL,LOCAL,1,CLOUD,CLOUD,0,0,none
2026-04-20 12:01:18,1105,137.60,169.46,66.08,51.84,75.99,61.61,up,138.76,226.21,-1.00,1,0.00,1,1,0,0.500,LOCAL,LOCAL,2,CLOUD,CLOUD,0,0,none
2026-04-20 12:01:20,1106,137.60,169.46,66.06,51.81,137.60,0.00,stable,135.56,226.21,-1.00,1,0.00,1,1,0,0.500,LOCAL,,0,CLOUD,LOCAL,1,0,started
2026-04-20 12:01:22,1107,58.42,1963.51,66.75,52.74,137.60,-79.18,down,601.02,177.04,-1.00,1,0.00,1,1,1,1.000,CLOUD,CLOUD,1,LOCAL,LOCAL,0,0,none
2026-04-20 12:01:24,1108,58.42,1963.51,66.61,54.85,58.42,0.00,stable,1066.48,181.73,-1.00,1,0.00,1,1,1,1.000,CLOUD,CLOUD,2,LOCAL,LOCAL,0,0,none
2026-04-20 12:01:26,1109,58.42,1963.51,66.42,57.26,58.42,0.00,stable,1515.00,199.90,-1.00,1,0.00,1,1,1,1.000,CLOUD,,0,LOCAL,CLOUD,1,0,started
2026-04-20 12:01:28,1110,13.83,0.00,66.69,52.43,58.42,-44.59,down,1472.63,120.90,-1.00,1,25.00,0,0,1,0.998,CLOUD,,0,CLOUD,CLOUD,0,0,none
2026-04-20 12:01:30,1111,13.83,0.00,66.17,52.54,13.83,0.00,stable,981.76,120.90,-1.00,1,25.00,0,0,1,0.996,CLOUD,,0,CLOUD,CLOUD,0,0,none
2026-04-20 12:01:32,1112,13.83,0.00,66.03,52.54,13.83,0.00,stable,490.88,120.90,-1.00,1,25.00,0,0,1,0.995,CLOUD,,0,CLOUD,CLOUD,0,0,none
2026-04-20 12:01:34,1113,13.83,0.00,65.89,52.54,13.83,0.00,stable,0.00,120.90,-1.00,1,25.00,0,0,1,0.994,CLOUD,,0,CLOUD,CLOUD,0,0,none
2026-04-20 12:01:36,1114,0.00,0.00,66.14,52.54,13.83,-13.83,down,0.00,120.90,-1.00,1,100.00,0,0,1,0.999,CLOUD,,0,CLOUD,CLOUD,0,0,none
2026-04-20 12:01:38,1115,0.00,0.00,66.00,52.55,0.00,0.00,stable,0.00,120.90,-1.00,1,100.00,0,0,1,0.999,CLOUD,,0,CLOUD,CLOUD,0,0,none
2026-04-20 12:01:40,1116,0.00,220.69,66.06,52.54,0.00,0.00,stable,55.17,120.90,-1.00,1,100.00,0,1,1,1.000,CLOUD,,0,CLOUD,CLOUD,0,0,none
2026-04-20 12:01:43,1117,71.22,370.60,66.20,52.49,0.00,71.22,up,147.82,120.90,-1.00,1,0.00,1,1,1,0.941,CLOUD,,0,CLOUD,CLOUD,0,0,none
2026-04-20 12:01:45,1118,71.22,370.60,66.00,52.54,71.22,0.00,stable,240.47,120.90,-1.00,1,0.00,1,1,1,0.920,CLOUD,,0,CLOUD,CLOUD,0,0,none
2026-04-20 12:01:47,1119,61.49,109.37,65.95,52.49,71.22,-9.72,stable,267.82,120.90,-1.00,1,0.00,1,1,1,0.775,CLOUD,,0,CLOUD,CLOUD,0,0,none
2026-04-20 12:01:49,1120,61.49,109.37,66.14,52.54,61.49,0.00,stable,239.99,120.90,-1.00,1,0.00,1,1,1,0.825,CLOUD,,0,CLOUD,CLOUD,0,0,none
2026-04-20 12:01:51,1121,81.61,163.86,66.28,51.84,61.49,20.12,up,188.30,120.90,-1.00,1,0.00,1,1,1,0.549,CLOUD,,0,CLOUD,CLOUD,0,0,none
2026-04-20 12:01:53,1122,41.18,2572.01,66.20,51.84,81.61,-40.43,down,738.65,120.90,-1.00,1,0.00,1,1,1,1.000,CLOUD,,0,CLOUD,CLOUD,0,0,none
2026-04-20 12:01:55,1123,41.18,2572.01,65.98,51.80,41.18,0.00,stable,1354.31,120.90,-1.00,1,0.00,1,1,1,1.000,CLOUD,,0,CLOUD,CLOUD,0,0,none
2026-04-20 12:01:57,1124,35.28,294.88,66.17,51.84,41.18,-5.90,stable,1400.69,120.90,-1.00,1,0.00,1,1,1,0.997,CLOUD,,0,CLOUD,CLOUD,0,0,none
2026-04-20 12:01:59,1125,60.70,223.86,66.09,51.83,35.28,25.42,up,1415.69,120.90,-1.00,1,0.00,1,1,1,0.921,CLOUD,,0,CLOUD,CLOUD,0,0,none
2026-04-20 12:02:01,1126,60.70,223.86,66.11,51.84,60.70,0.00,stable,828.65,120.90,-1.00,1,0.00,1,1,1,0.924,CLOUD,,0,CLOUD,CLOUD,0,0,none
2026-04-20 12:02:03,1127,62.97,150.26,66.06,51.82,60.70,2.27,stable,223.21,120.90,-1.00,1,0.00,1,1,1,0.831,CLOUD,,0,CLOUD,CLOUD,0,0,none
2026-04-20 12:02:05,1128,62.97,150.26,66.11,51.82,62.97,0.00,stable,187.06,120.90,-1.00,1,0.00,1,1,1,0.843,CLOUD,,0,CLOUD,CLOUD,0,0,none
2026-04-20 12:02:07,1129,32.59,95.15,66.11,51.80,62.97,-30.38,down,154.88,120.90,-1.00,1,0.00,1,0,1,0.986,CLOUD,,0,CLOUD,CLOUD,0,0,none
2026-04-20 12:02:09,1130,48.60,93.14,66.06,51.83,32.59,16.01,up,122.20,120.90,-1.00,1,0.00,1,0,1,0.929,CLOUD,,0,CLOUD,CLOUD,0,0,none
2026-04-20 12:02:11,1131,48.60,93.14,66.20,51.84,48.60,0.00,stable,107.92,120.90,-1.00,1,0.00,1,0,1,0.943,CLOUD,,0,CLOUD,CLOUD,0,0,none
2026-04-20 12:02:13,1132,35.44,158.50,65.92,51.81,48.60,-13.16,down,109.98,120.90,-1.00,1,0.00,1,1,1,0.985,CLOUD,,0,CLOUD,CLOUD,0,0,none
2026-04-20 12:02:15,1133,35.44,158.50,66.17,51.82,35.44,0.00,stable,125.82,120.90,-1.00,1,0.00,1,1,1,0.990,CLOUD,,0,CLOUD,CLOUD,0,0,none
2026-04-20 12:02:17,1134,69.74,147.08,66.01,51.79,35.44,34.29,up,139.30,120.90,-1.00,1,0.00,1,1,1,0.694,CLOUD,,0,CLOUD,CLOUD,0,0,none
2026-04-20 12:02:19,1135,45.42,117.62,66.08,52.03,69.74,-24.31,down,145.42,120.90,-1.00,1,0.00,1,1,1,0.958,CLOUD,,0,CLOUD,CLOUD,0,0,none
2026-04-20 12:02:21,1136,45.42,117.62,66.06,51.79,45.42,0.00,stable,135.20,120.90,-1.00,1,0.00,1,1,1,0.957,CLOUD,,0,CLOUD,CLOUD,0,0,none
2026-04-20 12:02:23,1137,112.43,84.76,66.11,51.82,45.42,67.00,up,116.77,120.90,-1.00,1,0.00,1,0,0,0.500,LOCAL,LOCAL,1,CLOUD,CLOUD,0,0,none
2026-04-20 12:02:25,1138,112.43,84.76,66.06,51.84,112.43,0.00,stable,101.19,120.90,-1.00,1,0.00,1,0,0,0.500,LOCAL,LOCAL,2,CLOUD,CLOUD,0,0,none
2026-04-20 12:02:27,1139,55.95,217.62,66.17,51.81,112.43,-56.48,down,126.19,120.90,-1.00,1,0.00,1,1,1,0.953,CLOUD,,0,CLOUD,CLOUD,0,0,none
2026-04-20 12:02:29,1140,34.22,260.62,66.22,51.85,55.95,-21.73,down,161.94,120.90,-1.00,1,0.00,1,1,1,0.996,CLOUD,,0,CLOUD,CLOUD,0,0,none
2026-04-20 12:02:31,1141,34.22,260.62,66.19,51.85,34.22,0.00,stable,205.90,120.90,-1.00,1,0.00,1,1,1,0.996,CLOUD,,0,CLOUD,CLOUD,0,0,none
2026-04-20 12:02:33,1142,33.74,231.30,65.97,51.80,34.22,-0.48,stable,242.54,120.90,-1.00,1,0.00,1,1,1,0.994,CLOUD,,0,CLOUD,CLOUD,0,0,none
2026-04-20 12:02:35,1143,72.53,238.50,66.14,51.87,33.74,38.80,up,247.76,120.90,-1.00,1,0.00,1,1,1,0.814,CLOUD,,0,CLOUD,CLOUD,0,0,none
2026-04-20 12:02:37,1144,72.53,238.50,66.08,51.81,72.53,0.00,stable,242.23,120.90,-1.00,1,0.00,1,1,1,0.801,CLOUD,,0,CLOUD,CLOUD,0,0,none
2026-04-20 12:02:39,1145,49.68,247.16,66.14,51.83,72.53,-22.85,down,238.86,120.90,-1.00,1,0.00,1,1,1,0.979,CLOUD,,0,CLOUD,CLOUD,0,0,none
2026-04-20 12:02:41,1146,49.68,247.16,65.95,51.79,49.68,0.00,stable,242.83,120.90,-1.00,1,0.00,1,1,1,0.971,CLOUD,,0,CLOUD,CLOUD,0,0,none
2026-04-20 12:02:43,1147,46.72,740.88,66.12,51.83,49.68,-2.97,stable,368.42,120.90,-1.00,1,0.00,1,1,1,1.000,CLOUD,,0,CLOUD,CLOUD,0,0,none
2026-04-20 12:02:45,1148,46.70,1548.50,66.28,51.84,46.72,-0.01,stable,695.92,120.90,-1.00,1,0.00,1,1,1,1.000,CLOUD,,0,CLOUD,CLOUD,0,0,none
2026-04-20 12:02:47,1149,46.70,1548.50,66.06,51.81,46.70,0.00,stable,1021.26,120.90,-1.00,1,0.00,1,1,1,1.000,CLOUD,,0,CLOUD,CLOUD,0,0,none
2026-04-20 12:02:49,1150,28.63,215.33,66.08,51.84,46.70,-18.07,down,1013.30,120.90,-1.00,1,0.00,1,1,1,0.996,CLOUD,,0,CLOUD,CLOUD,0,0,none
2026-04-20 12:02:51,1151,45.97,448.52,65.92,51.80,28.63,17.34,up,940.21,120.90,-1.00,1,0.00,1,1,1,0.996,CLOUD,,0,CLOUD,CLOUD,0,0,none
2026-04-20 12:02:53,1152,45.97,448.52,66.17,51.84,45.97,0.00,stable,665.22,120.90,-1.00,1,0.00,1,1,1,0.997,CLOUD,,0,CLOUD,CLOUD,0,0,none
2026-04-20 12:02:55,1153,125.17,156.38,66.06,51.84,45.97,79.20,up,317.19,120.90,-1.00,1,0.00,1,1,0,0.500,LOCAL,LOCAL,1,CLOUD,CLOUD,0,0,none
2026-04-20 12:02:57,1154,125.17,156.38,66.08,51.85,125.17,0.00,stable,302.45,120.90,-1.00,1,0.00,1,1,0,0.500,LOCAL,LOCAL,2,CLOUD,CLOUD,0,0,none
2026-04-20 12:02:59,1155,40.36,67.56,66.11,51.81,125.17,-84.82,down,207.21,120.90,-1.00,1,0.00,1,0,1,0.964,CLOUD,,0,CLOUD,CLOUD,0,0,none
2026-04-20 12:03:01,1156,37.60,192.64,66.03,51.96,40.36,-2.76,stable,143.24,120.90,-1.00,1,0.00,1,1,1,0.988,CLOUD,,0,CLOUD,CLOUD,0,0,none
2026-04-20 12:03:03,1157,37.60,192.64,66.15,51.84,37.60,0.00,stable,152.30,120.90,-1.00,1,0.00,1,1,1,0.990,CLOUD,,0,CLOUD,CLOUD,0,0,none
2026-04-20 12:03:05,1158,57.63,68.14,66.00,51.80,37.60,20.04,up,130.24,120.90,-1.00,1,0.00,1,0,1,0.800,CLOUD,,0,CLOUD,CLOUD,0,0,none
2026-04-20 12:03:07,1159,57.63,68.14,66.03,51.84,57.63,0.00,stable,130.39,120.90,-1.00,1,0.00,1,0,1,0.807,CLOUD,,0,CLOUD,CLOUD,0,0,none
2026-04-20 12:03:09,1160,42.68,62.00,66.06,51.85,57.63,-14.95,down,97.73,120.90,-1.00,1,0.00,1,0,1,0.949,CLOUD,,0,CLOUD,CLOUD,0,0,none
2026-04-20 12:03:11,1161,53.77,69.70,66.08,51.85,42.68,11.08,up,67.00,120.90,-1.00,1,0.00,1,0,1,0.872,CLOUD,,0,CLOUD,CLOUD,0,0,none
2026-04-20 12:03:13,1162,53.77,69.70,66.03,51.82,53.77,0.00,stable,67.38,120.90,-1.00,1,0.00,1,0,1,0.862,CLOUD,,0,CLOUD,CLOUD,0,0,none
2026-04-20 12:03:15,1163,181.26,2285.57,66.11,51.80,53.77,127.49,up,621.74,120.90,-1.00,1,0.00,1,1,1,0.999,CLOUD,,0,CLOUD,CLOUD,0,0,none
2026-04-20 12:03:17,1164,181.26,2285.57,66.14,51.85,181.26,0.00,stable,1177.63,120.90,-1.00,1,0.00,1,1,1,0.999,CLOUD,,0,CLOUD,CLOUD,0,0,none
2026-04-20 12:03:19,1165,43.13,104.58,65.89,51.83,181.26,-138.13,down,1186.35,120.90,-1.00,1,0.00,1,1,1,0.950,CLOUD,,0,CLOUD,CLOUD,0,0,none
2026-04-20 12:03:21,1166,43.13,104.58,66.19,51.83,43.13,0.00,stable,1195.08,120.90,-1.00,1,0.00,1,1,1,0.969,CLOUD,,0,CLOUD,CLOUD,0,0,none
2026-04-20 12:03:23,1167,36.19,163.39,66.11,51.80,43.13,-6.93,stable,664.53,120.90,-1.00,1,0.00,1,1,1,0.989,CLOUD,,0,CLOUD,CLOUD,0,0,none
2026-04-20 12:03:25,1168,35.43,200.88,66.39,52.05,36.19,-0.76,stable,143.36,120.90,-1.00,1,0.00,1,1,1,0.995,CLOUD,,0,CLOUD,CLOUD,0,0,none
2026-04-20 12:03:27,1169,35.43,200.88,66.20,51.85,35.43,0.00,stable,167.43,120.90,-1.00,1,0.00,1,1,1,0.993,CLOUD,,0,CLOUD,CLOUD,0,0,none
2026-04-20 12:03:29,1170,19.90,159.90,65.97,51.83,35.43,-15.53,down,181.26,120.90,-1.00,1,0.00,1,1,1,0.997,CLOUD,,0,CLOUD,CLOUD,0,0,none
2026-04-20 12:03:31,1171,19.90,159.90,66.03,51.83,19.90,0.00,stable,180.39,120.90,-1.00,1,0.00,1,1,1,0.997,CLOUD,,0,CLOUD,CLOUD,0,0,none
2026-04-20 12:03:33,1172,36.25,233.06,66.11,51.80,19.90,16.35,up,188.43,120.90,-1.00,1,0.00,1,1,1,0.993,CLOUD,,0,CLOUD,CLOUD,0,0,none
2026-04-20 12:03:35,1173,43.56,239.07,66.08,51.84,36.25,7.30,stable,197.98,120.90,-1.00,1,0.00,1,1,1,0.987,CLOUD,,0,CLOUD,CLOUD,0,0,none
2026-04-20 12:03:37,1174,43.56,239.07,66.08,51.84,43.56,0.00,stable,217.77,120.90,-1.00,1,0.00,1,1,1,0.987,CLOUD,,0,CLOUD,CLOUD,0,0,none
2026-04-20 12:03:39,1175,40.73,173.09,65.95,51.80,43.56,-2.82,stable,221.07,120.90,-1.00,1,0.00,1,1,1,0.979,CLOUD,,0,CLOUD,CLOUD,0,0,none
2026-04-20 12:03:41,1176,65.73,228.04,66.16,52.00,40.73,25.00,up,219.82,120.90,-1.00,1,0.00,1,1,1,0.892,CLOUD,,0,CLOUD,CLOUD,0,0,none
2026-04-20 12:03:43,1177,65.73,228.04,66.11,51.84,65.73,0.00,stable,217.06,120.90,-1.00,0,0.00,1,1,1,0.884,CLOUD,,0,CLOUD,CLOUD,0,0,none
2026-04-20 12:03:45,1178,48.52,96.25,66.08,51.79,65.73,-17.21,down,181.35,120.90,-1.00,0,0.00,1,0,1,0.934,CLOUD,,0,CLOUD,CLOUD,0,0,none
2026-04-20 12:03:47,1179,48.52,96.25,66.31,51.84,48.52,0.00,stable,162.14,120.90,-1.00,1,0.00,1,0,1,0.953,CLOUD,,0,CLOUD,CLOUD,0,0,none
2026-04-20 12:03:49,1180,31.57,178.83,66.03,51.84,48.52,-16.94,down,149.84,120.90,-1.00,1,0.00,1,1,1,0.993,CLOUD,,0,CLOUD,CLOUD,0,0,none
2026-04-20 12:03:51,1181,71.08,206.69,66.08,51.83,31.57,39.51,up,144.51,120.90,-1.00,1,0.00,1,1,1,0.783,CLOUD,,0,CLOUD,CLOUD,0,0,none
2026-04-20 12:03:53,1182,71.08,206.69,66.03,51.84,71.08,0.00,stable,172.12,120.90,-1.00,1,0.00,1,1,1,0.767,CLOUD,,0,CLOUD,CLOUD,0,0,none
2026-04-20 12:03:55,1183,91.44,67.61,66.17,51.84,71.08,20.35,up,164.96,120.90,-1.00,1,0.00,1,0,0,0.500,LOCAL,LOCAL,1,CLOUD,CLOUD,0,0,none
2026-04-20 12:03:57,1184,91.44,67.61,66.03,51.81,91.44,0.00,stable,137.15,120.90,-1.00,1,0.00,1,0,0,0.500,LOCAL,LOCAL,2,CLOUD,CLOUD,0,0,none
2026-04-20 12:03:59,1185,74.82,134.25,66.11,51.84,91.44,-16.62,down,119.04,120.90,-1.00,1,0.00,1,1,1,0.592,CLOUD,,0,CLOUD,CLOUD,0,0,none
2026-04-20 12:04:01,1186,85.29,852.20,66.11,51.85,74.82,10.47,up,280.41,120.90,-1.00,1,0.00,1,1,1,0.994,CLOUD,,0,CLOUD,CLOUD,0,0,none
2026-04-20 12:04:03,1187,85.29,852.20,66.06,51.81,85.29,0.00,stable,476.56,120.90,-1.00,1,0.00,1,1,1,0.993,CLOUD,,0,CLOUD,CLOUD,0,0,none
2026-04-20 12:04:05,1188,21.93,315.72,65.92,51.85,85.29,-63.37,down,538.59,120.90,-1.00,1,0.00,1,1,1,0.999,CLOUD,,0,CLOUD,CLOUD,0,0,none
2026-04-20 12:04:07,1189,84.83,68.87,66.00,51.85,21.93,62.90,up,522.25,120.90,-1.00,1,0.00,1,0,0,0.500,LOCAL,LOCAL,1,CLOUD,CLOUD,0,0,none
2026-04-20 12:04:09,1190,84.83,68.87,66.06,51.85,84.83,0.00,stable,326.41,120.90,-1.00,1,0.00,1,0,0,0.500,LOCAL,LOCAL,2,CLOUD,CLOUD,0,0,none
2026-04-20 12:04:12,1191,33.52,150.94,65.78,52.00,84.83,-51.31,down,151.10,120.90,-1.00,1,0.00,1,1,1,0.984,CLOUD,,0,CLOUD,CLOUD,0,0,none
2026-04-20 12:04:14,1192,33.52,150.94,66.18,51.85,33.52,0.00,stable,109.91,120.90,-1.00,1,0.00,1,1,1,0.991,CLOUD,,0,CLOUD,CLOUD,0,0,none
2026-04-20 12:04:16,1193,43.77,250.12,66.06,51.82,33.52,10.25,up,155.22,120.90,-1.00,1,0.00,1,1,1,0.987,CLOUD,,0,CLOUD,CLOUD,0,0,none
2026-04-20 12:04:18,1194,43.77,250.12,66.06,51.86,43.77,0.00,stable,200.53,120.90,-1.00,1,0.00,1,1,1,0.987,CLOUD,,0,CLOUD,CLOUD,0,0,none
2026-04-20 12:04:20,1195,48.66,151.67,66.08,51.86,43.77,4.89,stable,200.71,120.90,-1.00,0,0.00,1,1,1,0.956,CLOUD,,0,CLOUD,CLOUD,0,0,none
2026-04-20 12:04:23,1196,75.34,80.82,66.04,52.01,48.66,26.68,up,183.18,120.90,-1.00,0,0.00,1,0,0,0.500,LOCAL,LOCAL,1,CLOUD,CLOUD,0,0,none
2026-04-20 12:04:25,1197,75.34,80.82,66.11,51.85,75.34,0.00,stable,140.86,120.90,-1.00,1,0.00,1,0,0,0.500,LOCAL,LOCAL,2,CLOUD,CLOUD,0,0,none
2026-04-20 12:04:27,1198,58.65,36.95,65.89,51.84,75.34,-16.70,down,87.57,120.90,-1.00,1,0.00,1,0,1,0.702,CLOUD,,0,CLOUD,CLOUD,0,0,none
2026-04-20 12:04:29,1199,58.65,36.95,66.00,51.81,58.65,0.00,stable,58.89,120.90,-1.00,1,0.00,1,0,1,0.737,CLOUD,,0,CLOUD,CLOUD,0,0,none
2026-04-20 12:04:31,1200,147.04,207.39,66.06,51.84,58.65,88.39,up,90.53,120.90,-1.00,1,0.00,1,1,0,0.500,LOCAL,LOCAL,1,CLOUD,CLOUD,0,0,none
2026-04-20 12:04:33,1201,51.08,1464.24,66.11,51.81,147.04,-95.96,down,436.38,120.90,-1.00,1,0.00,1,1,1,1.000,CLOUD,,0,CLOUD,CLOUD,0,0,none
2026-04-20 12:04:35,1202,51.08,1464.24,66.06,51.85,51.08,0.00,stable,793.20,120.90,-1.00,1,0.00,1,1,1,1.000,CLOUD,,0,CLOUD,CLOUD,0,0,none
2026-04-20 12:04:37,1203,53.75,184.09,66.28,51.84,51.08,2.67,stable,829.99,120.90,-1.00,1,0.00,1,1,1,0.959,CLOUD,,0,CLOUD,CLOUD,0,0,none
2026-04-20 12:04:39,1204,53.75,184.09,65.95,51.81,53.75,0.00,stable,824.16,120.90,-1.00,1,0.00,1,1,1,0.932,CLOUD,,0,CLOUD,CLOUD,0,0,none
2026-04-20 12:04:41,1205,44.61,280.76,66.25,51.84,53.75,-9.14,stable,528.29,120.90,-1.00,1,0.00,1,1,1,0.992,CLOUD,,0,CLOUD,CLOUD,0,0,none
2026-04-20 12:04:43,1206,28.65,987.74,66.25,51.81,44.61,-15.96,down,409.17,120.90,-1.00,1,0.00,1,1,1,1.000,CLOUD,,0,CLOUD,CLOUD,0,0,none
2026-04-20 12:04:45,1207,28.65,987.74,66.19,51.85,28.65,0.00,stable,610.08,120.90,-1.00,1,0.00,1,1,1,1.000,CLOUD,,0,CLOUD,CLOUD,0,0,none
2026-04-20 12:04:47,1208,45.47,167.40,65.97,51.85,28.65,16.82,up,605.91,120.90,-1.00,1,0.00,1,1,1,0.966,CLOUD,,0,CLOUD,CLOUD,0,0,none
2026-04-20 12:04:49,1209,58.27,243.73,66.14,51.82,45.47,12.80,up,596.65,120.90,-1.00,1,0.00,1,1,1,0.950,CLOUD,,0,CLOUD,CLOUD,0,0,none
2026-04-20 12:04:51,1210,58.27,243.73,66.28,51.86,58.27,0.00,stable,410.65,120.90,-1.00,1,0.00,1,1,1,0.960,CLOUD,,0,CLOUD,CLOUD,0,0,none
2026-04-20 12:04:53,1211,51.59,98.38,66.03,51.81,58.27,-6.68,stable,188.31,120.90,-1.00,1,0.00,1,0,1,0.907,CLOUD,,0,CLOUD,CLOUD,0,0,none
2026-04-20 12:04:55,1212,51.59,98.38,66.11,51.84,51.59,0.00,stable,171.06,120.90,-1.00,1,0.00,1,0,1,0.917,CLOUD,,0,CLOUD,CLOUD,0,0,none
2026-04-20 12:04:57,1213,49.19,189.65,66.17,51.85,51.59,-2.40,stable,157.54,120.90,-1.00,1,0.00,1,1,1,0.970,CLOUD,,0,CLOUD,CLOUD,0,0,none
2026-04-20 12:04:59,1214,46.61,66.57,66.14,51.85,49.19,-2.58,stable,113.24,120.90,-1.00,1,0.00,1,0,1,0.937,CLOUD,,0,CLOUD,CLOUD,0,0,none
2026-04-20 12:05:01,1215,46.61,66.57,66.17,51.85,46.61,0.00,stable,105.29,120.90,-1.00,1,0.00,1,0,1,0.939,CLOUD,,0,CLOUD,CLOUD,0,0,none
2026-04-20 12:05:03,1216,97.81,167.10,66.00,51.81,46.61,51.21,up,122.47,120.90,-1.00,1,0.00,1,1,0,0.500,LOCAL,LOCAL,1,CLOUD,CLOUD,0,0,none
2026-04-20 12:05:05,1217,97.81,167.10,66.28,51.85,97.81,0.00,stable,116.84,120.90,-1.00,1,0.00,1,1,0,0.500,LOCAL,LOCAL,2,CLOUD,CLOUD,0,0,none
2026-04-20 12:05:07,1218,79.52,55.48,65.95,51.82,97.81,-18.30,down,114.06,120.90,-1.00,1,0.00,1,0,0,0.500,LOCAL,,0,CLOUD,LOCAL,1,0,started
2026-04-20 12:05:09,1219,79.52,55.48,66.56,52.41,79.52,0.00,stable,111.29,186.96,-1.00,1,0.00,1,0,0,0.500,LOCAL,,0,LOCAL,LOCAL,0,0,none
2026-04-20 12:05:11,1220,26.39,323.91,66.61,55.23,79.52,-53.12,down,150.49,174.83,-1.00,1,0.00,1,1,1,0.999,CLOUD,CLOUD,1,LOCAL,LOCAL,0,0,none
2026-04-20 12:05:13,1221,26.39,323.91,66.56,56.89,26.39,0.00,stable,189.69,179.00,-1.00,1,0.00,1,1,1,0.999,CLOUD,CLOUD,2,LOCAL,LOCAL,0,0,none
2026-04-20 12:05:15,1222,14.76,9.92,66.64,59.36,26.39,-11.64,down,178.31,183.26,-1.00,1,75.00,0,0,1,0.998,CLOUD,,0,LOCAL,CLOUD,1,0,started
2026-04-20 12:05:17,1223,14.76,9.92,66.62,52.51,14.76,0.00,stable,166.92,192.33,-1.00,1,75.00,0,0,1,0.998,CLOUD,,0,CLOUD,CLOUD,0,0,none
2026-04-20 12:05:19,1224,36.18,147.22,66.56,52.64,14.76,21.42,up,122.74,192.33,-1.00,1,0.00,1,1,1,0.994,CLOUD,,0,CLOUD,CLOUD,0,0,none
2026-04-20 12:05:21,1225,36.18,147.22,66.20,52.65,36.18,0.00,stable,78.57,192.33,-1.00,1,0.00,1,1,1,0.989,CLOUD,,0,CLOUD,CLOUD,0,0,none
2026-04-20 12:05:23,1226,49.73,101.38,66.11,52.64,36.18,13.55,up,101.44,192.33,-1.00,1,0.00,1,1,1,0.932,CLOUD,,0,CLOUD,CLOUD,0,0,none
2026-04-20 12:05:25,1227,35.10,208.90,66.14,52.60,49.73,-14.63,down,151.18,192.33,-1.00,1,0.00,1,1,1,0.993,CLOUD,,0,CLOUD,CLOUD,0,0,none
2026-04-20 12:05:27,1228,35.10,208.90,66.17,52.65,35.10,0.00,stable,166.60,192.33,-1.00,1,0.00,1,1,1,0.993,CLOUD,,0,CLOUD,CLOUD,0,0,none
2026-04-20 12:05:29,1229,33.00,61.06,66.08,52.65,35.10,-2.10,stable,145.06,192.33,-1.00,1,0.00,1,0,1,0.981,CLOUD,,0,CLOUD,CLOUD,0,0,none
2026-04-20 12:05:31,1230,26.99,187.11,66.06,52.65,33.00,-6.01,stable,166.49,192.33,-1.00,1,0.00,1,1,1,0.996,CLOUD,,0,CLOUD,CLOUD,0,0,none
2026-04-20 12:05:33,1231,26.99,187.11,66.06,52.61,26.99,0.00,stable,161.04,192.33,-1.00,1,0.00,1,1,1,0.996,CLOUD,,0,CLOUD,CLOUD,0,0,none
2026-04-20 12:05:40,1232,69.68,47.27,65.87,52.08,26.99,42.68,up,120.63,192.33,-1.00,1,0.00,1,0,0,0.500,LOCAL,LOCAL,1,CLOUD,CLOUD,0,0,none
2026-04-20 12:05:42,1233,69.68,47.27,66.03,51.93,69.68,0.00,stable,117.19,192.33,-1.00,1,0.00,1,0,1,0.515,CLOUD,,0,CLOUD,CLOUD,0,0,none
2026-04-20 12:05:44,1234,163.66,749.40,66.08,51.96,69.68,93.98,up,257.76,192.33,-1.00,1,0.00,1,1,0,0.500,LOCAL,LOCAL,1,CLOUD,CLOUD,0,0,none
2026-04-20 12:05:46,1235,163.66,749.40,66.06,51.91,163.66,0.00,stable,398.33,192.33,-1.00,1,0.00,1,1,0,0.500,LOCAL,LOCAL,2,CLOUD,CLOUD,0,0,none
2026-04-20 12:05:48,1236,36.77,609.07,66.00,51.95,163.66,-126.89,down,538.79,192.33,-1.00,1,0.00,1,1,1,1.000,CLOUD,,0,CLOUD,CLOUD,0,0,none
2026-04-20 12:05:50,1237,53.58,167.82,66.06,51.91,36.77,16.81,up,568.92,192.33,-1.00,1,0.00,1,1,1,0.936,CLOUD,,0,CLOUD,CLOUD,0,0,none
2026-04-20 12:05:52,1238,53.58,167.82,66.06,51.95,53.58,0.00,stable,423.53,192.33,-1.00,1,0.00,1,1,1,0.936,CLOUD,,0,CLOUD,CLOUD,0,0,none
2026-04-20 12:05:54,1239,45.48,75.88,66.03,51.92,53.58,-8.10,stable,255.15,192.33,-1.00,1,0.00,1,0,1,0.937,CLOUD,,0,CLOUD,CLOUD,0,0,none
2026-04-20 12:05:56,1240,45.48,75.88,66.22,51.96,45.48,0.00,stable,121.85,192.33,-1.00,1,0.00,1,0,1,0.953,CLOUD,,0,CLOUD,CLOUD,0,0,none
2026-04-20 12:05:58,1241,136.11,111.69,66.00,51.95,45.48,90.64,up,107.81,192.33,-1.00,1,0.00,1,1,0,0.500,LOCAL,LOCAL,1,CLOUD,CLOUD,0,0,none
2026-04-20 12:06:00,1242,29.78,374.25,66.03,51.95,136.11,-106.33,down,159.42,192.33,-1.00,1,0.00,1,1,1,0.999,CLOUD,,0,CLOUD,CLOUD,0,0,none
2026-04-20 12:06:02,1243,29.78,374.25,66.14,51.96,29.78,0.00,stable,234.02,192.33,-1.00,1,0.00,1,1,1,0.999,CLOUD,,0,CLOUD,CLOUD,0,0,none
2026-04-20 12:06:04,1244,40.34,135.23,66.17,51.92,29.78,10.56,up,248.86,192.33,-1.00,1,0.00,1,1,1,0.980,CLOUD,,0,CLOUD,CLOUD,0,0,none
2026-04-20 12:06:06,1245,40.34,135.23,66.11,51.96,40.34,0.00,stable,254.74,192.33,-1.00,1,0.00,1,1,1,0.979,CLOUD,,0,CLOUD,CLOUD,0,0,none
2026-04-20 12:06:08,1246,47.88,59.26,66.14,51.95,40.34,7.54,stable,175.99,192.33,-1.00,1,0.00,1,0,1,0.925,CLOUD,,0,CLOUD,CLOUD,0,0,none
2026-04-20 12:06:12,1247,38.42,105.74,65.87,52.21,47.88,-9.46,stable,108.86,192.33,-1.00,1,0.00,1,1,1,0.967,CLOUD,,0,CLOUD,CLOUD,0,0,none
2026-04-20 12:06:14,1248,38.42,105.74,66.28,51.95,38.42,0.00,stable,101.49,192.33,-1.00,1,0.00,1,1,1,0.983,CLOUD,,0,CLOUD,CLOUD,0,0,none
2026-04-20 12:06:16,1249,46.03,123.90,65.94,51.92,38.42,7.60,stable,98.66,192.33,-1.00,1,0.00,1,1,1,0.948,CLOUD,,0,CLOUD,CLOUD,0,0,none
2026-04-20 12:06:18,1250,46.03,123.90,66.06,51.95,46.03,0.00,stable,114.82,192.33,-1.00,1,0.00,1,1,1,0.956,CLOUD,,0,CLOUD,CLOUD,0,0,none
2026-04-20 12:06:20,1251,62.76,193.38,66.22,51.97,46.03,16.73,up,136.73,192.33,-1.00,1,0.00,1,1,1,0.903,CLOUD,,0,CLOUD,CLOUD,0,0,none
2026-04-20 12:06:22,1252,51.91,259.54,66.08,51.98,62.76,-10.85,down,175.18,192.33,-1.00,1,0.00,1,1,1,0.974,CLOUD,,0,CLOUD,CLOUD,0,0,none
2026-04-20 12:06:24,1253,51.91,259.54,66.06,51.96,51.91,0.00,stable,209.09,192.33,-1.00,1,0.00,1,1,1,0.973,CLOUD,,0,CLOUD,CLOUD,0,0,none
2026-04-20 12:06:26,1254,41.40,157.47,65.93,52.04,51.91,-10.50,down,217.48,192.33,-1.00,1,0.00,1,1,1,0.974,CLOUD,,0,CLOUD,CLOUD,0,0,none
2026-04-20 12:06:28,1255,41.40,157.47,66.12,51.92,41.40,0.00,stable,208.50,192.33,-1.00,1,0.00,1,1,1,0.980,CLOUD,,0,CLOUD,CLOUD,0,0,none
2026-04-20 12:06:30,1256,166.73,134.66,66.08,51.95,41.40,125.33,up,177.28,192.33,-1.00,1,0.00,1,1,0,0.500,LOCAL,LOCAL,1,CLOUD,CLOUD,0,0,none
2026-04-20 12:06:32,1257,166.73,134.66,66.08,51.91,166.73,0.00,stable,146.07,192.33,-1.00,1,0.00,1,1,0,0.500,LOCAL,LOCAL,2,CLOUD,CLOUD,0,0,none
2026-04-20 12:06:34,1258,45.05,630.53,66.14,51.94,166.73,-121.68,down,264.33,192.33,-1.00,1,0.00,1,1,1,0.999,CLOUD,,0,CLOUD,CLOUD,0,0,none
2026-04-20 12:06:36,1259,81.12,122.98,66.10,52.10,45.05,36.07,up,255.71,192.33,-1.00,1,0.00,1,1,0,0.500,LOCAL,LOCAL,1,CLOUD,CLOUD,0,0,none
2026-04-20 12:06:38,1260,81.12,122.98,66.22,51.95,81.12,0.00,stable,252.79,192.33,-1.00,0,0.00,1,1,0,0.500,LOCAL,LOCAL,2,CLOUD,CLOUD,0,0,none
2026-04-20 12:06:40,1261,92.62,170.74,66.00,51.95,81.12,11.50,up,261.81,192.33,-1.00,0,0.00,1,1,0,0.500,LOCAL,,0,CLOUD,LOCAL,1,0,started
2026-04-20 12:06:42,1262,92.62,170.74,66.64,52.78,92.62,0.00,stable,146.86,184.09,-1.00,1,0.00,1,1,0,0.500,LOCAL,,0,LOCAL,LOCAL,0,0,none
2026-04-20 12:06:44,1263,46.78,1836.59,66.64,54.75,92.62,-45.84,down,575.26,169.10,-1.00,1,0.00,1,1,1,1.000,CLOUD,CLOUD,1,LOCAL,LOCAL,0,0,none
2026-04-20 12:06:46,1264,388.01,406.34,66.64,57.11,46.78,341.23,up,646.10,163.40,-1.00,1,0.00,0,1,0,0.500,LOCAL,,0,LOCAL,LOCAL,0,0,none
2026-04-20 12:06:48,1265,388.01,406.34,66.56,59.70,388.01,0.00,stable,705.00,172.23,-1.00,1,0.00,0,1,0,0.500,LOCAL,,0,LOCAL,LOCAL,0,0,none
2026-04-20 12:06:50,1266,19.94,543.98,66.61,61.96,388.01,-368.07,down,798.31,170.18,-1.00,1,0.00,1,1,1,1.000,CLOUD,CLOUD,1,LOCAL,LOCAL,0,0,none
2026-04-20 12:06:52,1267,101.39,525.38,66.67,62.68,19.94,81.45,up,470.51,306.37,-1.00,1,0.00,1,1,1,0.850,CLOUD,CLOUD,2,LOCAL,LOCAL,0,0,none
2026-04-20 12:06:54,1268,101.39,525.38,66.58,62.09,101.39,0.00,stable,500.27,161.84,-1.00,1,0.00,1,1,1,0.832,CLOUD,,0,LOCAL,CLOUD,1,0,started
2026-04-20 12:06:57,1269,374.47,241.16,66.69,53.10,101.39,273.08,up,458.98,228.58,-1.00,1,0.00,0,1,0,0.500,LOCAL,LOCAL,1,CLOUD,CLOUD,0,0,none
2026-04-20 12:06:59,1270,374.47,241.16,66.36,53.19,374.47,0.00,stable,383.27,228.58,-1.00,1,0.00,0,1,0,0.500,LOCAL,LOCAL,2,CLOUD,CLOUD,0,0,none
2026-04-20 12:07:01,1271,79.76,78.90,66.03,53.23,374.47,-294.71,down,271.65,228.58,-1.00,1,0.00,1,0,0,0.500,LOCAL,,0,CLOUD,LOCAL,1,0,started
2026-04-20 12:07:03,1272,21.57,1902.61,66.64,53.33,79.76,-58.20,down,615.96,228.51,-1.00,1,0.00,1,1,1,1.000,CLOUD,CLOUD,1,LOCAL,LOCAL,0,0,none
2026-04-20 12:07:05,1273,21.57,1902.61,66.61,55.37,21.57,0.00,stable,1031.32,175.93,-1.00,1,0.00,1,1,1,1.000,CLOUD,CLOUD,2,LOCAL,LOCAL,0,0,none
2026-04-20 12:07:07,1274,21.57,1902.61,66.53,57.75,21.57,0.00,stable,1446.68,231.32,-1.00,1,0.00,1,1,1,1.000,CLOUD,,0,LOCAL,CLOUD,1,0,started
2026-04-20 12:07:09,1275,5.96,6.79,66.62,53.08,21.57,-15.60,down,1428.66,231.32,-1.00,1,75.00,0,0,1,0.999,CLOUD,,0,CLOUD,CLOUD,0,0,none
2026-04-20 12:07:11,1276,82.94,202.27,66.50,53.18,5.96,76.98,up,1003.57,231.32,-1.00,1,0.00,1,1,1,0.674,CLOUD,,0,CLOUD,CLOUD,0,0,none
2026-04-20 12:07:13,1277,82.94,202.27,66.17,53.21,82.94,0.00,stable,578.49,231.32,-1.00,1,0.00,1,1,1,0.548,CLOUD,,0,CLOUD,CLOUD,0,0,none
2026-04-20 12:07:15,1278,59.30,184.95,66.17,53.22,82.94,-23.65,down,149.07,231.32,-1.00,1,0.00,1,1,1,0.918,CLOUD,,0,CLOUD,CLOUD,0,0,none
2026-04-20 12:07:17,1279,77.23,74.69,66.17,53.22,59.30,17.93,up,166.05,231.32,-1.00,1,0.00,1,0,0,0.500,LOCAL,LOCAL,1,CLOUD,CLOUD,0,0,none
2026-04-20 12:07:19,1280,77.23,74.69,66.06,53.20,77.23,0.00,stable,134.15,231.32,-1.00,1,0.00,1,0,0,0.500,LOCAL,LOCAL,2,CLOUD,CLOUD,0,0,none
2026-04-20 12:07:21,1281,61.33,316.31,66.25,53.22,77.23,-15.90,down,162.66,231.32,-1.00,1,0.00,1,1,1,0.968,CLOUD,,0,CLOUD,CLOUD,0,0,none
2026-04-20 12:07:23,1282,61.33,316.31,66.14,53.23,61.33,0.00,stable,195.50,231.32,-1.00,1,0.00,1,1,1,0.962,CLOUD,,0,CLOUD,CLOUD,0,0,none
2026-04-20 12:07:25,1283,50.71,140.29,65.95,53.19,61.33,-10.62,down,211.90,231.32,-1.00,1,0.00,1,1,1,0.928,CLOUD,,0,CLOUD,CLOUD,0,0,none
2026-04-20 12:07:27,1284,50.71,140.29,66.14,53.23,50.71,0.00,stable,228.30,231.32,-1.00,1,0.00,1,1,1,0.947,CLOUD,,0,CLOUD,CLOUD,0,0,none
2026-04-20 12:07:29,1285,93.40,15.16,66.14,53.23,50.71,42.69,up,153.01,231.32,-1.00,1,0.00,1,0,0,0.500,LOCAL,LOCAL,1,CLOUD,CLOUD,0,0,none
2026-04-20 12:07:31,1286,159.48,94.45,66.25,52.51,93.40,66.08,up,97.55,231.32,-1.00,1,0.00,1,0,0,0.500,LOCAL,LOCAL,2,CLOUD,CLOUD,0,0,none
2026-04-20 12:07:33,1287,159.48,94.45,66.08,52.54,159.48,0.00,stable,86.09,231.32,-1.00,1,0.00,1,0,0,0.500,LOCAL,,0,CLOUD,LOCAL,1,0,started
2026-04-20 12:07:36,1288,42.40,110.39,66.35,53.48,159.48,-117.08,down,78.61,180.31,-1.00,1,0.00,1,1,1,0.978,CLOUD,CLOUD,1,LOCAL,LOCAL,0,0,none
2026-04-20 12:07:38,1289,35.90,1630.68,66.53,55.58,42.40,-6.50,stable,482.49,162.28,-1.00,1,0.00,1,1,1,1.000,CLOUD,CLOUD,2,LOCAL,LOCAL,0,0,none
2026-04-20 12:07:40,1290,35.90,1630.68,66.64,58.06,35.90,0.00,stable,866.55,232.67,-1.00,1,0.00,1,1,1,1.000,CLOUD,,0,LOCAL,CLOUD,1,0,started
2026-04-20 12:07:43,1291,107.62,502.04,66.69,52.95,35.90,71.72,up,968.45,243.27,-1.00,0,0.00,1,1,1,0.723,CLOUD,,0,CLOUD,CLOUD,0,0,none
2026-04-20 12:07:45,1292,65.78,65.63,66.47,53.21,107.62,-41.84,down,957.26,243.27,-1.00,0,0.00,1,0,1,0.786,CLOUD,,0,CLOUD,CLOUD,0,0,none
2026-04-20 12:07:47,1293,65.78,65.63,66.14,53.19,65.78,0.00,stable,565.99,243.27,-1.00,1,0.00,1,0,1,0.684,CLOUD,,0,CLOUD,CLOUD,0,0,none
2026-04-20 12:07:49,1294,44.02,215.27,65.95,53.17,65.78,-21.76,down,212.14,243.27,-1.00,1,0.00,1,1,1,0.979,CLOUD,,0,CLOUD,CLOUD,0,0,none
2026-04-20 12:07:52,1295,45.15,82.51,66.01,53.27,44.02,1.13,stable,107.26,243.27,-1.00,1,0.00,1,0,1,0.940,CLOUD,,0,CLOUD,CLOUD,0,0,none
2026-04-20 12:07:54,1296,45.15,82.51,66.09,53.21,45.15,0.00,stable,111.48,243.27,-1.00,1,0.00,1,0,1,0.947,CLOUD,,0,CLOUD,CLOUD,0,0,none
2026-04-20 12:07:56,1297,67.33,111.74,66.14,53.22,45.15,22.19,up,123.01,243.27,-1.00,1,0.00,1,1,1,0.728,CLOUD,,0,CLOUD,CLOUD,0,0,none
2026-04-20 12:07:58,1298,67.33,111.74,66.14,53.18,67.33,0.00,stable,97.12,243.27,-1.00,1,0.00,1,1,1,0.728,CLOUD,,0,CLOUD,CLOUD,0,0,none
2026-04-20 12:08:00,1299,41.05,256.45,66.11,53.20,67.33,-26.29,down,140.61,243.27,-1.00,1,0.00,1,1,1,0.991,CLOUD,,0,CLOUD,CLOUD,0,0,none
2026-04-20 12:08:02,1300,41.71,2557.11,66.19,53.21,41.05,0.66,stable,759.26,243.27,-1.00,1,0.00,1,1,1,1.000,CLOUD,,0,CLOUD,CLOUD,0,0,none
2026-04-20 12:08:04,1301,41.71,2557.11,66.03,53.18,41.71,0.00,stable,1370.60,243.27,-1.00,1,0.00,1,1,1,1.000,CLOUD,,0,CLOUD,CLOUD,0,0,none
2026-04-20 12:08:06,1302,37.63,655.40,66.19,52.54,41.71,-4.07,stable,1506.52,243.27,-1.00,1,0.00,1,1,1,1.000,CLOUD,,0,CLOUD,CLOUD,0,0,none
2026-04-20 12:08:08,1303,37.63,655.40,66.14,52.52,37.63,0.00,stable,1606.26,243.27,-1.00,1,0.00,1,1,1,1.000,CLOUD,,0,CLOUD,CLOUD,0,0,none
2026-04-20 12:08:10,1304,89.91,66.49,66.12,52.49,37.63,52.28,up,983.60,243.27,-1.00,1,0.00,1,0,0,0.500,LOCAL,LOCAL,1,CLOUD,CLOUD,0,0,none
2026-04-20 12:08:12,1305,122.92,100.76,66.09,52.54,89.91,33.01,up,369.51,243.27,-1.00,1,0.00,1,1,0,0.500,LOCAL,LOCAL,2,CLOUD,CLOUD,0,0,none
2026-04-20 12:08:14,1306,122.92,100.76,66.08,52.53,122.92,0.00,stable,230.85,243.27,-1.00,1,0.00,1,1,0,0.500,LOCAL,,0,CLOUD,LOCAL,1,0,started
2026-04-20 12:08:16,1307,20.11,57.00,66.59,53.46,122.92,-102.81,down,81.25,243.27,-1.00,1,0.00,1,0,1,0.997,CLOUD,CLOUD,1,LOCAL,LOCAL,0,0,none
2026-04-20 12:08:18,1308,20.11,57.00,66.53,56.12,20.11,0.00,stable,78.88,186.58,-1.00,1,0.00,1,0,1,0.997,CLOUD,CLOUD,2,LOCAL,LOCAL,0,0,none
2026-04-20 12:08:20,1309,47.62,174.08,66.47,57.81,20.11,27.51,up,97.21,169.57,-1.00,1,25.00,0,1,1,0.982,CLOUD,,0,LOCAL,CLOUD,1,0,started
2026-04-20 12:08:22,1310,21.00,179.90,66.69,53.10,47.62,-26.62,down,117.00,213.65,-1.00,1,0.00,1,1,1,0.999,CLOUD,,0,CLOUD,CLOUD,0,0,none
2026-04-20 12:08:24,1311,21.00,179.90,66.42,53.26,21.00,0.00,stable,147.72,213.65,-1.00,1,0.00,1,1,1,0.999,CLOUD,,0,CLOUD,CLOUD,0,0,none
2026-04-20 12:08:26,1312,129.29,159.06,66.00,53.25,21.00,108.29,up,173.24,213.65,-1.00,1,0.00,1,1,0,0.500,LOCAL,LOCAL,1,CLOUD,CLOUD,0,0,none
2026-04-20 12:08:30,1313,53.36,1908.35,66.03,53.50,129.29,-75.94,down,606.80,213.65,-1.00,1,0.00,1,1,1,1.000,CLOUD,,0,CLOUD,CLOUD,0,0,none
2026-04-20 12:08:32,1314,53.36,1908.35,66.18,53.27,53.36,0.00,stable,1038.91,213.65,-1.00,1,0.00,1,1,1,1.000,CLOUD,,0,CLOUD,CLOUD,0,0,none
2026-04-20 12:08:34,1315,90.00,257.56,66.11,53.23,53.36,36.64,up,1058.33,213.65,-1.00,1,0.00,1,1,0,0.500,LOCAL,LOCAL,1,CLOUD,CLOUD,0,0,none
2026-04-20 12:08:36,1316,90.00,257.56,66.20,53.27,90.00,0.00,stable,1082.95,213.65,-1.00,0,0.00,1,1,0,0.500,LOCAL,LOCAL,2,CLOUD,CLOUD,0,0,none
2026-04-20 12:08:39,1317,59.23,229.50,65.95,53.22,90.00,-30.77,down,663.24,213.65,-1.00,0,0.00,1,1,1,0.919,CLOUD,,0,CLOUD,CLOUD,0,0,none
2026-04-20 12:08:41,1318,59.23,229.50,66.33,53.26,59.23,0.00,stable,243.53,213.65,-1.00,1,0.00,1,1,1,0.955,CLOUD,,0,CLOUD,CLOUD,0,0,none
2026-04-20 12:08:43,1319,58.23,44.38,66.00,53.22,59.23,-1.01,stable,190.24,213.65,-1.00,1,0.00,1,0,1,0.756,CLOUD,,0,CLOUD,CLOUD,0,0,none
2026-04-20 12:08:45,1320,74.64,242.08,66.25,52.54,58.23,16.41,up,186.37,213.65,-1.00,1,0.00,1,1,1,0.814,CLOUD,,0,CLOUD,CLOUD,0,0,none
2026-04-20 12:08:47,1321,74.64,242.08,66.17,52.50,74.64,0.00,stable,189.51,213.65,-1.00,1,0.00,1,1,1,0.793,CLOUD,,0,CLOUD,CLOUD,0,0,none
2026-04-20 12:08:49,1322,25.98,61.22,65.95,52.52,74.64,-48.66,down,147.44,213.65,-1.00,1,0.00,1,0,1,0.988,CLOUD,,0,CLOUD,CLOUD,0,0,none
2026-04-20 12:08:51,1323,69.31,66.96,66.13,52.66,25.98,43.33,up,153.09,213.65,-1.00,1,0.00,1,0,1,0.601,CLOUD,,0,CLOUD,CLOUD,0,0,none
2026-04-20 12:08:53,1324,69.31,66.96,65.96,52.53,69.31,0.00,stable,109.31,213.65,-1.00,1,0.00,1,0,1,0.537,CLOUD,,0,CLOUD,CLOUD,0,0,none
2026-04-20 12:08:55,1325,47.07,517.74,66.06,52.53,69.31,-22.25,down,178.22,213.65,-1.00,1,0.00,1,1,1,0.998,CLOUD,,0,CLOUD,CLOUD,0,0,none
2026-04-20 12:08:57,1326,47.07,517.74,66.06,52.54,47.07,0.00,stable,292.35,213.65,-1.00,1,0.00,1,1,1,0.998,CLOUD,,0,CLOUD,CLOUD,0,0,none
2026-04-20 12:08:59,1327,54.24,239.45,66.22,52.54,47.07,7.18,stable,335.47,213.65,-1.00,1,0.00,1,1,1,0.969,CLOUD,,0,CLOUD,CLOUD,0,0,none
2026-04-20 12:09:01,1328,41.18,99.64,66.06,52.50,54.24,-13.06,down,343.64,213.65,-1.00,1,0.00,1,0,1,0.967,CLOUD,,0,CLOUD,CLOUD,0,0,none
2026-04-20 12:09:03,1329,41.18,99.64,66.11,52.54,41.18,0.00,stable,239.12,213.65,-1.00,1,0.00,1,0,1,0.970,CLOUD,,0,CLOUD,CLOUD,0,0,none
2026-04-20 12:09:05,1330,56.45,166.47,65.80,52.50,41.18,15.26,up,151.30,213.65,-1.00,1,0.00,1,1,1,0.878,CLOUD,,0,CLOUD,CLOUD,0,0,none
2026-04-20 12:09:07,1331,47.66,191.98,66.14,52.66,56.45,-8.78,stable,139.43,213.65,-1.00,1,0.00,1,1,1,0.973,CLOUD,,0,CLOUD,CLOUD,0,0,none
2026-04-20 12:09:09,1332,47.66,191.98,66.09,52.54,47.66,0.00,stable,162.51,213.65,-1.00,1,0.00,1,1,1,0.971,CLOUD,,0,CLOUD,CLOUD,0,0,none
2026-04-20 12:09:11,1333,45.82,96.52,66.00,52.50,47.66,-1.85,stable,161.74,213.65,-1.00,1,0.00,1,0,1,0.942,CLOUD,,0,CLOUD,CLOUD,0,0,none
2026-04-20 12:09:13,1334,45.82,96.52,66.14,52.54,45.82,0.00,stable,144.25,213.65,-1.00,1,0.00,1,0,1,0.953,CLOUD,,0,CLOUD,CLOUD,0,0,none
2026-04-20 12:09:15,1335,160.00,78.35,65.97,52.50,45.82,114.18,up,115.84,213.65,-1.00,1,0.00,1,0,0,0.500,LOCAL,LOCAL,1,CLOUD,CLOUD,0,0,none
2026-04-20 12:09:17,1336,160.00,78.35,66.25,52.54,160.00,0.00,stable,87.44,213.65,-1.00,1,0.00,1,0,0,0.500,LOCAL,LOCAL,2,CLOUD,CLOUD,0,0,none
2026-04-20 12:09:19,1337,51.40,35.20,66.00,52.53,160.00,-108.59,down,72.11,213.65,-1.00,1,0.00,1,0,1,0.851,CLOUD,,0,CLOUD,CLOUD,0,0,none
2026-04-20 12:09:21,1338,51.40,35.20,66.17,52.54,51.40,0.00,stable,56.78,213.65,-1.00,1,0.00,1,0,1,0.882,CLOUD,,0,CLOUD,CLOUD,0,0,none
2026-04-20 12:09:23,1339,121.52,290.77,65.95,52.69,51.40,70.12,up,109.88,213.65,-1.00,1,0.00,1,1,0,0.500,LOCAL,LOCAL,1,CLOUD,CLOUD,0,0,none
2026-04-20 12:09:25,1340,121.52,290.77,66.06,52.55,121.52,0.00,stable,162.99,213.65,-1.00,1,0.00,1,1,0,0.500,LOCAL,LOCAL,2,CLOUD,CLOUD,0,0,none
2026-04-20 12:09:27,1341,35.31,106.92,66.06,52.53,121.52,-86.21,down,180.92,213.65,-1.00,1,0.00,1,1,1,0.982,CLOUD,,0,CLOUD,CLOUD,0,0,none
2026-04-20 12:09:29,1342,35.31,106.92,66.11,52.55,35.31,0.00,stable,198.85,213.65,-1.00,1,0.00,1,1,1,0.984,CLOUD,,0,CLOUD,CLOUD,0,0,none
2026-04-20 12:09:31,1343,50.72,249.04,66.08,52.50,35.31,15.41,up,188.41,213.65,-1.00,1,0.00,1,1,1,0.975,CLOUD,,0,CLOUD,CLOUD,0,0,none
2026-04-20 12:09:33,1344,48.50,116.35,66.06,52.55,50.72,-2.22,stable,144.81,213.65,-1.00,1,0.00,1,1,1,0.941,CLOUD,,0,CLOUD,CLOUD,0,0,none
2026-04-20 12:09:35,1345,48.50,116.35,66.14,52.50,48.50,0.00,stable,147.16,213.65,-1.00,1,0.00,1,1,1,0.948,CLOUD,,0,CLOUD,CLOUD,0,0,none
2026-04-20 12:09:37,1346,52.84,139.50,65.99,52.69,48.50,4.34,stable,155.31,213.65,-1.00,1,0.00,1,1,1,0.917,CLOUD,,0,CLOUD,CLOUD,0,0,none
2026-04-20 12:09:39,1347,52.84,139.50,65.95,52.53,52.84,0.00,stable,127.92,213.65,-1.00,1,0.00,1,1,1,0.913,CLOUD,,0,CLOUD,CLOUD,0,0,none
2026-04-20 12:09:41,1348,84.03,220.28,66.14,52.50,52.84,31.19,up,153.91,213.65,-1.00,1,0.00,1,1,1,0.546,CLOUD,,0,CLOUD,CLOUD,0,0,none
2026-04-20 12:09:43,1349,84.03,220.28,66.03,52.54,84.03,0.00,stable,179.89,213.65,-1.00,1,0.00,1,1,1,0.502,CLOUD,,0,CLOUD,CLOUD,0,0,none
2026-04-20 12:09:45,1350,108.99,44.92,65.83,52.52,84.03,24.96,up,156.25,213.65,-1.00,1,0.00,1,0,0,0.500,LOCAL,LOCAL,1,CLOUD,CLOUD,0,0,none
2026-04-20 12:09:47,1351,108.99,44.92,66.19,52.55,108.99,0.00,stable,132.60,213.65,-1.00,1,0.00,1,0,0,0.500,LOCAL,LOCAL,2,CLOUD,CLOUD,0,0,none
2026-04-20 12:09:49,1352,49.41,194.05,66.06,52.50,108.99,-59.58,down,126.04,213.65,-1.00,1,0.00,1,1,1,0.964,CLOUD,,0,CLOUD,CLOUD,0,0,none
2026-04-20 12:09:51,1353,49.41,194.05,66.00,52.54,49.41,0.00,stable,119.48,213.65,-1.00,1,0.00,1,1,1,0.961,CLOUD,,0,CLOUD,CLOUD,0,0,none
2026-04-20 12:09:53,1354,63.29,46.26,66.06,52.54,49.41,13.88,up,119.82,213.65,-1.00,1,0.00,1,0,1,0.675,CLOUD,,0,CLOUD,CLOUD,0,0,none
2026-04-20 12:09:55,1355,44.45,110.31,66.20,52.50,63.29,-18.84,down,136.17,213.65,-1.00,1,0.00,1,1,1,0.966,CLOUD,,0,CLOUD,CLOUD,0,0,none
2026-04-20 12:09:57,1356,44.45,110.31,66.28,52.54,44.45,0.00,stable,115.23,213.65,-1.00,1,0.00,1,1,1,0.970,CLOUD,,0,CLOUD,CLOUD,0,0,none
2026-04-20 12:09:59,1357,48.02,94.92,66.28,52.54,44.45,3.57,stable,90.45,213.65,-1.00,1,0.00,1,0,1,0.953,CLOUD,,0,CLOUD,CLOUD,0,0,none
2026-04-20 12:10:01,1358,56.33,90.50,66.06,52.57,48.02,8.31,stable,101.51,213.65,-1.00,1,0.00,1,0,1,0.856,CLOUD,,0,CLOUD,CLOUD,0,0,none
2026-04-20 12:10:03,1359,56.33,90.50,65.95,52.54,56.33,0.00,stable,96.56,213.65,-1.00,1,0.00,1,0,1,0.832,CLOUD,,0,CLOUD,CLOUD,0,0,none
2026-04-20 12:10:05,1360,40.81,182.82,66.03,52.50,56.33,-15.52,down,114.68,213.65,-1.00,1,0.00,1,1,1,0.982,CLOUD,,0,CLOUD,CLOUD,0,0,none
2026-04-20 12:10:07,1361,40.81,182.82,66.00,52.54,40.81,0.00,stable,136.66,213.65,-1.00,1,0.00,1,1,1,0.982,CLOUD,,0,CLOUD,CLOUD,0,0,none
2026-04-20 12:10:09,1362,71.14,290.97,66.17,52.54,40.81,30.33,up,186.78,213.65,-1.00,1,0.00,1,1,1,0.890,CLOUD,,0,CLOUD,CLOUD,0,0,none
2026-04-20 12:10:11,1363,25.96,1025.88,66.17,52.50,71.14,-45.17,down,420.62,213.65,-1.00,1,0.00,1,1,1,1.000,CLOUD,,0,CLOUD,CLOUD,0,0,none
2026-04-20 12:10:13,1364,25.96,1025.88,66.20,52.55,25.96,0.00,stable,631.39,213.65,-1.00,1,0.00,1,1,1,1.000,CLOUD,,0,CLOUD,CLOUD,0,0,none
2026-04-20 12:10:15,1365,52.67,312.56,66.00,52.55,25.96,26.71,up,663.82,213.65,-1.00,1,0.00,1,1,1,0.979,CLOUD,,0,CLOUD,CLOUD,0,0,none
2026-04-20 12:10:17,1366,52.67,312.56,65.92,52.55,52.67,0.00,stable,669.22,213.65,-1.00,1,0.00,1,1,1,0.976,CLOUD,,0,CLOUD,CLOUD,0,0,none
2026-04-20 12:10:19,1367,47.83,317.35,66.08,52.54,52.67,-4.85,stable,492.08,213.65,-1.00,1,25.00,0,1,1,0.989,CLOUD,,0,CLOUD,CLOUD,0,0,none
2026-04-20 12:10:21,1368,47.83,317.35,66.14,52.51,47.83,0.00,stable,314.95,213.65,-1.00,1,25.00,0,1,1,0.990,CLOUD,,0,CLOUD,CLOUD,0,0,none
2026-04-20 12:10:23,1369,64.04,2045.13,66.25,52.54,47.83,16.22,up,748.10,213.65,-1.00,1,0.00,1,1,1,1.000,CLOUD,,0,CLOUD,CLOUD,0,0,none
2026-04-20 12:10:25,1370,50.56,50.81,66.03,52.49,64.04,-13.48,down,682.66,213.65,-1.00,1,0.00,1,0,1,0.880,CLOUD,,0,CLOUD,CLOUD,0,0,none
2026-04-20 12:10:27,1371,50.56,50.81,66.17,52.53,50.56,0.00,stable,616.02,213.65,-1.00,1,0.00,1,0,1,0.902,CLOUD,,0,CLOUD,CLOUD,0,0,none
2026-04-20 12:10:29,1372,61.40,220.82,66.03,52.56,50.56,10.84,up,591.89,213.65,-1.00,1,0.00,1,1,1,0.907,CLOUD,,0,CLOUD,CLOUD,0,0,none
2026-04-20 12:10:31,1373,26.96,137.35,66.00,51.99,61.40,-34.44,down,114.95,213.65,-1.00,1,0.00,1,1,1,0.993,CLOUD,,0,CLOUD,CLOUD,0,0,none
2026-04-20 12:10:33,1374,26.96,137.35,17.56,51.75,26.96,0.00,stable,136.58,213.65,-1.00,1,0.00,1,1,0,0.500,LOCAL,LOCAL,1,CLOUD,CLOUD,0,0,none
2026-04-20 12:10:35,1375,70.08,1734.35,17.74,51.76,26.96,43.12,up,557.47,213.65,-1.00,1,0.00,1,1,0,0.500,LOCAL,LOCAL,2,CLOUD,CLOUD,0,0,none
2026-04-20 12:10:37,1376,70.08,1734.35,16.68,51.71,70.08,0.00,stable,935.85,213.65,-1.00,1,0.00,1,1,0,0.500,LOCAL,,0,CLOUD,LOCAL,1,0,started
2026-04-20 12:10:39,1377,24.82,1931.52,39.97,54.52,70.08,-45.27,down,1384.39,97.02,-1.00,1,0.00,1,1,0,0.500,LOCAL,,0,LOCAL,LOCAL,0,0,none
2026-04-20 12:10:41,1378,4.58,1342.50,33.94,59.12,24.82,-20.24,down,1685.68,97.10,-1.00,1,0.00,1,1,0,0.500,LOCAL,,0,LOCAL,LOCAL,0,0,none
2026-04-20 12:10:43,1379,4.58,1342.50,38.32,62.17,4.58,0.00,stable,1587.72,138.41,-1.00,1,0.00,1,1,0,0.500,LOCAL,,0,LOCAL,LOCAL,0,0,none
2026-04-20 12:10:45,1380,119.01,52.42,37.63,52.13,4.58,114.43,up,1167.24,98.48,-1.00,1,0.00,1,0,0,0.500,LOCAL,,0,LOCAL,LOCAL,0,0,none
2026-04-20 12:10:47,1381,170.71,31.72,21.27,52.12,119.01,51.70,up,692.28,141.56,-1.00,1,0.00,1,0,0,0.500,LOCAL,,0,LOCAL,LOCAL,0,0,none
2026-04-20 12:10:49,1382,170.71,31.72,20.99,52.12,170.71,0.00,stable,364.59,96.10,-1.00,1,0.00,1,0,0,0.500,LOCAL,,0,LOCAL,LOCAL,0,0,none
2026-04-20 12:10:51,1383,214.05,44.78,21.40,52.12,170.71,43.34,up,40.16,95.90,-1.00,1,0.00,0,0,0,0.500,LOCAL,,0,LOCAL,LOCAL,0,0,none
2026-04-20 12:10:53,1384,214.05,44.78,20.57,52.12,214.05,0.00,stable,38.25,96.65,-1.00,1,0.00,0,0,0,0.500,LOCAL,,0,LOCAL,LOCAL,0,0,none
2026-04-20 12:10:55,1385,198.74,43.95,21.65,52.12,214.05,-15.31,down,41.31,102.75,-1.00,1,0.00,1,0,0,0.500,LOCAL,,0,LOCAL,LOCAL,0,0,none
2026-04-20 12:10:57,1386,198.74,43.95,20.74,52.12,198.74,0.00,stable,44.37,96.37,-1.00,1,0.00,1,0,0,0.500,LOCAL,,0,LOCAL,LOCAL,0,0,none
2026-04-20 12:10:59,1387,163.97,45.81,21.56,52.13,198.74,-34.77,down,44.62,97.78,-1.00,1,0.00,1,0,0,0.500,LOCAL,,0,LOCAL,LOCAL,0,0,none
2026-04-20 12:11:01,1388,173.85,39.33,21.28,52.11,163.97,9.88,stable,43.26,96.76,-1.00,1,0.00,1,0,0,0.500,LOCAL,,0,LOCAL,LOCAL,0,0,none
2026-04-20 12:11:03,1389,173.85,39.33,21.00,52.12,173.85,0.00,stable,42.11,95.77,-1.00,1,0.00,1,0,0,0.500,LOCAL,,0,LOCAL,LOCAL,0,0,none
2026-04-20 12:11:05,1390,171.19,44.36,22.40,52.12,173.85,-2.66,stable,42.21,98.66,-1.00,1,0.00,1,0,0,0.500,LOCAL,,0,LOCAL,LOCAL,0,0,none
2026-04-20 12:11:07,1391,171.19,44.36,22.78,52.12,171.19,0.00,stable,41.85,97.77,-1.00,1,0.00,1,0,0,0.500,LOCAL,,0,LOCAL,LOCAL,0,0,none
2026-04-20 12:11:09,1392,164.03,53.76,22.41,52.12,171.19,-7.16,stable,45.45,96.34,-1.00,1,0.00,1,0,0,0.500,LOCAL,,0,LOCAL,LOCAL,0,0,none
2026-04-20 12:11:11,1393,161.73,53.25,22.69,52.12,164.03,-2.31,stable,48.93,99.45,-1.00,1,0.00,1,0,0,0.500,LOCAL,,0,LOCAL,LOCAL,0,0,none
2026-04-20 12:11:13,1394,161.73,53.25,44.20,52.98,161.73,0.00,stable,51.15,161.07,-1.00,1,0.00,1,0,0,0.500,LOCAL,,0,LOCAL,LOCAL,0,0,none
2026-04-20 12:11:15,1395,172.76,44.28,66.47,52.99,161.73,11.03,up,51.13,170.91,-1.00,1,0.00,1,0,0,0.500,LOCAL,,0,LOCAL,LOCAL,0,0,none
2026-04-20 12:11:17,1396,172.76,44.28,66.61,52.98,172.76,0.00,stable,48.76,145.87,-1.00,1,0.00,1,0,0,0.500,LOCAL,,0,LOCAL,LOCAL,0,0,none
2026-04-20 12:11:19,1397,179.62,35.38,66.39,52.99,172.76,6.86,stable,44.29,201.48,-1.00,1,0.00,1,0,0,0.500,LOCAL,,0,LOCAL,LOCAL,0,0,none
2026-04-20 12:11:21,1398,179.62,35.38,66.67,52.98,179.62,0.00,stable,39.83,157.43,-1.00,1,0.00,1,0,0,0.500,LOCAL,,0,LOCAL,LOCAL,0,0,none
2026-04-20 12:11:23,1399,194.66,52.09,66.47,52.98,179.62,15.04,up,41.78,165.60,-1.00,1,0.00,1,0,0,0.500,LOCAL,,0,LOCAL,LOCAL,0,0,none
2026-04-20 12:11:25,1400,180.50,44.94,66.56,52.98,194.66,-14.16,down,41.95,161.43,-1.00,1,0.00,1,0,0,0.500,LOCAL,,0,LOCAL,LOCAL,0,0,none
2026-04-20 12:11:27,1401,180.50,44.94,66.64,52.99,180.50,0.00,stable,44.34,149.50,-1.00,1,0.00,1,0,0,0.500,LOCAL,,0,LOCAL,LOCAL,0,0,none
2026-04-20 12:11:29,1402,168.27,49.05,66.50,52.98,180.50,-12.22,down,47.75,163.95,-1.00,1,0.00,1,0,0,0.500,LOCAL,,0,LOCAL,LOCAL,0,0,none
2026-04-20 12:11:31,1403,168.27,49.05,66.56,52.99,168.27,0.00,stable,46.99,155.53,-1.00,1,0.00,1,0,0,0.500,LOCAL,,0,LOCAL,LOCAL,0,0,none
2026-04-20 12:11:33,1404,163.62,48.48,66.67,52.99,168.27,-4.65,stable,47.88,160.98,-1.00,1,0.00,1,0,0,0.500,LOCAL,,0,LOCAL,LOCAL,0,0,none
2026-04-20 12:11:36,1405,133.19,2243.69,66.61,52.99,163.62,-30.43,down,597.57,154.67,-1.00,1,0.00,1,1,1,1.000,CLOUD,CLOUD,1,LOCAL,LOCAL,0,0,none
2026-04-20 12:11:38,1406,133.19,2243.69,66.61,52.99,133.19,0.00,stable,1146.23,166.18,-1.00,1,0.00,1,1,1,1.000,CLOUD,CLOUD,2,LOCAL,LOCAL,0,0,none
2026-04-20 12:11:40,1407,13.01,363.32,66.58,52.99,133.19,-120.18,down,1224.80,170.50,-1.00,1,0.00,1,1,1,1.000,CLOUD,,0,LOCAL,CLOUD,1,0,started
2026-04-20 12:11:43,1408,75.58,64.22,66.56,53.89,13.01,62.57,up,1228.73,246.11,-1.00,1,0.00,1,0,1,0.612,CLOUD,,0,CLOUD,CLOUD,0,0,none
2026-04-20 12:11:45,1409,75.58,64.22,66.12,53.75,75.58,0.00,stable,683.86,246.11,-1.00,1,0.00,1,0,0,0.500,LOCAL,LOCAL,1,CLOUD,CLOUD,0,0,none
2026-04-20 12:11:47,1410,75.79,86.57,66.00,53.74,75.58,0.21,stable,144.58,246.11,-1.00,1,0.00,1,0,0,0.500,LOCAL,LOCAL,2,CLOUD,CLOUD,0,0,none
2026-04-20 12:11:49,1411,75.79,86.57,66.20,53.76,75.79,0.00,stable,75.39,246.11,-1.00,1,0.00,1,0,1,0.507,CLOUD,,0,CLOUD,CLOUD,0,0,none
2026-04-20 12:11:51,1412,74.61,112.88,66.03,53.74,75.79,-1.17,stable,87.56,246.11,-1.00,1,0.00,1,1,1,0.522,CLOUD,,0,CLOUD,CLOUD,0,0,none
2026-04-20 12:11:53,1413,74.61,112.88,66.08,53.75,74.61,0.00,stable,99.72,246.11,-1.00,1,0.00,1,1,1,0.544,CLOUD,,0,CLOUD,CLOUD,0,0,none
2026-04-20 12:11:55,1414,188.72,26.14,66.02,53.98,74.61,114.10,up,84.61,246.11,-1.00,1,50.00,0,0,0,0.500,LOCAL,LOCAL,1,CLOUD,CLOUD,0,0,none
2026-04-20 12:21:57,1,0.00,0.00,0.00,42.78,0.00,0.00,stable,0.00,-1.00,-1.00,0,0.00,0,0,0,0.500,LOCAL,,0,LOCAL,LOCAL,0,0,none
2026-04-20 12:21:59,2,0.00,0.00,33.22,46.16,0.00,0.00,stable,0.00,-1.00,-1.00,0,0.00,0,0,0,0.500,LOCAL,,0,LOCAL,LOCAL,0,0,none
2026-04-20 12:22:02,3,0.00,0.00,62.25,54.06,0.00,0.00,stable,0.00,-1.00,-1.00,1,0.00,0,0,1,0.644,CLOUD,CLOUD,1,LOCAL,LOCAL,0,0,none
2026-04-20 12:22:04,4,30.78,110.96,66.44,59.21,0.00,30.78,up,27.74,-1.00,-1.00,1,0.00,1,1,1,0.994,CLOUD,CLOUD,2,LOCAL,LOCAL,0,0,none
2026-04-20 12:22:06,5,42.77,574.24,66.64,62.22,30.78,11.99,up,171.30,-1.00,-1.00,1,0.00,1,1,1,1.000,CLOUD,,0,LOCAL,CLOUD,1,0,started
2026-04-20 12:22:08,6,42.77,574.24,66.69,53.72,42.77,0.00,stable,314.86,8265.48,-1.00,1,0.00,1,1,1,1.000,CLOUD,,0,CLOUD,CLOUD,0,0,none
2026-04-20 12:22:10,7,48.00,499.33,66.36,53.93,42.77,5.23,stable,439.69,8265.48,-1.00,1,0.00,1,1,1,0.998,CLOUD,,0,CLOUD,CLOUD,0,0,none
2026-04-20 12:22:12,8,48.00,499.33,66.25,53.88,48.00,0.00,stable,536.78,8265.48,-1.00,1,0.00,1,1,1,0.998,CLOUD,,0,CLOUD,CLOUD,0,0,none
2026-04-20 12:22:14,9,48.09,95.61,65.89,53.88,48.00,0.09,stable,417.13,8265.48,-1.00,1,0.00,1,0,1,0.915,CLOUD,,0,CLOUD,CLOUD,0,0,none
2026-04-20 12:22:16,10,48.09,95.61,66.23,53.89,48.09,0.00,stable,297.47,8265.48,-1.00,1,0.00,1,0,1,0.949,CLOUD,,0,CLOUD,CLOUD,0,0,none
2026-04-20 12:22:18,11,38.92,197.73,65.95,53.88,48.09,-9.16,stable,222.07,8265.48,-1.00,1,0.00,1,1,1,0.985,CLOUD,,0,CLOUD,CLOUD,0,0,none
2026-04-20 12:22:20,12,38.92,197.73,66.17,53.90,38.92,0.00,stable,146.67,8265.48,-1.00,1,0.00,1,1,1,0.990,CLOUD,,0,CLOUD,CLOUD,0,0,none
2026-04-20 12:22:22,13,34.99,232.78,66.08,53.90,38.92,-3.93,stable,180.96,8265.48,-1.00,1,0.00,1,1,1,0.994,CLOUD,,0,CLOUD,CLOUD,0,0,none
2026-04-20 12:22:24,14,61.60,67.12,66.06,53.89,34.99,26.61,up,173.84,8265.48,-1.00,1,0.00,1,0,1,0.744,CLOUD,,0,CLOUD,CLOUD,0,0,none
2026-04-20 12:22:26,15,61.60,67.12,66.00,53.89,61.60,0.00,stable,141.19,8265.48,-1.00,1,0.00,1,0,1,0.727,CLOUD,,0,CLOUD,CLOUD,0,0,none
2026-04-20 12:22:28,16,68.11,79.22,66.08,53.89,61.60,6.51,stable,111.56,8265.48,-1.00,1,0.00,1,0,1,0.636,CLOUD,,0,CLOUD,CLOUD,0,0,none
2026-04-20 12:22:30,17,68.11,79.22,66.28,53.21,68.11,0.00,stable,73.17,8265.48,-1.00,1,0.00,1,0,1,0.704,CLOUD,,0,CLOUD,CLOUD,0,0,none
2026-04-20 12:22:32,18,28.32,108.76,66.23,53.18,68.11,-39.79,down,83.58,8265.48,-1.00,1,0.00,1,1,1,0.993,CLOUD,,0,CLOUD,CLOUD,0,0,none
2026-04-20 12:22:34,19,58.73,162.62,66.14,53.19,28.32,30.41,up,107.45,8265.48,-1.00,1,0.00,1,1,1,0.905,CLOUD,,0,CLOUD,CLOUD,0,0,none
2026-04-20 12:22:36,20,58.73,162.62,66.17,53.18,58.73,0.00,stable,128.30,8265.48,-1.00,1,0.00,1,1,1,0.909,CLOUD,,0,CLOUD,CLOUD,0,0,none
2026-04-20 12:22:38,21,71.60,155.68,66.20,53.20,58.73,12.86,up,147.42,8265.48,-1.00,1,0.00,1,1,1,0.731,CLOUD,,0,CLOUD,CLOUD,0,0,none
2026-04-20 12:22:40,22,71.60,155.68,66.08,53.20,71.60,0.00,stable,159.15,8265.48,-1.00,1,0.00,1,1,1,0.695,CLOUD,,0,CLOUD,CLOUD,0,0,none
2026-04-20 12:22:42,23,37.42,65.61,66.03,53.20,71.60,-34.17,down,134.90,8265.48,-1.00,1,0.00,1,0,1,0.969,CLOUD,,0,CLOUD,CLOUD,0,0,none
2026-04-20 12:22:44,24,60.24,328.19,66.08,53.18,37.42,22.82,up,176.29,8265.48,-1.00,0,0.00,1,1,1,0.966,CLOUD,,0,CLOUD,CLOUD,0,0,none
2026-04-20 12:22:46,25,60.24,328.19,66.06,53.20,60.24,0.00,stable,219.42,8265.48,-1.00,0,0.00,1,1,1,0.964,CLOUD,,0,CLOUD,CLOUD,0,0,none
2026-04-20 12:22:48,26,71.55,506.91,66.20,53.21,60.24,11.31,up,307.23,8265.48,-1.00,1,0.00,1,1,1,0.978,CLOUD,,0,CLOUD,CLOUD,0,0,none
2026-04-20 12:22:50,27,255.09,246.06,66.03,53.34,71.55,183.54,up,352.34,8265.48,-1.00,1,0.00,0,1,0,0.500,LOCAL,LOCAL,1,CLOUD,CLOUD,0,0,none
2026-04-20 12:22:52,28,255.09,246.06,66.25,53.20,255.09,0.00,stable,331.81,8265.48,-1.00,1,0.00,0,1,0,0.500,LOCAL,LOCAL,2,CLOUD,CLOUD,0,0,none
2026-04-20 12:22:54,29,49.62,215.74,66.17,53.20,255.09,-205.47,down,303.69,8265.48,-1.00,1,0.00,1,1,1,0.974,CLOUD,,0,CLOUD,CLOUD,0,0,none
2026-04-20 12:22:56,30,49.62,215.74,66.03,53.21,49.62,0.00,stable,230.90,8265.48,-1.00,1,0.00,1,1,1,0.968,CLOUD,,0,CLOUD,CLOUD,0,0,none
2026-04-20 12:22:58,31,165.01,138.00,66.14,53.21,49.62,115.39,up,203.89,8265.48,-1.00,1,0.00,1,1,0,0.500,LOCAL,LOCAL,1,CLOUD,CLOUD,0,0,none
2026-04-20 12:23:00,32,33.14,342.63,66.17,53.18,165.01,-131.87,down,228.03,8265.48,-1.00,1,0.00,1,1,1,0.998,CLOUD,,0,CLOUD,CLOUD,0,0,none
2026-04-20 12:23:02,33,33.14,342.63,66.20,53.20,33.14,0.00,stable,259.75,8265.48,-1.00,1,0.00,1,1,1,0.998,CLOUD,,0,CLOUD,CLOUD,0,0,none
2026-04-20 12:23:04,34,84.34,448.03,66.19,53.21,33.14,51.20,up,317.82,8265.48,-1.00,1,0.00,1,1,1,0.887,CLOUD,,0,CLOUD,CLOUD,0,0,none
2026-04-20 12:23:06,35,84.34,448.03,66.00,53.21,84.34,0.00,stable,395.33,8265.48,-1.00,1,0.00,1,1,1,0.852,CLOUD,,0,CLOUD,CLOUD,0,0,none
2026-04-20 12:23:08,36,68.50,175.75,66.08,53.20,84.34,-15.84,down,353.61,8265.48,-1.00,1,0.00,1,1,1,0.785,CLOUD,,0,CLOUD,CLOUD,0,0,none
2026-04-20 12:23:10,37,131.33,82.78,66.00,53.20,68.50,62.84,up,288.65,8265.48,-1.00,1,0.00,1,0,0,0.500,LOCAL,LOCAL,1,CLOUD,CLOUD,0,0,none
2026-04-20 12:23:12,38,131.33,82.78,66.11,53.21,131.33,0.00,stable,197.33,8265.48,-1.00,1,0.00,1,0,0,0.500,LOCAL,LOCAL,2,CLOUD,CLOUD,0,0,none
2026-04-20 12:23:14,39,36.18,246.07,65.89,53.16,131.33,-95.15,down,146.85,8265.48,-1.00,1,0.00,1,1,1,0.992,CLOUD,,0,CLOUD,CLOUD,0,0,none
2026-04-20 12:23:16,40,36.18,246.07,66.25,53.20,36.18,0.00,stable,164.42,8265.48,-1.00,1,0.00,1,1,1,0.995,CLOUD,,0,CLOUD,CLOUD,0,0,none
2026-04-20 12:23:18,41,43.64,99.87,66.06,53.18,36.18,7.46,stable,168.70,8265.48,-1.00,1,0.00,1,0,1,0.958,CLOUD,,0,CLOUD,CLOUD,0,0,none
2026-04-20 12:23:20,42,43.64,99.87,66.08,53.20,43.64,0.00,stable,172.97,8265.48,-1.00,1,0.00,1,0,1,0.960,CLOUD,,0,CLOUD,CLOUD,0,0,none
2026-04-20 12:23:22,43,59.17,222.09,66.06,53.21,43.64,15.53,up,166.98,8265.48,-1.00,1,0.00,1,1,1,0.928,CLOUD,,0,CLOUD,CLOUD,0,0,none
2026-04-20 12:23:24,44,42.42,82.93,66.06,53.21,59.17,-16.74,down,126.19,8265.48,-1.00,1,0.00,1,0,1,0.957,CLOUD,,0,CLOUD,CLOUD,0,0,none
2026-04-20 12:23:26,45,42.42,82.93,66.06,53.21,42.42,0.00,stable,121.96,8265.48,-1.00,1,0.00,1,0,1,0.957,CLOUD,,0,CLOUD,CLOUD,0,0,none
2026-04-20 12:23:28,46,122.41,249.20,66.00,53.21,42.42,79.98,up,159.29,8265.48,-1.00,1,0.00,1,1,0,0.500,LOCAL,LOCAL,1,CLOUD,CLOUD,0,0,none
2026-04-20 12:23:30,47,122.41,249.20,66.22,53.21,122.41,0.00,stable,166.07,8265.48,-1.00,1,0.00,1,1,0,0.500,LOCAL,LOCAL,2,CLOUD,CLOUD,0,0,none
2026-04-20 12:23:32,48,255.39,166.77,65.95,53.19,122.41,132.98,up,187.03,8265.48,-1.00,1,0.00,0,1,0,0.500,LOCAL,,0,CLOUD,LOCAL,1,0,started
2026-04-20 12:23:34,49,255.39,166.77,66.72,54.05,255.39,0.00,stable,207.99,193.89,-1.00,1,0.00,0,1,0,0.500,LOCAL,,0,LOCAL,LOCAL,0,0,none
2026-04-20 12:23:36,50,25.20,294.65,66.56,56.52,255.39,-230.18,down,219.35,189.78,-1.00,1,0.00,1,1,1,0.999,CLOUD,CLOUD,1,LOCAL,LOCAL,0,0,none
2026-04-20 12:23:38,51,22.76,318.87,66.56,58.84,25.20,-2.45,stable,236.77,196.64,-1.00,1,0.00,1,1,1,1.000,CLOUD,CLOUD,2,LOCAL,LOCAL,0,0,none
2026-04-20 12:23:40,52,22.76,318.87,66.64,61.19,22.76,0.00,stable,274.79,159.19,-1.00,1,0.00,1,1,1,1.000,CLOUD,,0,LOCAL,CLOUD,1,0,started
2026-04-20 12:23:43,53,158.59,245.96,66.62,53.73,22.76,135.83,up,294.59,260.88,-1.00,1,0.00,1,1,0,0.500,LOCAL,LOCAL,1,CLOUD,CLOUD,0,0,none
2026-04-20 12:23:45,54,53.04,549.94,66.56,53.90,158.59,-105.55,down,358.41,260.88,-1.00,1,0.00,1,1,1,0.999,CLOUD,,0,CLOUD,CLOUD,0,0,none
2026-04-20 12:23:47,55,53.04,549.94,65.83,53.90,53.04,0.00,stable,416.18,260.88,-1.00,1,0.00,1,1,1,0.996,CLOUD,,0,CLOUD,CLOUD,0,0,none
2026-04-20 12:23:49,56,126.83,45.64,66.33,53.92,53.04,73.79,up,347.87,260.88,-1.00,1,0.00,1,0,0,0.500,LOCAL,LOCAL,1,CLOUD,CLOUD,0,0,none
2026-04-20 12:23:51,57,126.83,45.64,65.97,53.90,126.83,0.00,stable,297.79,260.88,-1.00,1,0.00,1,0,0,0.500,LOCAL,LOCAL,2,CLOUD,CLOUD,0,0,none
2026-04-20 12:23:53,58,26.45,30.52,66.33,53.90,126.83,-100.38,down,167.94,260.88,-1.00,1,0.00,1,0,1,0.991,CLOUD,,0,CLOUD,CLOUD,0,0,none
2026-04-20 12:23:55,59,59.32,74.97,66.08,53.89,26.45,32.87,up,49.19,260.88,-1.00,1,0.00,1,0,1,0.802,CLOUD,,0,CLOUD,CLOUD,0,0,none
2026-04-20 12:23:57,60,59.32,74.97,66.14,53.90,59.32,0.00,stable,56.53,260.88,-1.00,1,0.00,1,0,1,0.816,CLOUD,,0,CLOUD,CLOUD,0,0,none
2026-04-20 12:23:59,61,71.34,172.14,66.03,53.89,59.32,12.02,up,88.15,260.88,-1.00,1,0.00,1,1,1,0.709,CLOUD,,0,CLOUD,CLOUD,0,0,none
2026-04-20 12:24:01,62,150.18,151.21,66.06,53.91,71.34,78.84,up,118.32,260.88,-1.00,1,0.00,1,1,0,0.500,LOCAL,LOCAL,1,CLOUD,CLOUD,0,0,none
2026-04-20 12:24:03,63,150.18,151.21,66.12,53.89,150.18,0.00,stable,137.38,260.88,-1.00,1,0.00,1,1,0,0.500,LOCAL,LOCAL,2,CLOUD,CLOUD,0,0,none
2026-04-20 12:24:05,64,142.60,89.10,66.08,53.21,150.18,-7.58,stable,140.91,260.88,-1.00,1,0.00,1,0,0,0.500,LOCAL,,0,CLOUD,LOCAL,1,0,started
2026-04-20 12:24:07,65,142.60,89.10,66.59,53.99,142.60,0.00,stable,120.15,260.88,-1.00,1,0.00,1,0,0,0.500,LOCAL,,0,LOCAL,LOCAL,0,0,none
2026-04-20 12:24:09,66,142.76,1323.49,66.61,55.71,142.60,0.16,stable,413.22,189.11,-1.00,1,0.00,1,1,1,0.980,CLOUD,CLOUD,1,LOCAL,LOCAL,0,0,none
2026-04-20 12:24:11,67,47.53,265.12,66.47,58.19,142.76,-95.23,down,441.70,190.32,-1.00,1,0.00,1,1,1,0.991,CLOUD,CLOUD,2,LOCAL,LOCAL,0,0,none
2026-04-20 12:24:13,68,47.53,265.12,66.50,60.72,47.53,0.00,stable,485.71,177.19,-1.00,1,0.00,1,1,1,0.992,CLOUD,,0,LOCAL,CLOUD,1,0,started
2026-04-20 12:24:16,69,37.54,102.68,66.71,53.81,47.53,-9.99,stable,489.10,216.61,-1.00,1,0.00,1,1,1,0.992,CLOUD,,0,CLOUD,CLOUD,0,0,none
2026-04-20 12:24:18,70,37.54,102.68,66.39,53.91,37.54,0.00,stable,183.90,216.61,-1.00,1,0.00,1,1,1,0.986,CLOUD,,0,CLOUD,CLOUD,0,0,none
2026-04-20 12:24:20,71,180.10,21.92,66.25,53.93,37.54,142.56,up,123.10,216.61,-1.00,1,0.00,1,0,0,0.500,LOCAL,LOCAL,1,CLOUD,CLOUD,0,0,none
2026-04-20 12:24:22,72,93.14,124.15,66.17,53.92,180.10,-86.96,down,87.86,216.61,-1.00,1,0.00,1,1,0,0.500,LOCAL,LOCAL,2,CLOUD,CLOUD,0,0,none
2026-04-20 12:24:24,73,93.14,124.15,66.28,53.93,93.14,0.00,stable,93.22,216.61,-1.00,1,0.00,1,1,0,0.500,LOCAL,,0,CLOUD,LOCAL,1,0,started
2026-04-20 12:24:26,74,40.35,236.79,66.59,54.24,93.14,-52.79,down,126.75,216.61,-1.00,1,0.00,1,1,1,0.996,CLOUD,CLOUD,1,LOCAL,LOCAL,0,0,none
2026-04-20 12:24:28,75,52.51,497.88,66.42,56.77,40.35,12.15,up,245.74,186.16,-1.00,1,0.00,1,1,1,0.998,CLOUD,CLOUD,2,LOCAL,LOCAL,0,0,none
2026-04-20 12:24:30,76,52.51,497.88,66.53,58.89,52.51,0.00,stable,339.17,192.25,-1.00,1,0.00,1,1,1,0.998,CLOUD,,0,LOCAL,CLOUD,1,0,started
2026-04-20 12:24:32,77,341.99,82.75,66.62,53.75,52.51,289.49,up,328.82,193.97,-1.00,1,0.00,0,0,0,0.500,LOCAL,LOCAL,1,CLOUD,CLOUD,0,0,none
2026-04-20 12:24:34,78,341.99,82.75,66.22,53.88,341.99,0.00,stable,290.31,193.97,-1.00,1,0.00,0,0,0,0.500,LOCAL,LOCAL,2,CLOUD,CLOUD,0,0,none
2026-04-20 12:24:36,79,105.90,308.05,66.06,53.89,341.99,-236.09,down,242.86,193.97,-1.00,1,0.00,1,1,0,0.500,LOCAL,,0,CLOUD,LOCAL,1,0,started
2026-04-20 12:24:38,80,105.90,308.05,66.64,54.02,105.90,0.00,stable,195.40,193.97,-1.00,1,0.00,1,1,0,0.500,LOCAL,,0,LOCAL,LOCAL,0,0,none
2026-04-20 12:24:40,81,35.74,388.96,66.50,55.98,105.90,-70.16,down,271.95,189.34,-1.00,1,0.00,1,1,1,0.999,CLOUD,CLOUD,1,LOCAL,LOCAL,0,0,none
2026-04-20 12:24:42,82,60.08,186.04,66.64,58.33,35.74,24.34,up,297.77,206.56,-1.00,1,0.00,1,1,1,0.957,CLOUD,CLOUD,2,LOCAL,LOCAL,0,0,none
2026-04-20 12:24:44,83,60.08,186.04,66.61,60.92,60.08,0.00,stable,267.27,183.93,-1.00,1,0.00,1,1,1,0.955,CLOUD,,0,LOCAL,CLOUD,1,0,started
2026-04-20 12:24:47,84,45.65,541.40,66.71,53.80,60.08,-14.43,down,325.61,198.90,-1.00,1,0.00,1,1,1,0.999,CLOUD,,0,CLOUD,CLOUD,0,0,none
2026-04-20 12:24:49,85,69.41,223.73,66.31,53.95,45.65,23.76,up,284.30,198.90,-1.00,1,0.00,1,1,1,0.874,CLOUD,,0,CLOUD,CLOUD,0,0,none
2026-04-20 12:24:51,86,69.41,223.73,66.00,53.94,69.41,0.00,stable,293.73,198.90,-1.00,1,0.00,1,1,1,0.810,CLOUD,,0,CLOUD,CLOUD,0,0,none
2026-04-20 12:24:53,87,69.56,183.54,66.17,53.93,69.41,0.15,stable,293.10,198.90,-1.00,1,0.00,1,1,1,0.799,CLOUD,,0,CLOUD,CLOUD,0,0,none
2026-04-20 12:24:55,88,108.21,152.50,66.06,53.95,69.56,38.65,up,195.88,198.90,-1.00,1,0.00,1,1,0,0.500,LOCAL,LOCAL,1,CLOUD,CLOUD,0,0,none
2026-04-20 12:24:57,89,108.21,152.50,66.06,53.93,108.21,0.00,stable,178.07,198.90,-1.00,1,0.00,1,1,0,0.500,LOCAL,LOCAL,2,CLOUD,CLOUD,0,0,none
2026-04-20 12:24:59,90,51.24,84.41,66.00,54.00,108.21,-56.97,down,143.24,198.90,-1.00,1,0.00,1,0,1,0.895,CLOUD,,0,CLOUD,CLOUD,0,0,none
2026-04-20 12:25:01,91,51.24,84.41,66.15,53.95,51.24,0.00,stable,118.45,198.90,-1.00,1,0.00,1,0,1,0.916,CLOUD,,0,CLOUD,CLOUD,0,0,none
2026-04-20 12:25:03,92,57.91,37.85,66.03,53.95,51.24,6.67,stable,89.79,198.90,-1.00,1,0.00,1,0,1,0.761,CLOUD,,0,CLOUD,CLOUD,0,0,none
2026-04-20 12:25:05,93,57.91,37.85,66.28,53.93,57.91,0.00,stable,61.13,198.90,-1.00,1,0.00,1,0,1,0.826,CLOUD,,0,CLOUD,CLOUD,0,0,none
2026-04-20 12:25:08,94,89.73,192.89,65.97,53.37,57.91,31.82,up,88.25,198.90,-1.00,1,0.00,1,1,0,0.500,LOCAL,LOCAL,1,CLOUD,CLOUD,0,0,none
2026-04-20 12:25:10,95,89.73,192.89,66.09,53.22,89.73,0.00,stable,115.37,198.90,-1.00,1,0.00,1,1,0,0.500,LOCAL,LOCAL,2,CLOUD,CLOUD,0,0,none
2026-04-20 12:25:12,96,44.94,49.69,66.29,53.26,89.73,-44.79,down,118.33,198.90,-1.00,1,0.00,1,0,1,0.951,CLOUD,,0,CLOUD,CLOUD,0,0,none
2026-04-20 12:25:14,97,44.94,49.69,66.14,53.27,44.94,0.00,stable,121.29,198.90,-1.00,1,0.00,1,0,1,0.939,CLOUD,,0,CLOUD,CLOUD,0,0,none
2026-04-20 12:25:16,98,73.69,212.00,66.25,53.26,44.94,28.74,up,126.06,198.90,-1.00,1,0.00,1,1,1,0.791,CLOUD,,0,CLOUD,CLOUD,0,0,none
2026-04-20 12:25:18,99,51.05,178.94,66.17,53.28,73.69,-22.63,down,122.58,198.90,-1.00,1,0.00,1,1,1,0.961,CLOUD,,0,CLOUD,CLOUD,0,0,none
2026-04-20 12:25:20,100,51.05,178.94,66.06,53.28,51.05,0.00,stable,154.89,198.90,-1.00,1,0.00,1,1,1,0.953,CLOUD,,0,CLOUD,CLOUD,0,0,none
2026-04-20 12:25:22,101,85.26,1933.30,66.25,53.29,51.05,34.21,up,625.80,198.90,-1.00,1,0.00,1,1,1,1.000,CLOUD,,0,CLOUD,CLOUD,0,0,none
2026-04-20 12:25:24,102,37.41,207.26,65.97,53.37,85.26,-47.85,down,624.61,198.90,-1.00,1,0.00,1,1,1,0.989,CLOUD,,0,CLOUD,CLOUD,0,0,none
2026-04-20 12:25:26,103,37.41,207.26,66.17,53.28,37.41,0.00,stable,631.69,198.90,-1.00,1,0.00,1,1,1,0.992,CLOUD,,0,CLOUD,CLOUD,0,0,none
2026-04-20 12:25:28,104,39.11,153.19,66.08,53.25,37.41,1.70,stable,625.25,198.90,-1.00,1,0.00,1,1,1,0.983,CLOUD,,0,CLOUD,CLOUD,0,0,none
2026-04-20 12:25:30,105,39.11,153.19,66.03,53.27,39.11,0.00,stable,180.23,198.90,-1.00,1,0.00,1,1,1,0.981,CLOUD,,0,CLOUD,CLOUD,0,0,none
2026-04-20 12:25:32,106,113.67,23.89,65.77,53.32,39.11,74.56,up,134.38,198.90,-1.00,1,0.00,1,0,0,0.500,LOCAL,LOCAL,1,CLOUD,CLOUD,0,0,none
2026-04-20 12:25:34,107,113.67,23.89,66.31,53.28,113.67,0.00,stable,88.54,198.90,-1.00,1,0.00,1,0,0,0.500,LOCAL,LOCAL,2,CLOUD,CLOUD,0,0,none
2026-04-20 12:25:37,108,55.64,167.77,65.85,53.32,113.67,-58.03,down,92.18,198.90,-1.00,1,0.00,1,1,1,0.894,CLOUD,,0,CLOUD,CLOUD,0,0,none
2026-04-20 12:25:39,109,55.64,167.77,66.00,53.28,55.64,0.00,stable,95.83,198.90,-1.00,1,0.00,1,1,1,0.916,CLOUD,,0,CLOUD,CLOUD,0,0,none
2026-04-20 12:25:41,110,76.13,40.59,65.95,53.27,55.64,20.48,up,100.00,198.90,-1.00,1,0.00,1,0,0,0.500,LOCAL,LOCAL,1,CLOUD,CLOUD,0,0,none
2026-04-20 12:25:43,111,76.13,40.59,66.17,53.23,76.13,0.00,stable,104.18,198.90,-1.00,1,0.00,1,0,0,0.500,LOCAL,LOCAL,2,CLOUD,CLOUD,0,0,none
2026-04-20 12:25:45,112,84.81,162.06,66.22,53.27,76.13,8.69,stable,102.75,198.90,-1.00,1,0.00,1,1,0,0.500,LOCAL,,0,CLOUD,LOCAL,1,0,started
2026-04-20 12:25:47,113,34.41,333.82,66.69,54.17,84.81,-50.40,down,144.27,198.90,-1.00,1,0.00,1,1,1,0.999,CLOUD,CLOUD,1,LOCAL,LOCAL,0,0,none
2026-04-20 12:25:49,114,34.41,333.82,66.53,56.79,34.41,0.00,stable,217.57,181.71,-1.00,1,0.00,1,1,1,0.999,CLOUD,CLOUD,2,LOCAL,LOCAL,0,0,none
2026-04-20 12:25:51,115,37.15,260.94,66.58,58.60,34.41,2.74,stable,272.66,178.16,-1.00,0,0.00,1,1,1,0.997,CLOUD,,0,LOCAL,CLOUD,1,0,started
2026-04-20 12:25:54,116,50.91,66.35,66.67,53.94,37.15,13.76,up,248.73,205.41,-1.00,1,0.00,1,0,1,0.957,CLOUD,,0,CLOUD,CLOUD,0,0,none
2026-04-20 12:25:56,117,50.91,66.35,66.28,53.94,50.91,0.00,stable,181.86,205.41,-1.00,1,0.00,1,0,1,0.924,CLOUD,,0,CLOUD,CLOUD,0,0,none
2026-04-20 12:25:58,118,61.92,27.69,66.00,53.90,50.91,11.01,up,105.33,205.41,-1.00,1,0.00,1,0,1,0.652,CLOUD,,0,CLOUD,CLOUD,0,0,none
2026-04-20 12:26:00,119,61.92,27.69,66.17,53.94,61.92,0.00,stable,47.02,205.41,-1.00,1,0.00,1,0,1,0.711,CLOUD,,0,CLOUD,CLOUD,0,0,none
2026-04-20 12:26:02,120,128.37,118.36,65.89,53.91,61.92,66.45,up,60.02,205.41,-1.00,1,0.00,1,1,0,0.500,LOCAL,LOCAL,1,CLOUD,CLOUD,0,0,none
2026-04-20 12:26:04,121,128.37,118.36,66.08,53.95,128.37,0.00,stable,73.03,205.41,-1.00,1,0.00,1,1,0,0.500,LOCAL,LOCAL,2,CLOUD,CLOUD,0,0,none
2026-04-20 12:26:06,122,40.36,161.37,66.06,53.91,128.37,-88.01,down,106.45,205.41,-1.00,1,0.00,1,1,1,0.981,CLOUD,,0,CLOUD,CLOUD,0,0,none
2026-04-20 12:26:08,123,165.85,141.87,66.17,53.94,40.36,125.49,up,134.99,205.41,-1.00,1,0.00,1,1,0,0.500,LOCAL,LOCAL,1,CLOUD,CLOUD,0,0,none
2026-04-20 12:26:10,124,165.85,141.87,66.17,53.91,165.85,0.00,stable,140.87,205.41,-1.00,1,0.00,1,1,0,0.500,LOCAL,LOCAL,2,CLOUD,CLOUD,0,0,none
2026-04-20 12:26:12,125,58.80,94.44,65.92,53.95,165.85,-107.05,down,134.89,205.41,-1.00,1,0.00,1,0,1,0.793,CLOUD,,0,CLOUD,CLOUD,0,0,none
2026-04-20 12:26:16,126,42.13,218.82,66.05,53.34,58.80,-16.67,down,149.25,205.41,-1.00,1,0.00,1,1,1,0.986,CLOUD,,0,CLOUD,CLOUD,0,0,none
2026-04-20 12:26:18,127,42.13,218.82,66.04,53.28,42.13,0.00,stable,168.49,205.41,-1.00,1,0.00,1,1,1,0.985,CLOUD,,0,CLOUD,CLOUD,0,0,none
2026-04-20 12:26:20,128,115.67,144.66,65.97,53.24,42.13,73.54,up,169.18,205.41,-1.00,1,0.00,1,1,0,0.500,LOCAL,LOCAL,1,CLOUD,CLOUD,0,0,none
2026-04-20 12:26:22,129,115.67,144.66,66.17,53.28,115.67,0.00,stable,181.74,205.41,-1.00,1,0.00,1,1,0,0.500,LOCAL,LOCAL,2,CLOUD,CLOUD,0,0,none
2026-04-20 12:26:24,130,96.36,239.32,65.98,53.23,115.67,-19.31,down,186.86,205.41,-1.00,1,0.00,1,1,0,0.500,LOCAL,,0,CLOUD,LOCAL,1,0,started
2026-04-20 12:26:26,131,76.57,244.22,66.59,54.15,96.36,-19.79,down,193.22,205.41,-1.00,1,0.00,1,1,1,0.863,CLOUD,CLOUD,1,LOCAL,LOCAL,0,0,none
2026-04-20 12:26:28,132,76.57,244.22,66.58,56.24,76.57,0.00,stable,218.11,205.41,-1.00,1,0.00,1,1,1,0.862,CLOUD,CLOUD,2,LOCAL,LOCAL,0,0,none
2026-04-20 12:26:30,133,58.52,1612.88,66.56,58.43,76.57,-18.05,down,585.16,261.94,-1.00,1,0.00,1,1,1,1.000,CLOUD,,0,LOCAL,CLOUD,1,0,started
2026-04-20 12:26:33,134,71.12,57.95,66.64,54.00,58.52,12.61,up,539.82,191.41,-1.00,1,0.00,1,0,1,0.727,CLOUD,,0,CLOUD,CLOUD,0,0,none
2026-04-20 12:26:35,135,71.12,57.95,66.28,53.93,71.12,0.00,stable,493.25,191.41,-1.00,1,0.00,1,0,1,0.599,CLOUD,,0,CLOUD,CLOUD,0,0,none
2026-04-20 12:26:37,136,72.10,41.06,66.11,53.98,71.12,0.97,stable,442.46,191.41,-1.00,1,0.00,1,0,0,0.500,LOCAL,LOCAL,1,CLOUD,CLOUD,0,0,none
2026-04-20 12:26:39,137,72.10,41.06,65.92,53.95,72.10,0.00,stable,49.50,191.41,-1.00,1,0.00,1,0,0,0.500,LOCAL,LOCAL,2,CLOUD,CLOUD,0,0,none
2026-04-20 12:26:41,138,79.41,1980.08,66.14,53.97,72.10,7.31,stable,530.04,191.41,-1.00,1,0.00,1,1,1,1.000,CLOUD,,0,CLOUD,CLOUD,0,0,none
2026-04-20 12:26:43,139,140.45,237.82,65.92,54.02,79.41,61.04,up,575.00,191.41,-1.00,1,0.00,1,1,0,0.500,LOCAL,LOCAL,1,CLOUD,CLOUD,0,0,none
2026-04-20 12:26:45,140,140.45,237.82,66.26,53.97,140.45,0.00,stable,624.19,191.41,-1.00,1,0.00,1,1,0,0.500,LOCAL,LOCAL,2,CLOUD,CLOUD,0,0,none
2026-04-20 12:26:47,141,38.41,168.72,65.92,53.95,140.45,-102.04,down,656.11,191.41,-1.00,1,0.00,1,1,1,0.982,CLOUD,,0,CLOUD,CLOUD,0,0,none
2026-04-20 12:26:49,142,38.41,168.72,66.14,53.97,38.41,0.00,stable,203.27,191.41,-1.00,1,0.00,1,1,1,0.987,CLOUD,,0,CLOUD,CLOUD,0,0,none
2026-04-20 12:26:51,143,37.10,56.15,66.08,53.91,38.41,-1.31,stable,157.85,191.41,-1.00,1,0.00,1,0,1,0.970,CLOUD,,0,CLOUD,CLOUD,0,0,none
2026-04-20 12:26:53,144,37.10,56.15,66.08,53.94,37.10,0.00,stable,112.43,191.41,-1.00,1,0.00,1,0,1,0.970,CLOUD,,0,CLOUD,CLOUD,0,0,none
2026-04-20 12:26:55,145,54.67,82.82,66.25,53.24,37.10,17.57,up,90.96,191.41,-1.00,1,0.00,1,0,1,0.900,CLOUD,,0,CLOUD,CLOUD,0,0,none
2026-04-20 12:26:57,146,67.12,144.01,66.08,53.42,54.67,12.45,up,84.78,191.41,-1.00,1,0.00,1,1,1,0.764,CLOUD,,0,CLOUD,CLOUD,0,0,none
2026-04-20 12:26:59,147,67.12,144.01,66.14,53.24,67.12,0.00,stable,106.75,191.41,-1.00,1,0.00,1,1,1,0.781,CLOUD,,0,CLOUD,CLOUD,0,0,none
2026-04-20 12:27:01,148,54.56,50.65,66.19,53.28,67.12,-12.56,down,105.38,191.41,-1.00,1,0.00,1,0,1,0.865,CLOUD,,0,CLOUD,CLOUD,0,0,none
2026-04-20 12:27:03,149,54.56,50.65,65.97,53.24,54.56,0.00,stable,97.33,191.41,-1.00,1,0.00,1,0,1,0.819,CLOUD,,0,CLOUD,CLOUD,0,0,none
2026-04-20 12:27:05,150,44.59,115.61,65.81,53.34,54.56,-9.97,stable,90.23,191.41,-1.00,1,0.00,1,1,1,0.941,CLOUD,,0,CLOUD,CLOUD,0,0,none
2026-04-20 12:27:07,151,44.59,115.61,66.09,53.28,44.59,0.00,stable,83.13,191.41,-1.00,1,0.00,1,1,1,0.961,CLOUD,,0,CLOUD,CLOUD,0,0,none
2026-04-20 12:27:09,152,42.04,127.46,66.08,53.28,44.59,-2.55,stable,102.33,191.41,-1.00,1,0.00,1,1,1,0.972,CLOUD,,0,CLOUD,CLOUD,0,0,none
2026-04-20 12:27:11,153,42.04,127.46,66.00,53.25,42.04,0.00,stable,121.54,191.41,-1.00,1,0.00,1,1,1,0.968,CLOUD,,0,CLOUD,CLOUD,0,0,none
2026-04-20 12:27:13,154,173.98,215.75,66.14,53.29,42.04,131.94,up,146.57,191.41,-1.00,0,0.00,1,1,0,0.500,LOCAL,LOCAL,1,CLOUD,CLOUD,0,0,none
2026-04-20 12:27:15,155,59.81,2202.75,65.89,53.24,173.98,-114.18,down,668.35,191.41,-1.00,0,0.00,1,1,1,1.000,CLOUD,,0,CLOUD,CLOUD,0,0,none
2026-04-20 12:27:17,156,59.81,2202.75,66.08,53.28,59.81,0.00,stable,1187.17,191.41,-1.00,1,0.00,1,1,1,1.000,CLOUD,,0,CLOUD,CLOUD,0,0,none
2026-04-20 12:27:19,157,46.78,161.89,66.17,53.24,59.81,-13.03,down,1195.78,191.41,-1.00,1,0.00,1,1,1,0.970,CLOUD,,0,CLOUD,CLOUD,0,0,none
2026-04-20 12:27:21,158,46.78,161.89,66.06,53.29,46.78,0.00,stable,1182.32,191.41,-1.00,1,0.00,1,1,1,0.965,CLOUD,,0,CLOUD,CLOUD,0,0,none
2026-04-20 12:27:23,159,58.89,58.11,66.11,53.23,46.78,12.11,up,646.16,191.41,-1.00,1,0.00,1,0,1,0.795,CLOUD,,0,CLOUD,CLOUD,0,0,none
2026-04-20 12:27:25,160,170.98,75.55,66.08,53.27,58.89,112.09,up,114.36,191.41,-1.00,1,0.00,1,0,0,0.500,LOCAL,LOCAL,1,CLOUD,CLOUD,0,0,none
2026-04-20 12:27:27,161,170.98,75.55,66.11,53.25,170.98,0.00,stable,92.77,191.41,-1.00,1,0.00,1,0,0,0.500,LOCAL,LOCAL,2,CLOUD,CLOUD,0,0,none
2026-04-20 12:27:29,162,190.39,304.98,66.17,53.27,170.98,19.41,up,128.55,191.41,-1.00,1,0.00,1,1,0,0.500,LOCAL,,0,CLOUD,LOCAL,1,0,started
2026-04-20 12:27:37,163,218.40,26.52,66.01,53.75,190.39,28.01,up,120.65,260.44,-1.00,1,0.00,0,0,0,0.500,LOCAL,,0,LOCAL,LOCAL,0,0,none
2026-04-20 12:27:39,164,35.62,2212.77,66.67,55.75,218.40,-182.78,down,654.96,159.42,-1.00,1,0.00,1,1,1,1.000,CLOUD,CLOUD,1,LOCAL,LOCAL,0,0,none
2026-04-20 12:27:41,165,35.62,2212.77,66.61,58.48,35.62,0.00,stable,1189.26,208.32,-1.00,1,0.00,1,1,1,1.000,CLOUD,CLOUD,2,LOCAL,LOCAL,0,0,none
2026-04-20 12:27:43,166,51.18,49.51,66.56,61.01,35.62,15.56,up,1125.39,192.93,-1.00,1,0.00,1,0,1,0.941,CLOUD,,0,LOCAL,CLOUD,1,0,started
2026-04-20 12:27:46,167,34.37,107.97,66.67,53.88,51.18,-16.81,down,1145.76,192.93,-1.00,1,0.00,1,1,1,0.994,CLOUD,,0,CLOUD,CLOUD,0,0,none
2026-04-20 12:27:48,168,34.37,107.97,66.53,53.93,34.37,0.00,stable,619.56,192.93,-1.00,1,0.00,1,1,1,0.992,CLOUD,,0,CLOUD,CLOUD,0,0,none
2026-04-20 12:27:50,169,74.75,109.31,66.11,53.98,34.37,40.38,up,93.69,192.93,-1.00,1,0.00,1,1,1,0.544,CLOUD,,0,CLOUD,CLOUD,0,0,none
2026-04-20 12:27:52,170,48.44,314.62,66.14,53.94,74.75,-26.31,down,159.97,192.93,-1.00,1,0.00,1,1,1,0.989,CLOUD,,0,CLOUD,CLOUD,0,0,none
2026-04-20 12:27:54,171,48.44,314.62,66.14,53.98,48.44,0.00,stable,211.63,192.93,-1.00,1,0.00,1,1,1,0.989,CLOUD,,0,CLOUD,CLOUD,0,0,none
2026-04-20 12:27:56,172,117.68,28.97,65.94,53.98,48.44,69.24,up,191.88,192.93,-1.00,1,0.00,1,0,0,0.500,LOCAL,LOCAL,1,CLOUD,CLOUD,0,0,none
2026-04-20 12:27:58,173,117.68,28.97,66.03,53.98,117.68,0.00,stable,171.80,192.93,-1.00,1,0.00,1,0,0,0.500,LOCAL,LOCAL,2,CLOUD,CLOUD,0,0,none
2026-04-20 12:28:00,174,158.15,102.72,66.17,53.97,117.68,40.47,up,118.82,192.93,-1.00,1,0.00,1,1,0,0.500,LOCAL,,0,CLOUD,LOCAL,1,0,started
2026-04-20 12:28:04,175,80.78,140.61,66.17,54.37,158.15,-77.37,down,75.32,180.11,-1.00,1,0.00,1,1,0,0.500,LOCAL,,0,LOCAL,LOCAL,0,0,none
2026-04-20 12:28:06,176,80.78,140.61,66.69,56.46,80.78,0.00,stable,103.23,164.84,-1.00,1,0.00,1,1,1,0.681,CLOUD,CLOUD,1,LOCAL,LOCAL,0,0,none
2026-04-20 12:28:08,177,44.45,224.37,66.47,59.00,80.78,-36.33,down,152.08,149.74,-1.00,1,25.00,0,1,1,0.991,CLOUD,CLOUD,2,LOCAL,LOCAL,0,0,none
2026-04-20 12:28:10,178,607.07,2511.75,66.50,61.59,44.45,562.62,up,754.34,177.94,-1.00,1,0.00,0,1,0,0.500,LOCAL,,0,LOCAL,LOCAL,0,0,none
2026-04-20 12:28:12,179,607.07,2511.75,66.64,64.02,607.07,0.00,stable,1347.12,198.58,-1.00,1,0.00,0,1,0,0.500,LOCAL,,0,LOCAL,LOCAL,0,0,none
2026-04-20 12:28:14,180,27.15,91.94,66.64,64.52,607.07,-579.92,down,1334.95,171.18,-1.00,1,0.00,1,0,1,0.996,CLOUD,CLOUD,1,LOCAL,LOCAL,0,0,none
2026-04-20 12:28:16,181,57.82,506.09,66.64,54.29,27.15,30.67,up,1405.38,213.00,-1.00,1,0.00,1,1,1,0.997,CLOUD,CLOUD,2,LOCAL,LOCAL,0,0,none
2026-04-20 12:28:18,182,57.82,506.09,66.50,54.30,57.82,0.00,stable,903.97,172.59,-1.00,1,0.00,1,1,1,0.997,CLOUD,,0,LOCAL,CLOUD,1,0,started
2026-04-20 12:28:21,183,53.71,99.62,66.72,54.87,57.82,-4.11,stable,300.93,277.05,-1.00,1,0.00,1,0,1,0.960,CLOUD,,0,CLOUD,CLOUD,0,0,none
2026-04-20 12:28:23,184,103.60,388.82,66.39,55.11,53.71,49.89,up,375.16,277.05,-1.00,1,0.00,1,1,0,0.500,LOCAL,LOCAL,1,CLOUD,CLOUD,0,0,none
2026-04-20 12:28:25,185,103.60,388.82,66.20,55.02,103.60,0.00,stable,345.84,277.05,-1.00,1,0.00,1,1,0,0.500,LOCAL,LOCAL,2,CLOUD,CLOUD,0,0,none
2026-04-20 12:28:27,186,92.77,90.73,66.01,55.10,103.60,-10.83,down,242.00,277.05,-1.00,1,0.00,1,0,0,0.500,LOCAL,,0,CLOUD,LOCAL,1,0,started
2026-04-20 12:28:29,187,92.77,90.73,66.64,54.75,92.77,0.00,stable,239.78,182.49,-1.00,1,0.00,1,0,0,0.500,LOCAL,,0,LOCAL,LOCAL,0,0,none
2026-04-20 12:28:31,188,29.42,252.79,66.64,57.07,92.77,-63.35,down,205.77,163.52,-1.00,1,0.00,1,1,1,0.999,CLOUD,CLOUD,1,LOCAL,LOCAL,0,0,none
2026-04-20 12:28:33,189,29.42,252.79,66.61,58.99,29.42,0.00,stable,171.76,169.75,-1.00,1,0.00,1,1,1,0.999,CLOUD,CLOUD,2,LOCAL,LOCAL,0,0,none
2026-04-20 12:28:35,190,15.61,402.10,66.56,61.62,29.42,-13.82,down,249.60,165.85,-1.00,0,0.00,1,1,1,1.000,CLOUD,,0,LOCAL,CLOUD,1,0,started
2026-04-20 12:28:37,191,15.61,402.10,66.67,54.93,15.61,0.00,stable,327.44,202.50,-1.00,1,0.00,1,1,1,1.000,CLOUD,,0,CLOUD,CLOUD,0,0,none
2026-04-20 12:28:39,192,31.65,438.45,66.25,55.03,15.61,16.05,up,373.86,202.50,-1.00,1,50.00,0,1,1,0.999,CLOUD,,0,CLOUD,CLOUD,0,0,none
2026-04-20 12:28:41,193,59.33,125.08,66.08,54.99,31.65,27.68,up,341.93,202.50,-1.00,1,0.00,1,1,1,0.859,CLOUD,,0,CLOUD,CLOUD,0,0,none
2026-04-20 12:28:43,194,59.33,125.08,66.00,55.03,59.33,0.00,stable,272.68,202.50,-1.00,1,0.00,1,1,1,0.842,CLOUD,,0,CLOUD,CLOUD,0,0,none
2026-04-20 12:28:45,195,53.63,35.77,66.03,55.00,59.33,-5.70,stable,181.09,202.50,-1.00,1,0.00,1,0,1,0.828,CLOUD,,0,CLOUD,CLOUD,0,0,none
2026-04-20 12:28:47,196,53.63,35.77,66.06,55.02,53.63,0.00,stable,80.42,202.50,-1.00,1,0.00,1,0,1,0.834,CLOUD,,0,CLOUD,CLOUD,0,0,none
2026-04-20 12:28:49,197,125.97,179.87,65.95,55.06,53.63,72.34,up,94.12,202.50,-1.00,1,0.00,1,1,0,0.500,LOCAL,LOCAL,1,CLOUD,CLOUD,0,0,none
2026-04-20 12:28:51,198,125.97,179.87,66.20,54.99,125.97,0.00,stable,107.82,202.50,-1.00,1,0.00,1,1,0,0.500,LOCAL,LOCAL,2,CLOUD,CLOUD,0,0,none
2026-04-20 12:28:53,199,80.35,163.78,66.11,54.97,125.97,-45.62,down,139.82,202.50,-1.00,1,0.00,1,1,1,0.514,CLOUD,,0,CLOUD,CLOUD,0,0,none
2026-04-20 12:28:55,200,80.35,163.78,66.28,55.00,80.35,0.00,stable,171.82,202.50,-1.00,1,0.00,1,1,1,0.579,CLOUD,,0,CLOUD,CLOUD,0,0,none
2026-04-20 12:28:57,201,46.87,99.48,66.00,54.99,80.35,-33.48,down,151.73,202.50,-1.00,1,0.00,1,0,1,0.938,CLOUD,,0,CLOUD,CLOUD,0,0,none
2026-04-20 12:29:01,202,43.19,98.04,65.99,54.36,46.87,-3.68,stable,131.27,202.50,-1.00,1,0.00,1,0,1,0.954,CLOUD,,0,CLOUD,CLOUD,0,0,none
2026-04-20 12:29:04,203,43.19,98.04,66.01,54.33,43.19,0.00,stable,114.83,202.50,-1.00,1,0.00,1,0,1,0.956,CLOUD,,0,CLOUD,CLOUD,0,0,none
2026-04-20 12:29:06,204,56.47,136.36,66.14,54.33,43.19,13.28,up,107.98,202.50,-1.00,1,0.00,1,1,1,0.906,CLOUD,,0,CLOUD,CLOUD,0,0,none
2026-04-20 12:29:08,205,56.47,136.36,66.00,54.34,56.47,0.00,stable,117.20,202.50,-1.00,1,0.00,1,1,1,0.886,CLOUD,,0,CLOUD,CLOUD,0,0,none
2026-04-20 12:29:10,206,43.31,126.71,65.95,54.34,56.47,-13.16,down,124.37,202.50,-1.00,1,0.00,1,1,1,0.961,CLOUD,,0,CLOUD,CLOUD,0,0,none
2026-04-20 12:29:12,207,64.34,98.00,66.17,54.28,43.31,21.03,up,124.36,202.50,-1.00,1,0.00,1,0,1,0.772,CLOUD,,0,CLOUD,CLOUD,0,0,none
2026-04-20 12:29:14,208,64.34,98.00,66.03,54.32,64.34,0.00,stable,114.77,202.50,-1.00,1,0.00,1,0,1,0.731,CLOUD,,0,CLOUD,CLOUD,0,0,none
2026-04-20 12:29:16,209,54.26,139.08,66.06,54.28,64.34,-10.08,down,115.45,202.50,-1.00,1,0.00,1,1,1,0.915,CLOUD,,0,CLOUD,CLOUD,0,0,none
2026-04-20 12:29:18,210,54.26,139.08,66.08,54.33,54.26,0.00,stable,118.54,202.50,-1.00,1,0.00,1,1,1,0.919,CLOUD,,0,CLOUD,CLOUD,0,0,none
2026-04-20 12:29:20,211,183.72,133.07,66.23,54.34,54.26,129.46,up,127.31,202.50,-1.00,1,0.00,1,1,0,0.500,LOCAL,LOCAL,1,CLOUD,CLOUD,0,0,none
2026-04-20 12:29:22,212,93.36,84.36,66.17,54.34,183.72,-90.36,down,123.90,202.50,-1.00,1,0.00,1,0,0,0.500,LOCAL,LOCAL,2,CLOUD,CLOUD,0,0,none
2026-04-20 12:29:24,213,93.36,84.36,66.00,54.34,93.36,0.00,stable,110.22,202.50,-1.00,1,0.00,1,0,0,0.500,LOCAL,,0,CLOUD,LOCAL,1,0,started
2026-04-20 12:29:26,214,74.31,107.28,66.67,54.74,93.36,-19.06,down,102.27,249.78,-1.00,1,0.00,1,1,1,0.749,CLOUD,CLOUD,1,LOCAL,LOCAL,0,0,none
2026-04-20 12:29:28,215,9.79,1448.87,66.53,57.31,74.31,-64.52,down,431.22,182.07,-1.00,1,0.00,1,1,1,1.000,CLOUD,CLOUD,2,LOCAL,LOCAL,0,0,none
2026-04-20 12:29:30,216,9.79,1448.87,66.50,59.47,9.79,0.00,stable,772.35,194.39,-1.00,1,0.00,1,1,1,1.000,CLOUD,,0,LOCAL,CLOUD,1,0,started
2026-04-20 12:29:32,217,9.79,1448.87,66.67,54.99,9.79,0.00,stable,1113.47,221.06,-1.00,1,0.00,1,1,1,1.000,CLOUD,,0,CLOUD,CLOUD,0,0,none
2026-04-20 12:29:34,218,9.79,1448.87,66.20,55.06,9.79,0.00,stable,1448.87,221.06,-1.00,1,0.00,1,1,1,1.000,CLOUD,,0,CLOUD,CLOUD,0,0,none
2026-04-20 12:29:36,219,80.29,0.00,66.00,55.07,9.79,70.50,up,1086.65,221.06,-1.00,1,75.00,0,0,0,0.500,LOCAL,LOCAL,1,CLOUD,CLOUD,0,0,none
2026-04-20 12:29:38,220,80.29,0.00,65.92,55.07,80.29,0.00,stable,724.44,221.06,-1.00,1,75.00,0,0,0,0.500,LOCAL,LOCAL,2,CLOUD,CLOUD,0,0,none
2026-04-20 12:29:40,221,0.00,11.12,66.06,55.06,80.29,-80.29,down,365.00,221.06,-1.00,1,100.00,0,0,1,0.999,CLOUD,,0,CLOUD,CLOUD,0,0,none
2026-04-20 12:29:42,222,0.00,11.12,66.00,55.05,0.00,0.00,stable,5.56,221.06,-1.00,1,100.00,0,0,1,0.999,CLOUD,,0,CLOUD,CLOUD,0,0,none
2026-04-20 12:29:44,223,109.07,172.09,66.22,55.04,0.00,109.07,up,48.58,221.06,-1.00,1,0.00,1,1,0,0.500,LOCAL,LOCAL,1,CLOUD,CLOUD,0,0,none
2026-04-20 12:29:46,224,72.78,112.24,66.06,55.02,109.07,-36.29,down,76.64,221.06,-1.00,1,0.00,1,1,1,0.577,CLOUD,,0,CLOUD,CLOUD,0,0,none
2026-04-20 12:29:48,225,72.78,112.24,66.06,55.01,72.78,0.00,stable,101.92,221.06,-1.00,1,0.00,1,1,1,0.577,CLOUD,,0,CLOUD,CLOUD,0,0,none
2026-04-20 12:29:50,226,159.04,120.87,66.25,55.05,72.78,86.26,up,129.36,221.06,-1.00,1,0.00,1,1,0,0.500,LOCAL,LOCAL,1,CLOUD,CLOUD,0,0,none
2026-04-20 12:29:52,227,159.04,120.87,66.06,55.01,159.04,0.00,stable,116.55,221.06,-1.00,1,0.00,1,1,0,0.500,LOCAL,LOCAL,2,CLOUD,CLOUD,0,0,none
2026-04-20 12:29:54,228,85.13,94.61,66.22,54.33,159.04,-73.91,down,112.15,221.06,-1.00,1,0.00,1,0,0,0.500,LOCAL,,0,CLOUD,LOCAL,1,0,started
2026-04-20 12:29:57,229,112.90,210.85,66.64,55.07,85.13,27.76,up,136.80,221.06,-1.00,1,0.00,1,1,0,0.500,LOCAL,,0,LOCAL,LOCAL,0,0,none
2026-04-20 12:29:59,230,112.90,210.85,66.45,57.38,112.90,0.00,stable,159.29,176.48,-1.00,1,0.00,1,1,0,0.500,LOCAL,,0,LOCAL,LOCAL,0,0,none
2026-04-20 12:30:01,231,83.37,253.93,66.64,59.25,112.90,-29.53,down,192.56,172.05,-1.00,1,0.00,1,1,1,0.789,CLOUD,CLOUD,1,LOCAL,LOCAL,0,0,none
2026-04-20 12:30:03,232,27.43,252.04,66.50,61.95,83.37,-55.94,down,231.92,200.93,-1.00,1,0.00,1,1,1,0.999,CLOUD,CLOUD,2,LOCAL,LOCAL,0,0,none
2026-04-20 12:30:05,233,27.43,252.04,66.64,64.09,27.43,0.00,stable,242.21,175.43,-1.00,1,0.00,1,1,1,0.999,CLOUD,,0,LOCAL,CLOUD,1,0,started
2026-04-20 12:30:07,234,65.55,159.66,66.67,55.13,27.43,38.12,up,229.42,203.19,-1.00,1,0.00,1,1,1,0.916,CLOUD,,0,CLOUD,CLOUD,0,0,none
2026-04-20 12:30:09,235,65.55,159.66,66.64,55.21,65.55,0.00,stable,205.85,203.19,-1.00,1,0.00,1,1,1,0.913,CLOUD,,0,CLOUD,CLOUD,0,0,none
2026-04-20 12:30:11,236,48.36,89.60,66.00,55.21,65.55,-17.19,down,165.24,203.19,-1.00,1,0.00,1,0,1,0.923,CLOUD,,0,CLOUD,CLOUD,0,0,none
2026-04-20 12:30:13,237,48.36,89.60,66.09,55.22,48.36,0.00,stable,124.63,203.19,-1.00,1,0.00,1,0,1,0.932,CLOUD,,0,CLOUD,CLOUD,0,0,none
2026-04-20 12:30:15,238,79.88,181.12,65.85,55.27,48.36,31.52,up,129.99,203.19,-1.00,1,0.00,1,1,0,0.500,LOCAL,LOCAL,1,CLOUD,CLOUD,0,0,none
2026-04-20 12:30:17,239,79.88,181.12,66.23,55.21,79.88,0.00,stable,135.36,203.19,-1.00,1,0.00,1,1,1,0.605,CLOUD,,0,CLOUD,CLOUD,0,0,none
2026-04-20 12:30:19,240,66.44,74.06,66.08,55.22,79.88,-13.44,down,131.47,203.19,-1.00,1,0.00,1,0,1,0.664,CLOUD,,0,CLOUD,CLOUD,0,0,none
2026-04-20 12:30:21,241,66.44,74.06,66.19,55.18,66.44,0.00,stable,127.59,203.19,-1.00,1,0.00,1,0,1,0.703,CLOUD,,0,CLOUD,CLOUD,0,0,none
2026-04-20 12:30:23,242,138.71,37.55,66.00,55.21,66.44,72.27,up,91.70,203.19,-1.00,1,0.00,1,0,0,0.500,LOCAL,LOCAL,1,CLOUD,CLOUD,0,0,none
2026-04-20 12:30:25,243,28.62,2449.77,66.06,55.18,138.71,-110.09,down,658.86,203.19,-1.00,1,0.00,1,1,1,1.000,CLOUD,,0,CLOUD,CLOUD,0,0,none
2026-04-20 12:30:27,244,28.62,2449.77,66.06,55.22,28.62,0.00,stable,1252.79,203.19,-1.00,1,0.00,1,1,1,1.000,CLOUD,,0,CLOUD,CLOUD,0,0,none
2026-04-20 12:30:29,245,144.98,110.58,66.28,54.50,28.62,116.35,up,1261.92,203.19,-1.00,1,0.00,1,1,0,0.500,LOCAL,LOCAL,1,CLOUD,CLOUD,0,0,none
2026-04-20 12:30:31,246,144.98,110.58,66.11,54.55,144.98,0.00,stable,1280.17,203.19,-1.00,1,0.00,1,1,0,0.500,LOCAL,LOCAL,2,CLOUD,CLOUD,0,0,none
2026-04-20 12:30:33,247,94.79,81.44,66.20,54.52,144.98,-50.19,down,688.09,203.19,-1.00,1,0.00,1,0,0,0.500,LOCAL,,0,CLOUD,LOCAL,1,0,started
2026-04-20 12:30:36,248,151.74,41.52,66.67,55.34,94.79,56.95,up,86.03,203.19,-1.00,1,0.00,1,0,0,0.500,LOCAL,,0,LOCAL,LOCAL,0,0,none
2026-04-20 12:30:38,249,151.74,41.52,66.64,57.47,151.74,0.00,stable,68.77,187.13,-1.00,1,0.00,1,0,0,0.500,LOCAL,,0,LOCAL,LOCAL,0,0,none
2026-04-20 12:30:40,250,27.83,563.33,66.58,59.93,151.74,-123.91,down,181.95,186.72,-1.00,1,0.00,1,1,1,1.000,CLOUD,CLOUD,1,LOCAL,LOCAL,0,0,none
2026-04-20 12:30:42,251,27.83,563.33,66.48,62.38,27.83,0.00,stable,302.43,170.64,-1.00,1,0.00,1,1,1,1.000,CLOUD,CLOUD,2,LOCAL,LOCAL,0,0,none
2026-04-20 12:30:44,252,168.99,580.56,66.50,64.64,27.83,141.16,up,437.19,172.53,-1.00,1,0.00,1,1,0,0.500,LOCAL,,0,LOCAL,LOCAL,0,0,none
2026-04-20 12:30:46,253,813.82,322.46,66.67,65.19,168.99,644.83,up,507.42,206.70,-1.00,1,0.00,0,1,0,0.500,LOCAL,,0,LOCAL,LOCAL,0,0,none
2026-04-20 12:30:48,254,813.82,322.46,66.64,54.84,813.82,0.00,stable,447.20,170.52,-1.00,1,0.00,0,1,0,0.500,LOCAL,,0,LOCAL,LOCAL,0,0,none
2026-04-20 12:30:50,255,11.15,2146.80,66.64,54.83,813.82,-802.66,down,843.07,162.30,-1.00,1,0.00,1,1,1,1.000,CLOUD,CLOUD,1,LOCAL,LOCAL,0,0,none
2026-04-20 12:30:52,256,11.15,2146.80,66.53,54.84,11.15,0.00,stable,1234.63,175.02,-1.00,1,0.00,1,1,1,1.000,CLOUD,CLOUD,2,LOCAL,LOCAL,0,0,none
2026-04-20 12:30:54,257,71.30,13.20,66.56,54.84,11.15,60.15,up,1157.31,217.93,-1.00,1,50.00,0,0,1,0.614,CLOUD,,0,LOCAL,CLOUD,1,0,started
2026-04-20 12:30:56,258,71.30,13.20,66.69,55.41,71.30,0.00,stable,1080.00,252.31,-1.00,1,50.00,0,0,1,0.665,CLOUD,,0,CLOUD,CLOUD,0,0,none
2026-04-20 12:30:58,259,46.17,173.73,66.31,55.52,71.30,-25.13,down,586.73,252.31,-1.00,1,0.00,1,1,1,0.979,CLOUD,,0,CLOUD,CLOUD,0,0,none
2026-04-20 12:31:00,260,46.17,173.73,66.20,55.56,46.17,0.00,stable,93.47,252.31,-1.00,1,0.00,1,1,1,0.976,CLOUD,,0,CLOUD,CLOUD,0,0,none
2026-04-20 12:31:02,261,146.65,74.27,65.97,55.53,46.17,100.47,up,108.73,252.31,-1.00,1,0.00,1,0,0,0.500,LOCAL,LOCAL,1,CLOUD,CLOUD,0,0,none
2026-04-20 12:31:04,262,146.65,74.27,66.20,55.57,146.65,0.00,stable,124.00,252.31,-1.00,1,0.00,1,0,0,0.500,LOCAL,LOCAL,2,CLOUD,CLOUD,0,0,none
2026-04-20 12:31:06,263,36.68,144.46,66.03,55.54,146.65,-109.96,down,116.68,252.31,-1.00,1,0.00,1,1,1,0.984,CLOUD,,0,CLOUD,CLOUD,0,0,none
2026-04-20 12:31:08,264,36.68,144.46,66.06,55.59,36.68,0.00,stable,109.37,252.31,-1.00,1,0.00,1,1,1,0.985,CLOUD,,0,CLOUD,CLOUD,0,0,none
2026-04-20 12:31:10,265,92.20,51.16,66.03,55.56,36.68,55.52,up,103.59,252.31,-1.00,1,0.00,1,0,0,0.500,LOCAL,LOCAL,1,CLOUD,CLOUD,0,0,none
2026-04-20 12:31:13,266,85.85,231.59,66.02,55.68,92.20,-6.35,stable,142.92,252.31,-1.00,1,0.00,1,1,0,0.500,LOCAL,LOCAL,2,CLOUD,CLOUD,0,0,none
2026-04-20 12:31:15,267,85.85,231.59,66.03,55.57,85.85,0.00,stable,164.70,252.31,-1.00,1,0.00,1,1,0,0.500,LOCAL,,0,CLOUD,LOCAL,1,0,started
2026-04-20 12:31:18,268,91.28,86.01,66.67,55.62,85.85,5.43,stable,150.09,252.31,-1.00,1,0.00,1,0,0,0.500,LOCAL,,0,LOCAL,LOCAL,0,0,none
2026-04-20 12:31:20,269,91.28,86.01,66.53,57.20,91.28,0.00,stable,158.80,256.37,-1.00,1,0.00,1,0,0,0.500,LOCAL,,0,LOCAL,LOCAL,0,0,none
2026-04-20 12:31:22,270,82.39,224.37,66.58,59.62,91.28,-8.89,stable,156.99,175.79,-1.00,1,0.00,1,1,1,0.748,CLOUD,CLOUD,1,LOCAL,LOCAL,0,0,none
2026-04-20 12:31:24,271,38.52,83.93,66.61,62.04,82.39,-43.87,down,120.08,200.13,-1.00,1,0.00,1,0,1,0.988,CLOUD,CLOUD,2,LOCAL,LOCAL,0,0,none
2026-04-20 12:31:26,272,38.52,83.93,66.64,64.36,38.52,0.00,stable,119.56,168.48,-1.00,1,0.00,1,0,1,0.988,CLOUD,,0,LOCAL,CLOUD,1,0,started
2026-04-20 12:31:28,273,90.53,131.24,66.65,55.56,38.52,52.01,up,130.87,129.82,-1.00,1,0.00,1,1,0,0.500,LOCAL,LOCAL,1,CLOUD,CLOUD,0,0,none
2026-04-20 12:31:30,274,90.53,131.24,66.36,55.57,90.53,0.00,stable,107.59,129.82,-1.00,1,0.00,1,1,0,0.500,LOCAL,LOCAL,2,CLOUD,CLOUD,0,0,none
2026-04-20 12:31:32,275,72.74,123.34,66.11,55.57,90.53,-17.79,down,117.44,129.82,-1.00,1,0.00,1,1,1,0.620,CLOUD,,0,CLOUD,CLOUD,0,0,none
2026-04-20 12:31:34,276,72.74,123.34,66.25,55.58,72.74,0.00,stable,127.29,129.82,-1.00,1,0.00,1,1,1,0.671,CLOUD,,0,CLOUD,CLOUD,0,0,none
2026-04-20 12:31:36,277,65.73,109.19,65.95,55.57,72.74,-7.01,stable,121.78,129.82,-1.00,1,0.00,1,1,1,0.693,CLOUD,,0,CLOUD,CLOUD,0,0,none
2026-04-20 12:31:38,278,115.35,201.56,66.31,55.54,65.73,49.62,up,139.35,129.82,-1.00,1,0.00,1,1,0,0.500,LOCAL,LOCAL,1,CLOUD,CLOUD,0,0,none
2026-04-20 12:31:40,279,115.35,201.56,66.17,55.58,115.35,0.00,stable,158.91,129.82,-1.00,1,0.00,1,1,0,0.500,LOCAL,LOCAL,2,CLOUD,CLOUD,0,0,none
2026-04-20 12:31:42,280,49.63,134.75,66.11,55.55,115.35,-65.72,down,161.76,129.82,-1.00,1,0.00,1,1,1,0.948,CLOUD,,0,CLOUD,CLOUD,0,0,none
2026-04-20 12:31:44,281,49.63,134.75,66.28,55.58,49.63,0.00,stable,168.15,129.82,-1.00,1,0.00,1,1,1,0.959,CLOUD,,0,CLOUD,CLOUD,0,0,none
2026-04-20 12:31:46,282,55.60,159.28,66.00,55.56,49.63,5.97,stable,157.58,129.82,-1.00,1,0.00,1,1,1,0.910,CLOUD,,0,CLOUD,CLOUD,0,0,none
2026-04-20 12:31:48,283,37.19,2277.66,66.17,55.57,55.60,-18.41,down,676.61,129.82,-1.00,0,0.00,1,1,1,1.000,CLOUD,,0,CLOUD,CLOUD,0,0,none
2026-04-20 12:31:50,284,37.19,2277.66,66.11,54.86,37.19,0.00,stable,1212.33,129.82,-1.00,0,0.00,1,1,1,1.000,CLOUD,,0,CLOUD,CLOUD,0,0,none
2026-04-20 12:31:52,285,39.23,2502.57,66.14,54.87,37.19,2.04,stable,1804.29,129.82,-1.00,1,0.00,1,1,1,1.000,CLOUD,,0,CLOUD,CLOUD,0,0,none
2026-04-20 12:31:55,286,78.85,36.36,66.23,54.96,39.23,39.63,up,1773.56,129.82,-1.00,1,0.00,1,0,0,0.500,LOCAL,LOCAL,1,CLOUD,CLOUD,0,0,none
2026-04-20 12:31:57,287,78.85,36.36,66.07,54.83,78.85,0.00,stable,1213.23,129.82,-1.00,1,0.00,1,0,0,0.500,LOCAL,LOCAL,2,CLOUD,CLOUD,0,0,none
2026-04-20 12:31:59,288,111.31,159.50,66.19,54.88,78.85,32.46,up,683.69,129.82,-1.00,1,0.00,1,1,0,0.500,LOCAL,,0,CLOUD,LOCAL,1,0,started
2026-04-20 12:32:02,289,119.20,55.06,66.25,56.08,111.31,7.89,stable,71.82,129.82,-1.00,1,0.00,1,0,0,0.500,LOCAL,,0,LOCAL,LOCAL,0,0,none
2026-04-20 12:32:04,290,119.20,55.06,66.50,58.05,119.20,0.00,stable,76.49,181.61,-1.00,1,0.00,1,0,0,0.500,LOCAL,,0,LOCAL,LOCAL,0,0,none
2026-04-20 12:32:06,291,37.90,2020.38,66.56,60.38,119.20,-81.30,down,572.50,182.80,-1.00,1,0.00,1,1,1,1.000,CLOUD,CLOUD,1,LOCAL,LOCAL,0,0,none
2026-04-20 12:32:08,292,42.55,325.06,66.67,62.61,37.90,4.65,stable,613.89,184.96,-1.00,1,0.00,1,1,1,0.998,CLOUD,CLOUD,2,LOCAL,LOCAL,0,0,none
2026-04-20 12:32:10,293,42.55,325.06,66.56,64.90,42.55,0.00,stable,681.39,183.91,-1.00,1,0.00,1,1,1,0.997,CLOUD,,0,LOCAL,CLOUD,1,0,started
2026-04-20 12:32:13,294,25.89,217.40,66.69,55.67,42.55,-16.66,down,721.98,310.57,-1.00,1,0.00,1,1,1,0.999,CLOUD,,0,CLOUD,CLOUD,0,0,none
2026-04-20 12:32:15,295,25.89,217.40,66.64,55.81,25.89,0.00,stable,271.23,310.57,-1.00,1,0.00,1,1,1,0.999,CLOUD,,0,CLOUD,CLOUD,0,0,none
2026-04-20 12:32:17,296,1347.53,237.20,66.03,55.81,25.89,1321.64,up,249.26,310.57,-1.00,1,0.00,0,1,0,0.500,LOCAL,LOCAL,1,CLOUD,CLOUD,0,0,none
2026-04-20 12:32:19,297,99.22,107.74,66.11,55.76,1347.53,-1248.31,down,194.93,310.57,-1.00,1,0.00,1,1,0,0.500,LOCAL,LOCAL,2,CLOUD,CLOUD,0,0,none
2026-04-20 12:32:21,298,99.22,107.74,66.14,55.80,99.22,0.00,stable,167.52,310.57,-1.00,1,0.00,1,1,0,0.500,LOCAL,,0,CLOUD,LOCAL,1,0,started
2026-04-20 12:32:24,299,84.93,138.06,66.40,55.94,99.22,-14.29,down,147.69,258.42,-1.00,1,0.00,1,1,0,0.500,LOCAL,,0,LOCAL,LOCAL,0,0,none
2026-04-20 12:32:26,300,20.31,1590.33,66.53,58.00,84.93,-64.62,down,485.97,185.76,-1.00,1,0.00,1,1,1,1.000,CLOUD,CLOUD,1,LOCAL,LOCAL,0,0,none
2026-04-20 12:32:28,301,20.31,1590.33,66.64,60.53,20.31,0.00,stable,856.62,168.36,-1.00,1,0.00,1,1,1,1.000,CLOUD,CLOUD,2,LOCAL,LOCAL,0,0,none
2026-04-20 12:32:30,302,82.01,121.61,66.58,63.32,20.31,61.69,up,860.08,239.61,-1.00,1,50.00,0,1,1,0.576,CLOUD,,0,LOCAL,CLOUD,1,0,started
2026-04-20 12:32:33,303,82.01,121.61,66.67,55.70,82.01,0.00,stable,855.97,190.38,-1.00,1,50.00,0,1,1,0.608,CLOUD,,0,CLOUD,CLOUD,0,0,none
2026-04-20 12:32:35,304,55.67,140.01,66.28,55.79,82.01,-26.33,down,493.39,190.38,-1.00,1,0.00,1,1,1,0.931,CLOUD,,0,CLOUD,CLOUD,0,0,none
2026-04-20 12:32:37,305,56.22,144.40,65.95,55.90,55.67,0.55,stable,131.90,190.38,-1.00,1,0.00,1,1,1,0.887,CLOUD,,0,CLOUD,CLOUD,0,0,none
2026-04-20 12:32:39,306,56.22,144.40,66.28,55.83,56.22,0.00,stable,137.60,190.38,-1.00,1,0.00,1,1,1,0.930,CLOUD,,0,CLOUD,CLOUD,0,0,none
2026-04-20 12:32:41,307,40.57,95.41,66.17,55.83,56.22,-15.65,down,131.05,190.38,-1.00,1,0.00,1,0,1,0.973,CLOUD,,0,CLOUD,CLOUD,0,0,none
2026-04-20 12:32:43,308,40.57,95.41,66.14,55.83,40.57,0.00,stable,119.90,190.38,-1.00,1,0.00,1,0,1,0.972,CLOUD,,0,CLOUD,CLOUD,0,0,none
2026-04-20 12:32:45,309,43.46,203.05,65.92,55.81,40.57,2.89,stable,134.57,190.38,-1.00,1,0.00,1,1,1,0.977,CLOUD,,0,CLOUD,CLOUD,0,0,none
2026-04-20 12:32:47,310,43.46,203.05,66.17,55.83,43.46,0.00,stable,149.23,190.38,-1.00,1,0.00,1,1,1,0.984,CLOUD,,0,CLOUD,CLOUD,0,0,none
2026-04-20 12:32:49,311,75.39,96.75,66.00,55.77,43.46,31.93,up,149.56,190.38,-1.00,1,0.00,1,0,0,0.500,LOCAL,LOCAL,1,CLOUD,CLOUD,0,0,none
2026-04-20 12:32:51,312,75.39,96.75,66.19,55.84,75.39,0.00,stable,149.90,190.38,-1.00,1,0.00,1,0,1,0.537,CLOUD,,0,CLOUD,CLOUD,0,0,none
2026-04-20 12:32:53,313,27.98,173.84,66.08,55.79,75.39,-47.41,down,142.60,190.38,-1.00,1,0.00,1,1,1,0.995,CLOUD,,0,CLOUD,CLOUD,0,0,none
2026-04-20 12:32:55,314,38.95,85.47,66.31,55.17,27.98,10.97,up,113.20,190.38,-1.00,1,0.00,1,0,1,0.980,CLOUD,,0,CLOUD,CLOUD,0,0,none
2026-04-20 12:32:57,315,38.95,85.47,66.11,55.14,38.95,0.00,stable,110.38,190.38,-1.00,1,0.00,1,0,1,0.973,CLOUD,,0,CLOUD,CLOUD,0,0,none
2026-04-20 12:32:59,316,203.46,44.92,65.92,55.13,38.95,164.50,up,97.42,190.38,-1.00,1,0.00,0,0,0,0.500,LOCAL,LOCAL,1,CLOUD,CLOUD,0,0,none
2026-04-20 12:33:01,317,203.46,44.92,66.11,55.12,203.46,0.00,stable,65.20,190.38,-1.00,1,0.00,0,0,0,0.500,LOCAL,LOCAL,2,CLOUD,CLOUD,0,0,none
2026-04-20 12:33:03,318,41.71,461.15,66.08,55.13,203.46,-161.75,down,159.12,190.38,-1.00,1,0.00,1,1,1,0.998,CLOUD,,0,CLOUD,CLOUD,0,0,none
2026-04-20 12:33:05,319,41.71,461.15,66.00,55.13,41.71,0.00,stable,253.04,190.38,-1.00,1,0.00,1,1,1,0.998,CLOUD,,0,CLOUD,CLOUD,0,0,none
2026-04-20 12:33:07,320,82.38,107.65,66.14,55.09,41.71,40.67,up,268.72,190.38,-1.00,1,0.00,1,1,0,0.500,LOCAL,LOCAL,1,CLOUD,CLOUD,0,0,none
2026-04-20 12:33:09,321,75.36,40.16,66.03,55.14,82.38,-7.02,stable,267.53,190.38,-1.00,1,0.00,1,0,0,0.500,LOCAL,LOCAL,2,CLOUD,CLOUD,0,0,none
2026-04-20 12:33:11,322,75.36,40.16,66.00,55.09,75.36,0.00,stable,162.28,190.38,-1.00,1,0.00,1,0,0,0.500,LOCAL,,0,CLOUD,LOCAL,1,0,started
2026-04-20 12:33:13,323,84.98,1990.89,66.67,55.63,75.36,9.62,stable,544.71,177.69,-1.00,1,0.00,1,1,1,1.000,CLOUD,CLOUD,1,LOCAL,LOCAL,0,0,none
2026-04-20 12:33:15,324,84.98,1990.89,66.56,57.70,84.98,0.00,stable,1015.52,160.06,-1.00,1,0.00,1,1,1,1.000,CLOUD,CLOUD,2,LOCAL,LOCAL,0,0,none
2026-04-20 12:33:17,325,84.98,1990.89,66.64,60.45,84.98,0.00,stable,1503.21,159.25,-1.00,1,0.00,1,1,1,1.000,CLOUD,,0,LOCAL,CLOUD,1,0,started
2026-04-20 12:33:20,326,28.72,3.64,66.61,55.65,84.98,-56.25,down,1494.08,210.83,-1.00,1,25.00,0,0,1,0.991,CLOUD,,0,CLOUD,CLOUD,0,0,none
2026-04-20 12:33:22,327,74.75,2640.21,66.42,55.79,28.72,46.02,up,1656.41,210.83,-1.00,1,0.00,1,1,1,1.000,CLOUD,,0,CLOUD,CLOUD,0,0,none
2026-04-20 12:33:24,328,74.75,2640.21,66.06,55.83,74.75,0.00,stable,1818.74,210.83,-1.00,0,0.00,1,1,1,1.000,CLOUD,,0,CLOUD,CLOUD,0,0,none
2026-04-20 12:33:26,329,58.01,192.94,66.11,55.79,74.75,-16.74,down,1369.25,210.83,-1.00,0,0.00,1,1,1,0.926,CLOUD,,0,CLOUD,CLOUD,0,0,none
2026-04-20 12:33:28,330,51.57,179.82,66.14,55.82,58.01,-6.44,stable,1413.30,210.83,-1.00,1,0.00,1,1,1,0.957,CLOUD,,0,CLOUD,CLOUD,0,0,none
2026-04-20 12:33:30,331,51.57,179.82,66.08,55.81,51.57,0.00,stable,798.20,210.83,-1.00,1,0.00,1,1,1,0.953,CLOUD,,0,CLOUD,CLOUD,0,0,none
2026-04-20 12:33:32,332,217.37,1835.88,66.31,55.84,51.57,165.80,up,597.12,210.83,-1.00,1,0.00,0,1,1,0.510,CLOUD,,0,CLOUD,CLOUD,0,0,none
2026-04-20 12:33:34,333,217.37,1835.88,66.11,55.82,217.37,0.00,stable,1007.85,210.83,-1.00,1,0.00,0,1,0,0.500,LOCAL,LOCAL,1,CLOUD,CLOUD,0,0,none
2026-04-20 12:33:36,334,44.99,146.21,66.14,55.78,217.37,-172.37,down,999.45,210.83,-1.00,1,0.00,1,1,1,0.971,CLOUD,,0,CLOUD,CLOUD,0,0,none
2026-04-20 12:33:40,335,35.25,35.61,65.98,55.88,44.99,-9.74,stable,963.40,210.83,-1.00,1,0.00,1,0,1,0.965,CLOUD,,0,CLOUD,CLOUD,0,0,none
2026-04-20 12:33:42,336,35.25,35.61,66.20,55.80,35.25,0.00,stable,513.33,210.83,-1.00,1,0.00,1,0,1,0.975,CLOUD,,0,CLOUD,CLOUD,0,0,none
2026-04-20 12:33:44,337,74.00,87.85,66.03,55.13,35.25,38.75,up,76.32,210.83,-1.00,1,0.00,1,0,0,0.500,LOCAL,LOCAL,1,CLOUD,CLOUD,0,0,none
2026-04-20 12:33:46,338,74.00,87.85,65.97,55.10,74.00,0.00,stable,61.73,210.83,-1.00,1,0.00,1,0,0,0.500,LOCAL,LOCAL,2,CLOUD,CLOUD,0,0,none
2026-04-20 12:33:48,339,76.44,358.35,66.17,55.11,74.00,2.44,stable,142.42,210.83,-1.00,1,0.00,1,1,1,0.890,CLOUD,,0,CLOUD,CLOUD,0,0,none
2026-04-20 12:33:50,340,76.44,358.35,66.03,55.14,76.44,0.00,stable,223.10,210.83,-1.00,1,0.00,1,1,1,0.867,CLOUD,,0,CLOUD,CLOUD,0,0,none
2026-04-20 12:33:52,341,308.47,7.75,66.17,55.09,76.44,232.03,up,203.07,210.83,-1.00,1,0.00,0,0,0,0.500,LOCAL,LOCAL,1,CLOUD,CLOUD,0,0,none
2026-04-20 12:33:54,342,308.47,7.75,66.03,55.14,308.47,0.00,stable,183.05,210.83,-1.00,1,0.00,0,0,0,0.500,LOCAL,LOCAL,2,CLOUD,CLOUD,0,0,none
2026-04-20 12:33:56,343,46.36,1124.25,66.19,55.13,308.47,-262.11,down,374.52,210.83,-1.00,1,0.00,1,1,1,1.000,CLOUD,,0,CLOUD,CLOUD,0,0,none
2026-04-20 12:33:58,344,38.34,224.98,66.00,55.24,46.36,-8.02,stable,341.18,210.83,-1.00,1,0.00,1,1,1,0.990,CLOUD,,0,CLOUD,CLOUD,0,0,none
2026-04-20 12:34:00,345,38.34,224.98,66.14,55.14,38.34,0.00,stable,395.49,210.83,-1.00,1,0.00,1,1,1,0.992,CLOUD,,0,CLOUD,CLOUD,0,0,none
2026-04-20 12:34:03,346,61.27,38.75,65.91,55.22,38.34,22.93,up,403.24,210.83,-1.00,1,0.00,1,0,1,0.655,CLOUD,,0,CLOUD,CLOUD,0,0,none
2026-04-20 12:34:05,347,61.27,38.75,66.20,55.13,61.27,0.00,stable,131.87,210.83,-1.00,1,0.00,1,0,1,0.752,CLOUD,,0,CLOUD,CLOUD,0,0,none
2026-04-20 12:34:07,348,94.74,222.60,66.03,55.09,61.27,33.47,up,131.27,210.83,-1.00,1,0.00,1,1,0,0.500,LOCAL,LOCAL,1,CLOUD,CLOUD,0,0,none
2026-04-20 12:34:09,349,94.74,222.60,65.95,55.14,94.74,0.00,stable,130.68,210.83,-1.00,1,0.00,1,1,0,0.500,LOCAL,LOCAL,2,CLOUD,CLOUD,0,0,none
2026-04-20 12:34:11,350,42.62,130.29,66.22,55.11,94.74,-52.11,down,153.56,210.83,-1.00,1,0.00,1,1,1,0.977,CLOUD,,0,CLOUD,CLOUD,0,0,none
2026-04-20 12:34:15,351,63.67,123.16,65.93,55.23,42.62,21.05,up,174.67,210.83,-1.00,1,0.00,1,1,1,0.752,CLOUD,,0,CLOUD,CLOUD,0,0,none
2026-04-20 12:34:17,352,63.67,123.16,66.03,55.15,63.67,0.00,stable,149.80,210.83,-1.00,1,0.00,1,1,1,0.780,CLOUD,,0,CLOUD,CLOUD,0,0,none
2026-04-20 12:34:19,353,45.73,89.46,66.08,55.10,63.67,-17.94,down,116.52,210.83,-1.00,1,0.00,1,0,1,0.947,CLOUD,,0,CLOUD,CLOUD,0,0,none
2026-04-20 12:34:21,354,45.73,89.46,65.95,55.07,45.73,0.00,stable,106.31,210.83,-1.00,1,0.00,1,0,1,0.934,CLOUD,,0,CLOUD,CLOUD,0,0,none
2026-04-20 12:34:23,355,76.89,73.79,66.28,55.13,45.73,31.16,up,93.97,210.83,-1.00,1,0.00,1,0,0,0.500,LOCAL,LOCAL,1,CLOUD,CLOUD,0,0,none
2026-04-20 12:34:25,356,76.89,73.79,66.03,55.10,76.89,0.00,stable,81.63,210.83,-1.00,1,0.00,1,0,0,0.500,LOCAL,LOCAL,2,CLOUD,CLOUD,0,0,none
2026-04-20 12:34:27,357,35.75,630.77,66.00,55.14,76.89,-41.15,down,216.95,210.83,-1.00,1,0.00,1,1,1,1.000,CLOUD,,0,CLOUD,CLOUD,0,0,none
2026-04-20 12:34:29,358,64.67,161.20,66.22,55.11,35.75,28.92,up,234.89,210.83,-1.00,1,0.00,1,1,1,0.856,CLOUD,,0,CLOUD,CLOUD,0,0,none
2026-04-20 12:34:31,359,64.67,161.20,66.00,55.15,64.67,0.00,stable,256.74,210.83,-1.00,1,0.00,1,1,1,0.806,CLOUD,,0,CLOUD,CLOUD,0,0,none
2026-04-20 12:34:33,360,45.52,103.25,66.00,55.10,64.67,-19.15,down,264.11,210.83,-1.00,1,0.00,1,1,1,0.947,CLOUD,,0,CLOUD,CLOUD,0,0,none
2026-04-20 12:34:35,361,132.74,1150.42,66.15,55.11,45.52,87.22,up,394.02,210.83,-1.00,1,0.00,1,1,1,0.941,CLOUD,,0,CLOUD,CLOUD,0,0,none
2026-04-20 12:34:37,362,132.74,1150.42,66.08,55.14,132.74,0.00,stable,641.33,210.83,-1.00,1,0.00,1,1,1,0.935,CLOUD,,0,CLOUD,CLOUD,0,0,none
2026-04-20 12:34:39,363,67.14,73.94,66.06,55.10,132.74,-65.59,down,619.51,210.83,-1.00,1,0.00,1,0,1,0.638,CLOUD,,0,CLOUD,CLOUD,0,0,none
2026-04-20 12:34:41,364,67.14,73.94,66.14,55.15,67.14,0.00,stable,612.18,210.83,-1.00,1,0.00,1,0,1,0.668,CLOUD,,0,CLOUD,CLOUD,0,0,none
2026-04-20 12:34:43,365,111.30,179.70,66.06,55.14,67.14,44.16,up,369.50,210.83,-1.00,1,0.00,1,1,0,0.500,LOCAL,LOCAL,1,CLOUD,CLOUD,0,0,none
2026-04-20 12:34:45,366,55.09,1598.82,66.14,55.10,111.30,-56.21,down,481.60,210.83,-1.00,1,0.00,1,1,1,1.000,CLOUD,,0,CLOUD,CLOUD,0,0,none
2026-04-20 12:34:47,367,55.09,1598.82,66.20,55.14,55.09,0.00,stable,862.82,210.83,-1.00,1,0.00,1,1,1,1.000,CLOUD,,0,CLOUD,CLOUD,0,0,none
2026-04-20 12:34:49,368,52.46,277.38,66.14,55.14,55.09,-2.63,stable,913.68,210.83,-1.00,1,0.00,1,1,1,0.978,CLOUD,,0,CLOUD,CLOUD,0,0,none
2026-04-20 12:34:51,369,36.20,113.94,65.91,55.24,52.46,-16.27,down,897.24,210.83,-1.00,1,0.00,1,1,1,0.977,CLOUD,,0,CLOUD,CLOUD,0,0,none
2026-04-20 12:34:53,370,36.20,113.94,66.12,55.14,36.20,0.00,stable,526.02,210.83,-1.00,1,0.00,1,1,1,0.983,CLOUD,,0,CLOUD,CLOUD,0,0,none
2026-04-20 12:34:55,371,60.39,108.21,66.06,55.14,36.20,24.20,up,153.37,210.83,-1.00,1,0.00,1,1,1,0.820,CLOUD,,0,CLOUD,CLOUD,0,0,none
2026-04-20 12:34:57,372,60.39,108.21,66.08,55.10,60.39,0.00,stable,111.08,210.83,-1.00,1,0.00,1,1,1,0.827,CLOUD,,0,CLOUD,CLOUD,0,0,none
2026-04-20 12:34:59,373,253.38,90.79,66.08,55.13,60.39,192.99,up,105.29,210.83,-1.00,1,0.00,0,0,0,0.500,LOCAL,LOCAL,1,CLOUD,CLOUD,0,0,none
2026-04-20 12:35:01,374,121.13,47.98,66.03,55.13,253.38,-132.25,down,88.80,210.83,-1.00,1,0.00,1,0,0,0.500,LOCAL,LOCAL,2,CLOUD,CLOUD,0,0,none
2026-04-20 12:35:03,375,121.13,47.98,65.95,55.13,121.13,0.00,stable,73.74,210.83,-1.00,1,0.00,1,0,0,0.500,LOCAL,,0,CLOUD,LOCAL,1,0,started
2026-04-20 12:35:06,376,146.10,208.94,66.46,55.89,121.13,24.96,up,98.92,210.83,-1.00,1,0.00,1,1,0,0.500,LOCAL,,0,LOCAL,LOCAL,0,0,none
2026-04-20 12:35:08,377,45.89,329.02,66.50,58.06,146.10,-100.20,down,158.48,191.68,-1.00,1,0.00,1,1,1,0.996,CLOUD,CLOUD,1,LOCAL,LOCAL,0,0,none
2026-04-20 12:35:10,378,45.89,329.02,66.58,60.44,45.89,0.00,stable,228.74,180.09,-1.00,1,0.00,1,1,1,0.996,CLOUD,CLOUD,2,LOCAL,LOCAL,0,0,none
2026-04-20 12:35:12,379,35.80,346.99,66.47,63.17,45.89,-10.09,down,303.49,228.94,-1.00,1,0.00,1,1,1,0.999,CLOUD,,0,LOCAL,CLOUD,1,0,started
2026-04-20 12:35:15,380,30.71,155.52,66.69,55.62,35.80,-5.09,stable,290.14,228.94,-1.00,1,0.00,1,1,1,0.997,CLOUD,,0,CLOUD,CLOUD,0,0,none
2026-04-20 12:35:17,381,30.71,155.52,66.58,55.84,30.71,0.00,stable,246.76,228.94,-1.00,1,0.00,1,1,1,0.997,CLOUD,,0,CLOUD,CLOUD,0,0,none
2026-04-20 12:35:19,382,20.21,201.74,66.08,55.83,30.71,-10.50,down,214.94,228.94,-1.00,1,0.00,1,1,1,0.998,CLOUD,,0,CLOUD,CLOUD,0,0,none
2026-04-20 12:35:21,383,20.21,201.74,66.11,55.81,20.21,0.00,stable,178.63,228.94,-1.00,1,0.00,1,1,1,0.998,CLOUD,,0,CLOUD,CLOUD,0,0,none
2026-04-20 12:35:23,384,121.44,70.76,66.03,55.80,20.21,101.23,up,157.44,228.94,-1.00,1,0.00,1,0,0,0.500,LOCAL,LOCAL,1,CLOUD,CLOUD,0,0,none
2026-04-20 12:35:26,385,82.70,95.55,66.01,55.89,121.44,-38.74,down,142.45,228.94,-1.00,1,0.00,1,0,0,0.500,LOCAL,LOCAL,2,CLOUD,CLOUD,0,0,none
2026-04-20 12:35:28,386,82.70,95.55,66.20,55.84,82.70,0.00,stable,115.90,228.94,-1.00,1,0.00,1,0,0,0.500,LOCAL,,0,CLOUD,LOCAL,1,0,started
2026-04-20 12:35:30,387,70.78,172.01,66.69,56.33,82.70,-11.92,down,108.47,228.94,-1.00,1,0.00,1,1,1,0.882,CLOUD,CLOUD,1,LOCAL,LOCAL,0,0,none
2026-04-20 12:35:32,388,70.78,172.01,66.45,58.51,70.78,0.00,stable,133.78,226.55,-1.00,1,0.00,1,1,1,0.834,CLOUD,CLOUD,2,LOCAL,LOCAL,0,0,none
2026-04-20 12:35:34,389,59.94,535.94,66.58,60.54,70.78,-10.84,down,243.88,234.45,-1.00,1,0.00,1,1,1,0.997,CLOUD,,0,LOCAL,CLOUD,1,0,started
2026-04-20 12:35:36,390,629.93,23.08,66.60,55.88,59.94,569.99,up,225.76,176.72,-1.00,1,0.00,0,0,0,0.500,LOCAL,LOCAL,1,CLOUD,CLOUD,0,0,none
2026-04-20 12:35:38,391,629.93,23.08,66.45,55.86,629.93,0.00,stable,188.53,176.72,-1.00,1,0.00,0,0,0,0.500,LOCAL,LOCAL,2,CLOUD,CLOUD,0,0,none
2026-04-20 12:35:40,392,68.73,141.82,66.14,55.86,629.93,-561.21,down,180.98,176.72,-1.00,1,0.00,1,1,1,0.748,CLOUD,,0,CLOUD,CLOUD,0,0,none
2026-04-20 12:35:42,393,68.73,141.82,66.06,55.87,68.73,0.00,stable,82.45,176.72,-1.00,1,0.00,1,1,1,0.722,CLOUD,,0,CLOUD,CLOUD,0,0,none
2026-04-20 12:35:45,394,178.35,18.41,66.01,55.92,68.73,109.62,up,81.28,176.72,-1.00,1,0.00,1,0,0,0.500,LOCAL,LOCAL,1,CLOUD,CLOUD,0,0,none
2026-04-20 12:35:47,395,178.35,18.41,66.25,55.88,178.35,0.00,stable,80.12,176.72,-1.00,1,0.00,1,0,0,0.500,LOCAL,LOCAL,2,CLOUD,CLOUD,0,0,none
2026-04-20 12:35:49,396,93.92,127.80,66.03,55.86,178.35,-84.43,down,76.61,176.72,-1.00,1,0.00,1,1,0,0.500,LOCAL,,0,CLOUD,LOCAL,1,0,started
2026-04-20 12:35:51,397,93.92,127.80,66.59,55.96,93.92,0.00,stable,73.11,270.33,-1.00,1,0.00,1,1,0,0.500,LOCAL,,0,LOCAL,LOCAL,0,0,none
2026-04-20 12:35:53,398,75.39,1040.00,66.47,58.13,93.92,-18.54,down,328.50,188.42,-1.00,1,0.00,1,1,1,1.000,CLOUD,CLOUD,1,LOCAL,LOCAL,0,0,none
2026-04-20 12:35:55,399,9.34,514.35,66.67,60.55,75.39,-66.05,down,452.49,169.12,-1.00,1,0.00,1,1,1,1.000,CLOUD,CLOUD,2,LOCAL,LOCAL,0,0,none
2026-04-20 12:35:57,400,9.34,514.35,66.61,63.16,9.34,0.00,stable,549.13,212.08,-1.00,1,0.00,1,1,1,1.000,CLOUD,,0,LOCAL,CLOUD,1,0,started
2026-04-20 12:35:59,401,30.18,130.75,66.64,55.70,9.34,20.84,up,549.86,144.05,-1.00,1,0.00,1,1,1,0.997,CLOUD,,0,CLOUD,CLOUD,0,0,none
2026-04-20 12:36:01,402,37.00,295.77,66.44,55.76,30.18,6.82,stable,363.81,144.05,-1.00,1,0.00,1,1,1,0.997,CLOUD,,0,CLOUD,CLOUD,0,0,none
2026-04-20 12:36:03,403,37.00,295.77,66.14,55.83,37.00,0.00,stable,309.16,144.05,-1.00,1,0.00,1,1,1,0.996,CLOUD,,0,CLOUD,CLOUD,0,0,none
2026-04-20 12:36:05,404,54.21,219.32,66.14,55.80,37.00,17.21,up,235.40,144.05,-1.00,1,0.00,1,1,1,0.959,CLOUD,,0,CLOUD,CLOUD,0,0,none
2026-04-20 12:36:07,405,35.30,122.66,65.98,55.90,54.21,-18.91,down,233.38,144.05,-1.00,1,0.00,1,1,1,0.982,CLOUD,,0,CLOUD,CLOUD,0,0,none
2026-04-20 12:36:09,406,35.30,122.66,66.04,55.81,35.30,0.00,stable,190.10,144.05,-1.00,1,0.00,1,1,1,0.984,CLOUD,,0,CLOUD,CLOUD,0,0,none
2026-04-20 12:36:11,407,72.31,171.22,66.06,55.83,35.30,37.02,up,158.97,144.05,-1.00,1,0.00,1,1,1,0.697,CLOUD,,0,CLOUD,CLOUD,0,0,none
2026-04-20 12:36:13,408,72.31,171.22,66.17,55.80,72.31,0.00,stable,146.94,144.05,-1.00,1,0.00,1,1,1,0.732,CLOUD,,0,CLOUD,CLOUD,0,0,none
2026-04-20 12:36:15,409,46.23,107.63,66.06,55.85,72.31,-26.08,down,143.18,144.05,-1.00,1,0.00,1,1,1,0.949,CLOUD,,0,CLOUD,CLOUD,0,0,none
2026-04-20 12:36:17,410,48.94,189.85,66.00,55.80,46.23,2.71,stable,159.98,144.05,-1.00,1,0.00,1,1,1,0.962,CLOUD,,0,CLOUD,CLOUD,0,0,none
2026-04-20 12:36:19,411,48.94,189.85,66.19,55.84,48.94,0.00,stable,164.64,144.05,-1.00,1,0.00,1,1,1,0.972,CLOUD,,0,CLOUD,CLOUD,0,0,none
2026-04-20 12:36:21,412,38.41,139.76,66.23,55.11,48.94,-10.53,down,156.77,144.05,-1.00,1,0.00,1,1,1,0.986,CLOUD,,0,CLOUD,CLOUD,0,0,none
2026-04-20 12:36:23,413,38.41,139.76,66.06,55.15,38.41,0.00,stable,164.81,144.05,-1.00,1,0.00,1,1,1,0.982,CLOUD,,0,CLOUD,CLOUD,0,0,none
2026-04-20 12:36:25,414,41.00,116.43,65.98,55.12,38.41,2.58,stable,146.45,144.05,-1.00,1,0.00,1,1,1,0.967,CLOUD,,0,CLOUD,CLOUD,0,0,none
2026-04-20 12:36:28,415,92.52,71.62,65.94,55.22,41.00,51.52,up,116.89,144.05,-1.00,1,0.00,1,0,0,0.500,LOCAL,LOCAL,1,CLOUD,CLOUD,0,0,none
2026-04-20 12:36:30,416,92.52,71.62,66.00,55.16,92.52,0.00,stable,99.86,144.05,-1.00,1,0.00,1,0,0,0.500,LOCAL,LOCAL,2,CLOUD,CLOUD,0,0,none
2026-04-20 12:36:32,417,40.91,175.16,66.03,55.15,92.52,-51.61,down,108.71,144.05,-1.00,1,0.00,1,1,1,0.981,CLOUD,,0,CLOUD,CLOUD,0,0,none
2026-04-20 12:36:34,418,40.91,175.16,66.03,55.16,40.91,0.00,stable,123.39,144.05,-1.00,1,0.00,1,1,1,0.981,CLOUD,,0,CLOUD,CLOUD,0,0,none
2026-04-20 12:36:36,419,136.32,104.25,66.11,55.14,40.91,95.40,up,131.55,144.05,-1.00,1,0.00,1,1,0,0.500,LOCAL,LOCAL,1,CLOUD,CLOUD,0,0,none
2026-04-20 12:36:38,420,111.18,1085.62,66.11,55.10,136.32,-25.13,down,385.05,144.05,-1.00,1,0.00,1,1,1,0.987,CLOUD,,0,CLOUD,CLOUD,0,0,none
2026-04-20 12:36:40,421,111.18,1085.62,66.06,55.14,111.18,0.00,stable,612.66,144.05,-1.00,1,0.00,1,1,1,0.986,CLOUD,,0,CLOUD,CLOUD,0,0,none
2026-04-20 12:36:42,422,252.71,87.66,66.14,55.14,111.18,141.53,up,590.79,144.05,-1.00,1,0.00,0,0,0,0.500,LOCAL,LOCAL,1,CLOUD,CLOUD,0,0,none
2026-04-20 12:36:44,423,252.71,87.66,66.06,55.15,252.71,0.00,stable,586.64,144.05,-1.00,1,0.00,0,0,0,0.500,LOCAL,LOCAL,2,CLOUD,CLOUD,0,0,none
2026-04-20 12:36:46,424,329.17,46.25,66.19,55.14,252.71,76.46,up,326.80,144.05,-1.00,1,0.00,0,0,0,0.500,LOCAL,,0,CLOUD,LOCAL,1,0,started
2026-04-20 12:36:48,425,329.17,46.25,66.67,55.57,329.17,0.00,stable,66.96,261.82,-1.00,1,0.00,0,0,0,0.500,LOCAL,,0,LOCAL,LOCAL,0,0,none
2026-04-20 12:36:50,426,78.03,1490.38,66.58,57.85,329.17,-251.14,down,417.64,179.25,-1.00,0,0.00,1,1,1,1.000,CLOUD,CLOUD,1,LOCAL,LOCAL,0,0,none
2026-04-20 12:36:52,427,52.60,394.58,66.56,59.88,78.03,-25.42,down,494.36,193.33,-1.00,1,0.00,1,1,1,0.995,CLOUD,CLOUD,2,LOCAL,LOCAL,0,0,none
2026-04-20 12:36:54,428,52.60,394.58,66.61,62.37,52.60,0.00,stable,581.45,196.37,-1.00,1,0.00,1,1,1,0.996,CLOUD,,0,LOCAL,CLOUD,1,0,started
2026-04-20 12:36:57,429,380.19,489.55,66.64,55.72,52.60,327.58,up,692.27,193.31,-1.00,1,0.00,0,1,0,0.500,LOCAL,LOCAL,1,CLOUD,CLOUD,0,0,none
2026-04-20 12:36:59,430,55.85,73.11,66.42,55.84,380.19,-324.33,down,337.95,193.31,-1.00,1,0.00,1,0,1,0.906,CLOUD,,0,CLOUD,CLOUD,0,0,none
2026-04-20 12:37:01,431,55.85,73.11,65.95,55.81,55.85,0.00,stable,257.59,193.31,-1.00,1,0.00,1,0,1,0.819,CLOUD,,0,CLOUD,CLOUD,0,0,none
2026-04-20 12:37:03,432,77.93,105.59,66.14,55.85,55.85,22.08,up,185.34,193.31,-1.00,1,0.00,1,1,0,0.500,LOCAL,LOCAL,1,CLOUD,CLOUD,0,0,none
2026-04-20 12:37:05,433,77.93,105.59,66.14,55.84,77.93,0.00,stable,89.35,193.31,-1.00,1,0.00,1,1,0,0.500,LOCAL,LOCAL,2,CLOUD,CLOUD,0,0,none
2026-04-20 12:37:07,434,105.72,64.92,66.06,55.81,77.93,27.79,up,87.30,193.31,-1.00,1,0.00,1,0,0,0.500,LOCAL,,0,CLOUD,LOCAL,1,0,started
2026-04-20 12:37:09,435,91.88,365.01,66.61,55.93,105.72,-13.84,down,160.28,193.31,-1.00,1,0.00,1,1,1,0.788,CLOUD,CLOUD,1,LOCAL,LOCAL,0,0,none
2026-04-20 12:37:11,436,91.88,365.01,66.58,58.37,91.88,0.00,stable,225.13,185.43,-1.00,0,0.00,1,1,1,0.780,CLOUD,CLOUD,2,LOCAL,LOCAL,0,0,none
2026-04-20 12:37:13,437,157.29,290.56,66.58,60.39,91.88,65.40,up,271.38,202.36,-1.00,1,0.00,1,1,0,0.500,LOCAL,,0,LOCAL,LOCAL,0,0,none
2026-04-20 12:37:15,438,42.30,314.67,66.58,62.89,157.29,-114.99,down,333.81,254.00,-1.00,1,0.00,1,1,1,0.997,CLOUD,CLOUD,1,LOCAL,LOCAL,0,0,none
2026-04-20 12:37:17,439,42.30,314.67,66.58,65.56,42.30,0.00,stable,321.23,185.29,-1.00,1,0.00,1,1,1,0.997,CLOUD,CLOUD,2,LOCAL,LOCAL,0,0,none
2026-04-20 12:37:19,440,21.03,395.42,66.78,66.25,42.30,-21.27,down,328.83,236.35,-1.00,1,75.00,0,1,1,1.000,CLOUD,,0,LOCAL,CLOUD,1,0,started
2026-04-20 12:37:22,441,21.03,395.42,66.62,56.58,21.03,0.00,stable,355.05,175.55,-1.00,1,75.00,0,1,1,1.000,CLOUD,,0,CLOUD,CLOUD,0,0,none
2026-04-20 12:37:24,442,63.95,92.98,66.56,56.69,21.03,42.92,up,299.62,175.55,-1.00,1,0.00,1,0,1,0.863,CLOUD,,0,CLOUD,CLOUD,0,0,none
2026-04-20 12:37:26,443,63.95,92.98,66.14,56.72,63.95,0.00,stable,244.20,175.55,-1.00,1,0.00,1,0,1,0.763,CLOUD,,0,CLOUD,CLOUD,0,0,none
2026-04-20 12:37:28,444,76.70,60.18,65.78,56.78,63.95,12.74,up,160.39,175.55,-1.00,1,0.00,1,0,0,0.500,LOCAL,LOCAL,1,CLOUD,CLOUD,0,0,none
2026-04-20 12:37:30,445,76.70,60.18,66.04,56.72,76.70,0.00,stable,76.58,175.55,-1.00,1,0.00,1,0,0,0.500,LOCAL,LOCAL,2,CLOUD,CLOUD,0,0,none
2026-04-20 12:37:32,446,80.49,117.67,66.17,56.71,76.70,3.79,stable,82.75,175.55,-1.00,1,0.00,1,1,0,0.500,LOCAL,,0,CLOUD,LOCAL,1,0,started
2026-04-20 12:37:38,447,173.73,36.64,66.10,56.98,80.49,93.25,up,68.67,175.55,-1.00,1,0.00,1,0,0,0.500,LOCAL,,0,LOCAL,LOCAL,0,0,none
2026-04-20 12:37:40,448,153.18,393.38,66.33,58.46,173.73,-20.56,down,151.97,275.22,-1.00,1,0.00,1,1,0,0.500,LOCAL,,0,LOCAL,LOCAL,0,0,none
2026-04-20 12:37:42,449,153.18,393.38,66.67,61.12,153.18,0.00,stable,235.27,190.07,-1.00,1,0.00,1,1,0,0.500,LOCAL,,0,LOCAL,LOCAL,0,0,none
2026-04-20 12:37:44,450,153.18,393.38,66.47,63.53,153.18,0.00,stable,304.19,189.42,-1.00,1,0.00,1,1,0,0.500,LOCAL,,0,LOCAL,LOCAL,0,0,none
2026-04-20 12:37:46,451,41.57,5.79,66.53,65.83,153.18,-111.61,down,296.48,181.11,-1.00,1,25.00,0,0,1,0.966,CLOUD,CLOUD,1,LOCAL,LOCAL,0,0,none
2026-04-20 12:37:48,452,41.57,5.79,66.64,66.39,41.57,0.00,stable,199.59,172.12,-1.00,1,25.00,0,0,1,0.971,CLOUD,CLOUD,2,LOCAL,LOCAL,0,0,none
2026-04-20 12:37:50,453,285.21,637.18,66.67,58.19,41.57,243.64,up,260.54,169.40,-1.00,1,0.00,0,1,0,0.500,LOCAL,,0,LOCAL,LOCAL,0,0,none
2026-04-20 12:37:52,454,285.21,637.18,66.72,56.09,285.21,0.00,stable,321.49,163.06,-1.00,0,0.00,0,1,0,0.500,LOCAL,,0,LOCAL,LOCAL,0,0,none
2026-04-20 12:37:54,455,285.21,637.18,66.39,56.08,285.21,0.00,stable,479.33,154.10,-1.00,1,0.00,0,1,0,0.500,LOCAL,,0,LOCAL,LOCAL,0,0,none
2026-04-20 12:37:56,456,87.66,7.76,66.61,56.08,285.21,-197.55,down,479.82,186.17,-1.00,1,75.00,0,0,0,0.500,LOCAL,,0,LOCAL,LOCAL,0,0,none
2026-04-20 12:37:58,457,104.21,133.07,66.53,56.07,87.66,16.55,up,353.80,148.28,-1.00,1,0.00,1,1,0,0.500,LOCAL,,0,LOCAL,LOCAL,0,0,none
2026-04-20 12:38:00,458,104.21,133.07,66.47,56.07,104.21,0.00,stable,227.77,192.54,-1.00,1,0.00,1,1,0,0.500,LOCAL,,0,LOCAL,LOCAL,0,0,none
2026-04-20 12:38:02,459,21.65,403.50,66.53,56.07,104.21,-82.56,down,169.35,170.30,-1.00,1,0.00,1,1,1,1.000,CLOUD,CLOUD,1,LOCAL,LOCAL,0,0,none
2026-04-20 12:38:04,460,18.98,1430.83,66.39,56.06,21.65,-2.67,stable,525.12,238.75,-1.00,1,0.00,1,1,1,1.000,CLOUD,CLOUD,2,LOCAL,LOCAL,0,0,none
2026-04-20 12:38:06,461,18.98,1430.83,66.61,56.07,18.98,0.00,stable,849.56,218.18,-1.00,1,0.00,1,1,1,1.000,CLOUD,,0,LOCAL,CLOUD,1,0,started
2026-04-20 12:38:08,462,18.98,1430.83,66.61,56.72,18.98,0.00,stable,1174.00,169.08,-1.00,1,0.00,1,1,1,1.000,CLOUD,,0,CLOUD,CLOUD,0,0,none
2026-04-20 12:38:10,463,9.64,10.28,66.28,56.82,18.98,-9.34,stable,1075.69,169.08,-1.00,1,50.00,0,0,1,0.998,CLOUD,,0,CLOUD,CLOUD,0,0,none
2026-04-20 12:38:12,464,72.23,267.85,66.08,56.83,9.64,62.59,up,784.95,169.08,-1.00,1,0.00,1,1,1,0.839,CLOUD,,0,CLOUD,CLOUD,0,0,none
2026-04-20 12:38:14,465,72.23,267.85,65.97,56.83,72.23,0.00,stable,494.20,169.08,-1.00,1,0.00,1,1,1,0.814,CLOUD,,0,CLOUD,CLOUD,0,0,none
2026-04-20 12:38:16,466,105.33,103.75,66.20,56.84,72.23,33.10,up,162.43,169.08,-1.00,1,0.00,1,1,0,0.500,LOCAL,LOCAL,1,CLOUD,CLOUD,0,0,none
2026-04-20 12:38:18,467,105.33,103.75,66.00,56.80,105.33,0.00,stable,185.80,169.08,-1.00,1,0.00,1,1,0,0.500,LOCAL,LOCAL,2,CLOUD,CLOUD,0,0,none
2026-04-20 12:38:20,468,66.06,552.33,66.17,56.82,105.33,-39.28,down,256.92,169.08,-1.00,1,0.00,1,1,1,0.991,CLOUD,,0,CLOUD,CLOUD,0,0,none
2026-04-20 12:38:22,469,97.22,48.31,65.97,56.84,66.06,31.16,up,202.03,169.08,-1.00,1,0.00,1,0,0,0.500,LOCAL,LOCAL,1,CLOUD,CLOUD,0,0,none
2026-04-20 12:38:24,470,97.22,48.31,66.00,56.80,97.22,0.00,stable,188.17,169.08,-1.00,1,0.00,1,0,0,0.500,LOCAL,LOCAL,2,CLOUD,CLOUD,0,0,none
2026-04-20 12:38:26,471,96.08,71.03,66.06,56.85,97.22,-1.14,stable,179.99,169.08,-1.00,1,0.00,1,0,0,0.500,LOCAL,,0,CLOUD,LOCAL,1,0,started
2026-04-20 12:38:30,472,154.03,288.10,66.29,57.29,96.08,57.95,up,113.94,159.11,-1.00,1,0.00,1,1,0,0.500,LOCAL,,0,LOCAL,LOCAL,0,0,none
2026-04-20 12:38:32,473,28.91,384.10,66.53,59.51,154.03,-125.12,down,197.88,151.31,-1.00,1,0.00,1,1,1,1.000,CLOUD,CLOUD,1,LOCAL,LOCAL,0,0,none
2026-04-20 12:38:34,474,28.91,384.10,66.64,61.70,28.91,0.00,stable,281.83,159.31,-1.00,1,0.00,1,1,1,1.000,CLOUD,CLOUD,2,LOCAL,LOCAL,0,0,none
2026-04-20 12:38:36,475,38.49,525.47,66.61,64.16,28.91,9.58,stable,395.44,196.27,-1.00,1,0.00,1,1,1,1.000,CLOUD,,0,LOCAL,CLOUD,1,0,started
2026-04-20 12:38:39,476,76.55,53.49,66.58,56.90,38.49,38.06,up,336.79,226.98,-1.00,1,0.00,1,0,1,0.575,CLOUD,,0,CLOUD,CLOUD,0,0,none
2026-04-20 12:38:41,477,76.55,53.49,66.26,56.84,76.55,0.00,stable,254.14,226.98,-1.00,1,0.00,1,0,0,0.500,LOCAL,LOCAL,1,CLOUD,CLOUD,0,0,none
2026-04-20 12:38:43,478,91.34,107.88,65.99,56.90,76.55,14.79,up,185.08,226.98,-1.00,1,0.00,1,1,0,0.500,LOCAL,LOCAL,2,CLOUD,CLOUD,0,0,none
2026-04-20 12:38:45,479,91.34,107.88,66.23,56.85,91.34,0.00,stable,80.68,226.98,-1.00,1,0.00,1,1,0,0.500,LOCAL,,0,CLOUD,LOCAL,1,0,started
2026-04-20 12:38:50,480,140.45,46.70,66.16,56.90,91.34,49.11,up,78.99,226.98,-1.00,1,0.00,1,0,0,0.500,LOCAL,,0,LOCAL,LOCAL,0,0,none
2026-04-20 12:38:53,481,56.40,253.59,66.61,59.21,140.45,-84.05,down,129.01,161.80,-1.00,1,0.00,1,1,1,0.981,CLOUD,CLOUD,1,LOCAL,LOCAL,0,0,none
2026-04-20 12:38:55,482,56.40,253.59,66.58,61.52,56.40,0.00,stable,165.44,168.12,-1.00,1,0.00,1,1,1,0.981,CLOUD,CLOUD,2,LOCAL,LOCAL,0,0,none
2026-04-20 12:38:57,483,56.40,253.59,66.58,63.86,56.40,0.00,stable,201.87,164.36,-1.00,1,0.00,1,1,1,0.981,CLOUD,,0,LOCAL,CLOUD,1,0,started
2026-04-20 12:38:59,484,11.70,6.05,66.62,56.72,56.40,-44.70,down,191.71,197.24,-1.00,1,25.00,0,0,1,0.998,CLOUD,,0,CLOUD,CLOUD,0,0,none
2026-04-20 12:39:01,485,55.09,243.22,66.47,56.80,11.70,43.39,up,189.11,197.24,-1.00,1,0.00,1,1,1,0.978,CLOUD,,0,CLOUD,CLOUD,0,0,none
2026-04-20 12:39:03,486,55.09,243.22,66.08,56.83,55.09,0.00,stable,186.52,197.24,-1.00,1,0.00,1,1,1,0.960,CLOUD,,0,CLOUD,CLOUD,0,0,none
2026-04-20 12:39:05,487,68.02,147.20,66.17,56.81,55.09,12.93,up,159.92,197.24,-1.00,1,0.00,1,1,1,0.776,CLOUD,,0,CLOUD,CLOUD,0,0,none
2026-04-20 12:39:07,488,68.02,147.20,66.06,56.85,68.02,0.00,stable,195.21,197.24,-1.00,1,0.00,1,1,1,0.744,CLOUD,,0,CLOUD,CLOUD,0,0,none
2026-04-20 12:39:09,489,53.17,258.80,66.06,56.81,68.02,-14.85,down,199.10,197.24,-1.00,1,0.00,1,1,1,0.969,CLOUD,,0,CLOUD,CLOUD,0,0,none
2026-04-20 12:39:11,490,44.76,196.28,66.14,56.84,53.17,-8.41,stable,187.37,197.24,-1.00,1,0.00,1,1,1,0.981,CLOUD,,0,CLOUD,CLOUD,0,0,none
2026-04-20 12:39:13,491,44.76,196.28,66.08,56.81,44.76,0.00,stable,199.64,197.24,-1.00,1,0.00,1,1,1,0.979,CLOUD,,0,CLOUD,CLOUD,0,0,none
2026-04-20 12:39:17,492,50.86,43.80,65.79,56.90,44.76,6.10,stable,173.79,197.24,-1.00,1,0.00,1,0,1,0.822,CLOUD,,0,CLOUD,CLOUD,0,0,none
2026-04-20 12:39:19,493,50.86,43.80,66.12,56.80,50.86,0.00,stable,120.04,197.24,-1.00,1,0.00,1,0,1,0.887,CLOUD,,0,CLOUD,CLOUD,0,0,none
2026-04-20 12:39:22,494,121.71,113.83,66.03,56.21,50.86,70.85,up,99.43,197.24,-1.00,1,0.00,1,1,0,0.500,LOCAL,LOCAL,1,CLOUD,CLOUD,0,0,none
2026-04-20 12:39:24,495,121.71,113.83,66.12,56.15,121.71,0.00,stable,78.81,197.24,-1.00,1,0.00,1,1,0,0.500,LOCAL,LOCAL,2,CLOUD,CLOUD,0,0,none
2026-04-20 12:39:26,496,81.45,55.29,66.04,56.24,121.71,-40.26,down,81.69,197.24,-1.00,1,0.00,1,0,0,0.500,LOCAL,,0,CLOUD,LOCAL,1,0,started
2026-04-20 12:39:28,497,81.45,55.29,66.59,57.61,81.45,0.00,stable,84.56,211.64,-1.00,1,0.00,1,0,0,0.500,LOCAL,,0,LOCAL,LOCAL,0,0,none
2026-04-20 12:39:30,498,38.64,311.22,66.61,59.64,81.45,-42.81,down,133.91,176.29,-1.00,1,0.00,1,1,1,0.998,CLOUD,CLOUD,1,LOCAL,LOCAL,0,0,none
2026-04-20 12:39:32,499,38.64,311.22,66.50,62.07,38.64,0.00,stable,183.25,179.82,-1.00,1,0.00,1,1,1,0.998,CLOUD,CLOUD,2,LOCAL,LOCAL,0,0,none
2026-04-20 12:39:34,500,14.74,598.59,66.58,65.01,38.64,-23.90,down,319.08,189.63,-1.00,1,0.00,1,1,1,1.000,CLOUD,,0,LOCAL,CLOUD,1,0,started
2026-04-20 12:39:37,501,245.67,239.46,66.65,56.84,14.74,230.93,up,365.12,225.15,-1.00,1,0.00,0,1,0,0.500,LOCAL,LOCAL,1,CLOUD,CLOUD,0,0,none
2026-04-20 12:39:39,502,245.67,239.46,66.39,56.86,245.67,0.00,stable,347.18,225.15,-1.00,1,0.00,0,1,0,0.500,LOCAL,LOCAL,2,CLOUD,CLOUD,0,0,none
2026-04-20 12:39:42,503,42.02,98.50,65.99,56.92,245.67,-203.66,down,294.00,225.15,-1.00,1,0.00,1,0,1,0.960,CLOUD,,0,CLOUD,CLOUD,0,0,none
2026-04-20 12:39:44,504,42.02,98.50,66.23,56.86,42.02,0.00,stable,168.98,225.15,-1.00,1,0.00,1,0,1,0.972,CLOUD,,0,CLOUD,CLOUD,0,0,none
2026-04-20 12:39:48,505,71.76,105.56,65.90,56.96,42.02,29.75,up,135.50,225.15,-1.00,1,0.00,1,1,1,0.527,CLOUD,,0,CLOUD,CLOUD,0,0,none
2026-04-20 12:39:50,506,71.76,105.56,66.12,56.87,71.76,0.00,stable,102.03,225.15,-1.00,1,0.00,1,1,1,0.612,CLOUD,,0,CLOUD,CLOUD,0,0,none
2026-04-20 12:39:52,507,180.47,113.98,66.11,56.86,71.76,108.70,up,105.90,225.15,-1.00,1,0.00,1,1,0,0.500,LOCAL,LOCAL,1,CLOUD,CLOUD,0,0,none
2026-04-20 12:39:54,508,180.47,113.98,66.17,56.82,180.47,0.00,stable,109.77,225.15,-1.00,1,0.00,1,1,0,0.500,LOCAL,LOCAL,2,CLOUD,CLOUD,0,0,none
2026-04-20 12:39:56,509,45.40,2061.34,66.22,56.85,180.47,-135.07,down,598.71,225.15,-1.00,1,0.00,1,1,1,1.000,CLOUD,,0,CLOUD,CLOUD,0,0,none
2026-04-20 12:39:58,510,73.85,1911.39,66.31,56.20,45.40,28.45,up,1050.17,225.15,-1.00,1,0.00,1,1,1,1.000,CLOUD,,0,CLOUD,CLOUD,0,0,none
2026-04-20 12:40:00,511,73.85,1911.39,65.97,56.17,73.85,0.00,stable,1499.52,225.15,-1.00,1,0.00,1,1,1,1.000,CLOUD,,0,CLOUD,CLOUD,0,0,none
2026-04-20 12:40:02,512,65.35,194.59,66.28,56.13,73.85,-8.50,stable,1519.68,225.15,-1.00,1,0.00,1,1,1,0.888,CLOUD,,0,CLOUD,CLOUD,0,0,none
2026-04-20 12:40:04,513,65.35,194.59,66.14,56.26,65.35,0.00,stable,1052.99,225.15,-1.00,1,0.00,1,1,1,0.864,CLOUD,,0,CLOUD,CLOUD,0,0,none
2026-04-20 12:40:06,514,52.06,177.27,66.11,56.27,65.35,-13.29,down,619.46,225.15,-1.00,1,0.00,1,1,1,0.952,CLOUD,,0,CLOUD,CLOUD,0,0,none
2026-04-20 12:40:08,515,125.91,62.49,66.28,56.27,52.06,73.85,up,157.23,225.15,-1.00,1,0.00,1,0,0,0.500,LOCAL,LOCAL,1,CLOUD,CLOUD,0,0,none
2026-04-20 12:40:10,516,125.91,62.49,66.06,56.24,125.91,0.00,stable,124.21,225.15,-1.00,1,0.00,1,0,0,0.500,LOCAL,LOCAL,2,CLOUD,CLOUD,0,0,none
2026-04-20 12:40:12,517,76.82,172.12,66.22,56.26,125.91,-49.09,down,118.59,225.15,-1.00,1,0.00,1,1,1,0.657,CLOUD,,0,CLOUD,CLOUD,0,0,none
2026-04-20 12:40:14,518,39.34,2117.27,66.11,56.33,76.82,-37.47,down,603.59,225.15,-1.00,1,0.00,1,1,1,1.000,CLOUD,,0,CLOUD,CLOUD,0,0,none
2026-04-20 12:40:16,519,39.34,2117.27,66.17,56.26,39.34,0.00,stable,1117.28,225.15,-1.00,1,0.00,1,1,1,1.000,CLOUD,,0,CLOUD,CLOUD,0,0,none
2026-04-20 12:40:18,520,52.02,124.08,66.00,56.22,39.34,12.67,up,1132.68,225.15,-1.00,1,0.00,1,1,1,0.916,CLOUD,,0,CLOUD,CLOUD,0,0,none
2026-04-20 12:40:20,521,52.02,124.08,66.22,56.26,52.02,0.00,stable,1120.67,225.15,-1.00,1,0.00,1,1,1,0.940,CLOUD,,0,CLOUD,CLOUD,0,0,none
2026-04-20 12:40:22,522,64.72,115.69,66.14,56.27,52.02,12.71,up,620.28,225.15,-1.00,1,0.00,1,1,1,0.782,CLOUD,,0,CLOUD,CLOUD,0,0,none
2026-04-20 12:40:24,523,153.99,2065.02,65.92,56.23,64.72,89.27,up,607.22,225.15,-1.00,1,0.00,1,1,1,0.999,CLOUD,,0,CLOUD,CLOUD,0,0,none
2026-04-20 12:40:26,524,153.99,2065.02,66.22,56.27,153.99,0.00,stable,1092.45,225.15,-1.00,1,0.00,1,1,1,1.000,CLOUD,,0,CLOUD,CLOUD,0,0,none
2026-04-20 12:40:28,525,52.71,117.88,66.03,56.27,153.99,-101.28,down,1090.90,225.15,-1.00,1,0.00,1,1,1,0.910,CLOUD,,0,CLOUD,CLOUD,0,0,none
2026-04-20 12:40:30,526,52.71,117.88,66.08,56.26,52.71,0.00,stable,1091.45,225.15,-1.00,1,0.00,1,1,1,0.917,CLOUD,,0,CLOUD,CLOUD,0,0,none
2026-04-20 12:40:32,527,61.70,128.53,66.06,56.24,52.71,8.99,stable,607.33,225.15,-1.00,1,0.00,1,1,1,0.825,CLOUD,,0,CLOUD,CLOUD,0,0,none
2026-04-20 12:40:34,528,54.18,83.73,65.92,56.31,61.70,-7.52,stable,112.01,225.15,-1.00,1,0.00,1,0,1,0.849,CLOUD,,0,CLOUD,CLOUD,0,0,none
2026-04-20 12:40:36,529,54.18,83.73,66.28,56.27,54.18,0.00,stable,103.47,225.15,-1.00,1,0.00,1,0,1,0.909,CLOUD,,0,CLOUD,CLOUD,0,0,none
2026-04-20 12:40:38,530,92.14,158.31,66.03,56.25,54.18,37.96,up,113.57,225.15,-1.00,1,0.00,1,1,0,0.500,LOCAL,LOCAL,1,CLOUD,CLOUD,0,0,none
2026-04-20 12:40:40,531,92.14,158.31,66.03,56.27,92.14,0.00,stable,121.02,225.15,-1.00,1,0.00,1,1,0,0.500,LOCAL,LOCAL,2,CLOUD,CLOUD,0,0,none
2026-04-20 12:40:42,532,32.06,61.72,66.09,56.23,92.14,-60.08,down,115.52,225.15,-1.00,1,0.00,1,0,1,0.982,CLOUD,,0,CLOUD,CLOUD,0,0,none
2026-04-20 12:40:44,533,82.98,129.18,66.00,56.27,32.06,50.92,up,126.88,225.15,-1.00,1,0.00,1,1,0,0.500,LOCAL,LOCAL,1,CLOUD,CLOUD,0,0,none
2026-04-20 12:40:46,534,82.98,129.18,66.03,56.24,82.98,0.00,stable,119.60,225.15,-1.00,1,0.00,1,1,0,0.500,LOCAL,LOCAL,2,CLOUD,CLOUD,0,0,none
2026-04-20 12:40:48,535,85.51,125.90,66.06,56.27,82.98,2.54,stable,111.49,225.15,-1.00,1,0.00,1,1,0,0.500,LOCAL,,0,CLOUD,LOCAL,1,0,started
2026-04-20 12:40:50,536,85.51,125.90,66.69,57.09,85.51,0.00,stable,127.54,225.15,-1.00,1,0.00,1,1,1,0.541,CLOUD,CLOUD,1,LOCAL,LOCAL,0,0,none
2026-04-20 12:40:52,537,69.50,201.88,66.56,58.97,85.51,-16.02,down,145.71,171.54,-1.00,1,0.00,1,1,1,0.896,CLOUD,CLOUD,2,LOCAL,LOCAL,0,0,none
2026-04-20 12:40:54,538,83.45,264.42,66.61,61.41,69.50,13.95,up,179.52,176.84,-1.00,1,0.00,1,1,1,0.794,CLOUD,,0,LOCAL,CLOUD,1,0,started
2026-04-20 12:40:57,539,83.45,264.42,66.62,56.84,83.45,0.00,stable,214.15,217.15,-1.00,1,0.00,1,1,1,0.796,CLOUD,,0,CLOUD,CLOUD,0,0,none
2026-04-20 12:40:59,540,112.91,43.80,66.28,56.93,83.45,29.47,up,193.63,217.15,-1.00,1,0.00,1,0,0,0.500,LOCAL,LOCAL,1,CLOUD,CLOUD,0,0,none
2026-04-20 12:41:01,541,63.32,190.79,66.08,56.97,112.91,-49.59,down,190.86,217.15,-1.00,1,0.00,1,1,1,0.873,CLOUD,,0,CLOUD,CLOUD,0,0,none
2026-04-20 12:41:03,542,63.32,190.79,66.22,56.93,63.32,0.00,stable,172.45,217.15,-1.00,1,0.00,1,1,1,0.896,CLOUD,,0,CLOUD,CLOUD,0,0,none
2026-04-20 12:41:05,543,103.63,114.09,65.96,57.10,63.32,40.31,up,134.87,217.15,-1.00,1,0.00,1,1,0,0.500,LOCAL,LOCAL,1,CLOUD,CLOUD,0,0,none
2026-04-20 12:41:07,544,103.63,114.09,65.98,56.98,103.63,0.00,stable,152.44,217.15,-1.00,1,0.00,1,1,0,0.500,LOCAL,LOCAL,2,CLOUD,CLOUD,0,0,none
2026-04-20 12:41:09,545,101.08,107.84,65.97,56.97,103.63,-2.55,stable,131.70,217.15,-1.00,1,0.00,1,1,0,0.500,LOCAL,,0,CLOUD,LOCAL,1,0,started
2026-04-20 12:41:11,546,101.08,107.84,66.64,57.20,101.08,0.00,stable,110.97,217.15,-1.00,1,0.00,1,1,0,0.500,LOCAL,,0,LOCAL,LOCAL,0,0,none
2026-04-20 12:41:13,547,301.49,77.73,66.58,58.65,101.08,200.40,up,101.88,217.15,-1.00,1,0.00,0,0,0,0.500,LOCAL,,0,LOCAL,LOCAL,0,0,none
2026-04-20 12:41:15,548,44.08,2173.21,66.42,61.33,301.49,-257.41,down,616.66,322.20,-1.00,1,0.00,1,1,1,1.000,CLOUD,CLOUD,1,LOCAL,LOCAL,0,0,none
2026-04-20 12:41:17,549,44.08,2173.21,66.53,64.05,44.08,0.00,stable,1133.00,181.20,-1.00,1,0.00,1,1,1,1.000,CLOUD,CLOUD,2,LOCAL,LOCAL,0,0,none
2026-04-20 12:41:19,550,797.88,542.33,66.58,66.42,44.08,753.81,up,1241.62,179.23,-1.00,1,0.00,0,1,0,0.500,LOCAL,,0,LOCAL,LOCAL,0,0,none
2026-04-20 12:41:21,551,797.88,542.33,66.64,67.11,797.88,0.00,stable,1357.77,166.47,-1.00,1,0.00,0,1,0,0.500,LOCAL,,0,LOCAL,LOCAL,0,0,none
2026-04-20 12:41:23,552,21.79,120.55,66.64,56.82,797.88,-776.09,down,844.61,208.17,-1.00,1,0.00,1,1,1,0.998,CLOUD,CLOUD,1,LOCAL,LOCAL,0,0,none
2026-04-20 12:41:25,553,197.36,662.37,66.56,56.81,21.79,175.56,up,466.89,284.67,-1.00,1,0.00,1,1,0,0.500,LOCAL,,0,LOCAL,LOCAL,0,0,none
2026-04-20 12:41:27,554,197.36,662.37,66.56,56.81,197.36,0.00,stable,496.91,153.35,-1.00,1,0.00,1,1,0,0.500,LOCAL,,0,LOCAL,LOCAL,0,0,none
2026-04-20 12:41:29,555,197.36,662.37,66.58,56.81,197.36,0.00,stable,526.92,179.98,-1.00,1,0.00,1,1,0,0.500,LOCAL,,0,LOCAL,LOCAL,0,0,none
2026-04-20 12:41:31,556,152.48,7.71,66.58,56.81,197.36,-44.87,down,498.71,156.80,-1.00,1,25.00,0,0,0,0.500,LOCAL,,0,LOCAL,LOCAL,0,0,none
2026-04-20 12:41:33,557,152.48,7.71,66.44,56.81,152.48,0.00,stable,335.04,170.85,-1.00,1,25.00,0,0,0,0.500,LOCAL,,0,LOCAL,LOCAL,0,0,none
2026-04-20 12:41:35,558,775.74,581.00,66.56,56.81,152.48,623.26,up,314.70,174.19,-1.00,1,0.00,0,1,0,0.500,LOCAL,,0,LOCAL,LOCAL,0,0,none
2026-04-20 12:41:37,559,206.16,369.69,66.61,56.81,775.74,-569.58,down,241.53,171.28,-1.00,1,0.00,0,1,0,0.500,LOCAL,,0,LOCAL,LOCAL,0,0,none
2026-04-20 12:41:39,560,206.16,369.69,66.39,56.82,206.16,0.00,stable,332.02,175.74,-1.00,1,0.00,0,1,0,0.500,LOCAL,,0,LOCAL,LOCAL,0,0,none
2026-04-20 12:41:41,561,41.95,787.07,66.47,56.80,206.16,-164.21,down,526.86,153.59,-1.00,1,0.00,1,1,1,1.000,CLOUD,CLOUD,1,LOCAL,LOCAL,0,0,none
2026-04-20 12:41:43,562,41.95,787.07,66.61,56.81,41.95,0.00,stable,578.38,149.14,-1.00,1,0.00,1,1,1,1.000,CLOUD,CLOUD,2,LOCAL,LOCAL,0,0,none
2026-04-20 12:41:45,563,15.51,12.86,66.47,56.81,41.95,-26.44,down,489.17,259.86,-1.00,1,25.00,0,0,1,0.997,CLOUD,,0,LOCAL,CLOUD,1,0,started
2026-04-20 12:41:48,564,15.51,12.86,66.64,57.37,15.51,0.00,stable,399.97,195.98,-1.00,1,25.00,0,0,1,0.998,CLOUD,,0,CLOUD,CLOUD,0,0,none
2026-04-20 12:41:50,565,53.58,55.44,66.33,57.57,15.51,38.06,up,217.06,195.98,-1.00,1,0.00,1,0,1,0.902,CLOUD,,0,CLOUD,CLOUD,0,0,none
2026-04-20 12:41:52,566,47.19,324.99,66.15,57.53,53.58,-6.39,stable,101.54,195.98,-1.00,1,0.00,1,1,1,0.991,CLOUD,,0,CLOUD,CLOUD,0,0,none
2026-04-20 12:41:54,567,47.19,324.99,65.95,57.58,47.19,0.00,stable,179.57,195.98,-1.00,1,0.00,1,1,1,0.988,CLOUD,,0,CLOUD,CLOUD,0,0,none
2026-04-20 12:41:56,568,63.70,126.29,66.17,57.58,47.19,16.51,up,207.93,195.98,-1.00,1,0.00,1,1,1,0.819,CLOUD,,0,CLOUD,CLOUD,0,0,none
2026-04-20 12:41:58,569,63.70,126.29,66.00,57.57,63.70,0.00,stable,225.64,195.98,-1.00,1,0.00,1,1,1,0.776,CLOUD,,0,CLOUD,CLOUD,0,0,none
2026-04-20 12:42:00,570,157.05,30.71,66.11,57.51,63.70,93.35,up,152.07,195.98,-1.00,1,0.00,1,0,0,0.500,LOCAL,LOCAL,1,CLOUD,CLOUD,0,0,none
2026-04-20 12:42:02,571,157.05,30.71,66.03,57.57,157.05,0.00,stable,78.50,195.98,-1.00,1,0.00,1,0,0,0.500,LOCAL,LOCAL,2,CLOUD,CLOUD,0,0,none
2026-04-20 12:42:04,572,68.88,160.94,66.17,57.53,157.05,-88.17,down,87.16,195.98,-1.00,1,25.00,0,1,1,0.780,CLOUD,,0,CLOUD,CLOUD,0,0,none
2026-04-20 12:42:06,573,46.83,81.13,66.14,57.58,68.88,-22.05,down,75.87,195.98,-1.00,1,0.00,1,0,1,0.942,CLOUD,,0,CLOUD,CLOUD,0,0,none
2026-04-20 12:42:08,574,46.83,81.13,66.22,57.58,46.83,0.00,stable,88.48,195.98,-1.00,1,0.00,1,0,1,0.949,CLOUD,,0,CLOUD,CLOUD,0,0,none
2026-04-20 12:42:10,575,90.44,65.38,66.17,56.84,46.83,43.61,up,97.14,195.98,-1.00,1,0.00,1,0,0,0.500,LOCAL,LOCAL,1,CLOUD,CLOUD,0,0,none
2026-04-20 12:42:12,576,90.44,65.38,66.03,56.89,90.44,0.00,stable,73.25,195.98,-1.00,1,0.00,1,0,0,0.500,LOCAL,LOCAL,2,CLOUD,CLOUD,0,0,none
2026-04-20 12:42:14,577,69.94,124.94,66.14,56.89,90.44,-20.51,down,84.20,195.98,-1.00,1,0.00,1,1,1,0.696,CLOUD,,0,CLOUD,CLOUD,0,0,none
2026-04-20 12:42:16,578,101.10,263.98,66.06,56.84,69.94,31.16,up,129.92,195.98,-1.00,1,0.00,1,1,0,0.500,LOCAL,LOCAL,1,CLOUD,CLOUD,0,0,none
2026-04-20 12:42:18,579,101.10,263.98,66.22,56.98,101.10,0.00,stable,179.57,195.98,-1.00,1,0.00,1,1,0,0.500,LOCAL,LOCAL,2,CLOUD,CLOUD,0,0,none
2026-04-20 12:42:20,580,40.57,135.46,65.89,56.98,101.10,-60.53,down,197.09,195.98,-1.00,1,0.00,1,1,1,0.969,CLOUD,,0,CLOUD,CLOUD,0,0,none
2026-04-20 12:42:22,581,40.57,135.46,66.00,56.98,40.57,0.00,stable,199.72,195.98,-1.00,1,0.00,1,1,1,0.974,CLOUD,,0,CLOUD,CLOUD,0,0,none
2026-04-20 12:42:24,582,71.97,128.72,66.08,56.98,40.57,31.40,up,165.91,195.98,-1.00,1,0.00,1,1,1,0.638,CLOUD,,0,CLOUD,CLOUD,0,0,none
2026-04-20 12:42:26,583,44.35,222.50,66.17,56.99,71.97,-27.62,down,155.54,195.98,-1.00,1,0.00,1,1,1,0.985,CLOUD,,0,CLOUD,CLOUD,0,0,none
2026-04-20 12:42:28,584,44.35,222.50,66.08,56.98,44.35,0.00,stable,177.30,195.98,-1.00,1,0.00,1,1,1,0.983,CLOUD,,0,CLOUD,CLOUD,0,0,none
2026-04-20 12:42:30,585,115.66,66.60,66.06,56.97,44.35,71.31,up,160.08,195.98,-1.00,1,0.00,1,0,0,0.500,LOCAL,LOCAL,1,CLOUD,CLOUD,0,0,none
2026-04-20 12:42:32,586,115.66,66.60,66.11,56.99,115.66,0.00,stable,144.55,195.98,-1.00,1,0.00,1,0,0,0.500,LOCAL,LOCAL,2,CLOUD,CLOUD,0,0,none
2026-04-20 12:42:34,587,114.90,84.45,66.06,57.00,115.66,-0.76,stable,110.03,195.98,-1.00,1,0.00,1,0,0,0.500,LOCAL,,0,CLOUD,LOCAL,1,0,started
2026-04-20 12:42:36,588,45.20,1801.00,66.67,57.45,114.90,-69.70,down,504.66,195.98,-1.00,1,0.00,1,1,1,1.000,CLOUD,CLOUD,1,LOCAL,LOCAL,0,0,none
2026-04-20 12:42:38,589,45.20,1801.00,66.58,59.80,45.20,0.00,stable,938.26,221.74,-1.00,1,0.00,1,1,1,1.000,CLOUD,CLOUD,2,LOCAL,LOCAL,0,0,none
2026-04-20 12:42:40,590,71.51,232.76,66.39,62.11,45.20,26.31,up,979.80,190.43,-1.00,1,0.00,1,1,1,0.874,CLOUD,,0,LOCAL,CLOUD,1,0,started
2026-04-20 12:42:43,591,46.33,89.49,66.69,57.47,71.51,-25.18,down,981.06,220.70,-1.00,1,0.00,1,0,1,0.978,CLOUD,,0,CLOUD,CLOUD,0,0,none
2026-04-20 12:42:45,592,46.33,89.49,66.39,57.64,46.33,0.00,stable,553.18,220.70,-1.00,1,0.00,1,0,1,0.965,CLOUD,,0,CLOUD,CLOUD,0,0,none
2026-04-20 12:42:47,593,64.36,1518.64,66.20,57.68,46.33,18.03,up,482.60,220.70,-1.00,1,0.00,1,1,1,1.000,CLOUD,,0,CLOUD,CLOUD,0,0,none
2026-04-20 12:42:49,594,35.55,84.40,65.92,57.64,64.36,-28.81,down,445.50,220.70,-1.00,1,0.00,1,0,1,0.973,CLOUD,,0,CLOUD,CLOUD,0,0,none
2026-04-20 12:42:51,595,35.55,84.40,66.14,57.67,35.55,0.00,stable,444.23,220.70,-1.00,1,0.00,1,0,1,0.981,CLOUD,,0,CLOUD,CLOUD,0,0,none
2026-04-20 12:42:53,596,82.34,93.94,66.11,57.68,35.55,46.79,up,445.34,220.70,-1.00,1,0.00,1,0,0,0.500,LOCAL,LOCAL,1,CLOUD,CLOUD,0,0,none
2026-04-20 12:42:55,597,82.34,93.94,66.19,57.67,82.34,0.00,stable,89.17,220.70,-1.00,1,0.00,1,0,0,0.500,LOCAL,LOCAL,2,CLOUD,CLOUD,0,0,none
2026-04-20 12:42:57,598,123.26,78.30,66.06,57.61,82.34,40.91,up,87.64,220.70,-1.00,1,0.00,1,0,0,0.500,LOCAL,,0,CLOUD,LOCAL,1,0,started
2026-04-20 12:42:59,599,60.10,463.02,66.69,57.85,123.26,-63.15,down,182.30,158.76,-1.00,1,0.00,1,1,1,0.996,CLOUD,CLOUD,1,LOCAL,LOCAL,0,0,none
2026-04-20 12:43:01,600,60.10,463.02,66.42,59.85,60.10,0.00,stable,274.57,169.20,-1.00,1,0.00,1,1,1,0.993,CLOUD,CLOUD,2,LOCAL,LOCAL,0,0,none
2026-04-20 12:43:03,601,68.75,1838.60,66.61,62.30,60.10,8.64,stable,710.74,229.22,-1.00,1,0.00,1,1,1,1.000,CLOUD,,0,LOCAL,CLOUD,1,0,started
2026-04-20 12:43:05,602,39.75,112.59,66.62,57.50,68.75,-29.00,down,719.31,213.13,-1.00,1,0.00,1,1,1,0.989,CLOUD,,0,CLOUD,CLOUD,0,0,none
2026-04-20 12:43:07,603,39.75,112.59,66.33,57.66,39.75,0.00,stable,631.70,213.13,-1.00,1,0.00,1,1,1,0.983,CLOUD,,0,CLOUD,CLOUD,0,0,none
2026-04-20 12:43:09,604,128.85,1691.93,66.31,57.68,39.75,89.10,up,938.93,213.13,-1.00,1,0.00,1,1,1,1.000,CLOUD,,0,CLOUD,CLOUD,0,0,none
2026-04-20 12:43:11,605,38.91,100.14,66.19,57.67,128.85,-89.94,down,504.31,213.13,-1.00,1,0.00,1,1,1,0.979,CLOUD,,0,CLOUD,CLOUD,0,0,none
2026-04-20 12:43:13,606,38.91,100.14,65.95,57.68,38.91,0.00,stable,501.20,213.13,-1.00,1,0.00,1,1,1,0.968,CLOUD,,0,CLOUD,CLOUD,0,0,none
2026-04-20 12:43:15,607,223.92,132.13,66.14,57.64,38.91,185.01,up,506.08,213.13,-1.00,1,0.00,0,1,0,0.500,LOCAL,LOCAL,1,CLOUD,CLOUD,0,0,none
2026-04-20 12:43:17,608,223.92,132.13,66.03,57.68,223.92,0.00,stable,116.13,213.13,-1.00,1,0.00,0,1,0,0.500,LOCAL,LOCAL,2,CLOUD,CLOUD,0,0,none
2026-04-20 12:43:19,609,32.99,140.28,66.06,57.64,223.92,-190.93,down,126.17,213.13,-1.00,1,0.00,1,1,1,0.989,CLOUD,,0,CLOUD,CLOUD,0,0,none
2026-04-20 12:43:21,610,32.99,140.28,66.11,57.69,32.99,0.00,stable,136.21,213.13,-1.00,1,0.00,1,1,1,0.990,CLOUD,,0,CLOUD,CLOUD,0,0,none
2026-04-20 12:43:23,611,74.78,178.70,66.20,57.68,32.99,41.79,up,147.85,213.13,-1.00,1,0.00,1,1,1,0.704,CLOUD,,0,CLOUD,CLOUD,0,0,none
2026-04-20 12:43:25,612,71.60,226.96,65.94,57.84,74.78,-3.18,stable,171.56,213.13,-1.00,1,0.00,1,1,1,0.761,CLOUD,,0,CLOUD,CLOUD,0,0,none
2026-04-20 12:43:27,613,71.60,226.96,66.26,56.98,71.60,0.00,stable,193.23,213.13,-1.00,1,0.00,1,1,1,0.841,CLOUD,,0,CLOUD,CLOUD,0,0,none
2026-04-20 12:43:29,614,45.36,138.14,66.11,56.97,71.60,-26.24,down,192.69,213.13,-1.00,1,0.00,1,1,1,0.966,CLOUD,,0,CLOUD,CLOUD,0,0,none
2026-04-20 12:43:31,615,45.36,138.14,66.31,57.00,45.36,0.00,stable,182.55,213.13,-1.00,1,0.00,1,1,1,0.975,CLOUD,,0,CLOUD,CLOUD,0,0,none
2026-04-20 12:43:34,616,94.74,31.87,65.83,57.10,45.36,49.38,up,133.78,213.13,-1.00,1,0.00,1,0,0,0.500,LOCAL,LOCAL,1,CLOUD,CLOUD,0,0,none
2026-04-20 12:43:36,617,94.74,31.87,66.26,56.99,94.74,0.00,stable,85.00,213.13,-1.00,1,0.00,1,0,0,0.500,LOCAL,LOCAL,2,CLOUD,CLOUD,0,0,none
2026-04-20 12:43:38,618,71.71,103.18,65.98,56.98,94.74,-23.03,down,76.26,213.13,-1.00,1,0.00,1,1,1,0.553,CLOUD,,0,CLOUD,CLOUD,0,0,none
2026-04-20 12:43:40,619,71.71,103.18,66.20,57.00,71.71,0.00,stable,67.52,213.13,-1.00,1,0.00,1,1,1,0.638,CLOUD,,0,CLOUD,CLOUD,0,0,none
2026-04-20 12:43:42,620,58.42,133.54,65.92,56.97,71.71,-13.29,down,92.94,213.13,-1.00,1,0.00,1,1,1,0.845,CLOUD,,0,CLOUD,CLOUD,0,0,none
2026-04-20 12:43:44,621,58.42,133.54,66.17,56.99,58.42,0.00,stable,118.36,213.13,-1.00,1,0.00,1,1,1,0.890,CLOUD,,0,CLOUD,CLOUD,0,0,none
2026-04-20 12:43:46,622,57.56,149.54,66.06,56.98,58.42,-0.86,stable,129.95,213.13,-1.00,1,0.00,1,1,1,0.894,CLOUD,,0,CLOUD,CLOUD,0,0,none
2026-04-20 12:43:48,623,57.56,149.54,66.22,57.00,57.56,0.00,stable,141.54,213.13,-1.00,1,0.00,1,1,1,0.917,CLOUD,,0,CLOUD,CLOUD,0,0,none
2026-04-20 12:43:50,624,80.14,189.46,66.11,56.99,57.56,22.58,up,155.52,213.13,-1.00,1,0.00,1,1,1,0.570,CLOUD,,0,CLOUD,CLOUD,0,0,none
2026-04-20 12:43:52,625,96.87,135.67,66.36,57.00,80.14,16.73,up,156.05,213.13,-1.00,1,0.00,1,1,0,0.500,LOCAL,LOCAL,1,CLOUD,CLOUD,0,0,none
2026-04-20 12:43:54,626,96.87,135.67,66.08,57.00,96.87,0.00,stable,152.58,213.13,-1.00,1,0.00,1,1,0,0.500,LOCAL,LOCAL,2,CLOUD,CLOUD,0,0,none
2026-04-20 12:43:56,627,62.71,83.09,66.22,56.95,96.87,-34.16,down,135.97,213.13,-1.00,1,0.00,1,0,1,0.794,CLOUD,,0,CLOUD,CLOUD,0,0,none
2026-04-20 12:43:58,628,62.71,83.09,66.03,56.99,62.71,0.00,stable,109.38,213.13,-1.00,1,0.00,1,0,1,0.739,CLOUD,,0,CLOUD,CLOUD,0,0,none
2026-04-20 12:44:00,629,108.82,177.35,66.14,56.95,62.71,46.10,up,119.80,213.13,-1.00,1,0.00,1,1,0,0.500,LOCAL,LOCAL,1,CLOUD,CLOUD,0,0,none
2026-04-20 12:44:02,630,60.01,167.75,66.08,56.98,108.82,-48.81,down,127.82,213.13,-1.00,1,0.00,1,1,1,0.888,CLOUD,,0,CLOUD,CLOUD,0,0,none
2026-04-20 12:44:04,631,60.01,167.75,65.97,56.95,60.01,0.00,stable,148.99,213.13,-1.00,1,0.00,1,1,1,0.870,CLOUD,,0,CLOUD,CLOUD,0,0,none
2026-04-20 12:44:06,632,95.38,39.82,66.11,56.98,60.01,35.38,up,138.17,213.13,-1.00,0,0.00,1,0,0,0.500,LOCAL,LOCAL,1,CLOUD,CLOUD,0,0,none
2026-04-20 12:44:08,633,40.19,1216.80,66.20,56.97,95.38,-55.19,down,398.03,213.13,-1.00,0,0.00,1,1,1,1.000,CLOUD,,0,CLOUD,CLOUD,0,0,none
2026-04-20 12:44:10,634,40.19,1216.80,66.11,57.00,40.19,0.00,stable,660.29,213.13,-1.00,1,0.00,1,1,1,1.000,CLOUD,,0,CLOUD,CLOUD,0,0,none
2026-04-20 12:44:12,635,68.86,84.41,66.06,56.96,40.19,28.67,up,639.46,213.13,-1.00,1,0.00,1,0,1,0.618,CLOUD,,0,CLOUD,CLOUD,0,0,none
2026-04-20 12:44:14,636,68.86,84.41,66.20,57.01,68.86,0.00,stable,650.61,213.13,-1.00,1,0.00,1,0,1,0.669,CLOUD,,0,CLOUD,CLOUD,0,0,none
2026-04-20 12:44:16,637,63.28,95.42,65.97,56.95,68.86,-5.58,stable,370.26,213.13,-1.00,1,0.00,1,0,1,0.729,CLOUD,,0,CLOUD,CLOUD,0,0,none
2026-04-20 12:44:19,638,26.19,138.15,66.10,57.16,63.28,-37.08,down,100.60,213.13,-1.00,1,0.00,1,1,1,0.995,CLOUD,,0,CLOUD,CLOUD,0,0,none
2026-04-20 12:44:21,639,26.19,138.15,66.12,56.99,26.19,0.00,stable,114.03,213.13,-1.00,1,0.00,1,1,1,0.995,CLOUD,,0,CLOUD,CLOUD,0,0,none
2026-04-20 12:44:23,640,53.63,147.63,65.97,57.00,26.19,27.43,up,129.84,213.13,-1.00,1,0.00,1,1,1,0.915,CLOUD,,0,CLOUD,CLOUD,0,0,none
2026-04-20 12:44:25,641,53.63,147.63,66.08,57.00,53.63,0.00,stable,142.89,213.13,-1.00,1,0.00,1,1,1,0.928,CLOUD,,0,CLOUD,CLOUD,0,0,none
2026-04-20 12:44:27,642,48.90,239.43,65.95,57.18,53.63,-4.73,stable,168.21,213.13,-1.00,1,0.00,1,1,1,0.972,CLOUD,,0,CLOUD,CLOUD,0,0,none
2026-04-20 12:44:29,643,48.90,239.43,66.17,56.99,48.90,0.00,stable,193.53,213.13,-1.00,1,0.00,1,1,1,0.980,CLOUD,,0,CLOUD,CLOUD,0,0,none
2026-04-20 12:44:31,644,100.11,111.07,66.00,56.99,48.90,51.21,up,184.39,213.13,-1.00,1,0.00,1,1,0,0.500,LOCAL,LOCAL,1,CLOUD,CLOUD,0,0,none
2026-04-20 12:44:33,645,100.11,111.07,66.17,56.98,100.11,0.00,stable,175.25,213.13,-1.00,1,0.00,1,1,0,0.500,LOCAL,LOCAL,2,CLOUD,CLOUD,0,0,none
2026-04-20 12:44:35,646,74.27,249.12,65.95,56.99,100.11,-25.84,down,177.67,213.13,-1.00,1,0.00,1,1,1,0.746,CLOUD,,0,CLOUD,CLOUD,0,0,none
2026-04-20 12:44:37,647,112.26,141.25,66.08,56.96,74.27,37.99,up,153.13,213.13,-1.00,1,0.00,1,1,0,0.500,LOCAL,LOCAL,1,CLOUD,CLOUD,0,0,none
2026-04-20 12:44:39,648,112.26,141.25,66.08,56.98,112.26,0.00,stable,160.67,213.13,-1.00,1,0.00,1,1,0,0.500,LOCAL,LOCAL,2,CLOUD,CLOUD,0,0,none
2026-04-20 12:44:41,649,72.67,40.31,66.03,56.95,112.26,-39.59,down,142.99,213.13,-1.00,1,0.00,1,0,0,0.500,LOCAL,,0,CLOUD,LOCAL,1,0,started
2026-04-20 12:44:43,650,72.67,40.31,66.72,57.80,72.67,0.00,stable,90.78,148.76,-1.00,1,0.00,1,0,1,0.691,CLOUD,CLOUD,1,LOCAL,LOCAL,0,0,none
2026-04-20 12:44:45,651,26.08,99.02,66.50,60.27,72.67,-46.60,down,80.22,151.14,-1.00,1,25.00,0,0,1,0.996,CLOUD,CLOUD,2,LOCAL,LOCAL,0,0,none
2026-04-20 12:44:47,652,26.08,99.02,66.67,62.30,26.08,0.00,stable,69.66,186.83,-1.00,1,25.00,0,0,1,0.997,CLOUD,,0,LOCAL,CLOUD,1,0,started
2026-04-20 12:44:50,653,14.55,7.80,66.69,57.59,26.08,-11.53,down,61.54,236.86,-1.00,1,50.00,0,0,1,0.998,CLOUD,,0,CLOUD,CLOUD,0,0,none
2026-04-20 12:44:52,654,14.55,7.80,66.31,57.68,14.55,0.00,stable,53.41,236.86,-1.00,1,50.00,0,0,1,0.997,CLOUD,,0,CLOUD,CLOUD,0,0,none
2026-04-20 12:44:54,655,50.95,373.25,66.44,57.68,14.55,36.40,up,121.97,236.86,-1.00,1,0.00,1,1,1,0.995,CLOUD,,0,CLOUD,CLOUD,0,0,none
2026-04-20 12:44:56,656,50.95,373.25,66.11,57.66,50.95,0.00,stable,190.53,236.86,-1.00,1,0.00,1,1,1,0.991,CLOUD,,0,CLOUD,CLOUD,0,0,none
2026-04-20 12:44:58,657,43.69,207.96,66.31,57.69,50.95,-7.26,stable,240.57,236.86,-1.00,1,0.00,1,1,1,0.988,CLOUD,,0,CLOUD,CLOUD,0,0,none
2026-04-20 12:45:00,658,69.79,62.50,66.19,57.69,43.69,26.11,up,254.24,236.86,-1.00,1,0.00,1,0,1,0.606,CLOUD,,0,CLOUD,CLOUD,0,0,none
2026-04-20 12:45:02,659,69.79,62.50,66.00,57.65,69.79,0.00,stable,176.55,236.86,-1.00,1,0.00,1,0,1,0.531,CLOUD,,0,CLOUD,CLOUD,0,0,none
2026-04-20 12:45:04,660,60.74,96.93,66.06,57.69,69.79,-9.05,stable,107.47,236.86,-1.00,1,0.00,1,0,1,0.801,CLOUD,,0,CLOUD,CLOUD,0,0,none
2026-04-20 12:45:06,661,68.51,459.89,66.12,57.79,60.74,7.77,stable,170.45,236.86,-1.00,1,0.00,1,1,1,0.974,CLOUD,,0,CLOUD,CLOUD,0,0,none
2026-04-20 12:45:08,662,68.51,459.89,66.10,57.67,68.51,0.00,stable,269.80,236.86,-1.00,1,0.00,1,1,1,0.973,CLOUD,,0,CLOUD,CLOUD,0,0,none
2026-04-20 12:45:10,663,183.67,44.33,66.19,57.79,68.51,115.16,up,265.26,236.86,-1.00,1,0.00,1,0,0,0.500,LOCAL,LOCAL,1,CLOUD,CLOUD,0,0,none
2026-04-20 12:45:12,664,183.67,44.33,66.28,56.97,183.67,0.00,stable,252.11,236.86,-1.00,1,0.00,1,0,0,0.500,LOCAL,LOCAL,2,CLOUD,CLOUD,0,0,none
2026-04-20 12:45:14,665,138.88,79.22,66.14,56.97,183.67,-44.79,down,156.94,236.86,-1.00,1,0.00,1,0,0,0.500,LOCAL,,0,CLOUD,LOCAL,1,0,started
2026-04-20 12:45:17,666,137.28,1643.54,66.26,57.44,138.88,-1.60,stable,452.85,206.69,-1.00,1,0.00,1,1,1,0.998,CLOUD,CLOUD,1,LOCAL,LOCAL,0,0,none
2026-04-20 12:45:19,667,137.28,1643.54,66.53,60.07,137.28,0.00,stable,852.65,191.65,-1.00,1,0.00,1,1,1,0.999,CLOUD,CLOUD,2,LOCAL,LOCAL,0,0,none
2026-04-20 12:45:21,668,20.65,461.29,66.61,62.19,137.28,-116.63,down,956.90,173.90,-1.00,1,0.00,1,1,1,1.000,CLOUD,,0,LOCAL,CLOUD,1,0,started
2026-04-20 12:45:24,669,55.80,63.06,66.64,57.51,20.65,35.15,up,952.86,211.05,-1.00,1,0.00,1,0,1,0.928,CLOUD,,0,CLOUD,CLOUD,0,0,none
2026-04-20 12:45:26,670,55.80,63.06,66.33,57.64,55.80,0.00,stable,557.74,211.05,-1.00,1,0.00,1,0,1,0.887,CLOUD,,0,CLOUD,CLOUD,0,0,none
2026-04-20 12:45:28,671,64.96,2190.67,66.17,57.67,55.80,9.16,stable,694.52,211.05,-1.00,1,0.00,1,1,1,1.000,CLOUD,,0,CLOUD,CLOUD,0,0,none
2026-04-20 12:45:30,672,72.08,80.95,66.06,57.64,64.96,7.12,stable,599.44,211.05,-1.00,1,0.00,1,0,1,0.533,CLOUD,,0,CLOUD,CLOUD,0,0,none
2026-04-20 12:45:32,673,72.08,80.95,66.08,57.68,72.08,0.00,stable,603.91,211.05,-1.00,1,0.00,1,0,1,0.543,CLOUD,,0,CLOUD,CLOUD,0,0,none
2026-04-20 12:45:34,674,67.95,179.25,65.90,57.84,72.08,-4.12,stable,632.95,211.05,-1.00,1,0.00,1,1,1,0.746,CLOUD,,0,CLOUD,CLOUD,0,0,none
2026-04-20 12:45:36,675,67.95,179.25,66.31,57.69,67.95,0.00,stable,130.10,211.05,-1.00,1,0.00,1,1,1,0.850,CLOUD,,0,CLOUD,CLOUD,0,0,none
2026-04-20 12:45:40,676,84.62,173.97,65.88,57.85,67.95,16.67,up,153.35,211.05,-1.00,1,0.00,1,1,0,0.500,LOCAL,LOCAL,1,CLOUD,CLOUD,0,0,none
2026-04-20 12:45:42,677,84.62,173.97,66.06,57.66,84.62,0.00,stable,176.61,211.05,-1.00,1,0.00,1,1,0,0.500,LOCAL,LOCAL,2,CLOUD,CLOUD,0,0,none
2026-04-20 12:45:44,678,91.61,102.09,66.06,57.68,84.62,6.98,stable,157.32,211.05,-1.00,1,0.00,1,1,0,0.500,LOCAL,,0,CLOUD,LOCAL,1,0,started
2026-04-20 12:45:50,679,194.35,81.49,66.12,57.69,91.61,102.74,up,132.88,255.30,-1.00,1,0.00,1,0,0,0.500,LOCAL,,0,LOCAL,LOCAL,0,0,none
2026-04-20 12:45:52,680,54.08,2166.34,66.53,60.26,194.35,-140.26,down,630.97,184.21,-1.00,1,0.00,1,1,1,1.000,CLOUD,CLOUD,1,LOCAL,LOCAL,0,0,none
2026-04-20 12:45:54,681,54.08,2166.34,66.58,62.29,54.08,0.00,stable,1129.07,197.74,-1.00,1,0.00,1,1,1,1.000,CLOUD,CLOUD,2,LOCAL,LOCAL,0,0,none
2026-04-20 12:45:56,682,37.10,564.53,66.64,64.79,54.08,-16.98,down,1244.68,262.51,-1.00,1,0.00,1,1,1,1.000,CLOUD,,0,LOCAL,CLOUD,1,0,started
2026-04-20 12:45:58,683,37.10,564.53,66.62,57.55,37.10,0.00,stable,1365.43,200.51,-1.00,1,0.00,1,1,1,1.000,CLOUD,,0,CLOUD,CLOUD,0,0,none
2026-04-20 12:46:00,684,72.61,426.27,66.56,57.65,37.10,35.51,up,930.42,200.51,-1.00,1,25.00,0,1,1,0.974,CLOUD,,0,CLOUD,CLOUD,0,0,none
2026-04-20 12:46:02,685,115.14,136.27,66.00,57.61,72.61,42.52,up,422.90,200.51,-1.00,1,0.00,1,1,0,0.500,LOCAL,LOCAL,1,CLOUD,CLOUD,0,0,none
2026-04-20 12:46:04,686,115.14,136.27,66.19,57.65,115.14,0.00,stable,315.84,200.51,-1.00,1,0.00,1,1,0,0.500,LOCAL,LOCAL,2,CLOUD,CLOUD,0,0,none
2026-04-20 12:46:07,687,76.19,61.28,65.84,57.79,115.14,-38.95,down,190.02,200.51,-1.00,1,0.00,1,0,0,0.500,LOCAL,,0,CLOUD,LOCAL,1,0,started
2026-04-20 12:46:09,688,76.19,61.28,66.64,57.88,76.19,0.00,stable,98.78,200.51,-1.00,1,0.00,1,0,1,0.622,CLOUD,CLOUD,1,LOCAL,LOCAL,0,0,none
2026-04-20 12:46:11,689,201.26,13.10,66.58,59.58,76.19,125.07,up,67.98,200.51,-1.00,1,0.00,0,0,0,0.500,LOCAL,,0,LOCAL,LOCAL,0,0,none
2026-04-20 12:46:13,690,201.26,13.10,66.45,62.13,201.26,0.00,stable,37.19,153.49,-1.00,1,0.00,0,0,0,0.500,LOCAL,,0,LOCAL,LOCAL,0,0,none
2026-04-20 12:46:15,691,86.27,7.54,66.58,64.31,201.26,-114.99,down,23.75,246.52,-1.00,1,0.00,1,0,0,0.500,LOCAL,,0,LOCAL,LOCAL,0,0,none
2026-04-20 12:46:17,692,86.27,7.54,66.61,66.97,86.27,0.00,stable,10.32,173.30,-1.00,1,0.00,1,0,0,0.500,LOCAL,,0,LOCAL,LOCAL,0,0,none
2026-04-20 12:46:19,693,43.34,546.28,66.61,67.74,86.27,-42.93,down,143.62,187.82,-1.00,1,0.00,1,1,1,1.000,CLOUD,CLOUD,1,LOCAL,LOCAL,0,0,none
2026-04-20 12:46:21,694,43.34,546.28,66.64,66.82,43.34,0.00,stable,276.91,175.31,-1.00,1,0.00,1,1,1,1.000,CLOUD,CLOUD,2,LOCAL,LOCAL,0,0,none
2026-04-20 12:46:23,695,32.93,460.55,66.69,57.52,43.34,-10.40,down,390.16,283.31,-1.00,1,0.00,1,1,1,1.000,CLOUD,,0,LOCAL,CLOUD,1,0,started
2026-04-20 12:46:25,696,98.35,118.18,66.67,58.09,32.93,65.42,up,417.82,181.30,-1.00,1,0.00,1,1,0,0.500,LOCAL,LOCAL,1,CLOUD,CLOUD,0,0,none
2026-04-20 12:46:27,697,98.35,118.18,66.31,58.23,98.35,0.00,stable,310.80,181.30,-1.00,1,0.00,1,1,0,0.500,LOCAL,LOCAL,2,CLOUD,CLOUD,0,0,none
2026-04-20 12:46:29,698,64.81,517.29,66.08,58.23,98.35,-33.54,down,303.55,181.30,-1.00,1,0.00,1,1,1,0.988,CLOUD,,0,CLOUD,CLOUD,0,0,none
2026-04-20 12:46:31,699,64.81,517.29,66.11,58.23,64.81,0.00,stable,317.73,181.30,-1.00,1,0.00,1,1,1,0.988,CLOUD,,0,CLOUD,CLOUD,0,0,none
2026-04-20 12:46:33,700,56.91,7.53,66.17,58.24,64.81,-7.90,stable,290.07,181.30,-1.00,1,0.00,1,0,1,0.775,CLOUD,,0,CLOUD,CLOUD,0,0,none
2026-04-20 12:46:35,701,56.91,7.53,66.03,58.24,56.91,0.00,stable,262.41,181.30,-1.00,1,0.00,1,0,1,0.734,CLOUD,,0,CLOUD,CLOUD,0,0,none
2026-04-20 12:46:37,702,56.91,7.53,66.06,58.24,56.91,0.00,stable,134.97,181.30,-1.00,1,0.00,1,0,1,0.743,CLOUD,,0,CLOUD,CLOUD,0,0,none
2026-04-20 12:46:39,703,30.58,0.00,66.03,58.32,56.91,-26.33,down,5.65,181.30,-1.00,1,50.00,0,0,1,0.973,CLOUD,,0,CLOUD,CLOUD,0,0,none
2026-04-20 12:46:41,704,30.58,0.00,66.20,58.21,30.58,0.00,stable,3.77,181.30,-1.00,1,50.00,0,0,1,0.979,CLOUD,,0,CLOUD,CLOUD,0,0,none
2026-04-20 12:46:43,705,110.55,41.80,66.08,58.16,30.58,79.97,up,12.33,181.30,-1.00,1,0.00,1,0,0,0.500,LOCAL,LOCAL,1,CLOUD,CLOUD,0,0,none
2026-04-20 12:46:45,706,110.55,41.80,66.14,58.21,110.55,0.00,stable,20.90,181.30,-1.00,1,0.00,1,0,0,0.500,LOCAL,LOCAL,2,CLOUD,CLOUD,0,0,none
2026-04-20 12:46:47,707,90.43,105.79,66.00,57.50,110.55,-20.12,down,47.35,181.30,-1.00,1,0.00,1,1,0,0.500,LOCAL,,0,CLOUD,LOCAL,1,0,started
2026-04-20 12:46:50,708,28.51,1330.47,66.64,58.31,90.43,-61.93,down,379.96,288.37,-1.00,1,0.00,1,1,1,1.000,CLOUD,CLOUD,1,LOCAL,LOCAL,0,0,none
2026-04-20 12:46:52,709,28.51,1330.47,66.72,60.52,28.51,0.00,stable,702.13,189.32,-1.00,1,0.00,1,1,1,1.000,CLOUD,CLOUD,2,LOCAL,LOCAL,0,0,none
2026-04-20 12:46:54,710,19.51,317.80,66.56,62.82,28.51,-9.00,stable,771.13,267.62,-1.00,1,0.00,1,1,1,1.000,CLOUD,,0,LOCAL,CLOUD,1,0,started
2026-04-20 12:46:57,711,44.85,72.77,66.63,58.38,19.51,25.34,up,762.88,187.42,-1.00,1,0.00,1,0,1,0.976,CLOUD,,0,CLOUD,CLOUD,0,0,none
2026-04-20 12:46:59,712,44.85,72.77,66.04,58.19,44.85,0.00,stable,448.45,187.42,-1.00,1,0.00,1,0,1,0.940,CLOUD,,0,CLOUD,CLOUD,0,0,none
2026-04-20 12:47:01,713,53.93,134.82,66.08,58.25,44.85,9.07,stable,149.54,187.42,-1.00,1,0.00,1,1,1,0.918,CLOUD,,0,CLOUD,CLOUD,0,0,none
2026-04-20 12:47:03,714,53.93,134.82,66.06,58.23,53.93,0.00,stable,103.79,187.42,-1.00,1,0.00,1,1,1,0.915,CLOUD,,0,CLOUD,CLOUD,0,0,none
2026-04-20 12:47:05,715,75.13,900.57,66.19,58.25,53.93,21.20,up,310.74,187.42,-1.00,1,0.00,1,1,1,0.999,CLOUD,,0,CLOUD,CLOUD,0,0,none
2026-04-20 12:47:07,716,60.60,91.08,66.33,58.26,75.13,-14.53,down,315.32,187.42,-1.00,1,0.00,1,0,1,0.859,CLOUD,,0,CLOUD,CLOUD,0,0,none
2026-04-20 12:47:09,717,60.60,91.08,66.28,58.26,60.60,0.00,stable,304.39,187.42,-1.00,1,0.00,1,0,1,0.847,CLOUD,,0,CLOUD,CLOUD,0,0,none
2026-04-20 12:47:11,718,32.90,187.39,66.06,58.25,60.60,-27.70,down,317.53,187.42,-1.00,1,0.00,1,1,1,0.993,CLOUD,,0,CLOUD,CLOUD,0,0,none
2026-04-20 12:47:13,719,32.90,187.39,66.03,58.21,32.90,0.00,stable,139.24,187.42,-1.00,1,0.00,1,1,1,0.992,CLOUD,,0,CLOUD,CLOUD,0,0,none
2026-04-20 12:47:15,720,77.21,159.74,66.17,58.25,32.90,44.32,up,156.40,187.42,-1.00,1,0.00,1,1,1,0.605,CLOUD,,0,CLOUD,CLOUD,0,0,none
2026-04-20 12:47:17,721,126.26,138.02,66.18,57.79,77.21,49.05,up,168.14,187.42,-1.00,1,0.00,1,1,0,0.500,LOCAL,LOCAL,1,CLOUD,CLOUD,0,0,none
2026-04-20 12:47:19,722,126.26,138.02,65.98,57.52,126.26,0.00,stable,155.79,187.42,-1.00,1,0.00,1,1,0,0.500,LOCAL,LOCAL,2,CLOUD,CLOUD,0,0,none
2026-04-20 12:47:21,723,66.44,87.91,66.19,57.57,126.26,-59.83,down,130.92,187.42,-1.00,1,0.00,1,0,1,0.725,CLOUD,,0,CLOUD,CLOUD,0,0,none
2026-04-20 12:47:23,724,66.44,87.91,66.08,57.55,66.44,0.00,stable,112.96,187.42,-1.00,1,0.00,1,0,1,0.689,CLOUD,,0,CLOUD,CLOUD,0,0,none
2026-04-20 12:47:25,725,91.88,1874.86,66.17,57.53,66.44,25.45,up,547.17,187.42,-1.00,1,0.00,1,1,1,1.000,CLOUD,,0,CLOUD,CLOUD,0,0,none
2026-04-20 12:47:27,726,71.47,114.21,66.03,57.52,91.88,-20.42,down,541.22,187.42,-1.00,1,0.00,1,1,1,0.602,CLOUD,,0,CLOUD,CLOUD,0,0,none
2026-04-20 12:47:29,727,71.47,114.21,66.06,57.55,71.47,0.00,stable,547.80,187.42,-1.00,1,0.00,1,1,1,0.612,CLOUD,,0,CLOUD,CLOUD,0,0,none
2026-04-20 12:47:31,728,56.62,97.37,66.20,57.55,71.47,-14.85,down,550.16,187.42,-1.00,1,0.00,1,0,1,0.884,CLOUD,,0,CLOUD,CLOUD,0,0,none
2026-04-20 12:47:33,729,56.62,97.37,66.01,57.51,56.62,0.00,stable,105.79,187.42,-1.00,1,0.00,1,0,1,0.850,CLOUD,,0,CLOUD,CLOUD,0,0,none
2026-04-20 12:47:35,730,64.31,2219.65,66.14,57.55,56.62,7.69,stable,632.15,187.42,-1.00,1,0.00,1,1,1,1.000,CLOUD,,0,CLOUD,CLOUD,0,0,none
2026-04-20 12:47:37,731,56.96,183.62,66.17,57.51,64.31,-7.34,stable,649.50,187.42,-1.00,1,0.00,1,1,1,0.933,CLOUD,,0,CLOUD,CLOUD,0,0,none
2026-04-20 12:47:39,732,56.96,183.62,66.06,57.56,56.96,0.00,stable,671.07,187.42,-1.00,1,0.00,1,1,1,0.922,CLOUD,,0,CLOUD,CLOUD,0,0,none
2026-04-20 12:47:42,733,107.45,37.61,65.92,57.67,56.96,50.49,up,656.13,187.42,-1.00,1,0.00,1,0,0,0.500,LOCAL,LOCAL,1,CLOUD,CLOUD,0,0,none
2026-04-20 12:47:44,734,107.45,37.61,66.18,57.56,107.45,0.00,stable,110.62,187.42,-1.00,1,0.00,1,0,0,0.500,LOCAL,LOCAL,2,CLOUD,CLOUD,0,0,none
2026-04-20 12:47:46,735,88.75,36.85,66.03,57.55,107.45,-18.70,down,73.92,187.42,-1.00,1,0.00,1,0,0,0.500,LOCAL,,0,CLOUD,LOCAL,1,0,started
2026-04-20 12:47:48,736,88.75,36.85,66.61,58.36,88.75,0.00,stable,37.23,187.42,-1.00,1,0.00,1,0,0,0.500,LOCAL,,0,LOCAL,LOCAL,0,0,none
2026-04-20 12:47:50,737,141.86,1435.42,66.56,60.20,88.75,53.11,up,386.68,187.42,-1.00,1,0.00,1,1,1,0.992,CLOUD,CLOUD,1,LOCAL,LOCAL,0,0,none
2026-04-20 12:47:52,738,36.45,552.78,66.58,62.79,141.86,-105.41,down,515.47,183.16,-1.00,1,0.00,1,1,1,1.000,CLOUD,CLOUD,2,LOCAL,LOCAL,0,0,none
2026-04-20 12:47:54,739,36.45,552.78,66.56,65.30,36.45,0.00,stable,644.46,189.77,-1.00,1,0.00,1,1,1,1.000,CLOUD,,0,LOCAL,CLOUD,1,0,started
2026-04-20 12:47:57,740,27.58,546.89,66.67,58.10,36.45,-8.87,stable,771.97,364.11,-1.00,1,0.00,1,1,1,1.000,CLOUD,,0,CLOUD,CLOUD,0,0,none
2026-04-20 12:47:59,741,54.53,103.00,66.50,58.21,27.58,26.95,up,438.86,364.11,-1.00,1,0.00,1,1,1,0.941,CLOUD,,0,CLOUD,CLOUD,0,0,none
2026-04-20 12:48:01,742,54.53,103.00,66.22,58.26,54.53,0.00,stable,326.42,364.11,-1.00,1,0.00,1,1,1,0.911,CLOUD,,0,CLOUD,CLOUD,0,0,none
2026-04-20 12:48:03,743,51.64,66.25,65.92,58.22,54.53,-2.89,stable,204.79,364.11,-1.00,1,0.00,1,0,1,0.862,CLOUD,,0,CLOUD,CLOUD,0,0,none
2026-04-20 12:48:07,744,38.35,179.56,66.01,58.45,51.64,-13.30,down,112.95,364.11,-1.00,1,0.00,1,1,1,0.986,CLOUD,,0,CLOUD,CLOUD,0,0,none
2026-04-20 12:48:09,745,38.35,179.56,66.00,58.25,38.35,0.00,stable,132.09,364.11,-1.00,1,0.00,1,1,1,0.985,CLOUD,,0,CLOUD,CLOUD,0,0,none
2026-04-20 12:48:11,746,63.79,93.72,66.14,58.26,38.35,25.44,up,129.77,364.11,-1.00,1,0.00,1,0,1,0.767,CLOUD,,0,CLOUD,CLOUD,0,0,none
2026-04-20 12:48:13,747,63.79,93.72,66.22,58.22,63.79,0.00,stable,136.64,364.11,-1.00,1,0.00,1,0,1,0.790,CLOUD,,0,CLOUD,CLOUD,0,0,none
2026-04-20 12:48:15,748,126.05,2467.06,66.31,58.26,63.79,62.25,up,708.52,364.11,-1.00,1,0.00,1,1,1,1.000,CLOUD,,0,CLOUD,CLOUD,0,0,none
2026-04-20 12:48:17,749,126.05,2467.06,66.03,58.25,126.05,0.00,stable,1280.39,364.11,-1.00,1,0.00,1,1,1,1.000,CLOUD,,0,CLOUD,CLOUD,0,0,none
2026-04-20 12:48:19,750,118.54,20.59,66.14,57.56,126.05,-7.50,stable,1262.11,364.11,-1.00,1,0.00,1,0,0,0.500,LOCAL,LOCAL,1,CLOUD,CLOUD,0,0,none
2026-04-20 12:48:21,751,155.20,34.75,66.03,57.52,118.54,36.66,up,1247.36,364.11,-1.00,1,0.00,1,0,0,0.500,LOCAL,LOCAL,2,CLOUD,CLOUD,0,0,none
2026-04-20 12:48:23,752,155.20,34.75,66.14,57.57,155.20,0.00,stable,639.29,364.11,-1.00,1,0.00,1,0,0,0.500,LOCAL,,0,CLOUD,LOCAL,1,0,started
2026-04-20 12:48:27,753,59.66,220.54,66.36,57.95,155.20,-95.55,down,77.66,223.59,-1.00,1,0.00,1,1,1,0.952,CLOUD,CLOUD,1,LOCAL,LOCAL,0,0,none
2026-04-20 12:48:29,754,49.32,513.69,66.45,59.87,59.66,-10.34,down,200.93,186.78,-1.00,1,0.00,1,1,1,0.998,CLOUD,CLOUD,2,LOCAL,LOCAL,0,0,none
2026-04-20 12:48:31,755,49.32,513.69,66.61,62.53,49.32,0.00,stable,320.67,289.77,-1.00,1,0.00,1,1,1,0.999,CLOUD,,0,LOCAL,CLOUD,1,0,started
2026-04-20 12:48:33,756,70.83,480.02,66.67,58.09,49.32,21.52,up,431.99,289.77,-1.00,1,0.00,1,1,1,0.988,CLOUD,,0,CLOUD,CLOUD,0,0,none
2026-04-20 12:48:35,757,41.49,99.65,66.36,58.18,70.83,-29.34,down,401.76,289.77,-1.00,1,0.00,1,0,1,0.979,CLOUD,,0,CLOUD,CLOUD,0,0,none
2026-04-20 12:48:37,758,41.49,99.65,66.17,58.26,41.49,0.00,stable,298.25,289.77,-1.00,1,0.00,1,0,1,0.971,CLOUD,,0,CLOUD,CLOUD,0,0,none
2026-04-20 12:48:39,759,74.33,108.41,65.95,58.21,41.49,32.84,up,196.93,289.77,-1.00,1,0.00,1,1,0,0.500,LOCAL,LOCAL,1,CLOUD,CLOUD,0,0,none
2026-04-20 12:48:42,760,80.06,71.14,65.88,58.44,74.33,5.73,stable,94.71,289.77,-1.00,1,0.00,1,0,0,0.500,LOCAL,LOCAL,2,CLOUD,CLOUD,0,0,none
2026-04-20 12:48:44,761,80.06,71.14,66.06,58.26,80.06,0.00,stable,87.58,289.77,-1.00,1,0.00,1,0,0,0.500,LOCAL,,0,CLOUD,LOCAL,1,0,started
2026-04-20 12:48:46,762,47.98,70.34,66.59,58.43,80.06,-32.08,down,80.26,289.77,-1.00,1,0.00,1,0,1,0.965,CLOUD,CLOUD,1,LOCAL,LOCAL,0,0,none
2026-04-20 12:48:48,763,47.98,70.34,66.53,61.01,47.98,0.00,stable,70.74,241.34,-1.00,1,0.00,1,0,1,0.961,CLOUD,CLOUD,2,LOCAL,LOCAL,0,0,none
2026-04-20 12:48:50,764,72.74,666.19,66.53,62.74,47.98,24.75,up,219.50,264.48,-1.00,1,0.00,1,1,1,0.996,CLOUD,,0,LOCAL,CLOUD,1,0,started
2026-04-20 12:48:53,765,520.12,152.59,66.57,58.14,72.74,447.39,up,239.87,179.69,-1.00,1,0.00,0,1,0,0.500,LOCAL,LOCAL,1,CLOUD,CLOUD,0,0,none
2026-04-20 12:48:55,766,520.12,152.59,66.14,58.24,520.12,0.00,stable,260.43,179.69,-1.00,1,0.00,0,1,0,0.500,LOCAL,LOCAL,2,CLOUD,CLOUD,0,0,none
2026-04-20 12:48:57,767,63.35,109.68,66.14,58.24,520.12,-456.77,down,270.26,179.69,-1.00,1,0.00,1,1,1,0.797,CLOUD,,0,CLOUD,CLOUD,0,0,none
2026-04-20 12:48:59,768,63.35,109.68,66.09,58.22,63.35,0.00,stable,131.13,179.69,-1.00,1,0.00,1,1,1,0.783,CLOUD,,0,CLOUD,CLOUD,0,0,none
2026-04-20 12:49:01,769,48.91,84.07,66.19,58.24,63.35,-14.44,down,114.00,179.69,-1.00,1,0.00,1,0,1,0.937,CLOUD,,0,CLOUD,CLOUD,0,0,none
2026-04-20 12:49:03,770,31.62,180.76,66.00,58.21,48.91,-17.29,down,121.05,179.69,-1.00,1,0.00,1,1,1,0.993,CLOUD,,0,CLOUD,CLOUD,0,0,none
2026-04-20 12:49:05,771,31.62,180.76,66.25,58.23,31.62,0.00,stable,138.82,179.69,-1.00,1,0.00,1,1,1,0.995,CLOUD,,0,CLOUD,CLOUD,0,0,none
2026-04-20 12:49:07,772,76.99,62.33,66.17,58.20,31.62,45.37,up,126.98,179.69,-1.00,1,0.00,1,0,0,0.500,LOCAL,LOCAL,1,CLOUD,CLOUD,0,0,none
2026-04-20 12:49:09,773,76.99,62.33,66.03,58.23,76.99,0.00,stable,121.54,179.69,-1.00,1,0.00,1,0,0,0.500,LOCAL,LOCAL,2,CLOUD,CLOUD,0,0,none
2026-04-20 12:49:11,774,56.85,128.42,65.97,58.21,76.99,-20.15,down,108.46,179.69,-1.00,1,0.00,1,1,1,0.870,CLOUD,,0,CLOUD,CLOUD,0,0,none
2026-04-20 12:49:13,775,56.85,128.42,66.03,58.24,56.85,0.00,stable,95.38,179.69,-1.00,1,0.00,1,1,1,0.880,CLOUD,,0,CLOUD,CLOUD,0,0,none
2026-04-20 12:49:15,776,86.79,247.34,66.22,57.56,56.85,29.94,up,141.63,179.69,-1.00,1,0.00,1,1,1,0.564,CLOUD,,0,CLOUD,CLOUD,0,0,none
2026-04-20 12:49:18,777,46.96,140.14,65.94,57.83,86.79,-39.82,down,161.08,179.69,-1.00,1,0.00,1,1,1,0.949,CLOUD,,0,CLOUD,CLOUD,0,0,none
2026-04-20 12:49:20,778,46.96,140.14,66.18,57.56,46.96,0.00,stable,164.01,179.69,-1.00,1,0.00,1,1,1,0.965,CLOUD,,0,CLOUD,CLOUD,0,0,none
2026-04-20 12:49:22,779,127.91,18.04,66.11,57.56,46.96,80.94,up,136.42,179.69,-1.00,1,0.00,1,0,0,0.500,LOCAL,LOCAL,1,CLOUD,CLOUD,0,0,none
2026-04-20 12:49:24,780,127.91,18.04,66.00,57.57,127.91,0.00,stable,79.09,179.69,-1.00,1,0.00,1,0,0,0.500,LOCAL,LOCAL,2,CLOUD,CLOUD,0,0,none
2026-04-20 12:49:26,781,199.49,60.33,66.03,57.52,127.91,71.59,up,59.14,179.69,-1.00,1,0.00,1,0,0,0.500,LOCAL,,0,CLOUD,LOCAL,1,0,started
2026-04-20 12:49:28,782,25.78,453.54,66.67,58.58,199.49,-173.72,down,137.48,142.22,-1.00,1,0.00,1,1,1,1.000,CLOUD,CLOUD,1,LOCAL,LOCAL,0,0,none
2026-04-20 12:49:31,783,25.78,453.54,66.61,60.92,25.78,0.00,stable,246.36,184.55,-1.00,1,0.00,1,1,1,1.000,CLOUD,CLOUD,2,LOCAL,LOCAL,0,0,none
2026-04-20 12:49:33,784,65.61,245.03,66.61,62.89,25.78,39.83,up,303.11,190.77,-1.00,1,0.00,1,1,1,0.952,CLOUD,,0,LOCAL,CLOUD,1,0,started
2026-04-20 12:49:35,785,65.61,245.03,66.59,58.10,65.61,0.00,stable,349.28,232.93,-1.00,1,0.00,1,1,1,0.950,CLOUD,,0,CLOUD,CLOUD,0,0,none
2026-04-20 12:49:37,786,242.90,146.99,66.36,58.21,65.61,177.29,up,272.65,232.93,-1.00,1,0.00,0,1,0,0.500,LOCAL,LOCAL,1,CLOUD,CLOUD,0,0,none
2026-04-20 12:49:39,787,242.90,146.99,66.22,58.26,242.90,0.00,stable,196.01,232.93,-1.00,1,0.00,0,1,0,0.500,LOCAL,LOCAL,2,CLOUD,CLOUD,0,0,none
2026-04-20 12:49:41,788,49.01,11.87,65.92,58.26,242.90,-193.89,down,137.72,232.93,-1.00,1,25.00,0,0,1,0.840,CLOUD,,0,CLOUD,CLOUD,0,0,none
2026-04-20 12:49:43,789,49.01,11.87,66.03,58.27,49.01,0.00,stable,79.43,232.93,-1.00,1,25.00,0,0,1,0.863,CLOUD,,0,CLOUD,CLOUD,0,0,none
2026-04-20 12:49:45,790,71.80,73.45,66.03,58.23,49.01,22.79,up,61.05,232.93,-1.00,1,0.00,1,0,1,0.513,CLOUD,,0,CLOUD,CLOUD,0,0,none
2026-04-20 12:49:48,791,93.57,210.43,65.98,58.47,71.80,21.77,up,76.91,232.93,-1.00,1,0.00,1,1,0,0.500,LOCAL,LOCAL,1,CLOUD,CLOUD,0,0,none
2026-04-20 12:49:50,792,93.57,210.43,66.12,58.27,93.57,0.00,stable,126.55,232.93,-1.00,1,0.00,1,1,0,0.500,LOCAL,LOCAL,2,CLOUD,CLOUD,0,0,none
2026-04-20 12:49:52,793,43.41,145.03,66.03,58.26,93.57,-50.15,down,159.84,232.93,-1.00,1,0.00,1,1,1,0.970,CLOUD,,0,CLOUD,CLOUD,0,0,none
2026-04-20 12:49:54,794,43.41,145.03,66.03,58.23,43.41,0.00,stable,177.73,232.93,-1.00,1,0.00,1,1,1,0.970,CLOUD,,0,CLOUD,CLOUD,0,0,none
2026-04-20 12:49:56,795,138.06,1939.00,66.39,57.56,43.41,94.65,up,609.87,232.93,-1.00,1,0.00,1,1,1,1.000,CLOUD,,0,CLOUD,CLOUD,0,0,none
2026-04-20 12:49:59,796,52.64,69.06,65.85,57.81,138.06,-85.42,down,574.53,232.93,-1.00,1,0.00,1,0,1,0.838,CLOUD,,0,CLOUD,CLOUD,0,0,none
2026-04-20 12:50:01,797,52.64,69.06,66.13,57.53,52.64,0.00,stable,555.54,232.93,-1.00,1,0.00,1,0,1,0.890,CLOUD,,0,CLOUD,CLOUD,0,0,none
2026-04-20 12:50:03,798,130.53,49.22,66.00,57.58,52.64,77.89,up,531.59,232.93,-1.00,0,0.00,1,0,0,0.500,LOCAL,LOCAL,1,CLOUD,CLOUD,0,0,none
2026-04-20 12:50:05,799,130.53,49.22,65.97,57.55,130.53,0.00,stable,59.14,232.93,-1.00,0,0.00,1,0,0,0.500,LOCAL,LOCAL,2,CLOUD,CLOUD,0,0,none
2026-04-20 12:50:07,800,100.22,2630.69,66.03,57.55,130.53,-30.32,down,699.55,232.93,-1.00,1,0.00,1,1,1,1.000,CLOUD,,0,CLOUD,CLOUD,0,0,none
2026-04-20 12:50:09,801,32.61,85.31,66.25,57.51,100.22,-67.60,down,703.61,232.93,-1.00,1,0.00,1,0,1,0.988,CLOUD,,0,CLOUD,CLOUD,0,0,none
2026-04-20 12:50:11,802,32.61,85.31,66.25,57.57,32.61,0.00,stable,712.63,232.93,-1.00,1,0.00,1,0,1,0.988,CLOUD,,0,CLOUD,CLOUD,0,0,none
2026-04-20 12:50:13,803,98.64,182.14,66.39,57.54,32.61,66.02,up,745.86,232.93,-1.00,1,0.00,1,1,0,0.500,LOCAL,LOCAL,1,CLOUD,CLOUD,0,0,none
2026-04-20 12:50:15,804,98.64,182.14,66.11,57.58,98.64,0.00,stable,133.72,232.93,-1.00,1,0.00,1,1,0,0.500,LOCAL,LOCAL,2,CLOUD,CLOUD,0,0,none
2026-04-20 12:50:18,805,67.65,164.60,65.80,57.90,98.64,-30.99,down,153.55,232.93,-1.00,1,0.00,1,1,1,0.695,CLOUD,,0,CLOUD,CLOUD,0,0,none
2026-04-20 12:50:20,806,67.65,164.60,66.23,57.57,67.65,0.00,stable,173.37,232.93,-1.00,1,0.00,1,1,1,0.821,CLOUD,,0,CLOUD,CLOUD,0,0,none
2026-04-20 12:50:22,807,52.47,87.06,66.19,57.56,67.65,-15.18,down,149.60,232.93,-1.00,1,0.00,1,0,1,0.914,CLOUD,,0,CLOUD,CLOUD,0,0,none
2026-04-20 12:50:24,808,52.47,87.06,66.08,57.57,52.47,0.00,stable,125.83,232.93,-1.00,1,0.00,1,0,1,0.899,CLOUD,,0,CLOUD,CLOUD,0,0,none
2026-04-20 12:50:26,809,71.57,167.17,66.11,57.58,52.47,19.10,up,126.47,232.93,-1.00,1,0.00,1,1,1,0.723,CLOUD,,0,CLOUD,CLOUD,0,0,none
2026-04-20 12:50:28,810,188.70,246.21,66.31,57.55,71.57,117.12,up,146.88,232.93,-1.00,1,0.00,1,1,0,0.500,LOCAL,LOCAL,1,CLOUD,CLOUD,0,0,none
2026-04-20 12:50:30,811,188.70,246.21,66.08,57.57,188.70,0.00,stable,186.66,232.93,-1.00,1,0.00,1,1,0,0.500,LOCAL,LOCAL,2,CLOUD,CLOUD,0,0,none
2026-04-20 12:50:32,812,50.76,2093.49,66.14,57.58,188.70,-137.94,down,688.27,232.93,-1.00,1,0.00,1,1,1,1.000,CLOUD,,0,CLOUD,CLOUD,0,0,none
2026-04-20 12:50:34,813,50.76,2093.49,66.06,57.57,50.76,0.00,stable,1169.85,232.93,-1.00,1,0.00,1,1,1,1.000,CLOUD,,0,CLOUD,CLOUD,0,0,none
2026-04-20 12:50:36,814,61.19,145.43,66.14,57.53,50.76,10.43,up,1144.65,232.93,-1.00,1,0.00,1,1,1,0.866,CLOUD,,0,CLOUD,CLOUD,0,0,none
2026-04-20 12:50:38,815,55.82,221.60,66.08,57.57,61.19,-5.36,stable,1138.50,232.93,-1.00,1,0.00,1,1,1,0.949,CLOUD,,0,CLOUD,CLOUD,0,0,none
2026-04-20 12:50:40,816,55.82,221.60,65.95,57.54,55.82,0.00,stable,670.53,232.93,-1.00,1,0.00,1,1,1,0.937,CLOUD,,0,CLOUD,CLOUD,0,0,none
2026-04-20 12:50:42,817,58.29,79.66,66.00,57.95,55.82,2.47,stable,167.07,232.93,-1.00,1,0.00,1,0,1,0.803,CLOUD,,0,CLOUD,CLOUD,0,0,none
2026-04-20 12:50:44,818,58.29,79.66,66.06,57.58,58.29,0.00,stable,150.63,232.93,-1.00,1,0.00,1,0,1,0.818,CLOUD,,0,CLOUD,CLOUD,0,0,none
2026-04-20 12:50:46,819,99.68,68.86,65.97,57.56,58.29,41.39,up,112.44,232.93,-1.00,1,0.00,1,0,0,0.500,LOCAL,LOCAL,1,CLOUD,CLOUD,0,0,none
2026-04-20 12:50:48,820,99.68,68.86,66.06,57.53,99.68,0.00,stable,74.26,232.93,-1.00,1,0.00,1,0,0,0.500,LOCAL,LOCAL,2,CLOUD,CLOUD,0,0,none
2026-04-20 12:50:51,821,56.89,104.20,65.80,57.89,99.68,-42.79,down,80.39,232.93,-1.00,1,0.00,1,1,1,0.805,CLOUD,,0,CLOUD,CLOUD,0,0,none
2026-04-20 12:50:53,822,56.89,104.20,66.15,57.57,56.89,0.00,stable,86.53,232.93,-1.00,1,0.00,1,1,1,0.879,CLOUD,,0,CLOUD,CLOUD,0,0,none
2026-04-20 12:50:56,823,129.01,75.97,65.92,57.83,56.89,72.12,up,88.31,232.93,-1.00,1,0.00,1,0,0,0.500,LOCAL,LOCAL,1,CLOUD,CLOUD,0,0,none
2026-04-20 12:50:58,824,129.01,75.97,65.93,57.53,129.01,0.00,stable,90.09,232.93,-1.00,1,0.00,1,0,0,0.500,LOCAL,LOCAL,2,CLOUD,CLOUD,0,0,none
2026-04-20 12:51:01,825,141.85,88.23,66.05,57.81,129.01,12.84,up,86.09,232.93,-1.00,1,0.00,1,0,0,0.500,LOCAL,,0,CLOUD,LOCAL,1,0,started
2026-04-20 12:51:03,826,141.85,88.23,66.62,58.30,141.85,0.00,stable,82.10,189.86,-1.00,1,0.00,1,0,0,0.500,LOCAL,,0,LOCAL,LOCAL,0,0,none
2026-04-20 12:51:05,827,61.41,1646.28,66.53,60.46,141.85,-80.45,down,474.68,173.39,-1.00,1,0.00,1,1,1,1.000,CLOUD,CLOUD,1,LOCAL,LOCAL,0,0,none
2026-04-20 12:51:07,828,61.41,1646.28,66.64,62.60,61.41,0.00,stable,867.26,182.53,-1.00,1,0.00,1,1,1,1.000,CLOUD,CLOUD,2,LOCAL,LOCAL,0,0,none
2026-04-20 12:51:09,829,48.94,44.21,66.36,65.54,61.41,-12.47,down,856.25,221.75,-1.00,1,25.00,0,0,1,0.933,CLOUD,,0,LOCAL,CLOUD,1,0,started
2026-04-20 12:51:11,830,48.94,44.21,66.71,58.10,48.94,0.00,stable,845.24,159.11,-1.00,1,25.00,0,0,1,0.961,CLOUD,,0,CLOUD,CLOUD,0,0,none
2026-04-20 12:51:13,831,61.13,167.95,66.22,58.20,48.94,12.20,up,475.66,159.11,-1.00,1,0.00,1,1,1,0.899,CLOUD,,0,CLOUD,CLOUD,0,0,none
2026-04-20 12:51:16,832,105.88,97.52,66.05,58.58,61.13,44.74,up,88.47,159.11,-1.00,1,0.00,1,0,0,0.500,LOCAL,LOCAL,1,CLOUD,CLOUD,0,0,none
2026-04-20 12:51:18,833,105.88,97.52,66.07,58.24,105.88,0.00,stable,101.80,159.11,-1.00,1,0.00,1,0,0,0.500,LOCAL,LOCAL,2,CLOUD,CLOUD,0,0,none
2026-04-20 12:51:20,834,77.87,87.38,65.92,58.24,105.88,-28.00,down,112.59,159.11,-1.00,1,0.00,1,0,0,0.500,LOCAL,,0,CLOUD,LOCAL,1,0,started
2026-04-20 12:51:22,835,77.87,87.38,66.61,58.06,77.87,0.00,stable,92.45,184.30,-1.00,1,0.00,1,0,1,0.621,CLOUD,CLOUD,1,LOCAL,LOCAL,0,0,none
2026-04-20 12:51:24,836,35.27,324.41,66.64,60.71,77.87,-42.61,down,149.17,169.77,-1.00,1,0.00,1,1,1,0.999,CLOUD,CLOUD,2,LOCAL,LOCAL,0,0,none
2026-04-20 12:51:26,837,17.29,2020.26,66.47,62.89,35.27,-17.97,down,629.85,382.87,-1.00,1,0.00,1,1,1,1.000,CLOUD,,0,LOCAL,CLOUD,1,0,started
2026-04-20 12:51:29,838,17.29,2020.26,66.72,58.16,17.29,0.00,stable,1113.07,382.87,-1.00,1,0.00,1,1,1,1.000,CLOUD,,0,CLOUD,CLOUD,0,0,none
2026-04-20 12:51:31,839,167.93,76.12,66.11,58.30,17.29,150.64,up,1110.26,382.87,-1.00,1,0.00,1,0,0,0.500,LOCAL,LOCAL,1,CLOUD,CLOUD,0,0,none
2026-04-20 12:51:33,840,167.93,76.12,66.14,58.26,167.93,0.00,stable,1048.19,382.87,-1.00,1,0.00,1,0,0,0.500,LOCAL,LOCAL,2,CLOUD,CLOUD,0,0,none
2026-04-20 12:51:35,841,72.21,719.62,66.20,58.30,167.93,-95.72,down,723.03,382.87,-1.00,0,0.00,1,1,1,0.996,CLOUD,,0,CLOUD,CLOUD,0,0,none
2026-04-20 12:51:37,842,56.19,174.08,66.17,58.26,72.21,-16.02,down,261.48,382.87,-1.00,0,0.00,1,1,1,0.934,CLOUD,,0,CLOUD,CLOUD,0,0,none
2026-04-20 12:51:39,843,56.19,174.08,66.09,58.30,56.19,0.00,stable,285.97,382.87,-1.00,1,0.00,1,1,1,0.925,CLOUD,,0,CLOUD,CLOUD,0,0,none
2026-04-20 12:51:41,844,92.15,42.39,66.22,58.30,56.19,35.96,up,277.54,382.87,-1.00,1,0.00,1,0,0,0.500,LOCAL,LOCAL,1,CLOUD,CLOUD,0,0,none
2026-04-20 12:51:44,845,97.43,190.48,66.02,58.63,92.15,5.28,stable,145.25,382.87,-1.00,1,0.00,1,1,0,0.500,LOCAL,LOCAL,2,CLOUD,CLOUD,0,0,none
2026-04-20 12:51:46,846,97.43,190.48,66.09,58.30,97.43,0.00,stable,149.35,382.87,-1.00,1,0.00,1,1,0,0.500,LOCAL,,0,CLOUD,LOCAL,1,0,started
2026-04-20 12:51:49,847,65.20,122.00,66.56,59.10,97.43,-32.23,down,136.33,382.87,-1.00,1,0.00,1,1,1,0.875,CLOUD,CLOUD,1,LOCAL,LOCAL,0,0,none
2026-04-20 12:51:51,848,65.20,122.00,66.42,60.16,65.20,0.00,stable,156.24,187.53,-1.00,1,0.00,1,1,1,0.849,CLOUD,CLOUD,2,LOCAL,LOCAL,0,0,none
2026-04-20 12:51:53,849,58.37,489.95,66.53,62.71,65.20,-6.83,stable,231.11,199.44,-1.00,1,0.00,1,1,1,0.996,CLOUD,,0,LOCAL,CLOUD,1,0,started
2026-04-20 12:51:55,850,58.37,489.95,66.71,58.08,58.37,0.00,stable,305.98,287.33,-1.00,0,0.00,1,1,1,0.997,CLOUD,,0,CLOUD,CLOUD,0,0,none
2026-04-20 12:51:57,851,67.54,205.00,66.19,58.20,58.37,9.16,stable,326.73,287.33,-1.00,0,0.00,1,1,1,0.858,CLOUD,,0,CLOUD,CLOUD,0,0,none
2026-04-20 12:51:59,852,67.54,205.00,66.31,58.24,67.54,0.00,stable,347.48,287.33,-1.00,1,0.00,1,1,1,0.878,CLOUD,,0,CLOUD,CLOUD,0,0,none
2026-04-20 12:52:01,853,105.41,25.38,66.00,58.48,67.54,37.87,up,231.33,287.33,-1.00,1,0.00,1,0,0,0.500,LOCAL,LOCAL,1,CLOUD,CLOUD,0,0,none
2026-04-20 12:52:03,854,105.41,25.38,66.04,58.25,105.41,0.00,stable,115.19,287.33,-1.00,1,0.00,1,0,0,0.500,LOCAL,LOCAL,2,CLOUD,CLOUD,0,0,none
2026-04-20 12:52:05,855,30.51,118.39,65.89,58.48,105.41,-74.89,down,93.54,287.33,-1.00,1,0.00,1,1,1,0.987,CLOUD,,0,CLOUD,CLOUD,0,0,none
2026-04-20 12:52:07,856,30.51,118.39,66.15,58.25,30.51,0.00,stable,71.89,287.33,-1.00,1,0.00,1,1,1,0.991,CLOUD,,0,CLOUD,CLOUD,0,0,none
2026-04-20 12:52:10,857,77.80,97.93,65.94,58.53,30.51,47.28,up,90.02,287.33,-1.00,1,0.00,1,0,0,0.500,LOCAL,LOCAL,1,CLOUD,CLOUD,0,0,none
2026-04-20 12:52:12,858,77.80,97.93,66.20,58.25,77.80,0.00,stable,108.16,287.33,-1.00,1,0.00,1,0,0,0.500,LOCAL,LOCAL,2,CLOUD,CLOUD,0,0,none
2026-04-20 12:52:14,859,57.87,71.54,65.92,58.22,77.80,-19.93,down,96.45,287.33,-1.00,1,0.00,1,0,1,0.778,CLOUD,,0,CLOUD,CLOUD,0,0,none
2026-04-20 12:52:16,860,57.87,71.54,66.19,58.24,57.87,0.00,stable,84.73,287.33,-1.00,1,0.00,1,0,1,0.845,CLOUD,,0,CLOUD,CLOUD,0,0,none
2026-04-20 12:52:18,861,56.76,117.26,66.14,57.55,57.87,-1.11,stable,89.57,287.33,-1.00,1,0.00,1,1,1,0.889,CLOUD,,0,CLOUD,CLOUD,0,0,none
2026-04-20 12:52:21,862,72.64,150.91,66.00,57.87,56.76,15.88,up,102.81,287.33,-1.00,1,0.00,1,1,1,0.632,CLOUD,,0,CLOUD,CLOUD,0,0,none
2026-04-20 12:52:23,863,72.64,150.91,66.09,57.58,72.64,0.00,stable,122.65,287.33,-1.00,1,0.00,1,1,1,0.664,CLOUD,,0,CLOUD,CLOUD,0,0,none
2026-04-20 12:52:25,864,48.09,120.97,65.95,57.58,72.64,-24.56,down,135.01,287.33,-1.00,1,0.00,1,1,1,0.935,CLOUD,,0,CLOUD,CLOUD,0,0,none
2026-04-20 12:52:27,865,48.09,120.97,66.22,57.58,48.09,0.00,stable,135.94,287.33,-1.00,1,0.00,1,1,1,0.958,CLOUD,,0,CLOUD,CLOUD,0,0,none
2026-04-20 12:52:30,866,43.35,137.05,65.79,57.75,48.09,-4.73,stable,132.48,287.33,-1.00,1,0.00,1,1,1,0.954,CLOUD,,0,CLOUD,CLOUD,0,0,none
2026-04-20 12:52:32,867,43.35,137.05,66.18,57.53,43.35,0.00,stable,129.01,287.33,-1.00,1,0.00,1,1,1,0.975,CLOUD,,0,CLOUD,CLOUD,0,0,none
2026-04-20 12:52:35,868,114.40,121.83,65.99,57.88,43.35,71.04,up,129.23,287.33,-1.00,1,0.00,1,1,0,0.500,LOCAL,LOCAL,1,CLOUD,CLOUD,0,0,none
2026-04-20 12:52:37,869,114.40,121.83,66.03,57.58,114.40,0.00,stable,129.44,287.33,-1.00,1,0.00,1,1,0,0.500,LOCAL,LOCAL,2,CLOUD,CLOUD,0,0,none
2026-04-20 12:52:39,870,69.17,139.19,65.92,57.80,114.40,-45.23,down,129.97,287.33,-1.00,1,0.00,1,1,1,0.661,CLOUD,,0,CLOUD,CLOUD,0,0,none
2026-04-20 12:52:41,871,69.17,139.19,66.06,57.57,69.17,0.00,stable,130.51,287.33,-1.00,1,0.00,1,1,1,0.711,CLOUD,,0,CLOUD,CLOUD,0,0,none
2026-04-20 12:52:43,872,108.67,41.18,66.11,57.58,69.17,39.51,up,110.35,287.33,-1.00,1,0.00,1,0,0,0.500,LOCAL,LOCAL,1,CLOUD,CLOUD,0,0,none
2026-04-20 12:52:45,873,108.67,41.18,66.03,57.59,108.67,0.00,stable,90.18,287.33,-1.00,1,0.00,1,0,0,0.500,LOCAL,LOCAL,2,CLOUD,CLOUD,0,0,none
2026-04-20 12:52:48,874,60.08,175.49,65.89,57.94,108.67,-48.59,down,99.26,287.33,-1.00,1,0.00,1,1,1,0.860,CLOUD,,0,CLOUD,CLOUD,0,0,none
2026-04-20 12:52:50,875,60.08,175.49,66.07,57.58,60.08,0.00,stable,108.33,287.33,-1.00,1,0.00,1,1,1,0.892,CLOUD,,0,CLOUD,CLOUD,0,0,none
2026-04-20 12:52:53,876,123.63,115.20,65.86,57.82,60.08,63.54,up,126.84,287.33,-1.00,1,0.00,1,1,0,0.500,LOCAL,LOCAL,1,CLOUD,CLOUD,0,0,none
2026-04-20 12:52:55,877,123.63,115.20,66.06,57.54,123.63,0.00,stable,145.35,287.33,-1.00,1,0.00,1,1,0,0.500,LOCAL,LOCAL,2,CLOUD,CLOUD,0,0,none
2026-04-20 12:52:57,878,57.15,48.91,66.03,57.58,123.63,-66.47,down,113.70,287.33,-1.00,1,0.00,1,0,1,0.789,CLOUD,,0,CLOUD,CLOUD,0,0,none
2026-04-20 12:52:59,879,57.15,48.91,66.03,57.59,57.15,0.00,stable,82.05,287.33,-1.00,1,0.00,1,0,1,0.790,CLOUD,,0,CLOUD,CLOUD,0,0,none
2026-04-20 12:53:01,880,171.55,25.34,66.03,57.58,57.15,114.40,up,59.59,287.33,-1.00,1,0.00,1,0,0,0.500,LOCAL,LOCAL,1,CLOUD,CLOUD,0,0,none
2026-04-20 12:53:03,881,171.55,25.34,66.03,57.58,171.55,0.00,stable,37.13,287.33,-1.00,1,0.00,1,0,0,0.500,LOCAL,LOCAL,2,CLOUD,CLOUD,0,0,none
2026-04-20 12:53:05,882,391.05,49.69,66.03,57.54,171.55,219.50,up,37.32,287.33,-1.00,1,0.00,0,0,0,0.500,LOCAL,,0,CLOUD,LOCAL,1,0,started
2026-04-20 12:53:07,883,161.93,666.60,66.67,58.44,391.05,-229.12,down,191.74,155.43,-1.00,1,0.00,1,1,0,0.500,LOCAL,,0,LOCAL,LOCAL,0,0,none
2026-04-20 12:53:09,884,161.93,666.60,66.61,60.68,161.93,0.00,stable,352.06,165.33,-1.00,1,0.00,1,1,0,0.500,LOCAL,,0,LOCAL,LOCAL,0,0,none
2026-04-20 12:53:11,885,27.29,572.02,66.69,62.98,161.93,-134.64,down,488.72,246.94,-1.00,1,0.00,1,1,1,1.000,CLOUD,CLOUD,1,LOCAL,LOCAL,0,0,none
2026-04-20 12:53:13,886,27.29,572.02,66.53,65.66,27.29,0.00,stable,619.31,167.15,-1.00,1,0.00,1,1,1,1.000,CLOUD,CLOUD,2,LOCAL,LOCAL,0,0,none
2026-04-20 12:53:15,887,0.00,92.77,66.67,68.19,27.29,-27.29,down,475.85,186.73,-1.00,1,100.00,0,0,1,1.000,CLOUD,,0,LOCAL,CLOUD,1,0,started
2026-04-20 12:53:17,888,72.46,277.96,66.62,59.58,0.00,72.46,up,378.69,276.77,-1.00,1,0.00,1,1,1,0.929,CLOUD,,0,CLOUD,CLOUD,0,0,none
2026-04-20 12:53:19,889,72.46,277.96,66.69,59.12,72.46,0.00,stable,305.18,276.77,-1.00,1,0.00,1,1,1,0.936,CLOUD,,0,CLOUD,CLOUD,0,0,none
2026-04-20 12:53:21,890,60.00,2330.17,66.44,59.12,72.46,-12.46,down,744.72,276.77,-1.00,1,0.00,1,1,1,1.000,CLOUD,,0,CLOUD,CLOUD,0,0,none
2026-04-20 12:53:23,891,60.00,2330.17,66.14,59.11,60.00,0.00,stable,1304.07,276.77,-1.00,1,0.00,1,1,1,1.000,CLOUD,,0,CLOUD,CLOUD,0,0,none
2026-04-20 12:53:26,892,106.69,65.59,65.80,59.33,60.00,46.70,up,1250.97,276.77,-1.00,1,0.00,1,0,0,0.500,LOCAL,LOCAL,1,CLOUD,CLOUD,0,0,none
2026-04-20 12:53:28,893,106.69,65.59,66.09,59.05,106.69,0.00,stable,1197.88,276.77,-1.00,1,0.00,1,0,0,0.500,LOCAL,LOCAL,2,CLOUD,CLOUD,0,0,none
2026-04-20 12:53:30,894,54.76,145.07,66.11,59.12,106.69,-51.94,down,651.60,276.77,-1.00,1,0.00,1,1,1,0.922,CLOUD,,0,CLOUD,CLOUD,0,0,none
2026-04-20 12:53:32,895,54.76,145.07,66.22,59.09,54.76,0.00,stable,105.33,276.77,-1.00,1,0.00,1,1,1,0.934,CLOUD,,0,CLOUD,CLOUD,0,0,none
2026-04-20 12:53:34,896,45.12,2061.21,66.08,59.11,54.76,-9.64,stable,604.24,276.77,-1.00,1,0.00,1,1,1,1.000,CLOUD,,0,CLOUD,CLOUD,0,0,none
2026-04-20 12:53:36,897,175.00,24.01,66.03,59.11,45.12,129.88,up,593.84,276.77,-1.00,1,0.00,1,0,0,0.500,LOCAL,LOCAL,1,CLOUD,CLOUD,0,0,none
2026-04-20 12:53:38,898,175.00,24.01,66.03,59.11,175.00,0.00,stable,563.57,276.77,-1.00,1,0.00,1,0,0,0.500,LOCAL,LOCAL,2,CLOUD,CLOUD,0,0,none
2026-04-20 12:53:40,899,122.75,118.80,66.25,58.38,175.00,-52.25,down,557.01,276.77,-1.00,1,0.00,1,1,0,0.500,LOCAL,,0,CLOUD,LOCAL,1,0,started
2026-04-20 12:53:42,900,122.75,118.80,66.62,59.35,122.75,0.00,stable,71.40,276.77,-1.00,1,0.00,1,1,0,0.500,LOCAL,,0,LOCAL,LOCAL,0,0,none
2026-04-20 12:53:44,901,67.30,65.55,66.69,60.90,122.75,-55.45,down,81.79,276.77,-1.00,1,0.00,1,0,1,0.818,CLOUD,CLOUD,1,LOCAL,LOCAL,0,0,none
2026-04-20 12:53:46,902,200.05,637.92,66.50,63.31,67.30,132.75,up,235.27,204.94,-1.00,1,0.00,0,1,0,0.500,LOCAL,,0,LOCAL,LOCAL,0,0,none
2026-04-20 12:53:48,903,200.05,637.92,66.53,66.33,200.05,0.00,stable,365.05,190.22,-1.00,1,0.00,0,1,0,0.500,LOCAL,,0,LOCAL,LOCAL,0,0,none
2026-04-20 12:53:50,904,194.19,451.68,66.50,68.34,200.05,-5.86,stable,448.27,177.99,-1.00,1,0.00,1,1,0,0.500,LOCAL,,0,LOCAL,LOCAL,0,0,none
2026-04-20 12:53:52,905,194.19,451.68,66.64,68.74,194.19,0.00,stable,544.80,209.96,-1.00,1,0.00,1,1,0,0.500,LOCAL,,0,LOCAL,LOCAL,0,0,none
2026-04-20 12:53:54,906,55.10,385.66,66.67,67.94,194.19,-139.09,down,481.73,168.49,-1.00,1,0.00,1,1,1,0.995,CLOUD,CLOUD,1,LOCAL,LOCAL,0,0,none
2026-04-20 12:53:56,907,56.42,204.63,66.69,58.63,55.10,1.32,stable,373.41,166.26,-1.00,1,0.00,1,1,1,0.976,CLOUD,CLOUD,2,LOCAL,LOCAL,0,0,none
2026-04-20 12:53:58,908,56.42,204.63,66.47,58.63,56.42,0.00,stable,311.65,164.59,-1.00,1,0.00,1,1,1,0.966,CLOUD,,0,LOCAL,CLOUD,1,0,started
2026-04-20 12:54:00,909,174.26,209.47,66.59,59.20,56.42,117.84,up,251.10,240.35,-1.00,1,0.00,1,1,0,0.500,LOCAL,LOCAL,1,CLOUD,CLOUD,0,0,none
2026-04-20 12:54:02,910,45.75,582.65,66.43,59.55,174.26,-128.50,down,300.35,240.35,-1.00,1,0.00,1,1,1,0.999,CLOUD,,0,CLOUD,CLOUD,0,0,none
2026-04-20 12:54:04,911,45.75,582.65,66.21,59.36,45.75,0.00,stable,394.85,240.35,-1.00,1,0.00,1,1,1,0.999,CLOUD,,0,CLOUD,CLOUD,0,0,none
2026-04-20 12:54:06,912,61.77,147.45,66.06,59.33,45.75,16.02,up,380.56,240.35,-1.00,1,0.00,1,1,1,0.845,CLOUD,,0,CLOUD,CLOUD,0,0,none
2026-04-20 12:54:08,913,61.77,147.45,66.36,59.36,61.77,0.00,stable,365.05,240.35,-1.00,1,0.00,1,1,1,0.899,CLOUD,,0,CLOUD,CLOUD,0,0,none
2026-04-20 12:54:10,914,127.10,51.15,65.89,59.54,61.77,65.33,up,232.17,240.35,-1.00,1,0.00,1,0,0,0.500,LOCAL,LOCAL,1,CLOUD,CLOUD,0,0,none
2026-04-20 12:54:12,915,127.10,51.15,66.18,59.37,127.10,0.00,stable,99.30,240.35,-1.00,1,0.00,1,0,0,0.500,LOCAL,LOCAL,2,CLOUD,CLOUD,0,0,none
2026-04-20 12:54:14,916,58.01,61.43,66.14,59.36,127.10,-69.09,down,77.79,240.35,-1.00,1,0.00,1,0,1,0.820,CLOUD,,0,CLOUD,CLOUD,0,0,none
2026-04-20 12:54:16,917,58.01,61.43,65.97,59.35,58.01,0.00,stable,56.29,240.35,-1.00,1,0.00,1,0,1,0.777,CLOUD,,0,CLOUD,CLOUD,0,0,none
2026-04-20 12:54:18,918,124.75,129.06,66.08,59.36,58.01,66.74,up,75.77,240.35,-1.00,1,0.00,1,1,0,0.500,LOCAL,LOCAL,1,CLOUD,CLOUD,0,0,none
2026-04-20 12:54:20,919,90.21,186.12,66.00,59.36,124.75,-34.54,down,109.51,240.35,-1.00,1,0.00,1,1,0,0.500,LOCAL,LOCAL,2,CLOUD,CLOUD,0,0,none
2026-04-20 12:54:22,920,90.21,186.12,66.28,58.63,90.21,0.00,stable,140.68,240.35,-1.00,1,0.00,1,1,0,0.500,LOCAL,,0,CLOUD,LOCAL,1,0,started
2026-04-20 12:54:24,921,83.07,144.76,66.69,59.45,90.21,-7.14,stable,161.52,181.01,-1.00,1,0.00,1,1,1,0.636,CLOUD,CLOUD,1,LOCAL,LOCAL,0,0,none
2026-04-20 12:54:26,922,41.95,458.09,66.58,61.94,83.07,-41.12,down,243.77,189.96,-1.00,1,0.00,1,1,1,0.999,CLOUD,CLOUD,2,LOCAL,LOCAL,0,0,none
2026-04-20 12:54:28,923,41.95,458.09,66.53,64.00,41.95,0.00,stable,311.76,175.83,-1.00,1,0.00,1,1,1,0.999,CLOUD,,0,LOCAL,CLOUD,1,0,started
2026-04-20 12:54:38,924,15.03,244.52,66.04,59.63,41.95,-26.92,down,326.36,229.58,-1.00,1,75.00,0,1,1,0.999,CLOUD,,0,CLOUD,CLOUD,0,0,none
2026-04-20 12:54:40,925,15.03,244.52,66.11,59.32,15.03,0.00,stable,351.30,229.58,-1.00,1,75.00,0,1,1,0.999,CLOUD,,0,CLOUD,CLOUD,0,0,none
2026-04-20 12:54:43,926,114.30,101.39,65.99,59.64,15.03,99.27,up,262.13,229.58,-1.00,1,0.00,1,1,0,0.500,LOCAL,LOCAL,1,CLOUD,CLOUD,0,0,none
2026-04-20 12:54:45,927,114.30,101.39,66.12,59.33,114.30,0.00,stable,172.96,229.58,-1.00,1,0.00,1,1,0,0.500,LOCAL,LOCAL,2,CLOUD,CLOUD,0,0,none
2026-04-20 12:54:47,928,67.80,142.01,66.11,59.37,114.30,-46.50,down,147.33,229.58,-1.00,1,0.00,1,1,1,0.757,CLOUD,,0,CLOUD,CLOUD,0,0,none
2026-04-20 12:54:49,929,67.80,142.01,66.00,59.37,67.80,0.00,stable,121.70,229.58,-1.00,1,0.00,1,1,1,0.723,CLOUD,,0,CLOUD,CLOUD,0,0,none
2026-04-20 12:54:51,930,64.55,157.18,66.06,59.35,67.80,-3.25,stable,135.64,229.58,-1.00,1,0.00,1,1,1,0.817,CLOUD,,0,CLOUD,CLOUD,0,0,none
2026-04-20 12:54:53,931,64.55,157.18,66.31,58.64,64.55,0.00,stable,149.59,229.58,-1.00,1,0.00,1,1,1,0.869,CLOUD,,0,CLOUD,CLOUD,0,0,none
2026-04-20 12:54:55,932,103.86,68.10,66.03,58.68,64.55,39.31,up,131.12,229.58,-1.00,1,0.00,1,0,0,0.500,LOCAL,LOCAL,1,CLOUD,CLOUD,0,0,none
2026-04-20 12:54:57,933,103.86,68.10,66.06,58.68,103.86,0.00,stable,112.64,229.58,-1.00,1,0.00,1,0,0,0.500,LOCAL,LOCAL,2,CLOUD,CLOUD,0,0,none
2026-04-20 12:54:59,934,171.39,50.59,66.14,58.68,103.86,67.52,up,85.99,229.58,-1.00,1,0.00,1,0,0,0.500,LOCAL,,0,CLOUD,LOCAL,1,0,started
2026-04-20 12:55:01,935,114.09,56.88,66.64,59.54,171.39,-57.30,down,60.92,229.58,-1.00,1,0.00,1,0,0,0.500,LOCAL,,0,LOCAL,LOCAL,0,0,none
2026-04-20 12:55:03,936,114.09,56.88,66.39,62.01,114.09,0.00,stable,58.11,229.58,-1.00,1,0.00,1,0,0,0.500,LOCAL,,0,LOCAL,LOCAL,0,0,none
2026-04-20 12:55:05,937,61.93,274.98,66.36,63.71,114.09,-52.16,down,109.83,171.62,-1.00,1,0.00,1,1,1,0.960,CLOUD,CLOUD,1,LOCAL,LOCAL,0,0,none
2026-04-20 12:55:07,938,61.93,274.98,66.58,66.26,61.93,0.00,stable,165.93,183.72,-1.00,1,0.00,1,1,1,0.972,CLOUD,CLOUD,2,LOCAL,LOCAL,0,0,none
2026-04-20 12:55:09,939,26.29,541.65,66.58,68.64,61.93,-35.64,down,287.13,183.38,-1.00,1,0.00,1,1,1,1.000,CLOUD,,0,LOCAL,CLOUD,1,0,started
2026-04-20 12:55:12,940,78.92,202.64,66.69,59.21,26.29,52.63,up,323.57,208.93,-1.00,1,0.00,1,1,1,0.807,CLOUD,,0,CLOUD,CLOUD,0,0,none
2026-04-20 12:55:14,941,21.45,1648.79,66.44,59.33,78.92,-57.47,down,667.02,208.93,-1.00,1,0.00,1,1,1,1.000,CLOUD,,0,CLOUD,CLOUD,0,0,none
2026-04-20 12:55:16,942,21.45,1648.79,66.14,59.37,21.45,0.00,stable,1010.47,208.93,-1.00,1,0.00,1,1,1,1.000,CLOUD,,0,CLOUD,CLOUD,0,0,none
2026-04-20 12:55:18,943,54.98,282.83,66.20,59.33,21.45,33.53,up,945.76,208.93,-1.00,1,0.00,1,1,1,0.975,CLOUD,,0,CLOUD,CLOUD,0,0,none
2026-04-20 12:55:20,944,54.98,282.83,66.08,59.37,54.98,0.00,stable,965.81,208.93,-1.00,1,0.00,1,1,1,0.971,CLOUD,,0,CLOUD,CLOUD,0,0,none
2026-04-20 12:55:22,945,76.57,26.94,66.00,59.37,54.98,21.59,up,560.35,208.93,-1.00,1,0.00,1,0,0,0.500,LOCAL,LOCAL,1,CLOUD,CLOUD,0,0,none
2026-04-20 12:55:24,946,68.18,76.77,66.14,59.33,76.57,-8.39,stable,167.34,208.93,-1.00,1,0.00,1,0,1,0.651,CLOUD,,0,CLOUD,CLOUD,0,0,none
2026-04-20 12:55:26,947,68.18,76.77,66.20,59.37,68.18,0.00,stable,115.83,208.93,-1.00,1,0.00,1,0,1,0.671,CLOUD,,0,CLOUD,CLOUD,0,0,none
2026-04-20 12:55:28,948,53.69,43.38,66.06,59.39,68.18,-14.49,down,55.97,208.93,-1.00,1,0.00,1,0,1,0.842,CLOUD,,0,CLOUD,CLOUD,0,0,none
2026-04-20 12:55:30,949,53.69,43.38,65.98,59.34,53.69,0.00,stable,60.07,208.93,-1.00,1,0.00,1,0,1,0.825,CLOUD,,0,CLOUD,CLOUD,0,0,none
2026-04-20 12:55:32,950,108.08,1527.70,66.22,59.38,53.69,54.39,up,422.81,208.93,-1.00,1,0.00,1,1,1,1.000,CLOUD,,0,CLOUD,CLOUD,0,0,none
2026-04-20 12:55:36,951,76.49,83.80,65.92,59.04,108.08,-31.59,down,424.56,208.93,-1.00,1,0.00,1,0,0,0.500,LOCAL,LOCAL,1,CLOUD,CLOUD,0,0,none
2026-04-20 12:55:38,952,76.49,83.80,66.23,58.68,76.49,0.00,stable,434.67,208.93,-1.00,1,0.00,1,0,0,0.500,LOCAL,LOCAL,2,CLOUD,CLOUD,0,0,none
2026-04-20 12:55:40,953,69.41,185.40,66.03,58.68,76.49,-7.08,stable,470.17,208.93,-1.00,1,0.00,1,1,1,0.766,CLOUD,,0,CLOUD,CLOUD,0,0,none
2026-04-20 12:55:42,954,69.41,185.40,66.08,58.64,69.41,0.00,stable,134.60,208.93,-1.00,1,0.00,1,1,1,0.782,CLOUD,,0,CLOUD,CLOUD,0,0,none
2026-04-20 12:55:44,955,90.21,40.86,66.08,58.69,69.41,20.80,up,123.86,208.93,-1.00,0,0.00,1,0,0,0.500,LOCAL,LOCAL,1,CLOUD,CLOUD,0,0,none
2026-04-20 12:55:46,956,167.02,88.68,66.06,58.68,90.21,76.81,up,125.08,208.93,-1.00,0,0.00,1,0,0,0.500,LOCAL,LOCAL,2,CLOUD,CLOUD,0,0,none
2026-04-20 12:55:48,957,167.02,88.68,65.95,58.66,167.02,0.00,stable,100.91,208.93,-1.00,0,0.00,1,0,0,0.500,LOCAL,,0,CLOUD,LOCAL,1,0,started
2026-04-20 12:55:50,958,80.00,227.38,66.67,59.56,167.02,-87.03,down,111.40,189.79,-1.00,1,0.00,1,1,1,0.815,CLOUD,CLOUD,1,LOCAL,LOCAL,0,0,none
2026-04-20 12:55:52,959,80.00,227.38,66.48,61.73,80.00,0.00,stable,158.03,186.60,-1.00,1,0.00,1,1,1,0.765,CLOUD,CLOUD,2,LOCAL,LOCAL,0,0,none
2026-04-20 12:55:54,960,4.26,9.65,66.53,64.58,80.00,-75.73,down,138.27,288.13,-1.00,1,50.00,0,0,1,0.999,CLOUD,,0,LOCAL,CLOUD,1,0,started
2026-04-20 12:55:56,961,4.26,9.65,66.67,59.20,4.26,0.00,stable,118.51,249.98,-1.00,1,50.00,0,0,1,0.999,CLOUD,,0,CLOUD,CLOUD,0,0,none
2026-04-20 12:55:58,962,33.54,176.64,66.31,59.34,4.26,29.28,up,105.83,249.98,-1.00,1,0.00,1,1,1,0.994,CLOUD,,0,CLOUD,CLOUD,0,0,none
2026-04-20 12:56:00,963,33.54,176.64,66.14,59.37,33.54,0.00,stable,93.14,249.98,-1.00,1,0.00,1,1,1,0.992,CLOUD,,0,CLOUD,CLOUD,0,0,none
2026-04-20 12:56:02,964,34.59,63.51,66.11,59.36,33.54,1.04,stable,106.61,249.98,-1.00,1,0.00,1,0,1,0.979,CLOUD,,0,CLOUD,CLOUD,0,0,none
2026-04-20 12:56:04,965,28.22,2170.54,66.14,59.37,34.59,-6.37,stable,646.83,249.98,-1.00,1,0.00,1,1,1,1.000,CLOUD,,0,CLOUD,CLOUD,0,0,none
2026-04-20 12:56:06,966,28.22,2170.54,65.89,59.38,28.22,0.00,stable,1145.31,249.98,-1.00,1,0.00,1,1,1,1.000,CLOUD,,0,CLOUD,CLOUD,0,0,none
2026-04-20 12:56:09,967,168.26,59.03,65.84,59.68,28.22,140.04,up,1115.91,249.98,-1.00,1,0.00,1,0,0,0.500,LOCAL,LOCAL,1,CLOUD,CLOUD,0,0,none
2026-04-20 12:56:11,968,168.26,59.03,66.23,59.37,168.26,0.00,stable,1114.79,249.98,-1.00,1,0.00,1,0,0,0.500,LOCAL,LOCAL,2,CLOUD,CLOUD,0,0,none
2026-04-20 12:56:15,969,63.78,31.19,65.85,59.72,168.26,-104.47,down,579.95,249.98,-1.00,1,0.00,1,0,1,0.557,CLOUD,,0,CLOUD,CLOUD,0,0,none
2026-04-20 12:56:17,970,63.78,31.19,66.24,59.37,63.78,0.00,stable,45.11,249.98,-1.00,1,0.00,1,0,1,0.700,CLOUD,,0,CLOUD,CLOUD,0,0,none
2026-04-20 12:56:20,971,55.60,243.09,65.93,58.93,63.78,-8.18,stable,91.13,249.98,-1.00,1,0.00,1,1,1,0.947,CLOUD,,0,CLOUD,CLOUD,0,0,none
2026-04-20 12:56:22,972,55.60,243.09,66.18,58.68,55.60,0.00,stable,137.14,249.98,-1.00,1,0.00,1,1,1,0.963,CLOUD,,0,CLOUD,CLOUD,0,0,none
2026-04-20 12:56:24,973,62.52,93.36,66.03,58.68,55.60,6.92,stable,152.68,249.98,-1.00,1,0.00,1,0,1,0.758,CLOUD,,0,CLOUD,CLOUD,0,0,none
2026-04-20 12:56:26,974,62.52,93.36,65.92,58.67,62.52,0.00,stable,168.22,249.98,-1.00,1,0.00,1,0,1,0.724,CLOUD,,0,CLOUD,CLOUD,0,0,none
2026-04-20 12:56:28,975,114.81,107.61,66.08,58.69,62.52,52.29,up,134.35,249.98,-1.00,1,0.00,1,1,0,0.500,LOCAL,LOCAL,1,CLOUD,CLOUD,0,0,none
2026-04-20 12:56:30,976,51.91,108.12,66.00,58.68,114.81,-62.90,down,100.61,249.98,-1.00,1,0.00,1,1,1,0.907,CLOUD,,0,CLOUD,CLOUD,0,0,none
2026-04-20 12:56:32,977,51.91,108.12,66.00,58.64,51.91,0.00,stable,104.30,249.98,-1.00,1,0.00,1,1,1,0.907,CLOUD,,0,CLOUD,CLOUD,0,0,none
2026-04-20 12:56:34,978,76.02,491.29,66.06,58.68,51.91,24.11,up,203.78,249.98,-1.00,1,0.00,1,1,1,0.954,CLOUD,,0,CLOUD,CLOUD,0,0,none
2026-04-20 12:56:36,979,76.02,491.29,66.14,58.68,76.02,0.00,stable,299.70,249.98,-1.00,1,0.00,1,1,1,0.959,CLOUD,,0,CLOUD,CLOUD,0,0,none
2026-04-20 12:56:38,980,70.93,270.24,66.08,58.69,76.02,-5.09,stable,340.23,249.98,-1.00,1,0.00,1,1,1,0.858,CLOUD,,0,CLOUD,CLOUD,0,0,none
2026-04-20 12:56:40,981,49.21,275.67,66.00,58.69,70.93,-21.72,down,382.12,249.98,-1.00,1,0.00,1,1,1,0.980,CLOUD,,0,CLOUD,CLOUD,0,0,none
2026-04-20 12:56:42,982,49.21,275.67,66.09,58.65,49.21,0.00,stable,328.22,249.98,-1.00,1,0.00,1,1,1,0.982,CLOUD,,0,CLOUD,CLOUD,0,0,none
2026-04-20 12:56:44,983,48.74,203.89,66.03,58.68,49.21,-0.47,stable,256.37,249.98,-1.00,1,0.00,1,1,1,0.968,CLOUD,,0,CLOUD,CLOUD,0,0,none
2026-04-20 12:56:46,984,59.45,230.02,66.03,58.66,48.74,10.71,up,246.31,249.98,-1.00,1,0.00,1,1,1,0.927,CLOUD,,0,CLOUD,CLOUD,0,0,none
2026-04-20 12:56:48,985,59.45,230.02,66.06,58.68,59.45,0.00,stable,234.90,249.98,-1.00,1,0.00,1,1,1,0.930,CLOUD,,0,CLOUD,CLOUD,0,0,none
2026-04-20 12:56:50,986,46.66,124.35,66.03,58.68,59.45,-12.78,down,197.07,249.98,-1.00,1,0.00,1,1,1,0.951,CLOUD,,0,CLOUD,CLOUD,0,0,none
2026-04-20 12:56:52,987,46.66,124.35,66.17,58.69,46.66,0.00,stable,177.19,249.98,-1.00,1,0.00,1,1,1,0.961,CLOUD,,0,CLOUD,CLOUD,0,0,none
2026-04-20 12:56:54,988,64.53,128.93,65.97,58.68,46.66,17.87,up,151.91,249.98,-1.00,1,0.00,1,1,1,0.756,CLOUD,,0,CLOUD,CLOUD,0,0,none
2026-04-20 12:56:56,989,96.54,255.75,66.17,58.64,64.53,32.01,up,158.35,249.98,-1.00,1,0.00,1,1,0,0.500,LOCAL,LOCAL,1,CLOUD,CLOUD,0,0,none
2026-04-20 12:56:58,990,96.54,255.75,66.14,58.69,96.54,0.00,stable,191.20,249.98,-1.00,1,0.00,1,1,0,0.500,LOCAL,LOCAL,2,CLOUD,CLOUD,0,0,none
2026-04-20 12:57:00,991,43.80,177.40,66.14,58.65,96.54,-52.74,down,204.46,249.98,-1.00,1,0.00,1,1,1,0.979,CLOUD,,0,CLOUD,CLOUD,0,0,none
2026-04-20 12:57:02,992,86.22,73.64,66.03,58.71,43.80,42.42,up,190.63,249.98,-1.00,1,0.00,1,0,0,0.500,LOCAL,LOCAL,1,CLOUD,CLOUD,0,0,none
2026-04-20 12:57:04,993,86.22,73.64,66.00,58.66,86.22,0.00,stable,145.11,249.98,-1.00,1,0.00,1,0,0,0.500,LOCAL,LOCAL,2,CLOUD,CLOUD,0,0,none
2026-04-20 12:57:06,994,78.66,240.58,66.14,58.68,86.22,-7.56,stable,141.32,249.98,-1.00,1,0.00,1,1,1,0.707,CLOUD,,0,CLOUD,CLOUD,0,0,none
2026-04-20 12:57:08,995,78.66,240.58,66.00,58.67,78.66,0.00,stable,157.11,249.98,-1.00,1,0.00,1,1,1,0.660,CLOUD,,0,CLOUD,CLOUD,0,0,none
2026-04-20 12:57:10,996,65.33,192.14,66.08,58.68,78.66,-13.33,down,186.74,249.98,-1.00,1,0.00,1,1,1,0.851,CLOUD,,0,CLOUD,CLOUD,0,0,none
2026-04-20 12:57:13,997,42.11,117.60,65.91,58.98,65.33,-23.22,down,197.73,249.98,-1.00,1,0.00,1,1,1,0.960,CLOUD,,0,CLOUD,CLOUD,0,0,none
2026-04-20 12:57:15,998,42.11,117.60,66.01,58.66,42.11,0.00,stable,166.98,249.98,-1.00,1,0.00,1,1,1,0.966,CLOUD,,0,CLOUD,CLOUD,0,0,none
2026-04-20 12:57:18,999,103.96,64.43,65.88,58.96,42.11,61.85,up,122.94,249.98,-1.00,1,0.00,1,0,0,0.500,LOCAL,LOCAL,1,CLOUD,CLOUD,0,0,none
2026-04-20 12:57:20,1000,103.96,64.43,66.04,58.69,103.96,0.00,stable,91.02,249.98,-1.00,1,0.00,1,0,0,0.500,LOCAL,LOCAL,2,CLOUD,CLOUD,0,0,none
2026-04-20 12:57:22,1001,44.34,102.05,66.25,58.65,103.96,-59.61,down,87.13,249.98,-1.00,1,0.00,1,1,1,0.967,CLOUD,,0,CLOUD,CLOUD,0,0,none
2026-04-20 12:57:24,1002,44.34,102.05,66.19,58.69,44.34,0.00,stable,83.24,249.98,-1.00,1,0.00,1,1,1,0.964,CLOUD,,0,CLOUD,CLOUD,0,0,none
2026-04-20 12:57:26,1003,224.98,84.12,66.06,58.67,44.34,180.64,up,88.16,249.98,-1.00,1,0.00,0,0,0,0.500,LOCAL,LOCAL,1,CLOUD,CLOUD,0,0,none
2026-04-20 12:57:28,1004,55.30,2343.02,66.06,58.64,224.98,-169.68,down,657.81,249.98,-1.00,1,0.00,1,1,1,1.000,CLOUD,,0,CLOUD,CLOUD,0,0,none
2026-04-20 12:57:30,1005,55.30,2343.02,66.22,58.68,55.30,0.00,stable,1218.05,249.98,-1.00,1,0.00,1,1,1,1.000,CLOUD,,0,CLOUD,CLOUD,0,0,none
2026-04-20 12:57:32,1006,48.92,78.64,66.06,58.63,55.30,-6.38,stable,1212.20,249.98,-1.00,1,0.00,1,0,1,0.919,CLOUD,,0,CLOUD,CLOUD,0,0,none
2026-04-20 12:57:34,1007,48.92,78.64,66.14,58.66,48.92,0.00,stable,1210.83,249.98,-1.00,1,0.00,1,0,1,0.928,CLOUD,,0,CLOUD,CLOUD,0,0,none
2026-04-20 12:57:40,1008,107.45,21.00,65.81,58.69,48.92,58.53,up,630.33,249.98,-1.00,1,0.00,1,0,0,0.500,LOCAL,LOCAL,1,CLOUD,CLOUD,0,0,none
2026-04-20 12:57:42,1009,107.45,21.00,66.00,58.67,107.45,0.00,stable,49.82,249.98,-1.00,1,0.00,1,0,0,0.500,LOCAL,LOCAL,2,CLOUD,CLOUD,0,0,none
2026-04-20 12:57:44,1010,42.75,163.28,66.05,58.92,107.45,-64.70,down,70.98,249.98,-1.00,1,0.00,1,1,1,0.976,CLOUD,,0,CLOUD,CLOUD,0,0,none
2026-04-20 12:57:46,1011,42.75,163.28,66.09,58.63,42.75,0.00,stable,92.14,249.98,-1.00,1,0.00,1,1,1,0.978,CLOUD,,0,CLOUD,CLOUD,0,0,none
2026-04-20 12:57:48,1012,40.64,149.08,66.06,58.67,42.75,-2.11,stable,124.16,249.98,-1.00,1,0.00,1,1,1,0.979,CLOUD,,0,CLOUD,CLOUD,0,0,none
2026-04-20 12:57:50,1013,40.64,149.08,65.92,58.68,40.64,0.00,stable,156.18,249.98,-1.00,1,0.00,1,1,1,0.973,CLOUD,,0,CLOUD,CLOUD,0,0,none
2026-04-20 12:57:52,1014,110.54,80.93,65.89,58.66,40.64,69.90,up,135.59,249.98,-1.00,1,0.00,1,0,0,0.500,LOCAL,LOCAL,1,CLOUD,CLOUD,0,0,none
2026-04-20 12:57:54,1015,110.54,80.93,66.06,58.64,110.54,0.00,stable,115.00,249.98,-1.00,1,0.00,1,0,0,0.500,LOCAL,LOCAL,2,CLOUD,CLOUD,0,0,none
2026-04-20 12:57:56,1016,70.52,200.36,66.06,58.68,110.54,-40.01,down,127.82,249.98,-1.00,1,0.00,1,1,1,0.776,CLOUD,,0,CLOUD,CLOUD,0,0,none
2026-04-20 12:57:58,1017,70.52,200.36,65.95,58.68,70.52,0.00,stable,140.64,249.98,-1.00,1,0.00,1,1,1,0.744,CLOUD,,0,CLOUD,CLOUD,0,0,none
2026-04-20 12:58:00,1018,148.99,44.63,66.03,58.68,70.52,78.46,up,131.57,249.98,-1.00,1,0.00,1,0,0,0.500,LOCAL,LOCAL,1,CLOUD,CLOUD,0,0,none
2026-04-20 12:58:03,1019,43.84,341.19,65.88,58.96,148.99,-105.14,down,196.63,249.98,-1.00,1,0.00,1,1,1,0.991,CLOUD,,0,CLOUD,CLOUD,0,0,none
2026-04-20 12:58:05,1020,43.84,341.19,66.01,58.64,43.84,0.00,stable,231.84,249.98,-1.00,1,0.00,1,1,1,0.993,CLOUD,,0,CLOUD,CLOUD,0,0,none
2026-04-20 12:58:07,1021,77.53,141.75,66.28,58.68,43.84,33.69,up,217.19,249.98,-1.00,1,0.00,1,1,1,0.605,CLOUD,,0,CLOUD,CLOUD,0,0,none
2026-04-20 12:58:09,1022,77.53,141.75,66.20,58.68,77.53,0.00,stable,241.47,249.98,-1.00,1,0.00,1,1,1,0.573,CLOUD,,0,CLOUD,CLOUD,0,0,none
2026-04-20 12:58:11,1023,141.09,281.91,65.97,58.70,77.53,63.56,up,226.65,249.98,-1.00,1,25.00,0,1,0,0.500,LOCAL,LOCAL,1,CLOUD,CLOUD,0,0,none
2026-04-20 12:58:13,1024,141.09,281.91,65.92,58.68,141.09,0.00,stable,211.83,249.98,-1.00,1,25.00,0,1,0,0.500,LOCAL,LOCAL,2,CLOUD,CLOUD,0,0,none
2026-04-20 12:58:15,1025,58.98,162.68,66.22,58.65,141.09,-82.12,down,217.06,249.98,-1.00,1,0.00,1,1,1,0.914,CLOUD,,0,CLOUD,CLOUD,0,0,none
2026-04-20 12:58:17,1026,115.62,576.41,66.40,58.97,0,0,0,576.41,166.85,-1.00,1,0.00,1,1,1,0.570,CLOUD,FALLBACK,1,LOCAL,LOCAL,0,0,fallback_locked
2026-04-20 12:58:19,1027,115.62,576.41,66.56,58.65,0,0,0,576.41,177.66,-1.00,1,0.00,1,1,1,0.632,CLOUD,FALLBACK,2,LOCAL,LOCAL,0,0,fallback_locked
2026-04-20 12:58:21,1028,15.18,519.64,66.61,58.66,0,0,0,519.64,175.00,-1.00,1,0.00,1,1,1,1.000,CLOUD,FALLBACK,3,LOCAL,LOCAL,0,0,fallback_locked
2026-04-20 12:58:23,1029,15.18,519.64,66.53,58.65,0,0,0,519.64,192.62,-1.00,1,0.00,1,1,1,1.000,CLOUD,FALLBACK,4,LOCAL,LOCAL,0,0,fallback_locked
2026-04-20 12:58:25,1030,821.17,610.04,66.56,58.64,0,0,0,610.04,168.37,-1.00,1,0.00,0,1,0,0.500,LOCAL,FALLBACK,0,LOCAL,LOCAL,0,0,fallback_locked
2026-04-20 12:58:27,1031,139.19,1818.37,66.56,58.96,0,0,0,1818.37,162.29,-1.00,1,0.00,1,1,1,1.000,CLOUD,FALLBACK,1,LOCAL,LOCAL,0,0,fallback_locked
2026-04-20 12:58:29,1032,139.19,1818.37,66.61,58.64,0,0,0,1818.37,170.97,-1.00,1,0.00,1,1,1,1.000,CLOUD,FALLBACK,2,LOCAL,LOCAL,0,0,fallback_locked
2026-04-20 12:58:31,1033,44.91,283.70,66.50,58.65,0,0,0,283.70,179.93,-1.00,1,0.00,1,1,1,0.994,CLOUD,FALLBACK,3,LOCAL,LOCAL,0,0,fallback_locked
2026-04-20 12:58:33,1034,44.91,283.70,66.45,58.65,0,0,0,283.70,193.02,-1.00,1,0.00,1,1,1,0.994,CLOUD,FALLBACK,4,LOCAL,LOCAL,0,0,fallback_locked
2026-04-20 12:58:35,1035,34.35,353.00,66.47,58.64,0,0,0,353.00,134.62,-1.00,1,0.00,1,1,1,0.999,CLOUD,FALLBACK,0,LOCAL,LOCAL,0,0,fallback_locked
2026-04-20 12:58:37,1036,34.35,353.00,66.53,58.64,58.98,-24.63,down,269.88,173.64,-1.00,1,0.00,1,1,1,0.999,CLOUD,CLOUD,1,LOCAL,LOCAL,0,0,none
2026-04-20 12:58:39,1037,28.98,8.51,66.64,58.64,34.35,-5.37,stable,201.53,174.74,-1.00,1,25.00,0,0,1,0.992,CLOUD,CLOUD,2,LOCAL,LOCAL,0,0,none
2026-04-20 12:58:41,1038,28.98,8.51,66.58,58.64,28.98,0.00,stable,133.18,221.57,-1.00,1,25.00,0,0,1,0.991,CLOUD,,0,LOCAL,CLOUD,1,0,started
2026-04-20 12:58:43,1039,52.35,235.31,66.64,59.31,28.98,23.37,up,151.34,173.05,-1.00,1,0.00,1,1,1,0.986,CLOUD,,0,CLOUD,CLOUD,0,0,none
2026-04-20 12:58:45,1040,66.44,120.86,66.34,59.33,52.35,14.09,up,93.30,173.05,-1.00,1,0.00,1,1,1,0.811,CLOUD,,0,CLOUD,CLOUD,0,0,none
2026-04-20 12:58:47,1041,66.44,120.86,66.11,59.39,66.44,0.00,stable,121.39,173.05,-1.00,1,0.00,1,1,1,0.751,CLOUD,,0,CLOUD,CLOUD,0,0,none
2026-04-20 12:58:49,1042,41.72,131.17,66.19,59.34,66.44,-24.72,down,152.05,173.05,-1.00,1,0.00,1,1,1,0.978,CLOUD,,0,CLOUD,CLOUD,0,0,none
2026-04-20 12:58:51,1043,41.72,131.17,66.03,59.38,41.72,0.00,stable,126.02,173.05,-1.00,1,0.00,1,1,1,0.971,CLOUD,,0,CLOUD,CLOUD,0,0,none
2026-04-20 12:58:53,1044,88.34,54.30,66.00,59.37,41.72,46.62,up,109.37,173.05,-1.00,1,0.00,1,0,0,0.500,LOCAL,LOCAL,1,CLOUD,CLOUD,0,0,none
2026-04-20 12:58:55,1045,138.48,129.87,66.11,59.39,88.34,50.14,up,111.63,173.05,-1.00,1,0.00,1,1,0,0.500,LOCAL,LOCAL,2,CLOUD,CLOUD,0,0,none
2026-04-20 12:58:57,1046,138.48,129.87,65.97,59.39,138.48,0.00,stable,111.30,173.05,-1.00,1,0.00,1,1,0,0.500,LOCAL,,0,CLOUD,LOCAL,1,0,started
2026-04-20 12:58:59,1047,72.69,113.38,66.61,59.61,138.48,-65.79,down,106.85,173.05,-1.00,1,0.00,1,1,1,0.772,CLOUD,CLOUD,1,LOCAL,LOCAL,0,0,none
2026-04-20 12:59:01,1048,72.69,113.38,66.53,61.82,72.69,0.00,stable,121.62,193.69,-1.00,1,0.00,1,1,1,0.747,CLOUD,CLOUD,2,LOCAL,LOCAL,0,0,none
2026-04-20 12:59:03,1049,72.69,113.38,66.56,63.86,72.69,0.00,stable,117.50,191.02,-1.00,1,0.00,1,1,1,0.755,CLOUD,,0,LOCAL,CLOUD,1,0,started
2026-04-20 12:59:08,1050,52.79,3.02,66.33,59.63,72.69,-19.90,down,85.79,223.02,-1.00,1,50.00,0,0,1,0.867,CLOUD,,0,CLOUD,CLOUD,0,0,none
2026-04-20 12:59:10,1051,52.79,3.02,66.31,59.40,52.79,0.00,stable,58.20,223.02,-1.00,1,50.00,0,0,1,0.863,CLOUD,,0,CLOUD,CLOUD,0,0,none
2026-04-20 12:59:12,1052,86.24,89.59,65.95,59.40,52.79,33.45,up,52.25,223.02,-1.00,1,0.00,1,0,0,0.500,LOCAL,LOCAL,1,CLOUD,CLOUD,0,0,none
2026-04-20 12:59:14,1053,86.24,89.59,66.08,59.39,86.24,0.00,stable,46.30,223.02,-1.00,1,0.00,1,0,0,0.500,LOCAL,LOCAL,2,CLOUD,CLOUD,0,0,none
2026-04-20 12:59:16,1054,83.20,196.79,66.25,59.40,86.24,-3.04,stable,94.75,223.02,-1.00,1,0.00,1,1,1,0.564,CLOUD,,0,CLOUD,CLOUD,0,0,none
2026-04-20 12:59:18,1055,36.64,98.95,65.97,59.40,83.20,-46.56,down,118.73,223.02,-1.00,1,0.00,1,0,1,0.976,CLOUD,,0,CLOUD,CLOUD,0,0,none
2026-04-20 12:59:20,1056,36.64,98.95,66.06,59.36,36.64,0.00,stable,121.07,223.02,-1.00,1,0.00,1,0,1,0.979,CLOUD,,0,CLOUD,CLOUD,0,0,none
2026-04-20 12:59:25,1057,89.74,37.16,65.89,59.76,36.64,53.10,up,107.96,223.02,-1.00,1,0.00,1,0,0,0.500,LOCAL,LOCAL,1,CLOUD,CLOUD,0,0,none
2026-04-20 12:59:27,1058,89.74,37.16,66.12,58.71,89.74,0.00,stable,68.06,223.02,-1.00,1,0.00,1,0,0,0.500,LOCAL,LOCAL,2,CLOUD,CLOUD,0,0,none
2026-04-20 12:59:29,1059,69.95,188.95,66.03,58.71,89.74,-19.79,down,90.56,223.02,-1.00,1,0.00,1,1,1,0.762,CLOUD,,0,CLOUD,CLOUD,0,0,none
2026-04-20 12:59:31,1060,69.95,188.95,66.00,58.68,69.95,0.00,stable,113.05,223.02,-1.00,1,0.00,1,1,1,0.753,CLOUD,,0,CLOUD,CLOUD,0,0,none
2026-04-20 12:59:33,1061,44.68,404.13,66.03,58.72,69.95,-25.27,down,204.80,223.02,-1.00,1,0.00,1,1,1,0.996,CLOUD,,0,CLOUD,CLOUD,0,0,none
2026-04-20 12:59:35,1062,81.99,177.48,66.11,58.69,44.68,37.30,up,239.88,223.02,-1.00,1,0.00,1,1,1,0.501,CLOUD,,0,CLOUD,CLOUD,0,0,none
2026-04-20 12:59:37,1063,81.99,177.48,66.03,58.72,81.99,0.00,stable,237.01,223.02,-1.00,1,0.00,1,1,0,0.500,LOCAL,LOCAL,1,CLOUD,CLOUD,0,0,none
2026-04-20 12:59:39,1064,94.01,70.97,65.83,58.73,81.99,12.02,up,207.52,223.02,-1.00,1,0.00,1,0,0,0.500,LOCAL,LOCAL,2,CLOUD,CLOUD,0,0,none
2026-04-20 12:59:41,1065,94.01,70.97,65.97,58.68,94.01,0.00,stable,124.23,223.02,-1.00,1,0.00,1,0,0,0.500,LOCAL,,0,CLOUD,LOCAL,1,0,started
2026-04-20 12:59:43,1066,53.66,82.28,66.61,59.09,94.01,-40.35,down,100.43,166.20,-1.00,1,0.00,1,0,1,0.947,CLOUD,CLOUD,1,LOCAL,LOCAL,0,0,none
2026-04-20 12:59:45,1067,39.87,566.16,66.58,61.23,53.66,-13.79,down,197.60,208.95,-1.00,1,0.00,1,1,1,1.000,CLOUD,CLOUD,2,LOCAL,LOCAL,0,0,none
2026-04-20 12:59:47,1068,39.87,566.16,66.53,63.52,39.87,0.00,stable,321.39,259.51,-1.00,1,0.00,1,1,1,1.000,CLOUD,,0,LOCAL,CLOUD,1,0,started
2026-04-20 12:59:51,1069,17.07,25.27,66.44,59.65,39.87,-22.80,down,309.97,259.51,-1.00,1,50.00,0,0,1,0.997,CLOUD,,0,CLOUD,CLOUD,0,0,none
2026-04-20 12:59:53,1070,17.07,25.27,66.09,59.41,17.07,0.00,stable,295.71,259.51,-1.00,1,50.00,0,0,1,0.995,CLOUD,,0,CLOUD,CLOUD,0,0,none
2026-04-20 12:59:57,1071,119.66,327.78,65.96,59.64,17.07,102.60,up,236.12,259.51,-1.00,1,0.00,1,1,0,0.500,LOCAL,LOCAL,1,CLOUD,CLOUD,0,0,none
2026-04-20 12:59:59,1072,119.66,327.78,66.07,59.41,119.66,0.00,stable,176.52,259.51,-1.00,1,0.00,1,1,0,0.500,LOCAL,LOCAL,2,CLOUD,CLOUD,0,0,none
2026-04-20 13:00:02,1073,59.96,240.88,65.92,59.64,119.66,-59.70,down,230.42,259.51,-1.00,1,0.00,1,1,1,0.917,CLOUD,,0,CLOUD,CLOUD,0,0,none
2026-04-20 13:00:04,1074,59.96,240.88,66.06,59.41,59.96,0.00,stable,284.33,259.51,-1.00,1,0.00,1,1,1,0.933,CLOUD,,0,CLOUD,CLOUD,0,0,none
2026-04-20 13:00:06,1075,78.69,76.08,66.25,59.42,59.96,18.73,up,221.40,259.51,-1.00,1,0.00,1,0,0,0.500,LOCAL,LOCAL,1,CLOUD,CLOUD,0,0,none
2026-04-20 13:00:08,1076,78.69,76.08,66.14,59.41,78.69,0.00,stable,158.48,259.51,-1.00,1,0.00,1,0,0,0.500,LOCAL,LOCAL,2,CLOUD,CLOUD,0,0,none
2026-04-20 13:00:10,1077,63.24,116.27,65.72,59.41,78.69,-15.45,down,127.33,259.51,-1.00,1,0.00,1,1,1,0.682,CLOUD,,0,CLOUD,CLOUD,0,0,none
2026-04-20 13:00:12,1078,63.24,116.27,66.36,58.73,63.24,0.00,stable,96.17,259.51,-1.00,1,0.00,1,1,1,0.856,CLOUD,,0,CLOUD,CLOUD,0,0,none
2026-04-20 13:00:17,1079,91.12,112.62,65.85,58.92,63.24,27.87,up,105.31,259.51,-1.00,1,0.00,1,1,0,0.500,LOCAL,LOCAL,1,CLOUD,CLOUD,0,0,none
2026-04-20 13:00:19,1080,91.12,112.62,66.06,58.64,91.12,0.00,stable,114.44,259.51,-1.00,1,0.00,1,1,0,0.500,LOCAL,LOCAL,2,CLOUD,CLOUD,0,0,none
2026-04-20 13:00:21,1081,38.91,111.95,66.14,58.71,91.12,-52.21,down,113.36,259.51,-1.00,1,0.00,1,1,1,0.979,CLOUD,,0,CLOUD,CLOUD,0,0,none
2026-04-20 13:00:23,1082,38.91,111.95,65.89,58.68,38.91,0.00,stable,112.28,259.51,-1.00,1,0.00,1,1,1,0.969,CLOUD,,0,CLOUD,CLOUD,0,0,none
2026-04-20 13:00:25,1083,95.20,217.56,66.11,58.72,38.91,56.30,up,138.52,259.51,-1.00,1,0.00,1,1,0,0.500,LOCAL,LOCAL,1,CLOUD,CLOUD,0,0,none
2026-04-20 13:00:27,1084,95.20,217.56,66.00,58.71,95.20,0.00,stable,164.76,259.51,-1.00,1,0.00,1,1,0,0.500,LOCAL,LOCAL,2,CLOUD,CLOUD,0,0,none
2026-04-20 13:00:29,1085,77.14,4.48,66.20,58.71,95.20,-18.06,down,137.89,259.51,-1.00,1,0.00,1,0,0,0.500,LOCAL,,0,CLOUD,LOCAL,1,0,started
2026-04-20 13:00:31,1086,77.14,4.48,66.56,59.59,77.14,0.00,stable,111.02,259.51,-1.00,1,0.00,1,0,0,0.500,LOCAL,,0,LOCAL,LOCAL,0,0,none
2026-04-20 13:00:33,1087,77.14,4.48,66.56,61.67,77.14,0.00,stable,57.75,175.32,-1.00,1,0.00,1,0,0,0.500,LOCAL,,0,LOCAL,LOCAL,0,0,none
2026-04-20 13:00:35,1088,29.59,7.72,66.58,64.19,77.14,-47.55,down,5.29,159.26,-1.00,1,25.00,0,0,1,0.990,CLOUD,CLOUD,1,LOCAL,LOCAL,0,0,none
2026-04-20 13:00:37,1089,1390.23,365.64,66.61,66.84,29.59,1360.63,up,95.58,156.03,-1.00,1,0.00,0,1,0,0.500,LOCAL,,0,LOCAL,LOCAL,0,0,none
2026-04-20 13:00:39,1090,1390.23,365.64,66.58,68.99,1390.23,0.00,stable,185.87,207.06,-1.00,1,0.00,0,1,0,0.500,LOCAL,,0,LOCAL,LOCAL,0,0,none
2026-04-20 13:00:41,1091,47.60,1406.07,66.72,69.43,1390.23,-1342.63,down,536.27,177.50,-1.00,1,0.00,1,1,1,1.000,CLOUD,CLOUD,1,LOCAL,LOCAL,0,0,none
2026-04-20 13:00:43,1092,12.02,483.07,66.56,58.76,47.60,-35.57,down,655.10,181.54,-1.00,1,0.00,1,1,1,1.000,CLOUD,CLOUD,2,LOCAL,LOCAL,0,0,none
2026-04-20 13:00:45,1093,12.02,483.07,66.61,58.74,12.02,0.00,stable,684.46,136.09,-1.00,1,0.00,1,1,1,1.000,CLOUD,,0,LOCAL,CLOUD,1,0,started
2026-04-20 13:00:49,1094,120.80,272.10,66.56,59.70,12.02,108.78,up,661.08,231.75,-1.00,1,0.00,1,1,0,0.500,LOCAL,LOCAL,1,CLOUD,CLOUD,0,0,none
2026-04-20 13:00:51,1095,120.80,272.10,66.06,59.48,120.80,0.00,stable,377.58,231.75,-1.00,1,0.00,1,1,0,0.500,LOCAL,LOCAL,2,CLOUD,CLOUD,0,0,none
2026-04-20 13:00:53,1096,98.48,258.33,65.89,59.47,120.80,-22.32,down,321.40,231.75,-1.00,1,0.00,1,1,0,0.500,LOCAL,,0,CLOUD,LOCAL,1,0,started
2026-04-20 13:00:55,1097,98.48,258.33,66.62,59.53,98.48,0.00,stable,265.22,183.85,-1.00,1,0.00,1,1,0,0.500,LOCAL,,0,LOCAL,LOCAL,0,0,none
2026-04-20 13:00:57,1098,48.34,438.52,66.61,61.59,98.48,-50.13,down,306.82,171.49,-1.00,1,0.00,1,1,1,0.998,CLOUD,CLOUD,1,LOCAL,LOCAL,0,0,none
2026-04-20 13:00:59,1099,114.07,364.42,66.56,64.05,48.34,65.73,up,329.90,172.38,-1.00,1,0.00,1,1,0,0.500,LOCAL,,0,LOCAL,LOCAL,0,0,none
2026-04-20 13:01:01,1100,114.07,364.42,66.58,66.35,114.07,0.00,stable,356.42,141.86,-1.00,1,0.00,1,1,0,0.500,LOCAL,,0,LOCAL,LOCAL,0,0,none
2026-04-20 13:01:03,1101,114.07,364.42,66.53,68.70,114.07,0.00,stable,382.94,172.83,-1.00,1,0.00,1,1,0,0.500,LOCAL,,0,LOCAL,LOCAL,0,0,none
2026-04-20 13:01:05,1102,221.16,5.41,66.69,69.51,114.07,107.09,up,274.67,181.29,-1.00,1,25.00,0,0,0,0.500,LOCAL,,0,LOCAL,LOCAL,0,0,none
2026-04-20 13:01:07,1103,221.16,5.41,66.64,62.70,221.16,0.00,stable,184.91,162.86,-1.00,1,25.00,0,0,0,0.500,LOCAL,,0,LOCAL,LOCAL,0,0,none
2026-04-20 13:01:09,1104,1420.86,836.44,66.67,58.71,221.16,1199.70,up,302.92,162.09,-1.00,1,0.00,0,1,0,0.500,LOCAL,,0,LOCAL,LOCAL,0,0,none
2026-04-20 13:01:11,1105,1420.86,836.44,66.56,58.72,1420.86,0.00,stable,420.92,180.68,-1.00,1,0.00,0,1,0,0.500,LOCAL,,0,LOCAL,LOCAL,0,0,none
2026-04-20 13:01:13,1106,34.74,9.52,66.58,58.72,1420.86,-1386.12,down,421.95,129.70,-1.00,1,50.00,0,0,1,0.984,CLOUD,CLOUD,1,LOCAL,LOCAL,0,0,none
2026-04-20 13:01:15,1107,34.74,9.52,66.48,58.71,34.74,0.00,stable,422.98,160.88,-1.00,1,50.00,0,0,1,0.982,CLOUD,CLOUD,2,LOCAL,LOCAL,0,0,none
2026-04-20 13:01:17,1108,13.57,564.73,66.47,58.71,34.74,-21.17,down,355.05,176.88,-1.00,1,0.00,1,1,1,1.000,CLOUD,,0,LOCAL,CLOUD,1,0,started
2026-04-20 13:01:20,1109,13.57,564.73,66.67,59.27,13.57,0.00,stable,287.12,188.97,-1.00,1,0.00,1,1,1,1.000,CLOUD,,0,CLOUD,CLOUD,0,0,none
2026-04-20 13:01:22,1110,159.22,65.73,66.25,59.43,13.57,145.65,up,301.18,188.97,-1.00,1,0.00,1,0,0,0.500,LOCAL,LOCAL,1,CLOUD,CLOUD,0,0,none
2026-04-20 13:01:24,1111,159.22,65.73,66.11,59.39,159.22,0.00,stable,315.23,188.97,-1.00,1,0.00,1,0,0,0.500,LOCAL,LOCAL,2,CLOUD,CLOUD,0,0,none
2026-04-20 13:01:26,1112,56.00,224.77,66.25,59.46,159.22,-103.22,down,230.24,188.97,-1.00,1,0.00,1,1,1,0.961,CLOUD,,0,CLOUD,CLOUD,0,0,none
2026-04-20 13:01:28,1113,56.00,224.77,66.00,59.42,56.00,0.00,stable,145.25,188.97,-1.00,1,0.00,1,1,1,0.943,CLOUD,,0,CLOUD,CLOUD,0,0,none
2026-04-20 13:01:30,1114,69.54,110.08,66.14,59.47,56.00,13.54,up,156.34,188.97,-1.00,1,0.00,1,1,1,0.680,CLOUD,,0,CLOUD,CLOUD,0,0,none
2026-04-20 13:01:32,1115,87.15,71.03,66.03,59.46,69.54,17.61,up,157.66,188.97,-1.00,1,0.00,1,0,0,0.500,LOCAL,LOCAL,1,CLOUD,CLOUD,0,0,none
2026-04-20 13:01:34,1116,87.15,71.03,66.06,59.42,87.15,0.00,stable,119.23,188.97,-1.00,1,0.00,1,0,0,0.500,LOCAL,LOCAL,2,CLOUD,CLOUD,0,0,none
2026-04-20 13:01:36,1117,160.73,236.18,66.14,59.46,87.15,73.58,up,122.08,188.97,-1.00,1,0.00,1,1,0,0.500,LOCAL,,0,CLOUD,LOCAL,1,0,started
2026-04-20 13:01:38,1118,26.43,2449.05,66.67,59.59,160.73,-134.30,down,706.82,188.97,-1.00,1,0.00,1,1,1,1.000,CLOUD,CLOUD,1,LOCAL,LOCAL,0,0,none
2026-04-20 13:01:40,1119,26.43,2449.05,66.61,62.25,26.43,0.00,stable,1301.33,166.84,-1.00,1,0.00,1,1,1,1.000,CLOUD,CLOUD,2,LOCAL,LOCAL,0,0,none
2026-04-20 13:01:42,1120,20.37,571.20,66.56,64.11,26.43,-6.06,stable,1426.37,156.87,-1.00,1,0.00,1,1,1,1.000,CLOUD,,0,LOCAL,CLOUD,1,0,started
2026-04-20 13:01:44,1121,20.37,571.20,66.62,59.34,20.37,0.00,stable,1510.12,227.79,-1.00,1,0.00,1,1,1,1.000,CLOUD,,0,CLOUD,CLOUD,0,0,none
2026-04-20 13:01:46,1122,84.72,50.07,66.14,59.46,20.37,64.35,up,910.38,227.79,-1.00,1,0.00,1,0,0,0.500,LOCAL,LOCAL,1,CLOUD,CLOUD,0,0,none
2026-04-20 13:01:48,1123,84.72,50.07,66.28,59.41,84.72,0.00,stable,310.63,227.79,-1.00,1,0.00,1,0,0,0.500,LOCAL,LOCAL,2,CLOUD,CLOUD,0,0,none
2026-04-20 13:01:50,1124,254.22,63.15,66.03,59.46,84.72,169.50,up,183.62,227.79,-1.00,1,25.00,0,0,0,0.500,LOCAL,,0,CLOUD,LOCAL,1,0,started
2026-04-20 13:01:53,1125,88.59,626.88,66.49,59.67,254.22,-165.63,down,197.54,236.29,-1.00,1,0.00,1,1,1,0.972,CLOUD,CLOUD,1,LOCAL,LOCAL,0,0,none
2026-04-20 13:01:55,1126,18.46,328.41,66.56,61.73,88.59,-70.13,down,267.13,258.63,-1.00,1,0.00,1,1,1,1.000,CLOUD,CLOUD,2,LOCAL,LOCAL,0,0,none
2026-04-20 13:01:57,1127,18.46,328.41,66.58,63.94,18.46,0.00,stable,336.71,189.70,-1.00,1,0.00,1,1,1,1.000,CLOUD,,0,LOCAL,CLOUD,1,0,started
2026-04-20 13:01:59,1128,54.95,187.07,66.64,59.66,18.46,36.50,up,367.69,262.85,-1.00,1,0.00,1,1,1,0.974,CLOUD,,0,CLOUD,CLOUD,0,0,none
2026-04-20 13:02:01,1129,54.95,187.07,66.36,59.52,54.95,0.00,stable,257.74,262.85,-1.00,1,0.00,1,1,1,0.960,CLOUD,,0,CLOUD,CLOUD,0,0,none
2026-04-20 13:02:03,1130,83.67,99.31,66.00,59.50,54.95,28.71,up,200.46,262.85,-1.00,1,0.00,1,0,0,0.500,LOCAL,LOCAL,1,CLOUD,CLOUD,0,0,none
2026-04-20 13:02:05,1131,83.67,99.31,66.06,59.47,83.67,0.00,stable,143.19,262.85,-1.00,1,0.00,1,0,0,0.500,LOCAL,LOCAL,2,CLOUD,CLOUD,0,0,none
2026-04-20 13:02:07,1132,80.02,696.37,66.25,59.52,83.67,-3.64,stable,270.51,262.85,-1.00,1,0.00,1,1,1,0.990,CLOUD,,0,CLOUD,CLOUD,0,0,none
2026-04-20 13:02:09,1133,48.20,145.58,66.25,59.48,80.02,-31.82,down,260.14,262.85,-1.00,1,0.00,1,1,1,0.966,CLOUD,,0,CLOUD,CLOUD,0,0,none
2026-04-20 13:02:11,1134,48.20,145.58,66.08,59.51,48.20,0.00,stable,271.71,262.85,-1.00,1,0.00,1,1,1,0.956,CLOUD,,0,CLOUD,CLOUD,0,0,none
2026-04-20 13:02:13,1135,62.84,78.75,66.00,59.51,48.20,14.65,up,266.57,262.85,-1.00,1,0.00,1,0,1,0.720,CLOUD,,0,CLOUD,CLOUD,0,0,none
2026-04-20 13:02:16,1136,62.84,78.75,66.14,59.51,62.84,0.00,stable,112.16,262.85,-1.00,1,0.00,1,0,1,0.763,CLOUD,,0,CLOUD,CLOUD,0,0,none
2026-04-20 13:02:18,1137,51.17,131.42,65.97,59.51,62.84,-11.68,down,108.62,262.85,-1.00,1,0.00,1,1,1,0.923,CLOUD,,0,CLOUD,CLOUD,0,0,none
2026-04-20 13:02:20,1138,67.42,98.98,66.11,59.50,51.17,16.26,up,96.97,262.85,-1.00,1,0.00,1,0,1,0.697,CLOUD,,0,CLOUD,CLOUD,0,0,none
2026-04-20 13:02:22,1139,67.42,98.98,66.14,58.79,67.42,0.00,stable,102.03,262.85,-1.00,1,0.00,1,0,1,0.706,CLOUD,,0,CLOUD,CLOUD,0,0,none
2026-04-20 13:02:24,1140,55.86,1898.09,66.17,58.78,67.42,-11.56,down,556.87,262.85,-1.00,1,0.00,1,1,1,1.000,CLOUD,,0,CLOUD,CLOUD,0,0,none
2026-04-20 13:02:26,1141,58.69,126.22,66.03,59.01,55.86,2.83,stable,555.57,262.85,-1.00,1,0.00,1,1,1,0.857,CLOUD,,0,CLOUD,CLOUD,0,0,none
2026-04-20 13:02:28,1142,58.69,126.22,66.12,58.78,58.69,0.00,stable,562.38,262.85,-1.00,1,0.00,1,1,1,0.874,CLOUD,,0,CLOUD,CLOUD,0,0,none
2026-04-20 13:02:30,1143,55.64,73.59,66.03,58.78,58.69,-3.05,stable,556.03,262.85,-1.00,1,0.00,1,0,1,0.842,CLOUD,,0,CLOUD,CLOUD,0,0,none
2026-04-20 13:02:32,1144,55.64,73.59,66.08,58.80,55.64,0.00,stable,99.91,262.85,-1.00,1,0.00,1,0,1,0.853,CLOUD,,0,CLOUD,CLOUD,0,0,none
2026-04-20 13:02:34,1145,37.63,172.14,66.08,58.79,55.64,-18.01,down,111.39,262.85,-1.00,1,0.00,1,1,1,0.987,CLOUD,,0,CLOUD,CLOUD,0,0,none
2026-04-20 13:02:36,1146,161.27,134.26,66.03,58.75,37.63,123.64,up,113.40,262.85,-1.00,1,0.00,1,1,0,0.500,LOCAL,LOCAL,1,CLOUD,CLOUD,0,0,none
2026-04-20 13:02:38,1147,161.27,134.26,66.17,58.78,161.27,0.00,stable,128.56,262.85,-1.00,1,0.00,1,1,0,0.500,LOCAL,LOCAL,2,CLOUD,CLOUD,0,0,none
2026-04-20 13:02:40,1148,82.32,42.76,65.95,58.72,161.27,-78.95,down,120.86,262.85,-1.00,1,0.00,1,0,0,0.500,LOCAL,,0,CLOUD,LOCAL,1,0,started
2026-04-20 13:02:42,1149,82.32,42.76,66.64,59.51,82.32,0.00,stable,88.51,188.70,-1.00,1,0.00,1,0,0,0.500,LOCAL,,0,LOCAL,LOCAL,0,0,none
2026-04-20 13:02:44,1150,68.34,1750.36,66.64,61.31,82.32,-13.98,down,492.54,194.33,-1.00,1,0.00,1,1,1,1.000,CLOUD,CLOUD,1,LOCAL,LOCAL,0,0,none
2026-04-20 13:02:46,1151,36.98,311.79,66.53,63.93,68.34,-31.36,down,536.92,173.42,-1.00,1,0.00,1,1,1,0.998,CLOUD,CLOUD,2,LOCAL,LOCAL,0,0,none
2026-04-20 13:02:48,1152,36.98,311.79,66.53,66.61,36.98,0.00,stable,604.18,261.04,-1.00,1,0.00,1,1,1,0.998,CLOUD,,0,LOCAL,CLOUD,1,0,started
2026-04-20 13:02:51,1153,61.17,66.06,66.55,59.70,36.98,24.19,up,610.00,163.11,-1.00,1,25.00,0,0,1,0.868,CLOUD,,0,CLOUD,CLOUD,0,0,none
2026-04-20 13:02:53,1154,61.17,66.06,66.31,59.52,61.17,0.00,stable,188.93,163.11,-1.00,1,25.00,0,0,1,0.819,CLOUD,,0,CLOUD,CLOUD,0,0,none
2026-04-20 13:02:55,1155,61.42,114.14,66.11,59.50,61.17,0.25,stable,139.51,163.11,-1.00,1,0.00,1,1,1,0.825,CLOUD,,0,CLOUD,CLOUD,0,0,none
2026-04-20 13:02:58,1156,61.42,114.14,66.22,59.52,61.42,0.00,stable,90.10,163.11,-1.00,1,0.00,1,1,1,0.849,CLOUD,,0,CLOUD,CLOUD,0,0,none
2026-04-20 13:03:00,1157,55.76,163.29,66.22,59.50,61.42,-5.66,stable,114.41,163.11,-1.00,1,0.00,1,1,1,0.936,CLOUD,,0,CLOUD,CLOUD,0,0,none
2026-04-20 13:03:02,1158,50.83,118.61,66.08,59.50,55.76,-4.93,stable,127.54,163.11,-1.00,1,0.00,1,1,1,0.931,CLOUD,,0,CLOUD,CLOUD,0,0,none
2026-04-20 13:03:04,1159,50.83,118.61,66.06,59.50,50.83,0.00,stable,128.66,163.11,-1.00,1,0.00,1,1,1,0.928,CLOUD,,0,CLOUD,CLOUD,0,0,none
2026-04-20 13:03:06,1160,92.23,278.26,66.08,59.48,50.83,41.41,up,169.69,163.11,-1.00,1,0.00,1,1,0,0.500,LOCAL,LOCAL,1,CLOUD,CLOUD,0,0,none
2026-04-20 13:03:08,1161,92.23,278.26,66.20,59.52,92.23,0.00,stable,198.44,163.11,-1.00,1,0.00,1,1,0,0.500,LOCAL,LOCAL,2,CLOUD,CLOUD,0,0,none
2026-04-20 13:03:10,1162,148.74,170.18,66.03,59.47,92.23,56.51,up,211.33,163.11,-1.00,1,0.00,1,1,0,0.500,LOCAL,,0,CLOUD,LOCAL,1,0,started
2026-04-20 13:03:12,1163,43.24,2083.48,66.62,60.45,148.74,-105.50,down,702.54,174.51,-1.00,1,0.00,1,1,1,1.000,CLOUD,CLOUD,1,LOCAL,LOCAL,0,0,none
2026-04-20 13:03:14,1164,43.24,2083.48,66.64,62.21,43.24,0.00,stable,1153.85,178.08,-1.00,1,0.00,1,1,1,1.000,CLOUD,CLOUD,2,LOCAL,LOCAL,0,0,none
2026-04-20 13:03:16,1165,22.06,520.31,66.53,64.74,43.24,-21.18,down,1214.36,174.64,-1.00,1,0.00,1,1,1,1.000,CLOUD,,0,LOCAL,CLOUD,1,0,started
2026-04-20 13:03:20,1166,34.21,60.15,66.53,59.77,22.06,12.15,up,1186.86,233.23,-1.00,1,0.00,1,0,1,0.989,CLOUD,,0,CLOUD,CLOUD,0,0,none
2026-04-20 13:03:22,1167,34.21,60.15,66.18,59.49,34.21,0.00,stable,681.02,233.23,-1.00,1,0.00,1,0,1,0.981,CLOUD,,0,CLOUD,CLOUD,0,0,none
2026-04-20 13:03:24,1168,56.57,69.18,66.14,59.48,34.21,22.36,up,177.45,233.23,-1.00,1,0.00,1,0,1,0.849,CLOUD,,0,CLOUD,CLOUD,0,0,none
2026-04-20 13:03:26,1169,56.57,69.18,66.03,59.49,56.57,0.00,stable,64.67,233.23,-1.00,0,0.00,1,0,1,0.824,CLOUD,,0,CLOUD,CLOUD,0,0,none
2026-04-20 13:03:28,1170,67.09,202.07,66.11,59.48,56.57,10.52,up,100.14,233.23,-1.00,0,0.00,1,1,1,0.844,CLOUD,,0,CLOUD,CLOUD,0,0,none
2026-04-20 13:03:30,1171,52.61,1690.91,66.14,59.47,67.09,-14.48,down,507.83,233.23,-1.00,0,0.00,1,1,1,1.000,CLOUD,,0,CLOUD,CLOUD,0,0,none
2026-04-20 13:03:32,1172,52.61,1690.91,65.92,59.50,52.61,0.00,stable,913.27,233.23,-1.00,0,0.00,1,1,1,1.000,CLOUD,,0,CLOUD,CLOUD,0,0,none
2026-04-20 13:03:34,1173,41.40,1662.18,66.19,59.49,52.61,-11.21,down,1311.52,233.23,-1.00,1,0.00,1,1,1,1.000,CLOUD,,0,CLOUD,CLOUD,0,0,none
2026-04-20 13:03:36,1174,41.40,1662.18,66.11,59.49,41.40,0.00,stable,1676.55,233.23,-1.00,1,0.00,1,1,1,1.000,CLOUD,,0,CLOUD,CLOUD,0,0,none
2026-04-20 13:03:38,1175,89.13,60.70,65.86,59.43,41.40,47.73,up,1268.99,233.23,-1.00,1,0.00,1,0,0,0.500,LOCAL,LOCAL,1,CLOUD,CLOUD,0,0,none
2026-04-20 13:03:40,1176,89.13,60.70,66.06,58.80,89.13,0.00,stable,861.44,233.23,-1.00,1,0.00,1,0,0,0.500,LOCAL,LOCAL,2,CLOUD,CLOUD,0,0,none
2026-04-20 13:03:42,1177,65.75,236.90,66.11,58.78,89.13,-23.38,down,505.12,233.23,-1.00,1,0.00,1,1,1,0.891,CLOUD,,0,CLOUD,CLOUD,0,0,none
2026-04-20 13:03:44,1178,65.75,236.90,66.09,58.80,65.75,0.00,stable,148.80,233.23,-1.00,1,0.00,1,1,1,0.887,CLOUD,,0,CLOUD,CLOUD,0,0,none
2026-04-20 13:03:47,1179,77.77,80.47,65.72,58.99,65.75,12.02,up,153.74,233.23,-1.00,1,0.00,1,0,0,0.500,LOCAL,LOCAL,1,CLOUD,CLOUD,0,0,none
2026-04-20 13:03:49,1180,77.77,80.47,66.10,58.79,77.77,0.00,stable,158.68,233.23,-1.00,1,0.00,1,0,0,0.500,LOCAL,LOCAL,2,CLOUD,CLOUD,0,0,none
2026-04-20 13:03:51,1181,114.74,103.33,65.95,58.77,77.77,36.97,up,125.29,233.23,-1.00,1,0.00,1,1,0,0.500,LOCAL,,0,CLOUD,LOCAL,1,0,started
2026-04-20 13:03:54,1182,114.74,103.33,66.72,59.58,114.74,0.00,stable,91.90,192.56,-1.00,1,0.00,1,1,0,0.500,LOCAL,,0,LOCAL,LOCAL,0,0,none
2026-04-20 13:03:56,1183,52.62,573.84,66.50,62.01,114.74,-62.12,down,215.24,191.42,-1.00,1,0.00,1,1,1,0.999,CLOUD,CLOUD,1,LOCAL,LOCAL,0,0,none
2026-04-20 13:03:58,1184,339.58,489.06,66.56,64.31,52.62,286.96,up,317.39,288.59,-1.00,1,0.00,0,1,0,0.500,LOCAL,,0,LOCAL,LOCAL,0,0,none
2026-04-20 13:04:00,1185,339.58,489.06,66.61,66.84,339.58,0.00,stable,413.82,154.79,-1.00,1,0.00,0,1,0,0.500,LOCAL,,0,LOCAL,LOCAL,0,0,none
2026-04-20 13:04:02,1186,45.00,578.50,66.58,69.57,339.58,-294.58,down,532.62,177.87,-1.00,1,0.00,1,1,1,1.000,CLOUD,CLOUD,1,LOCAL,LOCAL,0,0,none
2026-04-20 13:04:04,1187,45.00,578.50,66.72,70.11,45.00,0.00,stable,533.78,158.59,-1.00,1,0.00,1,1,1,1.000,CLOUD,CLOUD,2,LOCAL,LOCAL,0,0,none
2026-04-20 13:04:06,1188,45.04,8.76,66.64,58.99,45.00,0.04,stable,413.71,239.22,-1.00,1,75.00,0,0,1,0.960,CLOUD,,0,LOCAL,CLOUD,1,0,started
2026-04-20 13:04:08,1189,45.04,8.76,66.67,59.37,45.04,0.00,stable,293.63,159.73,-1.00,1,75.00,0,0,1,0.962,CLOUD,,0,CLOUD,CLOUD,0,0,none
2026-04-20 13:04:10,1190,216.45,32.10,66.17,59.46,45.04,171.42,up,157.03,159.73,-1.00,1,0.00,0,0,0,0.500,LOCAL,LOCAL,1,CLOUD,CLOUD,0,0,none
2026-04-20 13:04:12,1191,216.45,32.10,66.00,59.42,216.45,0.00,stable,20.43,159.73,-1.00,1,0.00,0,0,0,0.500,LOCAL,LOCAL,2,CLOUD,CLOUD,0,0,none
2026-04-20 13:04:15,1192,64.89,104.92,65.96,59.70,216.45,-151.57,down,44.47,159.73,-1.00,1,0.00,1,1,1,0.709,CLOUD,,0,CLOUD,CLOUD,0,0,none
2026-04-20 13:04:17,1193,64.89,104.92,66.14,59.43,64.89,0.00,stable,68.51,159.73,-1.00,1,0.00,1,1,1,0.765,CLOUD,,0,CLOUD,CLOUD,0,0,none
2026-04-20 13:04:19,1194,98.37,90.12,66.14,59.46,64.89,33.48,up,83.01,159.73,-1.00,1,0.00,1,0,0,0.500,LOCAL,LOCAL,1,CLOUD,CLOUD,0,0,none
2026-04-20 13:04:21,1195,98.37,90.12,66.00,59.42,98.37,0.00,stable,97.52,159.73,-1.00,1,0.00,1,0,0,0.500,LOCAL,LOCAL,2,CLOUD,CLOUD,0,0,none
2026-04-20 13:04:23,1196,57.85,1705.87,66.19,59.45,98.37,-40.51,down,497.75,159.73,-1.00,1,0.00,1,1,1,1.000,CLOUD,,0,CLOUD,CLOUD,0,0,none
2026-04-20 13:04:25,1197,69.96,100.67,66.06,59.41,57.85,12.11,up,496.69,159.73,-1.00,1,0.00,1,1,1,0.622,CLOUD,,0,CLOUD,CLOUD,0,0,none
2026-04-20 13:04:27,1198,69.96,100.67,66.20,59.40,69.96,0.00,stable,499.33,159.73,-1.00,1,0.00,1,1,1,0.673,CLOUD,,0,CLOUD,CLOUD,0,0,none
2026-04-20 13:04:29,1199,52.63,132.76,66.31,58.79,69.96,-17.33,down,509.99,159.73,-1.00,1,0.00,1,1,1,0.947,CLOUD,,0,CLOUD,CLOUD,0,0,none
2026-04-20 13:04:31,1200,52.63,132.76,65.89,58.76,52.63,0.00,stable,116.71,159.73,-1.00,1,0.00,1,1,1,0.903,CLOUD,,0,CLOUD,CLOUD,0,0,none
2026-04-20 13:04:33,1201,35.15,874.84,66.06,58.80,52.63,-17.48,down,310.26,159.73,-1.00,1,0.00,1,1,1,1.000,CLOUD,,0,CLOUD,CLOUD,0,0,none
2026-04-20 13:04:42,1202,205.51,108.64,65.76,59.10,35.15,170.35,up,312.25,159.73,-1.00,1,0.00,0,1,0,0.500,LOCAL,LOCAL,1,CLOUD,CLOUD,0,0,none
2026-04-20 13:04:44,1203,205.51,108.64,66.09,58.79,205.51,0.00,stable,306.22,159.73,-1.00,1,0.00,0,1,0,0.500,LOCAL,LOCAL,2,CLOUD,CLOUD,0,0,none
2026-04-20 13:04:46,1204,77.27,140.03,66.00,58.77,205.51,-128.23,down,308.03,159.73,-1.00,1,0.00,1,1,0,0.500,LOCAL,,0,CLOUD,LOCAL,1,0,started
2026-04-20 13:04:48,1205,77.27,140.03,66.67,59.79,77.27,0.00,stable,124.33,166.27,-1.00,1,0.00,1,1,1,0.743,CLOUD,CLOUD,1,LOCAL,LOCAL,0,0,none
2026-04-20 13:04:50,1206,83.42,1773.87,66.64,61.75,77.27,6.15,stable,540.64,158.64,-1.00,1,0.00,1,1,1,1.000,CLOUD,CLOUD,2,LOCAL,LOCAL,0,0,none
2026-04-20 13:04:52,1207,21.57,542.99,66.64,64.22,83.42,-61.85,down,649.23,267.21,-1.00,1,0.00,1,1,1,1.000,CLOUD,,0,LOCAL,CLOUD,1,0,started
2026-04-20 13:04:54,1208,21.57,542.99,66.64,59.36,21.57,0.00,stable,749.97,129.17,-1.00,1,0.00,1,1,1,1.000,CLOUD,,0,CLOUD,CLOUD,0,0,none
2026-04-20 13:04:56,1209,42.70,195.98,66.17,59.43,21.57,21.13,up,763.95,129.17,-1.00,1,0.00,1,1,1,0.985,CLOUD,,0,CLOUD,CLOUD,0,0,none
2026-04-20 13:04:58,1210,63.76,85.58,66.25,59.47,42.70,21.06,up,341.88,129.17,-1.00,1,0.00,1,0,1,0.788,CLOUD,,0,CLOUD,CLOUD,0,0,none
2026-04-20 13:05:00,1211,63.76,85.58,66.08,59.43,63.76,0.00,stable,227.53,129.17,-1.00,1,0.00,1,0,1,0.740,CLOUD,,0,CLOUD,CLOUD,0,0,none
2026-04-20 13:05:02,1212,34.24,391.96,66.17,59.47,63.76,-29.52,down,189.78,129.17,-1.00,1,0.00,1,1,1,0.999,CLOUD,,0,CLOUD,CLOUD,0,0,none
2026-04-20 13:05:04,1213,87.66,96.32,65.98,59.59,34.24,53.42,up,164.86,129.17,-1.00,1,0.00,1,0,0,0.500,LOCAL,LOCAL,1,CLOUD,CLOUD,0,0,none
2026-04-20 13:05:06,1214,87.66,96.32,66.07,59.47,87.66,0.00,stable,167.55,129.17,-1.00,1,0.00,1,0,0,0.500,LOCAL,LOCAL,2,CLOUD,CLOUD,0,0,none
2026-04-20 13:05:08,1215,88.50,469.90,65.94,59.75,87.66,0.84,stable,263.63,129.17,-1.00,1,0.00,1,1,1,0.804,CLOUD,,0,CLOUD,CLOUD,0,0,none
2026-04-20 13:05:10,1216,88.50,469.90,66.12,59.47,88.50,0.00,stable,283.11,129.17,-1.00,1,0.00,1,1,1,0.846,CLOUD,,0,CLOUD,CLOUD,0,0,none
2026-04-20 13:05:15,1217,57.07,60.24,65.91,59.71,88.50,-31.43,down,274.09,129.17,-1.00,1,0.00,1,0,1,0.773,CLOUD,,0,CLOUD,CLOUD,0,0,none
2026-04-20 13:05:17,1218,57.07,60.24,66.23,58.81,57.07,0.00,stable,265.07,129.17,-1.00,1,0.00,1,0,1,0.852,CLOUD,,0,CLOUD,CLOUD,0,0,none
2026-04-20 13:05:19,1219,35.73,103.62,65.92,58.79,57.07,-21.34,down,173.50,129.17,-1.00,1,0.00,1,1,1,0.976,CLOUD,,0,CLOUD,CLOUD,0,0,none
2026-04-20 13:05:21,1220,35.73,103.62,66.14,58.76,35.73,0.00,stable,81.93,129.17,-1.00,1,0.00,1,1,1,0.983,CLOUD,,0,CLOUD,CLOUD,0,0,none
2026-04-20 13:05:23,1221,25.27,818.98,65.95,58.79,35.73,-10.46,down,271.62,129.17,-1.00,1,0.00,1,1,1,1.000,CLOUD,,0,CLOUD,CLOUD,0,0,none
2026-04-20 13:05:25,1222,49.76,105.73,66.00,58.76,25.27,24.49,up,282.99,129.17,-1.00,1,0.00,1,1,1,0.922,CLOUD,,0,CLOUD,CLOUD,0,0,none
2026-04-20 13:05:27,1223,49.76,105.73,66.00,58.80,49.76,0.00,stable,283.52,129.17,-1.00,1,0.00,1,1,1,0.922,CLOUD,,0,CLOUD,CLOUD,0,0,none
2026-04-20 13:05:29,1224,88.60,211.03,66.11,58.77,49.76,38.84,up,310.37,129.17,-1.00,1,0.00,1,1,0,0.500,LOCAL,LOCAL,1,CLOUD,CLOUD,0,0,none
2026-04-20 13:05:31,1225,88.60,211.03,66.00,58.77,88.60,0.00,stable,158.38,129.17,-1.00,1,0.00,1,1,0,0.500,LOCAL,LOCAL,2,CLOUD,CLOUD,0,0,none
2026-04-20 13:05:33,1226,68.44,126.06,66.06,58.79,88.60,-20.16,down,163.46,129.17,-1.00,1,0.00,1,1,1,0.702,CLOUD,,0,CLOUD,CLOUD,0,0,none
2026-04-20 13:05:35,1227,68.44,126.06,66.28,58.79,68.44,0.00,stable,168.55,129.17,-1.00,1,0.00,1,1,1,0.771,CLOUD,,0,CLOUD,CLOUD,0,0,none
2026-04-20 13:05:37,1228,66.05,152.72,65.78,58.75,68.44,-2.39,stable,153.97,129.17,-1.00,1,0.00,1,1,1,0.703,CLOUD,,0,CLOUD,CLOUD,0,0,none
2026-04-20 13:05:39,1229,66.05,152.72,66.08,58.79,66.05,0.00,stable,139.39,129.17,-1.00,1,0.00,1,1,1,0.794,CLOUD,,0,CLOUD,CLOUD,0,0,none
2026-04-20 13:05:41,1230,83.31,92.11,66.00,58.78,66.05,17.26,up,130.90,129.17,-1.00,1,0.00,1,0,0,0.500,LOCAL,LOCAL,1,CLOUD,CLOUD,0,0,none
2026-04-20 13:05:43,1231,83.31,92.11,66.14,58.79,83.31,0.00,stable,122.41,129.17,-1.00,1,0.00,1,0,0,0.500,LOCAL,LOCAL,2,CLOUD,CLOUD,0,0,none
2026-04-20 13:05:45,1232,116.17,67.32,66.08,58.80,83.31,32.86,up,101.06,129.17,-1.00,1,0.00,1,0,0,0.500,LOCAL,,0,CLOUD,LOCAL,1,0,started
2026-04-20 13:05:48,1233,107.84,157.10,66.29,59.54,116.17,-8.33,stable,102.16,129.17,-1.00,1,0.00,1,1,0,0.500,LOCAL,,0,LOCAL,LOCAL,0,0,none
2026-04-20 13:05:50,1234,107.84,157.10,66.50,61.44,107.84,0.00,stable,118.41,179.99,-1.00,1,0.00,1,1,0,0.500,LOCAL,,0,LOCAL,LOCAL,0,0,none
2026-04-20 13:05:52,1235,107.84,157.10,66.50,63.81,107.84,0.00,stable,134.66,170.14,-1.00,1,0.00,1,1,0,0.500,LOCAL,,0,LOCAL,LOCAL,0,0,none
2026-04-20 13:05:54,1236,84.33,5.22,66.75,66.61,107.84,-23.51,down,119.13,197.84,-1.00,1,25.00,0,0,0,0.500,LOCAL,,0,LOCAL,LOCAL,0,0,none
2026-04-20 13:05:56,1237,26.02,234.48,66.56,69.04,84.33,-58.31,down,138.48,190.94,-1.00,1,0.00,1,1,1,0.999,CLOUD,CLOUD,1,LOCAL,LOCAL,0,0,none
2026-04-20 13:05:58,1238,26.02,234.48,66.69,70.12,26.02,0.00,stable,157.82,193.01,-1.00,1,0.00,1,1,1,0.999,CLOUD,CLOUD,2,LOCAL,LOCAL,0,0,none
2026-04-20 13:06:00,1239,27.38,519.25,66.61,69.24,26.02,1.36,stable,248.36,184.23,-1.00,1,0.00,1,1,1,1.000,CLOUD,,0,LOCAL,CLOUD,1,0,started
2026-04-20 13:06:03,1240,40.30,122.58,66.61,59.80,27.38,12.92,up,277.70,248.30,-1.00,1,0.00,1,1,1,0.989,CLOUD,,0,CLOUD,CLOUD,0,0,none
2026-04-20 13:06:05,1241,40.30,122.58,66.15,59.50,40.30,0.00,stable,249.72,248.30,-1.00,1,0.00,1,1,1,0.978,CLOUD,,0,CLOUD,CLOUD,0,0,none
2026-04-20 13:06:07,1242,45.96,164.95,65.92,59.47,40.30,5.66,stable,232.34,248.30,-1.00,1,0.00,1,1,1,0.960,CLOUD,,0,CLOUD,CLOUD,0,0,none
2026-04-20 13:06:09,1243,45.96,164.95,66.14,59.50,45.96,0.00,stable,143.77,248.30,-1.00,1,0.00,1,1,1,0.972,CLOUD,,0,CLOUD,CLOUD,0,0,none
2026-04-20 13:06:11,1244,60.20,241.05,66.00,59.46,45.96,14.24,up,173.38,248.30,-1.00,1,0.00,1,1,1,0.925,CLOUD,,0,CLOUD,CLOUD,0,0,none
2026-04-20 13:06:13,1245,47.27,139.91,66.22,59.51,60.20,-12.93,down,177.72,248.30,-1.00,1,0.00,1,1,1,0.966,CLOUD,,0,CLOUD,CLOUD,0,0,none
2026-04-20 13:06:15,1246,47.27,139.91,66.00,59.50,47.27,0.00,stable,171.45,248.30,-1.00,1,0.00,1,1,1,0.952,CLOUD,,0,CLOUD,CLOUD,0,0,none
2026-04-20 13:06:17,1247,168.05,118.42,66.06,59.47,47.27,120.79,up,159.82,248.30,-1.00,1,0.00,1,1,0,0.500,LOCAL,LOCAL,1,CLOUD,CLOUD,0,0,none
2026-04-20 13:06:19,1248,168.05,118.42,66.22,59.50,168.05,0.00,stable,129.17,248.30,-1.00,1,0.00,1,1,0,0.500,LOCAL,LOCAL,2,CLOUD,CLOUD,0,0,none
2026-04-20 13:06:21,1249,89.94,60.50,65.89,59.47,168.05,-78.11,down,109.32,248.30,-1.00,1,0.00,1,0,0,0.500,LOCAL,,0,CLOUD,LOCAL,1,0,started
2026-04-20 13:06:24,1250,89.94,60.50,66.64,59.66,89.94,0.00,stable,89.46,204.63,-1.00,1,0.00,1,0,0,0.500,LOCAL,,0,LOCAL,LOCAL,0,0,none
2026-04-20 13:06:26,1251,29.08,1874.24,66.67,61.54,89.94,-60.86,down,528.42,178.62,-1.00,1,0.00,1,1,1,1.000,CLOUD,CLOUD,1,LOCAL,LOCAL,0,0,none
2026-04-20 13:06:28,1252,794.27,576.96,66.67,64.09,29.08,765.19,up,643.05,165.18,-1.00,1,0.00,0,1,0,0.500,LOCAL,,0,LOCAL,LOCAL,0,0,none
2026-04-20 13:06:30,1253,794.27,576.96,66.58,66.81,794.27,0.00,stable,772.17,215.53,-1.00,1,0.00,0,1,0,0.500,LOCAL,,0,LOCAL,LOCAL,0,0,none
2026-04-20 13:06:32,1254,137.15,287.31,66.56,69.72,794.27,-657.12,down,828.87,160.72,-1.00,1,0.00,1,1,0,0.500,LOCAL,,0,LOCAL,LOCAL,0,0,none
2026-04-20 13:06:34,1255,137.15,287.31,66.69,70.33,137.15,0.00,stable,432.13,210.81,-1.00,1,0.00,1,1,0,0.500,LOCAL,,0,LOCAL,LOCAL,0,0,none
2026-04-20 13:06:36,1256,46.22,489.04,66.64,68.95,137.15,-90.93,down,410.15,169.24,-1.00,1,0.00,1,1,1,0.999,CLOUD,CLOUD,1,LOCAL,LOCAL,0,0,none
2026-04-20 13:06:38,1257,1111.76,351.96,66.56,58.77,46.22,1065.54,up,353.90,178.17,-1.00,1,0.00,0,1,0,0.500,LOCAL,,0,LOCAL,LOCAL,0,0,none
2026-04-20 13:06:40,1258,1111.76,351.96,66.64,58.76,1111.76,0.00,stable,370.06,174.31,-1.00,1,0.00,0,1,0,0.500,LOCAL,,0,LOCAL,LOCAL,0,0,none
2026-04-20 13:06:42,1259,81.51,313.37,66.56,58.76,1111.76,-1030.25,down,376.58,164.64,-1.00,1,0.00,1,1,1,0.864,CLOUD,CLOUD,1,LOCAL,LOCAL,0,0,none
2026-04-20 13:06:44,1260,81.51,313.37,66.61,58.77,81.51,0.00,stable,332.66,178.98,-1.00,1,0.00,1,1,1,0.874,CLOUD,CLOUD,2,LOCAL,LOCAL,0,0,none
2026-04-20 13:06:46,1261,14.63,56.87,66.61,58.76,81.51,-66.88,down,258.89,177.02,-1.00,1,25.00,0,0,1,0.999,CLOUD,,0,LOCAL,CLOUD,1,0,started
2026-04-20 13:06:48,1262,14.63,56.87,66.67,59.35,14.63,0.00,stable,185.12,257.02,-1.00,1,25.00,0,0,1,0.999,CLOUD,,0,CLOUD,CLOUD,0,0,none
2026-04-20 13:06:50,1263,99.31,37.08,66.42,59.49,14.63,84.68,up,116.04,257.02,-1.00,1,0.00,1,0,0,0.500,LOCAL,LOCAL,1,CLOUD,CLOUD,0,0,none
2026-04-20 13:06:53,1264,64.96,238.80,66.09,59.76,99.31,-34.35,down,97.40,257.02,-1.00,1,0.00,1,1,1,0.896,CLOUD,,0,CLOUD,CLOUD,0,0,none
2026-04-20 13:06:55,1265,64.96,238.80,66.14,59.50,64.96,0.00,stable,142.89,257.02,-1.00,1,0.00,1,1,1,0.904,CLOUD,,0,CLOUD,CLOUD,0,0,none
2026-04-20 13:06:57,1266,85.10,80.39,66.06,59.48,64.96,20.14,up,148.77,257.02,-1.00,1,0.00,1,0,0,0.500,LOCAL,LOCAL,1,CLOUD,CLOUD,0,0,none
2026-04-20 13:06:59,1267,85.10,80.39,65.97,59.52,85.10,0.00,stable,159.60,257.02,-1.00,1,0.00,1,0,0,0.500,LOCAL,LOCAL,2,CLOUD,CLOUD,0,0,none
2026-04-20 13:07:01,1268,53.81,50.55,66.31,59.46,85.10,-31.29,down,112.54,257.02,-1.00,1,0.00,1,0,1,0.892,CLOUD,,0,CLOUD,CLOUD,0,0,none
2026-04-20 13:07:03,1269,53.81,50.55,66.03,59.51,53.81,0.00,stable,65.47,257.02,-1.00,1,0.00,1,0,1,0.841,CLOUD,,0,CLOUD,CLOUD,0,0,none
2026-04-20 13:07:05,1270,64.02,66.16,66.17,59.50,53.81,10.21,up,61.92,257.02,-1.00,1,0.00,1,0,1,0.730,CLOUD,,0,CLOUD,CLOUD,0,0,none
2026-04-20 13:07:07,1271,41.56,111.51,65.95,59.50,64.02,-22.46,down,69.69,257.02,-1.00,1,0.00,1,1,1,0.963,CLOUD,,0,CLOUD,CLOUD,0,0,none
2026-04-20 13:07:09,1272,41.56,111.51,66.17,59.48,41.56,0.00,stable,84.93,257.02,-1.00,1,0.00,1,1,1,0.973,CLOUD,,0,CLOUD,CLOUD,0,0,none
2026-04-20 13:07:11,1273,157.16,38.44,66.14,58.77,41.56,115.60,up,81.90,257.02,-1.00,1,0.00,1,0,0,0.500,LOCAL,LOCAL,1,CLOUD,CLOUD,0,0,none
2026-04-20 13:07:13,1274,157.16,38.44,66.06,58.82,157.16,0.00,stable,74.97,257.02,-1.00,1,0.00,1,0,0,0.500,LOCAL,LOCAL,2,CLOUD,CLOUD,0,0,none
2026-04-20 13:07:15,1275,153.53,121.27,65.98,58.77,157.16,-3.64,stable,77.41,257.02,-1.00,1,0.00,1,1,0,0.500,LOCAL,,0,CLOUD,LOCAL,1,0,started
2026-04-20 13:07:17,1276,22.34,489.02,66.69,59.69,153.53,-131.18,down,171.79,132.40,-1.00,1,0.00,1,1,1,1.000,CLOUD,CLOUD,1,LOCAL,LOCAL,0,0,none
2026-04-20 13:07:19,1277,22.34,489.02,66.56,62.27,22.34,0.00,stable,284.44,172.09,-1.00,1,0.00,1,1,1,1.000,CLOUD,CLOUD,2,LOCAL,LOCAL,0,0,none
2026-04-20 13:07:21,1278,78.92,530.96,66.58,64.49,22.34,56.58,up,407.57,132.93,-1.00,1,0.00,1,1,1,0.980,CLOUD,,0,LOCAL,CLOUD,1,0,started
2026-04-20 13:07:23,1279,287.52,28.96,66.62,59.36,78.92,208.60,up,384.49,239.09,-1.00,1,0.00,0,0,0,0.500,LOCAL,LOCAL,1,CLOUD,CLOUD,0,0,none
2026-04-20 13:07:25,1280,287.52,28.96,66.25,59.45,287.52,0.00,stable,269.47,239.09,-1.00,1,0.00,0,0,0,0.500,LOCAL,LOCAL,2,CLOUD,CLOUD,0,0,none
2026-04-20 13:07:27,1281,75.58,170.48,66.14,59.50,287.52,-211.94,down,189.84,239.09,-1.00,1,0.00,1,1,1,0.653,CLOUD,,0,CLOUD,CLOUD,0,0,none
2026-04-20 13:07:29,1282,75.58,170.48,66.22,59.51,75.58,0.00,stable,99.72,239.09,-1.00,1,0.00,1,1,1,0.682,CLOUD,,0,CLOUD,CLOUD,0,0,none
2026-04-20 13:07:31,1283,45.27,53.95,66.11,59.50,75.58,-30.32,down,105.97,239.09,-1.00,1,0.00,1,0,1,0.936,CLOUD,,0,CLOUD,CLOUD,0,0,none
2026-04-20 13:07:33,1284,95.05,1938.11,66.14,59.49,45.27,49.79,up,583.25,239.09,-1.00,0,0.00,1,1,1,1.000,CLOUD,,0,CLOUD,CLOUD,0,0,none
2026-04-20 13:07:35,1285,95.05,1938.11,65.97,59.48,95.05,0.00,stable,1025.16,239.09,-1.00,0,0.00,1,1,1,1.000,CLOUD,,0,CLOUD,CLOUD,0,0,none
2026-04-20 13:07:37,1286,58.55,239.88,66.14,59.48,95.05,-36.51,down,1042.51,239.09,-1.00,1,0.00,1,1,1,0.947,CLOUD,,0,CLOUD,CLOUD,0,0,none
2026-04-20 13:07:39,1287,81.25,2087.50,65.99,59.60,58.55,22.70,up,1550.90,239.09,-1.00,1,0.00,1,1,1,1.000,CLOUD,,0,CLOUD,CLOUD,0,0,none
2026-04-20 13:07:41,1288,81.25,2087.50,66.07,59.49,81.25,0.00,stable,1588.25,239.09,-1.00,1,0.00,1,1,1,1.000,CLOUD,,0,CLOUD,CLOUD,0,0,none
2026-04-20 13:07:43,1289,39.12,210.41,65.97,59.45,81.25,-42.14,down,1156.32,239.09,-1.00,1,0.00,1,1,1,0.987,CLOUD,,0,CLOUD,CLOUD,0,0,none
2026-04-20 13:07:45,1290,39.12,210.41,66.31,58.79,39.12,0.00,stable,1148.95,239.09,-1.00,1,0.00,1,1,1,0.992,CLOUD,,0,CLOUD,CLOUD,0,0,none
2026-04-20 13:07:47,1291,35.45,77.90,65.92,58.85,39.12,-3.66,stable,646.56,239.09,-1.00,1,0.00,1,0,1,0.972,CLOUD,,0,CLOUD,CLOUD,0,0,none
2026-04-20 13:07:51,1292,42.63,62.09,66.05,59.21,35.45,7.17,stable,140.20,239.09,-1.00,1,0.00,1,0,1,0.949,CLOUD,,0,CLOUD,CLOUD,0,0,none
2026-04-20 13:07:53,1293,42.63,62.09,66.15,58.90,42.63,0.00,stable,103.12,239.09,-1.00,1,0.00,1,0,1,0.956,CLOUD,,0,CLOUD,CLOUD,0,0,none
2026-04-20 13:07:56,1294,135.26,92.30,65.81,59.12,42.63,92.63,up,73.59,239.09,-1.00,1,0.00,1,0,0,0.500,LOCAL,LOCAL,1,CLOUD,CLOUD,0,0,none
2026-04-20 13:07:58,1295,135.26,92.30,66.09,58.88,135.26,0.00,stable,77.19,239.09,-1.00,1,0.00,1,0,0,0.500,LOCAL,LOCAL,2,CLOUD,CLOUD,0,0,none
2026-04-20 13:08:00,1296,85.03,158.24,65.97,58.89,135.26,-50.23,down,101.23,239.09,-1.00,1,0.00,1,1,0,0.500,LOCAL,,0,CLOUD,LOCAL,1,0,started
2026-04-20 13:08:02,1297,85.03,158.24,66.64,59.77,85.03,0.00,stable,125.27,239.09,-1.00,1,0.00,1,1,1,0.596,CLOUD,CLOUD,1,LOCAL,LOCAL,0,0,none
2026-04-20 13:08:04,1298,106.19,928.30,66.56,62.20,85.03,21.16,up,334.27,184.27,-1.00,1,0.00,1,1,1,0.987,CLOUD,CLOUD,2,LOCAL,LOCAL,0,0,none
2026-04-20 13:08:06,1299,40.42,482.44,66.45,64.19,106.19,-65.77,down,431.81,194.92,-1.00,0,0.00,1,1,1,0.999,CLOUD,,0,LOCAL,CLOUD,1,0,started
2026-04-20 13:08:09,1300,40.42,482.44,66.67,59.41,40.42,0.00,stable,512.86,157.24,-1.00,1,0.00,1,1,1,0.999,CLOUD,,0,CLOUD,CLOUD,0,0,none
2026-04-20 13:08:11,1301,619.28,107.44,66.53,59.55,40.42,578.86,up,500.16,157.24,-1.00,1,0.00,0,1,0,0.500,LOCAL,LOCAL,1,CLOUD,CLOUD,0,0,none
2026-04-20 13:08:13,1302,80.73,79.94,66.06,59.56,619.28,-538.54,down,288.07,157.24,-1.00,1,0.00,1,0,0,0.500,LOCAL,LOCAL,2,CLOUD,CLOUD,0,0,none
2026-04-20 13:08:15,1303,80.73,79.94,66.06,59.53,80.73,0.00,stable,187.44,157.24,-1.00,1,0.00,1,0,0,0.500,LOCAL,,0,CLOUD,LOCAL,1,0,started
2026-04-20 13:08:17,1304,67.48,1639.36,66.61,59.93,80.73,-13.25,down,476.67,201.04,-1.00,1,0.00,1,1,1,1.000,CLOUD,CLOUD,1,LOCAL,LOCAL,0,0,none
2026-04-20 13:08:19,1305,67.48,1639.36,66.61,62.27,67.48,0.00,stable,859.65,165.90,-1.00,1,0.00,1,1,1,1.000,CLOUD,CLOUD,2,LOCAL,LOCAL,0,0,none
2026-04-20 13:08:21,1306,424.11,190.96,66.50,64.55,67.48,356.62,up,887.41,214.12,-1.00,1,0.00,0,1,0,0.500,LOCAL,,0,LOCAL,LOCAL,0,0,none
2026-04-20 13:08:23,1307,52.17,141.60,66.69,67.49,424.11,-371.93,down,902.82,164.89,-1.00,1,0.00,1,1,1,0.974,CLOUD,CLOUD,1,LOCAL,LOCAL,0,0,none
2026-04-20 13:08:25,1308,52.17,141.60,66.48,70.19,52.17,0.00,stable,528.38,181.33,-1.00,1,0.00,1,1,1,0.964,CLOUD,CLOUD,2,LOCAL,LOCAL,0,0,none
2026-04-20 13:08:27,1309,79.80,346.05,66.61,70.82,52.17,27.63,up,205.05,256.91,-1.00,1,0.00,1,1,1,0.914,CLOUD,,0,LOCAL,CLOUD,1,0,started
2026-04-20 13:08:30,1310,75.68,115.44,66.67,59.83,79.80,-4.12,stable,186.17,256.91,-1.00,1,0.00,1,1,1,0.735,CLOUD,,0,CLOUD,CLOUD,0,0,none
2026-04-20 13:08:32,1311,75.68,115.44,66.23,59.57,75.68,0.00,stable,179.63,256.91,-1.00,1,0.00,1,1,1,0.580,CLOUD,,0,CLOUD,CLOUD,0,0,none
2026-04-20 13:08:34,1312,78.08,201.06,66.03,59.55,75.68,2.41,stable,194.50,256.91,-1.00,1,0.00,1,1,1,0.610,CLOUD,,0,CLOUD,CLOUD,0,0,none
2026-04-20 13:08:36,1313,78.08,201.06,66.19,59.57,78.08,0.00,stable,158.25,256.91,-1.00,1,0.00,1,1,1,0.671,CLOUD,,0,CLOUD,CLOUD,0,0,none
2026-04-20 13:08:38,1314,44.35,116.74,66.14,59.54,78.08,-33.73,down,158.58,256.91,-1.00,1,0.00,1,1,1,0.965,CLOUD,,0,CLOUD,CLOUD,0,0,none
2026-04-20 13:08:41,1315,91.55,172.91,66.00,59.94,44.35,47.19,up,172.94,256.91,-1.00,1,0.00,1,1,0,0.500,LOCAL,LOCAL,1,CLOUD,CLOUD,0,0,none
2026-04-20 13:08:43,1316,91.55,172.91,66.23,59.57,91.55,0.00,stable,165.91,256.91,-1.00,1,0.00,1,1,0,0.500,LOCAL,LOCAL,2,CLOUD,CLOUD,0,0,none
2026-04-20 13:08:45,1317,75.19,158.22,66.14,59.55,91.55,-16.36,down,155.20,256.91,-1.00,1,0.00,1,1,1,0.639,CLOUD,,0,CLOUD,CLOUD,0,0,none
2026-04-20 13:08:47,1318,75.19,158.22,66.08,59.58,75.19,0.00,stable,165.57,256.91,-1.00,1,0.00,1,1,1,0.618,CLOUD,,0,CLOUD,CLOUD,0,0,none
2026-04-20 13:08:49,1319,28.86,87.43,66.06,59.54,75.19,-46.32,down,144.20,256.91,-1.00,1,0.00,1,0,1,0.989,CLOUD,,0,CLOUD,CLOUD,0,0,none
2026-04-20 13:08:52,1320,99.62,168.26,66.10,59.15,28.86,70.76,up,143.03,256.91,-1.00,1,0.00,1,1,0,0.500,LOCAL,LOCAL,1,CLOUD,CLOUD,0,0,none
2026-04-20 13:08:54,1321,99.62,168.26,66.09,58.91,99.62,0.00,stable,145.54,256.91,-1.00,1,0.00,1,1,0,0.500,LOCAL,LOCAL,2,CLOUD,CLOUD,0,0,none
2026-04-20 13:08:57,1322,86.90,69.47,65.95,59.06,99.62,-12.73,down,123.35,256.91,-1.00,1,0.00,1,0,0,0.500,LOCAL,,0,CLOUD,LOCAL,1,0,started
2026-04-20 13:08:59,1323,86.90,69.47,66.64,59.68,86.90,0.00,stable,118.86,192.87,-1.00,1,0.00,1,0,0,0.500,LOCAL,,0,LOCAL,LOCAL,0,0,none
2026-04-20 13:09:01,1324,17.37,385.20,66.56,62.31,86.90,-69.53,down,173.10,139.39,-1.00,1,0.00,1,1,1,1.000,CLOUD,CLOUD,1,LOCAL,LOCAL,0,0,none
2026-04-20 13:09:03,1325,17.37,385.20,66.56,64.09,17.37,0.00,stable,227.33,176.25,-1.00,1,0.00,1,1,1,1.000,CLOUD,CLOUD,2,LOCAL,LOCAL,0,0,none
2026-04-20 13:09:05,1326,36.91,380.66,66.56,66.81,17.37,19.55,up,305.13,269.09,-1.00,1,0.00,1,1,1,0.999,CLOUD,,0,LOCAL,CLOUD,1,0,started
2026-04-20 13:09:08,1327,36.91,380.66,66.69,59.43,36.91,0.00,stable,382.93,118.80,-1.00,1,0.00,1,1,1,0.999,CLOUD,,0,CLOUD,CLOUD,0,0,none
2026-04-20 13:09:13,1328,19.26,3.85,65.96,59.85,36.91,-17.66,down,287.59,118.80,-1.00,1,25.00,0,0,1,0.991,CLOUD,,0,CLOUD,CLOUD,0,0,none
2026-04-20 13:09:15,1329,19.26,3.85,66.15,59.60,19.26,0.00,stable,192.25,118.80,-1.00,1,25.00,0,0,1,0.993,CLOUD,,0,CLOUD,CLOUD,0,0,none
2026-04-20 13:09:17,1330,94.94,131.68,66.14,59.56,19.26,75.68,up,130.01,118.80,-1.00,1,0.00,1,1,0,0.500,LOCAL,LOCAL,1,CLOUD,CLOUD,0,0,none
2026-04-20 13:09:19,1331,94.94,131.68,66.08,59.60,94.94,0.00,stable,67.77,118.80,-1.00,1,0.00,1,1,0,0.500,LOCAL,LOCAL,2,CLOUD,CLOUD,0,0,none
2026-04-20 13:09:21,1332,46.78,102.25,65.86,59.56,94.94,-48.16,down,92.37,118.80,-1.00,1,0.00,1,1,1,0.925,CLOUD,,0,CLOUD,CLOUD,0,0,none
2026-04-20 13:09:23,1333,46.78,102.25,66.03,59.61,46.78,0.00,stable,116.97,118.80,-1.00,1,0.00,1,1,1,0.942,CLOUD,,0,CLOUD,CLOUD,0,0,none
2026-04-20 13:09:25,1334,67.49,182.92,66.14,59.59,46.78,20.71,up,129.78,118.80,-1.00,1,0.00,1,1,1,0.824,CLOUD,,0,CLOUD,CLOUD,0,0,none
2026-04-20 13:09:27,1335,67.49,182.92,66.08,59.60,67.49,0.00,stable,142.58,118.80,-1.00,1,0.00,1,1,1,0.810,CLOUD,,0,CLOUD,CLOUD,0,0,none
2026-04-20 13:09:29,1336,379.11,73.74,66.14,59.47,67.49,311.62,up,135.46,118.80,-1.00,1,0.00,0,0,0,0.500,LOCAL,LOCAL,1,CLOUD,CLOUD,0,0,none
2026-04-20 13:09:32,1337,51.08,130.96,66.00,59.25,379.11,-328.03,down,142.63,118.80,-1.00,1,0.00,1,1,1,0.927,CLOUD,,0,CLOUD,CLOUD,0,0,none
2026-04-20 13:09:34,1338,51.08,130.96,66.09,58.90,51.08,0.00,stable,129.64,118.80,-1.00,1,0.00,1,1,1,0.936,CLOUD,,0,CLOUD,CLOUD,0,0,none
2026-04-20 13:09:36,1339,100.38,47.51,66.03,58.90,51.08,49.30,up,95.79,118.80,-1.00,1,0.00,1,0,0,0.500,LOCAL,LOCAL,1,CLOUD,CLOUD,0,0,none
2026-04-20 13:09:38,1340,100.38,47.51,66.11,58.86,100.38,0.00,stable,89.24,118.80,-1.00,1,0.00,1,0,0,0.500,LOCAL,LOCAL,2,CLOUD,CLOUD,0,0,none
2026-04-20 13:09:40,1341,85.28,907.98,66.17,58.90,100.38,-15.10,down,283.49,118.80,-1.00,1,0.00,1,1,1,0.996,CLOUD,,0,CLOUD,CLOUD,0,0,none
2026-04-20 13:09:42,1342,111.97,238.41,66.11,58.90,85.28,26.69,up,310.35,118.80,-1.00,1,0.00,1,1,0,0.500,LOCAL,LOCAL,1,CLOUD,CLOUD,0,0,none
2026-04-20 13:09:44,1343,111.97,238.41,66.06,58.86,111.97,0.00,stable,358.08,118.80,-1.00,1,0.00,1,1,0,0.500,LOCAL,LOCAL,2,CLOUD,CLOUD,0,0,none
2026-04-20 13:09:46,1344,64.82,135.19,66.03,58.90,111.97,-47.15,down,380.00,118.80,-1.00,1,0.00,1,1,1,0.777,CLOUD,,0,CLOUD,CLOUD,0,0,none
2026-04-20 13:09:48,1345,64.82,135.19,65.98,58.86,64.82,0.00,stable,186.80,118.80,-1.00,1,0.00,1,1,1,0.762,CLOUD,,0,CLOUD,CLOUD,0,0,none
2026-04-20 13:09:50,1346,29.21,2090.36,66.20,58.90,64.82,-35.61,down,649.79,118.80,-1.00,1,0.00,1,1,1,1.000,CLOUD,,0,CLOUD,CLOUD,0,0,none
2026-04-20 13:09:52,1347,45.26,223.01,66.08,58.86,29.21,16.05,up,645.94,118.80,-1.00,1,0.00,1,1,1,0.982,CLOUD,,0,CLOUD,CLOUD,0,0,none
2026-04-20 13:09:54,1348,45.26,223.01,66.00,58.91,45.26,0.00,stable,667.89,118.80,-1.00,1,0.00,1,1,1,0.979,CLOUD,,0,CLOUD,CLOUD,0,0,none
2026-04-20 13:09:56,1349,46.51,79.26,66.08,58.87,45.26,1.26,stable,653.91,118.80,-1.00,1,0.00,1,0,1,0.938,CLOUD,,0,CLOUD,CLOUD,0,0,none
2026-04-20 13:09:58,1350,46.51,79.26,66.06,58.90,46.51,0.00,stable,151.14,118.80,-1.00,1,0.00,1,0,1,0.935,CLOUD,,0,CLOUD,CLOUD,0,0,none
2026-04-20 13:10:01,1351,93.11,40.30,65.82,59.14,46.51,46.59,up,105.46,118.80,-1.00,1,0.00,1,0,0,0.500,LOCAL,LOCAL,1,CLOUD,CLOUD,0,0,none
2026-04-20 13:10:03,1352,93.11,40.30,66.01,58.87,93.11,0.00,stable,59.78,118.80,-1.00,1,0.00,1,0,0,0.500,LOCAL,LOCAL,2,CLOUD,CLOUD,0,0,none
2026-04-20 13:10:05,1353,143.73,85.55,66.17,58.91,93.11,50.62,up,61.35,118.80,-1.00,1,0.00,1,0,0,0.500,LOCAL,,0,CLOUD,LOCAL,1,0,started
2026-04-20 13:10:07,1354,143.73,85.55,66.61,59.83,143.73,0.00,stable,62.93,118.80,-1.00,1,0.00,1,0,0,0.500,LOCAL,,0,LOCAL,LOCAL,0,0,none
2026-04-20 13:10:09,1355,81.71,276.49,66.56,61.90,143.73,-62.03,down,121.97,118.80,-1.00,1,0.00,1,1,1,0.822,CLOUD,CLOUD,1,LOCAL,LOCAL,0,0,none
2026-04-20 13:10:11,1356,49.53,2408.10,66.61,63.98,81.71,-32.18,down,713.92,176.93,-1.00,1,0.00,1,1,1,1.000,CLOUD,CLOUD,2,LOCAL,LOCAL,0,0,none
2026-04-20 13:10:13,1357,49.53,2408.10,66.53,66.81,49.53,0.00,stable,1294.56,192.65,-1.00,1,0.00,1,1,1,1.000,CLOUD,,0,LOCAL,CLOUD,1,0,started
2026-04-20 13:10:16,1358,48.68,135.47,66.71,59.46,49.53,-0.85,stable,1307.04,259.86,-1.00,1,0.00,1,1,1,0.981,CLOUD,,0,CLOUD,CLOUD,0,0,none
2026-04-20 13:10:18,1359,61.20,74.44,66.39,59.56,48.68,12.52,up,1256.53,259.86,-1.00,1,0.00,1,0,1,0.845,CLOUD,,0,CLOUD,CLOUD,0,0,none
2026-04-20 13:10:20,1360,61.20,74.44,66.06,59.59,61.20,0.00,stable,673.11,259.86,-1.00,1,0.00,1,0,1,0.762,CLOUD,,0,CLOUD,CLOUD,0,0,none
2026-04-20 13:10:22,1361,49.34,158.44,66.09,59.54,61.20,-11.86,down,110.70,259.86,-1.00,1,0.00,1,1,1,0.956,CLOUD,,0,CLOUD,CLOUD,0,0,none
2026-04-20 13:10:24,1362,49.34,158.44,66.19,59.58,49.34,0.00,stable,116.44,259.86,-1.00,1,0.00,1,1,1,0.962,CLOUD,,0,CLOUD,CLOUD,0,0,none
2026-04-20 13:10:26,1363,51.93,103.70,66.17,59.58,49.34,2.59,stable,123.75,259.86,-1.00,1,0.00,1,1,1,0.924,CLOUD,,0,CLOUD,CLOUD,0,0,none
2026-04-20 13:10:28,1364,53.66,198.49,66.09,59.75,51.93,1.73,stable,154.77,259.86,-1.00,1,0.00,1,1,1,0.951,CLOUD,,0,CLOUD,CLOUD,0,0,none
2026-04-20 13:10:30,1365,53.66,198.49,66.10,59.53,53.66,0.00,stable,164.78,259.86,-1.00,1,0.00,1,1,1,0.952,CLOUD,,0,CLOUD,CLOUD,0,0,none
2026-04-20 13:10:32,1366,53.66,198.49,66.08,59.58,53.66,0.00,stable,174.80,259.86,-1.00,1,0.00,1,1,1,0.951,CLOUD,,0,CLOUD,CLOUD,0,0,none
2026-04-20 13:10:34,1367,36.14,94.46,66.08,59.57,53.66,-17.52,down,172.49,259.86,-1.00,1,25.00,0,0,1,0.980,CLOUD,,0,CLOUD,CLOUD,0,0,none
2026-04-20 13:10:36,1368,41.25,59.78,66.08,59.58,36.14,5.11,stable,137.81,259.86,-1.00,1,0.00,1,0,1,0.956,CLOUD,,0,CLOUD,CLOUD,0,0,none
2026-04-20 13:10:38,1369,41.25,59.78,66.25,58.92,41.25,0.00,stable,103.13,259.86,-1.00,1,0.00,1,0,1,0.966,CLOUD,,0,CLOUD,CLOUD,0,0,none
2026-04-20 13:10:40,1370,98.79,158.69,66.11,58.89,41.25,57.54,up,93.18,259.86,-1.00,1,0.00,1,1,0,0.500,LOCAL,LOCAL,1,CLOUD,CLOUD,0,0,none
2026-04-20 13:10:42,1371,98.79,158.69,66.28,58.91,98.79,0.00,stable,109.23,259.86,-1.00,1,0.00,1,1,0,0.500,LOCAL,LOCAL,2,CLOUD,CLOUD,0,0,none
2026-04-20 13:10:44,1372,43.25,236.80,66.00,58.86,98.79,-55.54,down,153.49,259.86,-1.00,1,0.00,1,1,1,0.985,CLOUD,,0,CLOUD,CLOUD,0,0,none
2026-04-20 13:10:46,1373,43.25,236.80,66.11,58.89,43.25,0.00,stable,197.74,259.86,-1.00,1,0.00,1,1,1,0.987,CLOUD,,0,CLOUD,CLOUD,0,0,none
2026-04-20 13:10:48,1374,70.81,306.15,65.92,58.86,43.25,27.56,up,234.61,259.86,-1.00,1,0.00,1,1,1,0.862,CLOUD,,0,CLOUD,CLOUD,0,0,none
2026-04-20 13:10:51,1375,51.30,67.00,66.09,59.11,70.81,-19.51,down,211.69,259.86,-1.00,1,0.00,1,0,1,0.895,CLOUD,,0,CLOUD,CLOUD,0,0,none
2026-04-20 13:10:53,1376,51.30,67.00,66.04,58.88,51.30,0.00,stable,169.24,259.86,-1.00,1,0.00,1,0,1,0.888,CLOUD,,0,CLOUD,CLOUD,0,0,none
2026-04-20 13:10:55,1377,52.66,142.07,65.83,58.85,51.30,1.36,stable,145.56,259.86,-1.00,1,0.00,1,1,1,0.901,CLOUD,,0,CLOUD,CLOUD,0,0,none
2026-04-20 13:10:57,1378,52.66,142.07,66.03,58.89,52.66,0.00,stable,104.54,259.86,-1.00,1,0.00,1,1,1,0.925,CLOUD,,0,CLOUD,CLOUD,0,0,none
2026-04-20 13:10:59,1379,77.66,247.33,65.97,58.88,52.66,25.01,up,149.62,259.86,-1.00,1,0.00,1,1,1,0.684,CLOUD,,0,CLOUD,CLOUD,0,0,none
2026-04-20 13:11:01,1380,77.66,247.33,66.03,58.90,77.66,0.00,stable,194.70,259.86,-1.00,1,0.00,1,1,1,0.703,CLOUD,,0,CLOUD,CLOUD,0,0,none
2026-04-20 13:11:03,1381,108.38,60.92,66.11,58.91,77.66,30.72,up,174.41,259.86,-1.00,1,0.00,1,0,0,0.500,LOCAL,LOCAL,1,CLOUD,CLOUD,0,0,none
2026-04-20 13:11:05,1382,170.32,164.23,65.97,58.88,108.38,61.94,up,179.95,259.86,-1.00,1,0.00,1,1,0,0.500,LOCAL,LOCAL,2,CLOUD,CLOUD,0,0,none
2026-04-20 13:11:07,1383,170.32,164.23,66.06,58.87,170.32,0.00,stable,159.18,259.86,-1.00,1,0.00,1,1,0,0.500,LOCAL,,0,CLOUD,LOCAL,1,0,started
2026-04-20 13:11:09,1384,46.86,1288.77,66.61,59.67,170.32,-123.46,down,419.54,187.75,-1.00,1,0.00,1,1,1,1.000,CLOUD,CLOUD,1,LOCAL,LOCAL,0,0,none
2026-04-20 13:11:11,1385,27.73,259.25,66.47,62.34,46.86,-19.12,down,469.12,284.20,-1.00,1,0.00,1,1,1,0.999,CLOUD,CLOUD,2,LOCAL,LOCAL,0,0,none
2026-04-20 13:11:13,1386,27.73,259.25,66.56,64.20,27.73,0.00,stable,492.87,187.59,-1.00,1,0.00,1,1,1,0.999,CLOUD,,0,LOCAL,CLOUD,1,0,started
2026-04-20 13:11:15,1387,48.34,76.26,66.67,59.43,27.73,20.61,up,470.88,257.26,-1.00,1,0.00,1,0,1,0.969,CLOUD,,0,CLOUD,CLOUD,0,0,none
2026-04-20 13:11:17,1388,62.02,393.17,66.42,59.56,48.34,13.68,up,246.98,257.26,-1.00,1,0.00,1,1,1,0.985,CLOUD,,0,CLOUD,CLOUD,0,0,none
2026-04-20 13:11:19,1389,62.02,393.17,66.03,59.60,62.02,0.00,stable,280.46,257.26,-1.00,1,0.00,1,1,1,0.973,CLOUD,,0,CLOUD,CLOUD,0,0,none
2026-04-20 13:11:21,1390,100.91,224.21,66.06,59.53,62.02,38.89,up,271.70,257.26,-1.00,1,0.00,1,1,0,0.500,LOCAL,LOCAL,1,CLOUD,CLOUD,0,0,none
2026-04-20 13:11:23,1391,100.91,224.21,66.00,59.57,100.91,0.00,stable,308.69,257.26,-1.00,1,0.00,1,1,0,0.500,LOCAL,LOCAL,2,CLOUD,CLOUD,0,0,none
2026-04-20 13:11:25,1392,61.73,175.60,66.11,59.56,100.91,-39.18,down,254.30,257.26,-1.00,1,0.00,1,1,1,0.882,CLOUD,,0,CLOUD,CLOUD,0,0,none
2026-04-20 13:11:28,1393,38.20,168.80,65.98,59.81,61.73,-23.52,down,198.21,257.26,-1.00,1,0.00,1,1,1,0.984,CLOUD,,0,CLOUD,CLOUD,0,0,none
2026-04-20 13:11:30,1394,38.20,168.80,66.18,59.61,38.20,0.00,stable,184.35,257.26,-1.00,1,0.00,1,1,1,0.988,CLOUD,,0,CLOUD,CLOUD,0,0,none
2026-04-20 13:11:32,1395,53.99,140.30,65.94,59.60,38.20,15.78,up,163.37,257.26,-1.00,1,0.00,1,1,1,0.903,CLOUD,,0,CLOUD,CLOUD,0,0,none
2026-04-20 13:11:34,1396,53.99,140.30,65.97,59.57,53.99,0.00,stable,154.55,257.26,-1.00,1,0.00,1,1,1,0.907,CLOUD,,0,CLOUD,CLOUD,0,0,none
2026-04-20 13:11:36,1397,179.59,442.08,66.25,59.60,53.99,125.60,up,222.87,257.26,-1.00,1,0.00,1,1,0,0.500,LOCAL,LOCAL,1,CLOUD,CLOUD,0,0,none
2026-04-20 13:11:38,1398,52.47,178.30,66.19,58.87,179.59,-127.12,down,225.24,257.26,-1.00,1,0.00,1,1,1,0.957,CLOUD,,0,CLOUD,CLOUD,0,0,none
2026-04-20 13:11:40,1399,52.47,178.30,66.03,58.91,52.47,0.00,stable,234.74,257.26,-1.00,1,0.00,1,1,1,0.944,CLOUD,,0,CLOUD,CLOUD,0,0,none
2026-04-20 13:11:42,1400,62.24,110.57,65.97,58.87,52.47,9.77,stable,227.31,257.26,-1.00,1,0.00,1,1,1,0.772,CLOUD,,0,CLOUD,CLOUD,0,0,none
2026-04-20 13:11:44,1401,62.24,110.57,66.00,58.91,62.24,0.00,stable,144.44,257.26,-1.00,1,0.00,1,1,1,0.780,CLOUD,,0,CLOUD,CLOUD,0,0,none
2026-04-20 13:11:46,1402,88.89,211.84,65.97,58.86,62.24,26.66,up,152.82,257.26,-1.00,1,0.00,1,1,0,0.500,LOCAL,LOCAL,1,CLOUD,CLOUD,0,0,none
2026-04-20 13:11:48,1403,52.82,106.85,66.17,58.91,88.89,-36.08,down,134.96,257.26,-1.00,1,0.00,1,1,1,0.920,CLOUD,,0,CLOUD,CLOUD,0,0,none
2026-04-20 13:11:50,1404,52.82,106.85,66.06,58.87,52.82,0.00,stable,134.03,257.26,-1.00,1,0.00,1,1,1,0.906,CLOUD,,0,CLOUD,CLOUD,0,0,none
2026-04-20 13:11:52,1405,46.76,115.66,66.14,58.92,52.82,-6.05,stable,135.30,257.26,-1.00,1,0.00,1,1,1,0.956,CLOUD,,0,CLOUD,CLOUD,0,0,none
2026-04-20 13:11:54,1406,46.76,115.66,66.03,58.92,46.76,0.00,stable,111.25,257.26,-1.00,1,0.00,1,1,1,0.948,CLOUD,,0,CLOUD,CLOUD,0,0,none
2026-04-20 13:11:56,1407,120.53,93.23,65.89,58.85,46.76,73.76,up,107.85,257.26,-1.00,1,0.00,1,0,0,0.500,LOCAL,LOCAL,1,CLOUD,CLOUD,0,0,none
2026-04-20 13:11:58,1408,120.53,93.23,66.11,58.92,120.53,0.00,stable,104.44,257.26,-1.00,1,0.00,1,0,0,0.500,LOCAL,LOCAL,2,CLOUD,CLOUD,0,0,none
2026-04-20 13:12:00,1409,51.83,55.40,66.00,58.87,120.53,-68.70,down,89.38,257.26,-1.00,1,0.00,1,0,1,0.865,CLOUD,,0,CLOUD,CLOUD,0,0,none
2026-04-20 13:12:02,1410,62.31,145.13,66.06,58.91,51.83,10.48,up,96.75,257.26,-1.00,1,0.00,1,1,1,0.835,CLOUD,,0,CLOUD,CLOUD,0,0,none
2026-04-20 13:12:04,1411,62.31,145.13,66.20,58.88,62.31,0.00,stable,109.72,257.26,-1.00,1,0.00,1,1,1,0.864,CLOUD,,0,CLOUD,CLOUD,0,0,none
2026-04-20 13:12:06,1412,80.60,102.81,66.28,58.89,62.31,18.29,up,112.12,257.26,-1.00,1,0.00,1,1,0,0.500,LOCAL,LOCAL,1,CLOUD,CLOUD,0,0,none
2026-04-20 13:12:08,1413,80.60,102.81,66.11,58.90,80.60,0.00,stable,123.97,257.26,-1.00,1,0.00,1,1,0,0.500,LOCAL,LOCAL,2,CLOUD,CLOUD,0,0,none
2026-04-20 13:12:10,1414,98.70,400.81,66.19,58.93,80.60,18.11,up,187.89,257.26,-1.00,1,0.00,1,1,1,0.562,CLOUD,,0,CLOUD,CLOUD,0,0,none
2026-04-20 13:12:12,1415,30.43,198.98,66.20,58.88,98.70,-68.27,down,201.35,257.26,-1.00,1,0.00,1,1,1,0.996,CLOUD,,0,CLOUD,CLOUD,0,0,none
2026-04-20 13:12:14,1416,30.43,198.98,66.17,58.92,30.43,0.00,stable,225.39,257.26,-1.00,1,0.00,1,1,1,0.996,CLOUD,,0,CLOUD,CLOUD,0,0,none
2026-04-20 13:12:16,1417,59.93,171.66,66.03,58.87,30.43,29.50,up,242.61,257.26,-1.00,1,0.00,1,1,1,0.883,CLOUD,,0,CLOUD,CLOUD,0,0,none
2026-04-20 13:12:18,1418,59.93,171.66,66.17,58.92,59.93,0.00,stable,185.32,257.26,-1.00,1,0.00,1,1,1,0.905,CLOUD,,0,CLOUD,CLOUD,0,0,none
2026-04-20 13:12:20,1419,44.11,185.95,66.00,58.88,59.93,-15.82,down,182.06,257.26,-1.00,1,0.00,1,1,1,0.975,CLOUD,,0,CLOUD,CLOUD,0,0,none
2026-04-20 13:12:23,1420,75.50,102.96,66.04,59.20,44.11,31.39,up,158.06,257.26,-1.00,1,0.00,1,1,0,0.500,LOCAL,LOCAL,1,CLOUD,CLOUD,0,0,none
2026-04-20 13:12:25,1421,75.50,102.96,66.01,58.88,75.50,0.00,stable,140.88,257.26,-1.00,1,0.00,1,1,0,0.500,LOCAL,LOCAL,2,CLOUD,CLOUD,0,0,none
2026-04-20 13:12:27,1422,75.50,102.96,66.14,58.91,75.50,0.00,stable,123.70,257.26,-1.00,1,0.00,1,1,1,0.524,CLOUD,,0,CLOUD,CLOUD,0,0,none
2026-04-20 13:12:29,1423,45.80,101.23,65.92,58.85,75.50,-29.70,down,102.52,257.26,-1.00,1,25.00,0,1,1,0.937,CLOUD,,0,CLOUD,CLOUD,0,0,none
2026-04-20 13:12:31,1424,45.80,101.23,66.14,58.91,45.80,0.00,stable,102.09,257.26,-1.00,1,25.00,0,1,1,0.955,CLOUD,,0,CLOUD,CLOUD,0,0,none
2026-04-20 13:12:33,1425,64.52,188.26,65.92,58.89,45.80,18.73,up,123.42,257.26,-1.00,1,0.00,1,1,1,0.821,CLOUD,,0,CLOUD,CLOUD,0,0,none
2026-04-20 13:12:35,1426,64.52,188.26,66.08,58.90,64.52,0.00,stable,144.74,257.26,-1.00,1,0.00,1,1,1,0.857,CLOUD,,0,CLOUD,CLOUD,0,0,none
2026-04-20 13:12:37,1427,112.83,9.29,66.00,58.91,64.52,48.31,up,121.76,257.26,-1.00,1,0.00,1,0,0,0.500,LOCAL,LOCAL,1,CLOUD,CLOUD,0,0,none
2026-04-20 13:12:39,1428,112.83,9.29,66.06,58.88,112.83,0.00,stable,98.77,257.26,-1.00,1,0.00,1,0,0,0.500,LOCAL,LOCAL,2,CLOUD,CLOUD,0,0,none
2026-04-20 13:12:41,1429,74.11,126.77,66.03,58.91,112.83,-38.72,down,83.40,257.26,-1.00,1,0.00,1,1,1,0.562,CLOUD,,0,CLOUD,CLOUD,0,0,none
2026-04-20 13:12:43,1430,74.11,126.77,66.03,58.87,74.11,0.00,stable,68.03,257.26,-1.00,1,0.00,1,1,1,0.562,CLOUD,,0,CLOUD,CLOUD,0,0,none
2026-04-20 13:12:45,1431,113.11,99.01,66.28,58.92,74.11,38.99,up,90.46,257.26,-1.00,1,0.00,1,0,0,0.500,LOCAL,LOCAL,1,CLOUD,CLOUD,0,0,none
2026-04-20 13:12:47,1432,64.37,83.04,65.98,59.15,113.11,-48.74,down,108.90,257.26,-1.00,1,0.00,1,0,1,0.689,CLOUD,,0,CLOUD,CLOUD,0,0,none
2026-04-20 13:12:49,1433,64.37,83.04,66.28,58.91,64.37,0.00,stable,97.96,257.26,-1.00,1,0.00,1,0,1,0.783,CLOUD,,0,CLOUD,CLOUD,0,0,none
2026-04-20 13:12:51,1434,73.81,40.51,65.83,59.12,64.37,9.44,stable,76.40,257.26,-1.00,1,0.00,1,0,0,0.500,LOCAL,LOCAL,1,CLOUD,CLOUD,0,0,none
2026-04-20 13:12:53,1435,73.81,40.51,66.23,58.86,73.81,0.00,stable,61.78,257.26,-1.00,1,0.00,1,0,0,0.500,LOCAL,LOCAL,2,CLOUD,CLOUD,0,0,none
2026-04-20 13:12:55,1436,79.54,156.58,65.92,58.90,73.81,5.73,stable,80.16,257.26,-1.00,1,0.00,1,1,0,0.500,LOCAL,,0,CLOUD,LOCAL,1,0,started
2026-04-20 13:12:58,1437,21.55,528.98,66.48,59.37,79.54,-57.99,down,191.65,286.62,-1.00,1,0.00,1,1,1,1.000,CLOUD,CLOUD,1,LOCAL,LOCAL,0,0,none
2026-04-20 13:13:00,1438,21.55,528.98,66.69,61.76,21.55,0.00,stable,313.76,179.66,-1.00,1,0.00,1,1,1,1.000,CLOUD,CLOUD,2,LOCAL,LOCAL,0,0,none
2026-04-20 13:13:02,1439,40.77,41.17,66.56,64.69,21.55,19.23,up,313.93,282.46,-1.00,1,25.00,0,0,1,0.977,CLOUD,,0,LOCAL,CLOUD,1,0,started
2026-04-20 13:13:05,1440,40.77,41.17,66.64,59.42,40.77,0.00,stable,285.08,282.46,-1.00,1,25.00,0,0,1,0.980,CLOUD,,0,CLOUD,CLOUD,0,0,none
2026-04-20 13:13:07,1441,75.58,150.95,66.47,59.59,40.77,34.80,up,190.57,282.46,-1.00,1,0.00,1,1,1,0.732,CLOUD,,0,CLOUD,CLOUD,0,0,none
2026-04-20 13:13:09,1442,75.58,150.95,66.11,59.57,75.58,0.00,stable,96.06,282.46,-1.00,1,0.00,1,1,1,0.605,CLOUD,,0,CLOUD,CLOUD,0,0,none
2026-04-20 13:13:11,1443,82.40,82.31,65.95,59.55,75.58,6.82,stable,106.35,282.46,-1.00,1,0.00,1,0,0,0.500,LOCAL,LOCAL,1,CLOUD,CLOUD,0,0,none
2026-04-20 13:13:13,1444,67.85,155.63,66.25,59.58,82.40,-14.55,down,134.96,282.46,-1.00,1,0.00,1,1,1,0.812,CLOUD,,0,CLOUD,CLOUD,0,0,none
2026-04-20 13:13:15,1445,67.85,155.63,66.03,59.56,67.85,0.00,stable,136.13,282.46,-1.00,1,0.00,1,1,1,0.752,CLOUD,,0,CLOUD,CLOUD,0,0,none
2026-04-20 13:13:17,1446,155.19,23.41,66.14,59.51,67.85,87.34,up,104.25,282.46,-1.00,1,0.00,1,0,0,0.500,LOCAL,LOCAL,1,CLOUD,CLOUD,0,0,none
2026-04-20 13:13:19,1447,155.19,23.41,65.97,59.58,155.19,0.00,stable,89.52,282.46,-1.00,1,0.00,1,0,0,0.500,LOCAL,LOCAL,2,CLOUD,CLOUD,0,0,none
2026-04-20 13:13:21,1448,44.94,73.48,65.97,59.53,155.19,-110.26,down,68.98,282.46,-1.00,1,0.00,1,0,1,0.934,CLOUD,,0,CLOUD,CLOUD,0,0,none
2026-04-20 13:13:23,1449,44.94,73.48,66.25,59.55,44.94,0.00,stable,48.45,282.46,-1.00,1,0.00,1,0,1,0.957,CLOUD,,0,CLOUD,CLOUD,0,0,none
2026-04-20 13:13:25,1450,65.97,183.80,66.06,59.55,44.94,21.03,up,88.54,282.46,-1.00,1,0.00,1,1,1,0.827,CLOUD,,0,CLOUD,CLOUD,0,0,none
2026-04-20 13:13:28,1451,50.83,227.08,66.07,58.90,65.97,-15.14,down,139.46,282.46,-1.00,1,0.00,1,1,1,0.969,CLOUD,,0,CLOUD,CLOUD,0,0,none
2026-04-20 13:13:30,1452,50.83,227.08,66.11,58.91,50.83,0.00,stable,177.86,282.46,-1.00,1,0.00,1,1,1,0.971,CLOUD,,0,CLOUD,CLOUD,0,0,none
2026-04-20 13:13:32,1453,83.50,82.68,66.19,58.92,50.83,32.68,up,180.16,282.46,-1.00,1,0.00,1,0,0,0.500,LOCAL,LOCAL,1,CLOUD,CLOUD,0,0,none
2026-04-20 13:13:34,1454,83.50,82.68,66.25,58.92,83.50,0.00,stable,154.88,282.46,-1.00,1,0.00,1,0,0,0.500,LOCAL,LOCAL,2,CLOUD,CLOUD,0,0,none
2026-04-20 13:13:36,1455,90.78,110.96,65.97,58.91,83.50,7.27,stable,125.85,282.46,-1.00,1,0.00,1,1,0,0.500,LOCAL,,0,CLOUD,LOCAL,1,0,started
2026-04-20 13:13:39,1456,46.40,944.00,66.67,59.66,90.78,-44.38,down,305.08,187.54,-1.00,1,0.00,1,1,1,1.000,CLOUD,CLOUD,1,LOCAL,LOCAL,0,0,none
2026-04-20 13:13:41,1457,46.40,944.00,66.64,61.59,46.40,0.00,stable,520.41,217.40,-1.00,1,0.00,1,1,1,1.000,CLOUD,CLOUD,2,LOCAL,LOCAL,0,0,none
2026-04-20 13:13:43,1458,29.85,406.60,66.56,64.10,46.40,-16.54,down,601.39,252.14,-1.00,1,0.00,1,1,1,1.000,CLOUD,,0,LOCAL,CLOUD,1,0,started
2026-04-20 13:13:45,1459,1044.32,317.51,66.64,59.48,29.85,1014.47,up,653.03,252.14,-1.00,1,0.00,0,1,0,0.500,LOCAL,LOCAL,1,CLOUD,CLOUD,0,0,none
2026-04-20 13:13:47,1460,1044.32,317.51,66.31,59.61,1044.32,0.00,stable,496.40,252.14,-1.00,1,0.00,0,1,0,0.500,LOCAL,LOCAL,2,CLOUD,CLOUD,0,0,none
2026-04-20 13:13:49,1461,73.22,174.41,66.17,59.62,1044.32,-971.10,down,304.01,252.14,-1.00,1,0.00,1,1,1,0.719,CLOUD,,0,CLOUD,CLOUD,0,0,none
2026-04-20 13:13:51,1462,73.22,174.41,65.95,59.62,73.22,0.00,stable,245.96,252.14,-1.00,1,0.00,1,1,1,0.642,CLOUD,,0,CLOUD,CLOUD,0,0,none
2026-04-20 13:13:53,1463,37.14,169.05,66.22,59.56,73.22,-36.09,down,208.85,252.14,-1.00,0,0.00,1,1,1,0.990,CLOUD,,0,CLOUD,CLOUD,0,0,none
2026-04-20 13:13:55,1464,75.70,124.72,66.06,59.61,37.14,38.56,up,160.65,252.14,-1.00,0,0.00,1,1,1,0.530,CLOUD,,0,CLOUD,CLOUD,0,0,none
2026-04-20 13:13:57,1465,75.70,124.72,65.97,59.62,75.70,0.00,stable,148.23,252.14,-1.00,1,0.00,1,1,0,0.500,LOCAL,LOCAL,1,CLOUD,CLOUD,0,0,none
2026-04-20 13:13:59,1466,77.48,98.58,65.92,59.62,75.70,1.78,stable,129.27,252.14,-1.00,1,0.00,1,0,0,0.500,LOCAL,LOCAL,2,CLOUD,CLOUD,0,0,none
2026-04-20 13:14:01,1467,57.96,1335.13,66.15,59.92,77.48,-19.53,down,420.79,252.14,-1.00,1,0.00,1,1,1,1.000,CLOUD,,0,CLOUD,CLOUD,0,0,none
2026-04-20 13:14:03,1468,57.96,1335.13,66.04,59.61,57.96,0.00,stable,723.39,252.14,-1.00,1,0.00,1,1,1,1.000,CLOUD,,0,CLOUD,CLOUD,0,0,none
2026-04-20 13:14:05,1469,24.28,639.58,66.14,59.61,57.96,-33.67,down,852.10,252.14,-1.00,1,0.00,1,1,1,1.000,CLOUD,,0,CLOUD,CLOUD,0,0,none
2026-04-20 13:14:07,1470,24.28,639.58,66.06,58.93,24.28,0.00,stable,987.36,252.14,-1.00,1,0.00,1,1,1,1.000,CLOUD,,0,CLOUD,CLOUD,0,0,none
2026-04-20 13:14:09,1471,30.09,199.03,66.14,58.92,24.28,5.81,stable,703.33,252.14,-1.00,1,0.00,1,1,1,0.996,CLOUD,,0,CLOUD,CLOUD,0,0,none
2026-04-20 13:14:11,1472,77.58,67.63,66.08,58.91,30.09,47.49,up,386.46,252.14,-1.00,1,0.00,1,0,0,0.500,LOCAL,LOCAL,1,CLOUD,CLOUD,0,0,none
2026-04-20 13:14:13,1473,77.58,67.63,66.20,58.88,77.58,0.00,stable,243.47,252.14,-1.00,1,0.00,1,0,0,0.500,LOCAL,LOCAL,2,CLOUD,CLOUD,0,0,none
2026-04-20 13:14:15,1474,93.58,565.90,66.11,58.89,77.58,16.00,up,225.05,252.14,-1.00,1,0.00,1,1,1,0.875,CLOUD,,0,CLOUD,CLOUD,0,0,none
2026-04-20 13:14:17,1475,46.25,1799.94,65.97,59.19,93.58,-47.33,down,625.27,252.14,-1.00,1,0.00,1,1,1,1.000,CLOUD,,0,CLOUD,CLOUD,0,0,none
2026-04-20 13:14:19,1476,46.25,1799.94,66.06,58.92,46.25,0.00,stable,1058.35,252.14,-1.00,1,0.00,1,1,1,1.000,CLOUD,,0,CLOUD,CLOUD,0,0,none
2026-04-20 13:14:21,1477,44.67,182.75,66.06,58.88,46.25,-1.58,stable,1087.13,252.14,-1.00,1,0.00,1,1,1,0.976,CLOUD,,0,CLOUD,CLOUD,0,0,none
2026-04-20 13:14:23,1478,44.67,182.75,66.11,58.92,44.67,0.00,stable,991.35,252.14,-1.00,1,0.00,1,1,1,0.978,CLOUD,,0,CLOUD,CLOUD,0,0,none
2026-04-20 13:14:25,1479,30.72,141.97,66.14,58.85,44.67,-13.95,down,576.85,252.14,-1.00,1,0.00,1,1,1,0.993,CLOUD,,0,CLOUD,CLOUD,0,0,none
2026-04-20 13:14:27,1480,80.72,126.27,65.93,59.18,30.72,49.99,up,158.44,252.14,-1.00,1,0.00,1,1,0,0.500,LOCAL,LOCAL,1,CLOUD,CLOUD,0,0,none
2026-04-20 13:14:30,1481,80.72,126.27,66.09,58.85,80.72,0.00,stable,144.32,252.14,-1.00,1,0.00,1,1,0,0.500,LOCAL,LOCAL,2,CLOUD,CLOUD,0,0,none
2026-04-20 13:14:32,1482,80.72,126.27,66.11,58.90,80.72,0.00,stable,130.20,252.14,-1.00,1,0.00,1,1,0,0.500,LOCAL,,0,CLOUD,LOCAL,1,0,started
2026-04-20 13:14:39,1483,153.99,211.41,66.00,59.61,80.72,73.27,up,147.56,175.47,-1.00,1,25.00,0,1,0,0.500,LOCAL,,0,LOCAL,LOCAL,0,0,none
2026-04-20 13:14:41,1484,39.66,1100.29,66.53,61.96,153.99,-114.33,down,391.06,193.02,-1.00,1,0.00,1,1,1,1.000,CLOUD,CLOUD,1,LOCAL,LOCAL,0,0,none
2026-04-20 13:14:43,1485,39.66,1100.29,66.67,64.16,39.66,0.00,stable,634.56,189.06,-1.00,1,0.00,1,1,1,1.000,CLOUD,CLOUD,2,LOCAL,LOCAL,0,0,none
2026-04-20 13:14:45,1486,1154.85,1070.21,66.58,67.09,39.66,1115.19,up,870.55,169.32,-1.00,1,0.00,0,1,0,0.500,LOCAL,,0,LOCAL,LOCAL,0,0,none
2026-04-20 13:14:47,1487,1154.85,1070.21,66.64,70.04,1154.85,0.00,stable,1085.25,165.16,-1.00,1,0.00,0,1,0,0.500,LOCAL,,0,LOCAL,LOCAL,0,0,none
2026-04-20 13:14:49,1488,1154.85,1070.21,66.64,71.01,1154.85,0.00,stable,1077.73,164.50,-1.00,1,0.00,0,1,0,0.500,LOCAL,,0,LOCAL,LOCAL,0,0,none
2026-04-20 13:14:51,1489,72.45,4.93,66.61,67.45,1154.85,-1082.40,down,803.89,159.80,-1.00,1,50.00,0,0,1,0.592,CLOUD,CLOUD,1,LOCAL,LOCAL,0,0,none
2026-04-20 13:14:53,1490,72.45,4.93,66.67,58.89,72.45,0.00,stable,537.57,153.95,-1.00,0,50.00,0,0,1,0.613,CLOUD,CLOUD,2,LOCAL,LOCAL,0,0,none
2026-04-20 13:14:55,1491,69.31,14.08,66.58,58.88,72.45,-3.14,stable,273.54,170.51,-1.00,1,50.00,0,0,1,0.672,CLOUD,,0,LOCAL,CLOUD,1,0,started
2026-04-20 13:14:57,1492,69.31,14.08,66.64,59.45,69.31,0.00,stable,9.50,277.91,-1.00,1,50.00,0,0,1,0.691,CLOUD,,0,CLOUD,CLOUD,0,0,none
2026-04-20 13:14:59,1493,65.15,152.99,66.50,59.62,69.31,-4.16,stable,46.52,277.91,-1.00,1,0.00,1,1,1,0.892,CLOUD,,0,CLOUD,CLOUD,0,0,none
2026-04-20 13:15:01,1494,35.06,184.71,65.95,59.64,65.15,-30.09,down,91.46,277.91,-1.00,1,0.00,1,1,1,0.989,CLOUD,,0,CLOUD,CLOUD,0,0,none
2026-04-20 13:15:03,1495,35.06,184.71,66.14,59.62,35.06,0.00,stable,134.12,277.91,-1.00,1,0.00,1,1,1,0.992,CLOUD,,0,CLOUD,CLOUD,0,0,none
2026-04-20 13:15:05,1496,39.19,252.58,66.03,59.61,35.06,4.13,stable,193.75,277.91,-1.00,1,0.00,1,1,1,0.991,CLOUD,,0,CLOUD,CLOUD,0,0,none
2026-04-20 13:15:07,1497,39.19,252.58,66.14,59.61,39.19,0.00,stable,218.64,277.91,-1.00,1,0.00,1,1,1,0.993,CLOUD,,0,CLOUD,CLOUD,0,0,none
2026-04-20 13:15:09,1498,75.88,211.00,66.22,59.57,39.19,36.69,up,225.22,277.91,-1.00,1,0.00,1,1,1,0.742,CLOUD,,0,CLOUD,CLOUD,0,0,none
2026-04-20 13:15:11,1499,34.41,152.35,66.17,59.61,75.88,-41.47,down,217.13,277.91,-1.00,1,0.00,1,1,1,0.990,CLOUD,,0,CLOUD,CLOUD,0,0,none
2026-04-20 13:15:13,1500,34.41,152.35,66.03,59.58,34.41,0.00,stable,192.07,277.91,-1.00,1,0.00,1,1,1,0.988,CLOUD,,0,CLOUD,CLOUD,0,0,none
2026-04-20 13:15:15,1501,36.31,110.89,66.17,59.63,34.41,1.91,stable,156.65,277.91,-1.00,1,0.00,1,1,1,0.984,CLOUD,,0,CLOUD,CLOUD,0,0,none
2026-04-20 13:15:17,1502,36.31,110.89,65.92,59.63,36.31,0.00,stable,131.62,277.91,-1.00,1,0.00,1,1,1,0.976,CLOUD,,0,CLOUD,CLOUD,0,0,none
2026-04-20 13:15:19,1503,245.36,112.31,66.08,58.88,36.31,209.05,up,121.61,277.91,-1.00,1,0.00,0,1,0,0.500,LOCAL,LOCAL,1,CLOUD,CLOUD,0,0,none
2026-04-20 13:15:21,1504,245.36,112.31,66.22,58.93,245.36,0.00,stable,111.60,277.91,-1.00,1,0.00,0,1,0,0.500,LOCAL,LOCAL,2,CLOUD,CLOUD,0,0,none
2026-04-20 13:15:23,1505,83.06,94.86,66.06,58.89,245.36,-162.30,down,107.59,277.91,-1.00,1,0.00,1,0,0,0.500,LOCAL,,0,CLOUD,LOCAL,1,0,started
2026-04-20 13:15:25,1506,17.46,436.03,66.69,59.83,83.06,-65.60,down,188.88,177.09,-1.00,1,0.00,1,1,1,1.000,CLOUD,CLOUD,1,LOCAL,LOCAL,0,0,none
2026-04-20 13:15:27,1507,17.46,436.03,66.59,62.00,17.46,0.00,stable,269.81,164.96,-1.00,1,0.00,1,1,1,1.000,CLOUD,CLOUD,2,LOCAL,LOCAL,0,0,none
2026-04-20 13:15:29,1508,44.44,285.48,66.53,64.18,17.46,26.98,up,313.10,252.96,-1.00,1,0.00,1,1,1,0.995,CLOUD,,0,LOCAL,CLOUD,1,0,started
2026-04-20 13:15:31,1509,44.44,285.48,66.64,59.44,44.44,0.00,stable,360.75,182.71,-1.00,1,0.00,1,1,1,0.996,CLOUD,,0,CLOUD,CLOUD,0,0,none
2026-04-20 13:15:33,1510,49.72,144.88,66.45,59.63,44.44,5.28,stable,287.97,182.71,-1.00,1,0.00,1,1,1,0.971,CLOUD,,0,CLOUD,CLOUD,0,0,none
2026-04-20 13:15:36,1511,126.94,178.44,65.91,59.85,49.72,77.22,up,223.57,182.71,-1.00,1,0.00,1,1,0,0.500,LOCAL,LOCAL,1,CLOUD,CLOUD,0,0,none
2026-04-20 13:15:38,1512,126.94,178.44,66.17,59.63,126.94,0.00,stable,196.81,182.71,-1.00,1,0.00,1,1,0,0.500,LOCAL,LOCAL,2,CLOUD,CLOUD,0,0,none
2026-04-20 13:15:40,1513,50.38,107.62,66.03,59.60,126.94,-76.56,down,152.35,182.71,-1.00,1,0.00,1,1,1,0.922,CLOUD,,0,CLOUD,CLOUD,0,0,none
2026-04-20 13:15:42,1514,50.38,107.62,66.17,59.62,50.38,0.00,stable,143.03,182.71,-1.00,1,0.00,1,1,1,0.937,CLOUD,,0,CLOUD,CLOUD,0,0,none
2026-04-20 13:15:44,1515,58.18,111.21,65.88,59.73,50.38,7.80,stable,126.22,182.71,-1.00,1,0.00,1,1,1,0.814,CLOUD,,0,CLOUD,CLOUD,0,0,none
2026-04-20 13:15:46,1516,58.18,111.21,66.02,59.63,58.18,0.00,stable,109.41,182.71,-1.00,1,0.00,1,1,1,0.845,CLOUD,,0,CLOUD,CLOUD,0,0,none
2026-04-20 13:15:48,1517,136.19,114.24,65.91,59.87,58.18,78.01,up,111.07,182.71,-1.00,1,0.00,1,1,0,0.500,LOCAL,LOCAL,1,CLOUD,CLOUD,0,0,none
2026-04-20 13:15:50,1518,136.19,114.24,66.15,59.62,136.19,0.00,stable,112.72,182.71,-1.00,1,0.00,1,1,0,0.500,LOCAL,LOCAL,2,CLOUD,CLOUD,0,0,none
2026-04-20 13:15:52,1519,184.30,123.57,66.20,59.63,136.19,48.11,up,115.81,182.71,-1.00,1,0.00,1,1,0,0.500,LOCAL,,0,CLOUD,LOCAL,1,0,started
2026-04-20 13:15:55,1520,184.30,123.57,66.67,59.87,184.30,0.00,stable,118.90,165.80,-1.00,1,0.00,1,1,0,0.500,LOCAL,,0,LOCAL,LOCAL,0,0,none
2026-04-20 13:15:57,1521,37.94,704.20,66.53,62.41,184.30,-146.36,down,266.39,167.63,-1.00,1,0.00,1,1,1,1.000,CLOUD,CLOUD,1,LOCAL,LOCAL,0,0,none
2026-04-20 13:15:59,1522,37.94,704.20,66.69,64.82,37.94,0.00,stable,413.88,157.68,-1.00,1,0.00,1,1,1,1.000,CLOUD,CLOUD,2,LOCAL,LOCAL,0,0,none
2026-04-20 13:16:01,1523,31.15,302.44,66.47,68.06,37.94,-6.78,stable,458.60,181.52,-1.00,1,0.00,1,1,1,0.999,CLOUD,,0,LOCAL,CLOUD,1,0,started
2026-04-20 13:16:03,1524,31.15,302.44,66.64,59.48,31.15,0.00,stable,503.32,206.26,-1.00,1,0.00,1,1,1,0.999,CLOUD,,0,CLOUD,CLOUD,0,0,none
2026-04-20 13:16:05,1525,31.15,302.44,66.11,59.59,31.15,0.00,stable,402.88,206.26,-1.00,1,0.00,1,1,1,0.998,CLOUD,,0,CLOUD,CLOUD,0,0,none
2026-04-20 13:16:07,1526,34.68,2.91,66.08,59.59,31.15,3.52,stable,227.56,206.26,-1.00,1,50.00,0,0,1,0.964,CLOUD,,0,CLOUD,CLOUD,0,0,none
2026-04-20 13:16:09,1527,68.55,2188.52,66.00,59.80,34.68,33.88,up,699.08,206.26,-1.00,1,0.00,1,1,1,1.000,CLOUD,,0,CLOUD,CLOUD,0,0,none
2026-04-20 13:16:11,1528,68.55,2188.52,66.01,59.60,68.55,0.00,stable,1170.60,206.26,-1.00,1,0.00,1,1,1,1.000,CLOUD,,0,CLOUD,CLOUD,0,0,none
2026-04-20 13:16:13,1529,59.27,80.70,66.17,59.53,68.55,-9.29,stable,1115.17,206.26,-1.00,1,0.00,1,0,1,0.830,CLOUD,,0,CLOUD,CLOUD,0,0,none
2026-04-20 13:16:15,1530,59.27,80.70,66.17,59.59,59.27,0.00,stable,1134.61,206.26,-1.00,1,0.00,1,0,1,0.831,CLOUD,,0,CLOUD,CLOUD,0,0,none
2026-04-20 13:16:17,1531,35.43,60.95,66.19,59.55,59.27,-23.84,down,602.72,206.26,-1.00,1,0.00,1,0,1,0.979,CLOUD,,0,CLOUD,CLOUD,0,0,none
2026-04-20 13:16:19,1532,112.69,183.21,66.11,59.58,35.43,77.26,up,101.39,206.26,-1.00,1,0.00,1,1,0,0.500,LOCAL,LOCAL,1,CLOUD,CLOUD,0,0,none
2026-04-20 13:16:21,1533,112.69,183.21,66.17,59.57,112.69,0.00,stable,127.02,206.26,-1.00,1,0.00,1,1,0,0.500,LOCAL,LOCAL,2,CLOUD,CLOUD,0,0,none
2026-04-20 13:16:23,1534,92.59,679.25,66.08,59.59,112.69,-20.10,down,276.66,206.26,-1.00,1,0.00,1,1,1,0.948,CLOUD,,0,CLOUD,CLOUD,0,0,none
2026-04-20 13:16:25,1535,92.59,679.25,66.33,58.91,92.59,0.00,stable,431.23,206.26,-1.00,1,0.00,1,1,1,0.965,CLOUD,,0,CLOUD,CLOUD,0,0,none
2026-04-20 13:16:27,1536,40.79,1629.88,66.20,58.93,92.59,-51.80,down,792.90,206.26,-1.00,1,0.00,1,1,1,1.000,CLOUD,,0,CLOUD,CLOUD,0,0,none
2026-04-20 13:16:29,1537,118.10,2277.66,66.11,58.89,40.79,77.31,up,1316.51,206.26,-1.00,1,0.00,1,1,1,1.000,CLOUD,,0,CLOUD,CLOUD,0,0,none
2026-04-20 13:16:31,1538,118.10,2277.66,66.08,58.93,118.10,0.00,stable,1716.11,206.26,-1.00,1,0.00,1,1,1,1.000,CLOUD,,0,CLOUD,CLOUD,0,0,none
2026-04-20 13:16:33,1539,40.15,146.62,66.14,58.89,118.10,-77.95,down,1582.96,206.26,-1.00,1,0.00,1,1,1,0.982,CLOUD,,0,CLOUD,CLOUD,0,0,none
2026-04-20 13:16:35,1540,40.15,146.62,66.08,58.93,40.15,0.00,stable,1212.14,206.26,-1.00,1,0.00,1,1,1,0.980,CLOUD,,0,CLOUD,CLOUD,0,0,none
2026-04-20 13:16:37,1541,63.05,157.91,66.11,58.87,40.15,22.91,up,682.20,206.26,-1.00,1,0.00,1,1,1,0.851,CLOUD,,0,CLOUD,CLOUD,0,0,none
2026-04-20 13:16:39,1542,103.27,158.10,66.11,58.94,63.05,40.22,up,152.31,206.26,-1.00,1,0.00,1,1,0,0.500,LOCAL,LOCAL,1,CLOUD,CLOUD,0,0,none
2026-04-20 13:16:41,1543,103.27,158.10,66.00,58.89,103.27,0.00,stable,155.18,206.26,-1.00,1,0.00,1,1,0,0.500,LOCAL,LOCAL,2,CLOUD,CLOUD,0,0,none
2026-04-20 13:16:43,1544,278.97,131.83,66.06,58.94,103.27,175.70,up,151.48,206.26,-1.00,1,0.00,0,1,0,0.500,LOCAL,,0,CLOUD,LOCAL,1,0,started
2026-04-20 13:16:45,1545,278.97,131.83,66.69,59.85,278.97,0.00,stable,144.97,206.26,-1.00,1,0.00,0,1,0,0.500,LOCAL,,0,LOCAL,LOCAL,0,0,none
2026-04-20 13:16:47,1546,66.46,769.70,66.61,62.09,278.97,-212.51,down,297.87,157.16,-1.00,1,0.00,1,1,1,0.999,CLOUD,CLOUD,1,LOCAL,LOCAL,0,0,none
2026-04-20 13:16:49,1547,33.03,410.13,66.53,64.91,66.46,-33.43,down,360.88,190.46,-1.00,1,0.00,1,1,1,0.999,CLOUD,CLOUD,2,LOCAL,LOCAL,0,0,none
2026-04-20 13:16:51,1548,33.03,410.13,66.61,67.82,33.03,0.00,stable,430.45,201.01,-1.00,1,0.00,1,1,1,0.999,CLOUD,,0,LOCAL,CLOUD,1,0,started
2026-04-20 13:16:53,1549,33.03,410.13,66.62,59.52,33.03,0.00,stable,500.02,205.67,-1.00,1,0.00,1,1,1,0.999,CLOUD,,0,CLOUD,CLOUD,0,0,none
2026-04-20 13:16:56,1550,128.47,7.14,66.12,59.90,33.03,95.44,up,309.38,205.67,-1.00,1,50.00,0,0,0,0.500,LOCAL,LOCAL,1,CLOUD,CLOUD,0,0,none
2026-04-20 13:16:58,1551,128.47,7.14,66.26,59.66,128.47,0.00,stable,208.63,205.67,-1.00,1,50.00,0,0,0,0.500,LOCAL,LOCAL,2,CLOUD,CLOUD,0,0,none
2026-04-20 13:17:00,1552,49.29,196.23,66.11,59.65,128.47,-79.17,down,155.16,205.67,-1.00,1,0.00,1,1,1,0.968,CLOUD,,0,CLOUD,CLOUD,0,0,none
2026-04-20 13:17:02,1553,49.29,196.23,66.17,59.66,49.29,0.00,stable,101.68,205.67,-1.00,1,0.00,1,1,1,0.971,CLOUD,,0,CLOUD,CLOUD,0,0,none
2026-04-20 13:17:04,1554,44.60,230.36,65.92,59.62,49.29,-4.69,stable,157.49,205.67,-1.00,1,0.00,1,1,1,0.979,CLOUD,,0,CLOUD,CLOUD,0,0,none
2026-04-20 13:17:06,1555,44.60,230.36,66.08,59.66,44.60,0.00,stable,213.30,205.67,-1.00,1,0.00,1,1,1,0.984,CLOUD,,0,CLOUD,CLOUD,0,0,none
2026-04-20 13:17:08,1556,63.00,137.52,66.22,59.62,44.60,18.41,up,198.62,205.67,-1.00,1,0.00,1,1,1,0.853,CLOUD,,0,CLOUD,CLOUD,0,0,none
2026-04-20 13:17:10,1557,63.00,137.52,66.06,59.67,63.00,0.00,stable,183.94,205.67,-1.00,1,0.00,1,1,1,0.816,CLOUD,,0,CLOUD,CLOUD,0,0,none
2026-04-20 13:17:12,1558,43.87,152.53,66.03,59.62,63.00,-19.14,down,164.48,205.67,-1.00,1,0.00,1,1,1,0.970,CLOUD,,0,CLOUD,CLOUD,0,0,none
2026-04-20 13:17:15,1559,48.13,172.12,66.07,59.20,43.87,4.27,stable,149.92,205.67,-1.00,1,0.00,1,1,1,0.964,CLOUD,,0,CLOUD,CLOUD,0,0,none
2026-04-20 13:17:17,1560,48.13,172.12,66.15,58.94,48.13,0.00,stable,158.57,205.67,-1.00,1,0.00,1,1,1,0.968,CLOUD,,0,CLOUD,CLOUD,0,0,none
2026-04-20 13:17:19,1561,56.88,65.69,66.08,58.94,48.13,8.74,stable,140.62,205.67,-1.00,1,0.00,1,0,1,0.828,CLOUD,,0,CLOUD,CLOUD,0,0,none
2026-04-20 13:17:21,1562,56.88,65.69,66.08,58.90,56.88,0.00,stable,118.91,205.67,-1.00,1,0.00,1,0,1,0.828,CLOUD,,0,CLOUD,CLOUD,0,0,none
2026-04-20 13:17:23,1563,158.53,26.15,66.17,58.94,56.88,101.66,up,82.41,205.67,-1.00,1,0.00,1,0,0,0.500,LOCAL,LOCAL,1,CLOUD,CLOUD,0,0,none
2026-04-20 13:17:25,1564,158.53,26.15,66.03,58.94,158.53,0.00,stable,45.92,205.67,-1.00,1,0.00,1,0,0,0.500,LOCAL,LOCAL,2,CLOUD,CLOUD,0,0,none
2026-04-20 13:17:27,1565,229.84,156.63,66.08,58.94,158.53,71.30,up,68.65,205.67,-1.00,1,0.00,0,1,0,0.500,LOCAL,,0,CLOUD,LOCAL,1,0,started
2026-04-20 13:17:31,1566,49.48,104.03,66.22,59.69,229.84,-180.35,down,78.24,159.40,-1.00,1,0.00,1,1,1,0.945,CLOUD,CLOUD,1,LOCAL,LOCAL,0,0,none
2026-04-20 13:17:33,1567,40.78,575.59,66.61,62.49,49.48,-8.71,stable,215.60,189.34,-1.00,1,0.00,1,1,1,1.000,CLOUD,CLOUD,2,LOCAL,LOCAL,0,0,none
2026-04-20 13:17:35,1568,40.78,575.59,66.50,64.56,40.78,0.00,stable,352.96,151.80,-1.00,1,0.00,1,1,1,1.000,CLOUD,,0,LOCAL,CLOUD,1,0,started
2026-04-20 13:17:37,1569,15.79,376.18,66.64,59.47,40.78,-24.98,down,407.85,337.07,-1.00,1,0.00,1,1,1,1.000,CLOUD,,0,CLOUD,CLOUD,0,0,none
2026-04-20 13:17:40,1570,741.95,94.32,66.25,59.90,15.79,726.16,up,405.42,337.07,-1.00,1,0.00,0,0,0,0.500,LOCAL,LOCAL,1,CLOUD,CLOUD,0,0,none
2026-04-20 13:17:42,1571,741.95,94.32,66.12,59.63,741.95,0.00,stable,285.10,337.07,-1.00,1,0.00,0,0,0,0.500,LOCAL,LOCAL,2,CLOUD,CLOUD,0,0,none
2026-04-20 13:17:44,1572,47.84,220.92,66.08,59.60,741.95,-694.11,down,196.44,337.07,-1.00,1,0.00,1,1,1,0.976,CLOUD,,0,CLOUD,CLOUD,0,0,none
2026-04-20 13:17:46,1573,47.84,220.92,66.00,59.63,47.84,0.00,stable,157.62,337.07,-1.00,1,0.00,1,1,1,0.973,CLOUD,,0,CLOUD,CLOUD,0,0,none
2026-04-20 13:17:48,1574,31.80,135.03,66.08,59.61,47.84,-16.04,down,167.80,337.07,-1.00,1,0.00,1,1,1,0.990,CLOUD,,0,CLOUD,CLOUD,0,0,none
2026-04-20 13:17:50,1575,50.53,139.82,66.14,59.63,31.80,18.74,up,179.17,337.07,-1.00,1,0.00,1,1,1,0.947,CLOUD,,0,CLOUD,CLOUD,0,0,none
2026-04-20 13:17:52,1576,50.53,139.82,66.00,59.60,50.53,0.00,stable,158.89,337.07,-1.00,1,0.00,1,1,1,0.935,CLOUD,,0,CLOUD,CLOUD,0,0,none
2026-04-20 13:17:54,1577,150.68,46.60,66.19,59.64,50.53,100.14,up,115.32,337.07,-1.00,1,0.00,1,0,0,0.500,LOCAL,LOCAL,1,CLOUD,CLOUD,0,0,none
2026-04-20 13:17:56,1578,150.68,46.60,65.97,59.63,150.68,0.00,stable,93.21,337.07,-1.00,1,0.00,1,0,0,0.500,LOCAL,LOCAL,2,CLOUD,CLOUD,0,0,none
2026-04-20 13:17:58,1579,136.99,231.06,66.00,59.58,150.68,-13.69,down,116.02,337.07,-1.00,1,0.00,1,1,0,0.500,LOCAL,,0,CLOUD,LOCAL,1,0,started
2026-04-20 13:18:00,1580,42.70,1283.05,66.69,59.37,136.99,-94.28,down,401.83,182.51,-1.00,1,0.00,1,1,1,1.000,CLOUD,CLOUD,1,LOCAL,LOCAL,0,0,none
2026-04-20 13:18:02,1581,42.70,1283.05,66.56,61.97,42.70,0.00,stable,710.94,173.72,-1.00,1,0.00,1,1,1,1.000,CLOUD,CLOUD,2,LOCAL,LOCAL,0,0,none
2026-04-20 13:18:04,1582,63.04,347.43,66.56,64.80,42.70,20.34,up,786.15,297.23,-1.00,1,0.00,1,1,1,0.981,CLOUD,,0,LOCAL,CLOUD,1,0,started
2026-04-20 13:18:06,1583,180.77,138.24,66.62,59.51,63.04,117.73,up,762.95,161.66,-1.00,1,0.00,1,1,0,0.500,LOCAL,LOCAL,1,CLOUD,CLOUD,0,0,none
2026-04-20 13:18:08,1584,180.77,138.24,66.14,59.59,180.77,0.00,stable,476.74,161.66,-1.00,1,0.00,1,1,0,0.500,LOCAL,LOCAL,2,CLOUD,CLOUD,0,0,none
2026-04-20 13:18:10,1585,74.31,1718.62,66.19,59.63,180.77,-106.46,down,585.64,161.66,-1.00,1,0.00,1,1,1,1.000,CLOUD,,0,CLOUD,CLOUD,0,0,none
2026-04-20 13:18:12,1586,65.13,431.16,66.03,59.59,74.31,-9.18,stable,606.57,161.66,-1.00,1,0.00,1,1,1,0.973,CLOUD,,0,CLOUD,CLOUD,0,0,none
2026-04-20 13:18:14,1587,65.13,431.16,66.14,59.63,65.13,0.00,stable,679.80,161.66,-1.00,1,0.00,1,1,1,0.977,CLOUD,,0,CLOUD,CLOUD,0,0,none
2026-04-20 13:18:16,1588,70.16,130.59,66.11,59.56,65.13,5.03,stable,677.88,161.66,-1.00,1,0.00,1,1,1,0.692,CLOUD,,0,CLOUD,CLOUD,0,0,none
2026-04-20 13:18:18,1589,70.16,130.59,66.08,59.63,70.16,0.00,stable,280.87,161.66,-1.00,1,0.00,1,1,1,0.682,CLOUD,,0,CLOUD,CLOUD,0,0,none
2026-04-20 13:18:20,1590,44.91,180.28,66.08,59.65,70.16,-25.25,down,218.15,161.66,-1.00,1,0.00,1,1,1,0.976,CLOUD,,0,CLOUD,CLOUD,0,0,none
2026-04-20 13:18:22,1591,70.61,124.98,66.17,59.63,44.91,25.69,up,141.61,161.66,-1.00,1,0.00,1,1,1,0.691,CLOUD,,0,CLOUD,CLOUD,0,0,none
2026-04-20 13:18:24,1592,70.61,124.98,66.06,59.64,70.61,0.00,stable,140.21,161.66,-1.00,1,0.00,1,1,1,0.652,CLOUD,,0,CLOUD,CLOUD,0,0,none
2026-04-20 13:18:26,1593,154.43,17.97,65.95,59.64,70.61,83.82,up,112.05,161.66,-1.00,1,0.00,1,0,0,0.500,LOCAL,LOCAL,1,CLOUD,CLOUD,0,0,none
2026-04-20 13:18:28,1594,154.43,17.97,66.06,58.90,154.43,0.00,stable,71.48,161.66,-1.00,1,0.00,1,0,0,0.500,LOCAL,LOCAL,2,CLOUD,CLOUD,0,0,none
2026-04-20 13:18:30,1595,37.33,1652.85,66.11,58.94,154.43,-117.10,down,453.44,161.66,-1.00,1,0.00,1,1,1,1.000,CLOUD,,0,CLOUD,CLOUD,0,0,none
2026-04-20 13:18:32,1596,42.87,1502.86,65.95,58.90,37.33,5.54,stable,797.91,161.66,-1.00,1,0.00,1,1,1,1.000,CLOUD,,0,CLOUD,CLOUD,0,0,none
2026-04-20 13:18:34,1597,42.87,1502.86,66.17,58.94,42.87,0.00,stable,1169.14,161.66,-1.00,1,0.00,1,1,1,1.000,CLOUD,,0,CLOUD,CLOUD,0,0,none
2026-04-20 13:18:36,1598,61.50,74.01,66.19,58.90,42.87,18.63,up,1183.15,161.66,-1.00,1,0.00,1,0,1,0.795,CLOUD,,0,CLOUD,CLOUD,0,0,none
2026-04-20 13:18:38,1599,96.53,165.48,66.24,59.26,61.50,35.03,up,811.30,161.66,-1.00,1,0.00,1,1,0,0.500,LOCAL,LOCAL,1,CLOUD,CLOUD,0,0,none
2026-04-20 13:18:40,1600,96.53,165.48,65.98,58.91,96.53,0.00,stable,476.96,161.66,-1.00,1,0.00,1,1,0,0.500,LOCAL,LOCAL,2,CLOUD,CLOUD,0,0,none
2026-04-20 13:18:42,1601,52.15,146.17,66.08,58.94,96.53,-44.38,down,137.79,161.66,-1.00,1,0.00,1,1,1,0.936,CLOUD,,0,CLOUD,CLOUD,0,0,none
2026-04-20 13:18:44,1602,52.15,146.17,66.22,58.94,52.15,0.00,stable,155.83,161.66,-1.00,1,0.00,1,1,1,0.948,CLOUD,,0,CLOUD,CLOUD,0,0,none
2026-04-20 13:18:46,1603,60.93,93.88,66.06,58.94,52.15,8.78,stable,137.93,161.66,-1.00,1,0.00,1,0,1,0.794,CLOUD,,0,CLOUD,CLOUD,0,0,none
2026-04-20 13:18:48,1604,95.64,925.74,66.20,58.94,60.93,34.72,up,327.99,161.66,-1.00,1,0.00,1,1,1,0.991,CLOUD,,0,CLOUD,CLOUD,0,0,none
2026-04-20 13:18:50,1605,95.64,925.74,66.03,58.94,95.64,0.00,stable,522.88,161.66,-1.00,1,0.00,1,1,1,0.989,CLOUD,,0,CLOUD,CLOUD,0,0,none
2026-04-20 13:18:52,1606,113.38,134.63,66.20,58.90,95.64,17.73,up,520.00,161.66,-1.00,1,0.00,1,1,0,0.500,LOCAL,LOCAL,1,CLOUD,CLOUD,0,0,none
2026-04-20 13:18:54,1607,48.46,141.59,66.12,59.20,113.38,-64.92,down,531.93,161.66,-1.00,1,0.00,1,1,1,0.956,CLOUD,,0,CLOUD,CLOUD,0,0,none
2026-04-20 13:18:56,1608,48.46,141.59,65.96,58.91,48.46,0.00,stable,335.89,161.66,-1.00,1,0.00,1,1,1,0.944,CLOUD,,0,CLOUD,CLOUD,0,0,none
2026-04-20 13:18:58,1609,160.28,2078.70,66.22,58.94,48.46,111.82,up,624.13,161.66,-1.00,1,0.00,1,1,1,0.999,CLOUD,,0,CLOUD,CLOUD,0,0,none
2026-04-20 13:19:00,1610,160.28,2078.70,66.09,58.93,160.28,0.00,stable,1110.15,161.66,-1.00,1,0.00,1,1,1,0.999,CLOUD,,0,CLOUD,CLOUD,0,0,none
2026-04-20 13:19:02,1611,128.06,237.24,66.25,58.94,160.28,-32.21,down,1134.06,161.66,-1.00,1,0.00,1,1,0,0.500,LOCAL,LOCAL,1,CLOUD,CLOUD,0,0,none
2026-04-20 13:19:04,1612,36.05,243.40,66.08,58.92,128.06,-92.02,down,1159.51,161.66,-1.00,1,0.00,1,1,1,0.994,CLOUD,,0,CLOUD,CLOUD,0,0,none
2026-04-20 13:19:06,1613,36.05,243.40,66.11,58.93,36.05,0.00,stable,700.68,161.66,-1.00,1,0.00,1,1,1,0.994,CLOUD,,0,CLOUD,CLOUD,0,0,none
2026-04-20 13:19:08,1614,110.12,49.32,65.92,58.90,36.05,74.07,up,193.34,161.66,-1.00,1,0.00,1,0,0,0.500,LOCAL,LOCAL,1,CLOUD,CLOUD,0,0,none
2026-04-20 13:19:11,1615,66.49,201.00,66.10,59.20,110.12,-43.63,down,184.28,161.66,-1.00,1,0.00,1,1,1,0.849,CLOUD,,0,CLOUD,CLOUD,0,0,none
2026-04-20 13:19:13,1616,66.49,201.00,66.06,58.90,66.49,0.00,stable,173.68,161.66,-1.00,1,0.00,1,1,1,0.840,CLOUD,,0,CLOUD,CLOUD,0,0,none
2026-04-20 13:19:15,1617,54.81,189.04,65.96,59.13,66.49,-11.67,down,160.09,161.66,-1.00,1,0.00,1,1,1,0.929,CLOUD,,0,CLOUD,CLOUD,0,0,none
2026-04-20 13:19:17,1618,54.81,189.04,66.04,58.94,54.81,0.00,stable,195.02,161.66,-1.00,1,0.00,1,1,1,0.937,CLOUD,,0,CLOUD,CLOUD,0,0,none
2026-04-20 13:19:19,1619,136.10,96.25,66.11,58.93,54.81,81.29,up,168.83,161.66,-1.00,1,0.00,1,0,0,0.500,LOCAL,LOCAL,1,CLOUD,CLOUD,0,0,none
2026-04-20 13:19:21,1620,136.10,96.25,66.08,58.93,136.10,0.00,stable,142.65,161.66,-1.00,1,0.00,1,0,0,0.500,LOCAL,LOCAL,2,CLOUD,CLOUD,0,0,none
2026-04-20 13:19:23,1621,44.02,184.24,65.95,58.88,136.10,-92.08,down,141.45,161.66,-1.00,1,0.00,1,1,1,0.973,CLOUD,,0,CLOUD,CLOUD,0,0,none
2026-04-20 13:19:25,1622,44.02,184.24,66.14,58.94,44.02,0.00,stable,140.24,161.66,-1.00,1,0.00,1,1,1,0.980,CLOUD,,0,CLOUD,CLOUD,0,0,none
2026-04-20 13:19:27,1623,94.71,92.42,66.06,58.93,44.02,50.69,up,139.29,161.66,-1.00,1,0.00,1,0,0,0.500,LOCAL,LOCAL,1,CLOUD,CLOUD,0,0,none
2026-04-20 13:19:29,1624,94.71,92.42,65.97,58.90,94.71,0.00,stable,138.33,161.66,-1.00,1,0.00,1,0,0,0.500,LOCAL,LOCAL,2,CLOUD,CLOUD,0,0,none
2026-04-20 13:19:31,1625,93.90,2003.49,66.19,58.95,94.71,-0.81,stable,593.14,161.66,-1.00,1,0.00,1,1,1,1.000,CLOUD,,0,CLOUD,CLOUD,0,0,none
2026-04-20 13:19:33,1626,127.47,117.61,66.03,58.93,93.90,33.57,up,576.48,161.66,-1.00,1,0.00,1,1,0,0.500,LOCAL,LOCAL,1,CLOUD,CLOUD,0,0,none
2026-04-20 13:19:35,1627,127.47,117.61,66.08,58.95,127.47,0.00,stable,582.78,161.66,-1.00,1,0.00,1,1,0,0.500,LOCAL,LOCAL,2,CLOUD,CLOUD,0,0,none
2026-04-20 13:19:37,1628,56.25,114.51,66.03,58.93,127.47,-71.22,down,588.30,161.66,-1.00,1,0.00,1,1,1,0.874,CLOUD,,0,CLOUD,CLOUD,0,0,none
2026-04-20 13:19:39,1629,50.33,158.48,66.17,59.28,56.25,-5.92,stable,127.05,161.66,-1.00,1,0.00,1,1,1,0.957,CLOUD,,0,CLOUD,CLOUD,0,0,none
2026-04-20 13:19:41,1630,50.33,158.48,66.23,58.93,50.33,0.00,stable,137.27,161.66,-1.00,1,0.00,1,1,1,0.961,CLOUD,,0,CLOUD,CLOUD,0,0,none
2026-04-20 13:19:43,1631,151.92,40.91,65.95,58.90,50.33,101.59,up,118.09,161.66,-1.00,1,0.00,1,0,0,0.500,LOCAL,LOCAL,1,CLOUD,CLOUD,0,0,none
2026-04-20 13:19:45,1632,151.92,40.91,66.08,58.93,151.92,0.00,stable,99.69,161.66,-1.00,1,0.00,1,0,0,0.500,LOCAL,LOCAL,2,CLOUD,CLOUD,0,0,none
2026-04-20 13:19:47,1633,135.37,182.53,66.08,58.90,151.92,-16.55,down,105.71,161.66,-1.00,1,0.00,1,1,0,0.500,LOCAL,,0,CLOUD,LOCAL,1,0,started
2026-04-20 13:19:49,1634,55.49,1868.18,66.67,59.36,135.37,-79.88,down,533.13,278.11,-1.00,1,0.00,1,1,1,1.000,CLOUD,CLOUD,1,LOCAL,LOCAL,0,0,none
2026-04-20 13:19:51,1635,55.49,1868.18,66.64,61.38,55.49,0.00,stable,989.95,194.17,-1.00,1,0.00,1,1,1,1.000,CLOUD,CLOUD,2,LOCAL,LOCAL,0,0,none
2026-04-20 13:19:53,1636,22.81,880.46,66.47,64.43,55.49,-32.68,down,1199.84,190.21,-1.00,1,0.00,1,1,1,1.000,CLOUD,,0,LOCAL,CLOUD,1,0,started
2026-04-20 13:19:56,1637,45.43,162.76,66.63,59.86,22.81,22.62,up,1194.90,253.84,-1.00,1,0.00,1,1,1,0.987,CLOUD,,0,CLOUD,CLOUD,0,0,none
2026-04-20 13:19:58,1638,45.43,162.76,66.17,59.62,45.43,0.00,stable,768.54,253.84,-1.00,1,0.00,1,1,1,0.974,CLOUD,,0,CLOUD,CLOUD,0,0,none
2026-04-20 13:20:00,1639,88.27,62.67,66.03,59.64,45.43,42.84,up,317.16,253.84,-1.00,1,0.00,1,0,0,0.500,LOCAL,LOCAL,1,CLOUD,CLOUD,0,0,none
2026-04-20 13:20:02,1640,88.27,62.67,65.98,59.60,88.27,0.00,stable,112.71,253.84,-1.00,1,0.00,1,0,0,0.500,LOCAL,LOCAL,2,CLOUD,CLOUD,0,0,none
2026-04-20 13:20:05,1641,125.63,74.59,65.92,59.87,88.27,37.36,up,90.67,253.84,-1.00,1,0.00,1,0,0,0.500,LOCAL,,0,CLOUD,LOCAL,1,0,started
2026-04-20 13:20:07,1642,125.63,74.59,66.67,59.63,125.63,0.00,stable,68.63,188.36,-1.00,1,0.00,1,0,0,0.500,LOCAL,,0,LOCAL,LOCAL,0,0,none
2026-04-20 13:20:09,1643,41.95,461.93,66.56,61.80,125.63,-83.68,down,168.45,182.13,-1.00,1,0.00,1,1,1,0.999,CLOUD,CLOUD,1,LOCAL,LOCAL,0,0,none
2026-04-20 13:20:11,1644,41.95,461.93,66.56,64.69,41.95,0.00,stable,268.26,193.25,-1.00,1,0.00,1,1,1,0.999,CLOUD,CLOUD,2,LOCAL,LOCAL,0,0,none
2026-04-20 13:20:13,1645,88.45,581.04,66.56,67.84,41.95,46.51,up,394.87,171.18,-1.00,1,0.00,1,1,1,0.964,CLOUD,,0,LOCAL,CLOUD,1,0,started
2026-04-20 13:20:15,1646,31.65,76.08,66.71,59.46,88.45,-56.80,down,395.24,253.39,-1.00,1,0.00,1,0,1,0.994,CLOUD,,0,CLOUD,CLOUD,0,0,none
2026-04-20 13:20:17,1647,31.65,76.08,66.33,59.61,31.65,0.00,stable,298.78,253.39,-1.00,1,0.00,1,0,1,0.990,CLOUD,,0,CLOUD,CLOUD,0,0,none
2026-04-20 13:20:19,1648,72.14,243.44,66.19,59.62,31.65,40.49,up,244.16,253.39,-1.00,1,0.00,1,1,1,0.838,CLOUD,,0,CLOUD,CLOUD,0,0,none
2026-04-20 13:20:21,1649,53.99,2611.44,65.97,59.57,72.14,-18.16,down,751.76,253.39,-1.00,1,0.00,1,1,1,1.000,CLOUD,,0,CLOUD,CLOUD,0,0,none
2026-04-20 13:20:23,1650,53.99,2611.44,66.14,59.62,53.99,0.00,stable,1385.60,253.39,-1.00,1,0.00,1,1,1,1.000,CLOUD,,0,CLOUD,CLOUD,0,0,none
2026-04-20 13:20:25,1651,216.71,118.02,66.11,59.59,53.99,162.72,up,1396.08,253.39,-1.00,1,0.00,0,1,0,0.500,LOCAL,LOCAL,1,CLOUD,CLOUD,0,0,none
2026-04-20 13:20:27,1652,216.71,118.02,66.08,59.62,216.71,0.00,stable,1364.73,253.39,-1.00,1,0.00,0,1,0,0.500,LOCAL,LOCAL,2,CLOUD,CLOUD,0,0,none
2026-04-20 13:20:29,1653,54.70,156.65,66.22,59.61,216.71,-162.01,down,751.03,253.39,-1.00,1,0.00,1,1,1,0.939,CLOUD,,0,CLOUD,CLOUD,0,0,none
2026-04-20 13:20:31,1654,45.56,245.36,66.11,59.56,54.70,-9.14,stable,159.51,253.39,-1.00,1,0.00,1,1,1,0.985,CLOUD,,0,CLOUD,CLOUD,0,0,none
2026-04-20 13:20:33,1655,45.56,245.36,66.19,59.60,45.56,0.00,stable,191.34,253.39,-1.00,1,0.00,1,1,1,0.987,CLOUD,,0,CLOUD,CLOUD,0,0,none
2026-04-20 13:20:35,1656,157.28,109.08,66.08,59.58,45.56,111.72,up,189.11,253.39,-1.00,1,0.00,1,1,0,0.500,LOCAL,LOCAL,1,CLOUD,CLOUD,0,0,none
2026-04-20 13:20:37,1657,157.28,109.08,66.22,58.94,157.28,0.00,stable,177.22,253.39,-1.00,1,0.00,1,1,0,0.500,LOCAL,LOCAL,2,CLOUD,CLOUD,0,0,none
2026-04-20 13:20:39,1658,92.22,49.79,66.08,58.91,157.28,-65.05,down,128.33,253.39,-1.00,1,0.00,1,0,0,0.500,LOCAL,,0,CLOUD,LOCAL,1,0,started
2026-04-20 13:20:41,1659,41.94,530.40,66.67,59.75,92.22,-50.28,down,199.59,150.78,-1.00,1,0.00,1,1,1,1.000,CLOUD,CLOUD,1,LOCAL,LOCAL,0,0,none
2026-04-20 13:20:43,1660,41.94,530.40,66.61,61.69,41.94,0.00,stable,304.91,162.04,-1.00,1,0.00,1,1,1,1.000,CLOUD,CLOUD,2,LOCAL,LOCAL,0,0,none
2026-04-20 13:20:45,1661,30.92,29.72,66.53,64.82,41.94,-11.02,down,285.07,175.60,-1.00,1,25.00,0,0,1,0.990,CLOUD,,0,LOCAL,CLOUD,1,0,started
2026-04-20 13:20:48,1662,30.92,29.72,66.67,59.47,30.92,0.00,stable,280.06,233.79,-1.00,1,25.00,0,0,1,0.992,CLOUD,,0,CLOUD,CLOUD,0,0,none
2026-04-20 13:20:50,1663,874.19,220.48,66.33,59.64,30.92,843.26,up,202.58,233.79,-1.00,1,0.00,0,1,0,0.500,LOCAL,LOCAL,1,CLOUD,CLOUD,0,0,none
2026-04-20 13:20:52,1664,51.37,2083.74,66.03,59.60,874.19,-822.82,down,590.91,233.79,-1.00,1,0.00,1,1,1,1.000,CLOUD,,0,CLOUD,CLOUD,0,0,none
2026-04-20 13:20:54,1665,51.37,2083.74,66.17,59.64,51.37,0.00,stable,1104.42,233.79,-1.00,1,0.00,1,1,1,1.000,CLOUD,,0,CLOUD,CLOUD,0,0,none
2026-04-20 13:20:56,1666,76.19,130.23,66.01,59.60,51.37,24.82,up,1129.55,233.79,-1.00,1,0.00,1,1,1,0.508,CLOUD,,0,CLOUD,CLOUD,0,0,none
2026-04-20 13:20:58,1667,76.19,130.23,66.11,59.64,76.19,0.00,stable,1106.98,233.79,-1.00,1,0.00,1,1,1,0.551,CLOUD,,0,CLOUD,CLOUD,0,0,none
2026-04-20 13:21:00,1668,34.54,216.35,66.08,59.64,76.19,-41.65,down,640.14,233.79,-1.00,1,0.00,1,1,1,0.993,CLOUD,,0,CLOUD,CLOUD,0,0,none
2026-04-20 13:21:02,1669,65.56,90.02,66.00,59.63,34.54,31.02,up,141.71,233.79,-1.00,1,0.00,1,0,1,0.683,CLOUD,,0,CLOUD,CLOUD,0,0,none
2026-04-20 13:21:04,1670,65.56,90.02,66.22,59.64,65.56,0.00,stable,131.65,233.79,-1.00,1,0.00,1,0,1,0.754,CLOUD,,0,CLOUD,CLOUD,0,0,none
2026-04-20 13:21:06,1671,86.66,124.35,66.11,59.64,65.56,21.10,up,130.19,233.79,-1.00,1,0.00,1,1,0,0.500,LOCAL,LOCAL,1,CLOUD,CLOUD,0,0,none
2026-04-20 13:21:08,1672,29.41,747.12,66.09,59.62,86.66,-57.25,down,262.88,233.79,-1.00,1,0.00,1,1,1,1.000,CLOUD,,0,CLOUD,CLOUD,0,0,none
2026-04-20 13:21:10,1673,29.41,747.12,66.14,58.95,29.41,0.00,stable,427.15,233.79,-1.00,1,0.00,1,1,1,1.000,CLOUD,,0,CLOUD,CLOUD,0,0,none
2026-04-20 13:21:12,1674,43.40,2180.13,66.25,58.95,29.41,13.99,up,949.68,233.79,-1.00,1,0.00,1,1,1,1.000,CLOUD,,0,CLOUD,CLOUD,0,0,none
2026-04-20 13:21:14,1675,43.40,2180.13,66.06,58.94,43.40,0.00,stable,1463.62,233.79,-1.00,1,0.00,1,1,1,1.000,CLOUD,,0,CLOUD,CLOUD,0,0,none
2026-04-20 13:21:16,1676,40.48,151.70,66.06,58.95,43.40,-2.92,stable,1314.77,233.79,-1.00,1,0.00,1,1,1,0.979,CLOUD,,0,CLOUD,CLOUD,0,0,none
2026-04-20 13:21:18,1677,86.38,84.29,65.98,59.10,40.48,45.90,up,1149.06,233.79,-1.00,1,0.00,1,0,0,0.500,LOCAL,LOCAL,1,CLOUD,CLOUD,0,0,none
2026-04-20 13:21:21,1678,86.38,84.29,66.07,58.94,86.38,0.00,stable,625.10,233.79,-1.00,1,0.00,1,0,0,0.500,LOCAL,LOCAL,2,CLOUD,CLOUD,0,0,none
2026-04-20 13:21:23,1679,70.57,158.35,66.00,58.92,86.38,-15.80,down,119.66,233.79,-1.00,1,0.00,1,1,1,0.692,CLOUD,,0,CLOUD,CLOUD,0,0,none
2026-04-20 13:21:25,1680,70.57,158.35,66.11,58.94,70.57,0.00,stable,121.32,233.79,-1.00,1,0.00,1,1,1,0.729,CLOUD,,0,CLOUD,CLOUD,0,0,none
2026-04-20 13:21:27,1681,75.98,125.90,66.08,58.93,70.57,5.41,stable,131.72,233.79,-1.00,1,0.00,1,1,1,0.535,CLOUD,,0,CLOUD,CLOUD,0,0,none
2026-04-20 13:21:29,1682,43.87,1858.66,66.08,58.91,75.98,-32.11,down,575.32,233.79,-1.00,0,0.00,1,1,1,1.000,CLOUD,,0,CLOUD,CLOUD,0,0,none
2026-04-20 13:21:31,1683,43.87,1858.66,65.95,58.93,43.87,0.00,stable,1000.39,233.79,-1.00,0,0.00,1,1,1,1.000,CLOUD,,0,CLOUD,CLOUD,0,0,none
2026-04-20 13:21:33,1684,54.74,2281.06,66.31,58.95,43.87,10.87,up,1531.07,233.79,-1.00,1,0.00,1,1,1,1.000,CLOUD,,0,CLOUD,CLOUD,0,0,none
2026-04-20 13:21:35,1685,54.74,2281.06,66.00,58.94,54.74,0.00,stable,2069.86,233.79,-1.00,1,0.00,1,1,1,1.000,CLOUD,,0,CLOUD,CLOUD,0,0,none
2026-04-20 13:21:37,1686,136.33,75.85,66.11,58.91,54.74,81.59,up,1624.16,233.79,-1.00,1,0.00,1,0,0,0.500,LOCAL,LOCAL,1,CLOUD,CLOUD,0,0,none
2026-04-20 13:21:39,1687,81.34,253.52,66.09,58.94,136.33,-54.99,down,1222.87,233.79,-1.00,1,0.00,1,1,1,0.654,CLOUD,,0,CLOUD,CLOUD,0,0,none
2026-04-20 13:21:41,1688,81.34,253.52,66.17,58.95,81.34,0.00,stable,715.99,233.79,-1.00,1,0.00,1,1,1,0.682,CLOUD,,0,CLOUD,CLOUD,0,0,none
2026-04-20 13:21:43,1689,71.55,55.45,66.17,58.94,81.34,-9.79,stable,159.58,233.79,-1.00,1,0.00,1,0,1,0.539,CLOUD,,0,CLOUD,CLOUD,0,0,none
2026-04-20 13:21:45,1690,53.41,154.62,66.03,58.94,71.55,-18.15,down,179.28,233.79,-1.00,1,0.00,1,1,1,0.927,CLOUD,,0,CLOUD,CLOUD,0,0,none
2026-04-20 13:21:47,1691,53.41,154.62,65.97,58.94,53.41,0.00,stable,154.55,233.79,-1.00,1,0.00,1,1,1,0.921,CLOUD,,0,CLOUD,CLOUD,0,0,none
2026-04-20 13:21:49,1692,143.50,83.71,66.09,58.87,53.41,90.09,up,112.10,233.79,-1.00,1,0.00,1,0,0,0.500,LOCAL,LOCAL,1,CLOUD,CLOUD,0,0,none
2026-04-20 13:21:51,1693,143.50,83.71,66.14,58.95,143.50,0.00,stable,119.16,233.79,-1.00,1,0.00,1,0,0,0.500,LOCAL,LOCAL,2,CLOUD,CLOUD,0,0,none
2026-04-20 13:21:53,1694,69.24,55.23,66.17,58.91,143.50,-74.27,down,94.32,233.79,-1.00,1,0.00,1,0,1,0.596,CLOUD,,0,CLOUD,CLOUD,0,0,none
2026-04-20 13:21:55,1695,91.66,198.18,66.14,58.94,69.24,22.42,up,105.21,233.79,-1.00,1,0.00,1,1,0,0.500,LOCAL,LOCAL,1,CLOUD,CLOUD,0,0,none
2026-04-20 13:21:57,1696,91.66,198.18,65.92,58.91,91.66,0.00,stable,133.83,233.79,-1.00,1,0.00,1,1,0,0.500,LOCAL,LOCAL,2,CLOUD,CLOUD,0,0,none
2026-04-20 13:22:00,1697,57.73,91.96,65.92,59.18,91.66,-33.93,down,135.89,233.79,-1.00,1,0.00,1,0,1,0.808,CLOUD,,0,CLOUD,CLOUD,0,0,none
2026-04-20 13:22:02,1698,57.73,91.96,66.15,58.95,57.73,0.00,stable,145.07,233.79,-1.00,1,0.00,1,0,1,0.858,CLOUD,,0,CLOUD,CLOUD,0,0,none
2026-04-20 13:22:05,1699,75.50,109.14,65.78,59.17,57.73,17.77,up,122.81,233.79,-1.00,1,0.00,1,1,0,0.500,LOCAL,LOCAL,1,CLOUD,CLOUD,0,0,none
2026-04-20 13:22:07,1700,75.50,109.14,65.96,58.88,75.50,0.00,stable,100.55,233.79,-1.00,1,0.00,1,1,0,0.500,LOCAL,LOCAL,2,CLOUD,CLOUD,0,0,none
2026-04-20 13:22:12,1701,182.21,31.77,65.81,59.17,75.50,106.70,up,85.50,233.79,-1.00,1,0.00,1,0,0,0.500,LOCAL,,0,CLOUD,LOCAL,1,0,started
2026-04-20 13:22:14,1702,182.21,31.77,66.62,59.44,182.21,0.00,stable,70.45,178.64,-1.00,1,0.00,1,0,0,0.500,LOCAL,,0,LOCAL,LOCAL,0,0,none
2026-04-20 13:22:16,1703,27.72,1530.77,66.64,61.79,182.21,-154.49,down,425.86,177.69,-1.00,1,0.00,1,1,1,1.000,CLOUD,CLOUD,1,LOCAL,LOCAL,0,0,none
2026-04-20 13:22:18,1704,27.72,1530.77,66.56,64.44,27.72,0.00,stable,781.27,148.24,-1.00,1,0.00,1,1,1,1.000,CLOUD,CLOUD,2,LOCAL,LOCAL,0,0,none
2026-04-20 13:22:20,1705,118.75,2547.41,66.61,67.74,27.72,91.04,up,1410.18,167.85,-1.00,1,0.00,1,1,1,1.000,CLOUD,,0,LOCAL,CLOUD,1,0,started
2026-04-20 13:22:22,1706,63.14,74.06,66.69,59.47,118.75,-55.62,down,1420.75,270.95,-1.00,1,0.00,1,0,1,0.879,CLOUD,,0,CLOUD,CLOUD,0,0,none
2026-04-20 13:22:24,1707,63.14,74.06,66.31,59.60,63.14,0.00,stable,1056.58,270.95,-1.00,1,0.00,1,0,1,0.797,CLOUD,,0,CLOUD,CLOUD,0,0,none
2026-04-20 13:22:26,1708,79.72,257.96,66.17,59.64,63.14,16.59,up,738.37,270.95,-1.00,1,0.00,1,1,1,0.723,CLOUD,,0,CLOUD,CLOUD,0,0,none
2026-04-20 13:22:28,1709,60.08,83.26,66.00,59.62,79.72,-19.65,down,122.34,270.95,-1.00,1,0.00,1,0,1,0.779,CLOUD,,0,CLOUD,CLOUD,0,0,none
2026-04-20 13:22:30,1710,60.08,83.26,66.14,59.63,60.08,0.00,stable,124.63,270.95,-1.00,1,0.00,1,0,1,0.815,CLOUD,,0,CLOUD,CLOUD,0,0,none
2026-04-20 13:22:32,1711,53.96,227.09,66.17,59.63,60.08,-6.11,stable,162.89,270.95,-1.00,1,0.00,1,1,1,0.964,CLOUD,,0,CLOUD,CLOUD,0,0,none
2026-04-20 13:22:35,1712,53.96,227.09,66.20,59.64,53.96,0.00,stable,155.17,270.95,-1.00,1,0.00,1,1,1,0.966,CLOUD,,0,CLOUD,CLOUD,0,0,none
2026-04-20 13:22:37,1713,74.06,123.93,66.03,59.62,53.96,20.10,up,165.34,270.95,-1.00,1,0.00,1,1,1,0.557,CLOUD,,0,CLOUD,CLOUD,0,0,none
2026-04-20 13:22:39,1714,94.58,688.79,66.17,59.64,74.06,20.52,up,316.73,270.95,-1.00,1,0.00,1,1,1,0.949,CLOUD,,0,CLOUD,CLOUD,0,0,none
2026-04-20 13:22:41,1715,94.58,688.79,66.00,59.64,94.58,0.00,stable,432.15,270.95,-1.00,1,0.00,1,1,1,0.934,CLOUD,,0,CLOUD,CLOUD,0,0,none
2026-04-20 13:22:43,1716,90.27,120.61,66.03,59.60,94.58,-4.30,stable,405.53,270.95,-1.00,1,0.00,1,1,0,0.500,LOCAL,LOCAL,1,CLOUD,CLOUD,0,0,none
2026-04-20 13:22:45,1717,90.27,120.61,66.17,58.97,90.27,0.00,stable,404.70,270.95,-1.00,1,0.00,1,1,0,0.500,LOCAL,LOCAL,2,CLOUD,CLOUD,0,0,none
2026-04-20 13:22:47,1718,53.80,57.18,66.08,58.65,90.27,-36.47,down,246.80,270.95,-1.00,1,0.00,1,0,1,0.859,CLOUD,,0,CLOUD,CLOUD,0,0,none
2026-04-20 13:22:49,1719,75.73,83.77,66.03,58.70,53.80,21.93,up,95.55,270.95,-1.00,1,0.00,1,0,0,0.500,LOCAL,LOCAL,1,CLOUD,CLOUD,0,0,none
2026-04-20 13:22:51,1720,75.73,83.77,66.06,58.65,75.73,0.00,stable,86.34,270.95,-1.00,1,0.00,1,0,0,0.500,LOCAL,LOCAL,2,CLOUD,CLOUD,0,0,none
2026-04-20 13:22:53,1721,96.44,58.34,65.97,58.67,75.73,20.71,up,70.77,270.95,-1.00,1,0.00,1,0,0,0.500,LOCAL,,0,CLOUD,LOCAL,1,0,started
2026-04-20 13:22:58,1722,119.68,92.28,66.05,59.59,96.44,23.24,up,79.54,270.95,-1.00,1,0.00,1,0,0,0.500,LOCAL,,0,LOCAL,LOCAL,0,0,none
2026-04-20 13:23:00,1723,35.17,349.26,66.67,61.64,119.68,-84.51,down,145.91,166.80,-1.00,1,0.00,1,1,1,0.999,CLOUD,CLOUD,1,LOCAL,LOCAL,0,0,none
2026-04-20 13:23:02,1724,35.17,349.26,66.58,64.77,35.17,0.00,stable,212.28,179.93,-1.00,1,0.00,1,1,1,0.999,CLOUD,CLOUD,2,LOCAL,LOCAL,0,0,none
2026-04-20 13:23:04,1725,134.50,551.77,66.53,68.10,35.17,99.33,up,335.64,167.66,-1.00,1,0.00,1,1,0,0.500,LOCAL,,0,LOCAL,LOCAL,0,0,none
2026-04-20 13:23:06,1726,134.50,551.77,66.69,70.81,134.50,0.00,stable,450.51,155.17,-1.00,1,0.00,1,1,0,0.500,LOCAL,,0,LOCAL,LOCAL,0,0,none
2026-04-20 13:23:08,1727,134.50,551.77,66.64,71.46,134.50,0.00,stable,501.14,170.94,-1.00,1,0.00,1,1,0,0.500,LOCAL,,0,LOCAL,LOCAL,0,0,none
2026-04-20 13:23:10,1728,47.05,2.76,66.45,58.66,134.50,-87.45,down,414.52,176.87,-1.00,1,50.00,0,0,1,0.933,CLOUD,CLOUD,1,LOCAL,LOCAL,0,0,none
2026-04-20 13:23:12,1729,47.05,2.76,66.64,58.66,47.05,0.00,stable,277.27,181.28,-1.00,1,50.00,0,0,1,0.950,CLOUD,CLOUD,2,LOCAL,LOCAL,0,0,none
2026-04-20 13:23:14,1730,69.98,343.29,66.53,58.66,47.05,22.93,up,225.15,187.29,-1.00,1,0.00,1,1,1,0.961,CLOUD,,0,LOCAL,CLOUD,1,0,started
2026-04-20 13:23:16,1731,305.63,83.66,66.69,59.32,69.98,235.66,up,108.12,296.74,-1.00,1,0.00,0,0,0,0.500,LOCAL,LOCAL,1,CLOUD,CLOUD,0,0,none
2026-04-20 13:23:18,1732,305.63,83.66,66.17,59.36,305.63,0.00,stable,128.34,296.74,-1.00,1,0.00,0,0,0,0.500,LOCAL,LOCAL,2,CLOUD,CLOUD,0,0,none
2026-04-20 13:23:20,1733,81.67,124.13,66.08,59.38,305.63,-223.96,down,158.68,296.74,-1.00,1,0.00,1,1,0,0.500,LOCAL,,0,CLOUD,LOCAL,1,0,started
2026-04-20 13:23:22,1734,81.67,124.13,66.69,59.23,81.67,0.00,stable,103.89,296.74,-1.00,1,0.00,1,1,1,0.630,CLOUD,CLOUD,1,LOCAL,LOCAL,0,0,none
2026-04-20 13:23:24,1735,66.51,132.33,66.53,61.43,81.67,-15.16,down,116.06,296.74,-1.00,1,0.00,1,1,1,0.864,CLOUD,CLOUD,2,LOCAL,LOCAL,0,0,none
2026-04-20 13:23:26,1736,66.51,132.33,66.56,63.91,66.51,0.00,stable,128.23,207.52,-1.00,1,0.00,1,1,1,0.870,CLOUD,,0,LOCAL,CLOUD,1,0,started
2026-04-20 13:23:29,1737,52.27,2356.19,66.62,59.25,66.51,-14.24,down,686.24,250.57,-1.00,1,0.00,1,1,1,1.000,CLOUD,,0,CLOUD,CLOUD,0,0,none
2026-04-20 13:23:31,1738,74.85,70.46,66.28,59.38,52.27,22.58,up,672.83,250.57,-1.00,1,0.00,1,0,1,0.531,CLOUD,,0,CLOUD,CLOUD,0,0,none
2026-04-20 13:23:33,1739,74.85,70.46,66.17,59.39,74.85,0.00,stable,657.36,250.57,-1.00,1,0.00,1,0,0,0.500,LOCAL,LOCAL,1,CLOUD,CLOUD,0,0,none
2026-04-20 13:23:35,1740,134.59,74.09,66.17,59.39,74.85,59.74,up,642.80,250.57,-1.00,1,0.00,1,0,0,0.500,LOCAL,LOCAL,2,CLOUD,CLOUD,0,0,none
2026-04-20 13:23:37,1741,159.59,41.48,66.14,59.40,134.59,25.00,up,64.12,250.57,-1.00,1,0.00,1,0,0,0.500,LOCAL,,0,CLOUD,LOCAL,1,0,started
2026-04-20 13:23:39,1742,159.59,41.48,66.59,59.65,159.59,0.00,stable,56.88,250.57,-1.00,1,0.00,1,0,0,0.500,LOCAL,,0,LOCAL,LOCAL,0,0,none
2026-04-20 13:23:41,1743,133.28,1888.79,66.53,61.54,159.59,-26.31,down,511.46,250.83,-1.00,1,0.00,1,1,1,1.000,CLOUD,CLOUD,1,LOCAL,LOCAL,0,0,none
2026-04-20 13:23:43,1744,79.97,1916.63,66.67,64.75,133.28,-53.32,down,972.10,175.34,-1.00,1,0.00,1,1,1,1.000,CLOUD,CLOUD,2,LOCAL,LOCAL,0,0,none
2026-04-20 13:23:45,1745,79.97,1916.63,66.56,67.37,79.97,0.00,stable,1440.88,158.95,-1.00,1,0.00,1,1,1,1.000,CLOUD,,0,LOCAL,CLOUD,1,0,started
2026-04-20 13:23:50,1746,45.91,61.75,66.27,59.61,79.97,-34.05,down,1445.95,256.83,-1.00,1,0.00,1,0,1,0.949,CLOUD,,0,CLOUD,CLOUD,0,0,none
2026-04-20 13:23:52,1747,45.91,61.75,66.25,59.37,45.91,0.00,stable,989.19,256.83,-1.00,1,0.00,1,0,1,0.948,CLOUD,,0,CLOUD,CLOUD,0,0,none
2026-04-20 13:23:54,1748,99.55,153.44,66.00,59.37,45.91,53.64,up,548.39,256.83,-1.00,1,0.00,1,1,0,0.500,LOCAL,LOCAL,1,CLOUD,CLOUD,0,0,none
2026-04-20 13:23:56,1749,99.55,153.44,66.20,59.33,99.55,0.00,stable,107.60,256.83,-1.00,1,0.00,1,1,0,0.500,LOCAL,LOCAL,2,CLOUD,CLOUD,0,0,none
2026-04-20 13:23:58,1750,143.80,2122.62,66.11,59.37,99.55,44.25,up,622.82,256.83,-1.00,1,0.00,1,1,1,1.000,CLOUD,,0,CLOUD,CLOUD,0,0,none
2026-04-20 13:24:00,1751,64.21,102.63,66.17,59.37,143.80,-79.59,down,633.04,256.83,-1.00,1,0.00,1,1,1,0.781,CLOUD,,0,CLOUD,CLOUD,0,0,none
2026-04-20 13:24:02,1752,64.21,102.63,66.08,59.33,64.21,0.00,stable,620.33,256.83,-1.00,1,0.00,1,1,1,0.756,CLOUD,,0,CLOUD,CLOUD,0,0,none
2026-04-20 13:24:04,1753,63.60,86.03,66.06,59.37,64.21,-0.61,stable,603.48,256.83,-1.00,1,0.00,1,0,1,0.735,CLOUD,,0,CLOUD,CLOUD,0,0,none
2026-04-20 13:24:06,1754,63.60,86.03,66.08,59.33,63.60,0.00,stable,94.33,256.83,-1.00,1,0.00,1,0,1,0.743,CLOUD,,0,CLOUD,CLOUD,0,0,none
2026-04-20 13:24:08,1755,54.74,2175.47,66.31,59.34,63.60,-8.86,stable,612.54,256.83,-1.00,1,0.00,1,1,1,1.000,CLOUD,,0,CLOUD,CLOUD,0,0,none
2026-04-20 13:24:10,1756,160.64,151.75,66.00,58.71,54.74,105.89,up,624.82,256.83,-1.00,1,0.00,1,1,0,0.500,LOCAL,LOCAL,1,CLOUD,CLOUD,0,0,none
2026-04-20 13:24:12,1757,160.64,151.75,66.06,58.66,160.64,0.00,stable,641.25,256.83,-1.00,1,0.00,1,1,0,0.500,LOCAL,LOCAL,2,CLOUD,CLOUD,0,0,none
2026-04-20 13:24:14,1758,153.74,14.06,66.03,58.65,160.64,-6.90,stable,623.26,256.83,-1.00,1,0.00,1,0,0,0.500,LOCAL,,0,CLOUD,LOCAL,1,0,started
2026-04-20 13:24:16,1759,153.74,14.06,66.67,59.71,153.74,0.00,stable,82.90,256.83,-1.00,1,0.00,1,0,0,0.500,LOCAL,,0,LOCAL,LOCAL,0,0,none
2026-04-20 13:24:18,1760,152.34,73.14,66.58,61.65,153.74,-1.39,stable,63.25,256.83,-1.00,1,0.00,1,0,0,0.500,LOCAL,,0,LOCAL,LOCAL,0,0,none
2026-04-20 13:24:21,1761,123.97,1887.41,66.32,64.91,152.34,-28.37,down,497.17,253.35,-1.00,1,0.00,1,1,1,1.000,CLOUD,CLOUD,1,LOCAL,LOCAL,0,0,none
2026-04-20 13:24:23,1762,123.97,1887.41,66.53,67.55,123.97,0.00,stable,965.51,175.98,-1.00,1,0.00,1,1,1,1.000,CLOUD,CLOUD,2,LOCAL,LOCAL,0,0,none
2026-04-20 13:24:25,1763,17.24,196.63,66.58,70.49,123.97,-106.73,down,1011.15,282.31,-1.00,1,0.00,1,1,1,0.999,CLOUD,,0,LOCAL,CLOUD,1,0,started
2026-04-20 13:24:27,1764,17.24,196.63,66.67,59.39,17.24,0.00,stable,1042.02,282.31,-1.00,1,0.00,1,1,1,0.999,CLOUD,,0,CLOUD,CLOUD,0,0,none
2026-04-20 13:24:29,1765,39.84,53.55,66.31,59.51,17.24,22.60,up,583.55,282.31,-1.00,1,0.00,1,0,1,0.972,CLOUD,,0,CLOUD,CLOUD,0,0,none
2026-04-20 13:24:31,1766,93.68,294.91,66.22,59.53,39.84,53.83,up,185.43,282.31,-1.00,1,0.00,1,1,0,0.500,LOCAL,LOCAL,1,CLOUD,CLOUD,0,0,none
2026-04-20 13:24:33,1767,93.68,294.91,66.14,59.52,93.68,0.00,stable,210.00,282.31,-1.00,1,0.00,1,1,0,0.500,LOCAL,LOCAL,2,CLOUD,CLOUD,0,0,none
2026-04-20 13:24:35,1768,146.09,45.12,66.17,59.53,93.68,52.42,up,172.12,282.31,-1.00,1,0.00,1,0,0,0.500,LOCAL,,0,CLOUD,LOCAL,1,0,started
2026-04-20 13:24:37,1769,89.35,65.05,66.64,59.68,146.09,-56.74,down,175.00,282.31,-1.00,1,0.00,1,0,0,0.500,LOCAL,,0,LOCAL,LOCAL,0,0,none
2026-04-20 13:24:39,1770,89.35,65.05,66.56,61.68,89.35,0.00,stable,117.53,159.22,-1.00,1,0.00,1,0,0,0.500,LOCAL,,0,LOCAL,LOCAL,0,0,none
2026-04-20 13:24:41,1771,43.49,409.94,66.47,64.60,89.35,-45.87,down,146.29,192.27,-1.00,1,0.00,1,1,1,0.998,CLOUD,CLOUD,1,LOCAL,LOCAL,0,0,none
2026-04-20 13:24:43,1772,43.49,409.94,66.64,67.71,43.49,0.00,stable,237.50,174.51,-1.00,1,0.00,1,1,1,0.999,CLOUD,CLOUD,2,LOCAL,LOCAL,0,0,none
2026-04-20 13:24:45,1773,52.52,16.99,66.61,70.39,43.49,9.03,stable,225.48,174.03,-1.00,1,50.00,0,0,1,0.921,CLOUD,,0,LOCAL,CLOUD,1,0,started
2026-04-20 13:24:48,1774,52.52,16.99,66.67,59.38,52.52,0.00,stable,213.46,267.94,-1.00,1,50.00,0,0,1,0.928,CLOUD,,0,CLOUD,CLOUD,0,0,none
2026-04-20 13:24:50,1775,91.30,66.81,66.28,59.47,52.52,38.78,up,127.68,267.94,-1.00,1,0.00,1,0,0,0.500,LOCAL,LOCAL,1,CLOUD,CLOUD,0,0,none
2026-04-20 13:24:52,1776,60.20,248.11,66.06,59.51,91.30,-31.09,down,87.22,267.94,-1.00,1,0.00,1,1,1,0.934,CLOUD,,0,CLOUD,CLOUD,0,0,none
2026-04-20 13:24:54,1777,60.20,248.11,66.00,59.51,60.20,0.00,stable,145.01,267.94,-1.00,1,0.00,1,1,1,0.929,CLOUD,,0,CLOUD,CLOUD,0,0,none
2026-04-20 13:24:56,1778,98.30,91.79,66.03,59.45,60.20,38.10,up,163.71,267.94,-1.00,1,0.00,1,0,0,0.500,LOCAL,LOCAL,1,CLOUD,CLOUD,0,0,none
2026-04-20 13:24:58,1779,98.30,91.79,66.03,59.51,98.30,0.00,stable,169.95,267.94,-1.00,1,0.00,1,0,0,0.500,LOCAL,LOCAL,2,CLOUD,CLOUD,0,0,none
2026-04-20 13:25:00,1780,74.53,62.54,65.95,59.74,98.30,-23.77,down,123.56,267.94,-1.00,1,0.00,1,0,0,0.500,LOCAL,,0,CLOUD,LOCAL,1,0,started
2026-04-20 13:25:02,1781,74.53,62.54,66.67,59.63,74.53,0.00,stable,77.16,267.94,-1.00,1,0.00,1,0,1,0.671,CLOUD,CLOUD,1,LOCAL,LOCAL,0,0,none
2026-04-20 13:25:04,1782,57.34,93.78,66.67,62.23,74.53,-17.19,down,77.66,173.47,-1.00,1,0.00,1,0,1,0.936,CLOUD,CLOUD,2,LOCAL,LOCAL,0,0,none
2026-04-20 13:25:06,1783,57.34,93.78,66.56,64.85,57.34,0.00,stable,78.16,197.45,-1.00,1,0.00,1,0,1,0.925,CLOUD,,0,LOCAL,CLOUD,1,0,started
2026-04-20 13:25:08,1784,235.64,406.35,66.64,59.28,57.34,178.30,up,164.11,257.66,-1.00,1,0.00,0,1,0,0.500,LOCAL,LOCAL,1,CLOUD,CLOUD,0,0,none
2026-04-20 13:25:10,1785,43.15,157.89,66.44,59.48,235.64,-192.48,down,187.95,257.66,-1.00,1,0.00,1,1,1,0.986,CLOUD,,0,CLOUD,CLOUD,0,0,none
2026-04-20 13:25:12,1786,43.15,157.89,66.31,59.50,43.15,0.00,stable,203.98,257.66,-1.00,1,0.00,1,1,1,0.983,CLOUD,,0,CLOUD,CLOUD,0,0,none
2026-04-20 13:25:14,1787,65.62,108.98,66.00,59.51,43.15,22.47,up,207.78,257.66,-1.00,1,0.00,1,1,1,0.713,CLOUD,,0,CLOUD,CLOUD,0,0,none
2026-04-20 13:25:16,1788,67.75,99.63,66.14,59.47,65.62,2.12,stable,131.10,257.66,-1.00,1,0.00,1,0,1,0.700,CLOUD,,0,CLOUD,CLOUD,0,0,none
2026-04-20 13:25:18,1789,67.75,99.63,66.22,59.52,67.75,0.00,stable,116.53,257.66,-1.00,1,0.00,1,0,1,0.727,CLOUD,,0,CLOUD,CLOUD,0,0,none
2026-04-20 13:25:20,1790,217.62,71.95,66.25,59.50,67.75,149.88,up,95.05,257.66,-1.00,1,0.00,0,0,0,0.500,LOCAL,LOCAL,1,CLOUD,CLOUD,0,0,none
2026-04-20 13:25:22,1791,217.62,71.95,66.22,59.48,217.62,0.00,stable,85.79,257.66,-1.00,1,0.00,0,0,0,0.500,LOCAL,LOCAL,2,CLOUD,CLOUD,0,0,none
2026-04-20 13:25:24,1792,101.45,67.37,66.22,59.52,217.62,-116.17,down,77.73,257.66,-1.00,1,0.00,1,0,0,0.500,LOCAL,,0,CLOUD,LOCAL,1,0,started
2026-04-20 13:25:27,1793,79.40,118.00,66.64,59.66,101.45,-22.05,down,82.32,257.66,-1.00,1,0.00,1,1,1,0.652,CLOUD,CLOUD,1,LOCAL,LOCAL,0,0,none
2026-04-20 13:25:29,1794,79.40,118.00,66.56,61.98,79.40,0.00,stable,93.83,257.66,-1.00,1,0.00,1,1,1,0.621,CLOUD,CLOUD,2,LOCAL,LOCAL,0,0,none
2026-04-20 13:25:31,1795,186.82,37.49,66.44,64.18,79.40,107.42,up,85.22,257.66,-1.00,1,25.00,0,0,0,0.500,LOCAL,,0,LOCAL,LOCAL,0,0,none
2026-04-20 13:25:33,1796,186.82,37.49,66.39,66.76,186.82,0.00,stable,77.75,257.66,-1.00,1,25.00,0,0,0,0.500,LOCAL,,0,LOCAL,LOCAL,0,0,none
2026-04-20 13:25:35,1797,130.82,431.96,66.42,69.20,186.82,-56.00,down,156.24,243.35,-1.00,1,0.00,1,1,0,0.500,LOCAL,,0,LOCAL,LOCAL,0,0,none
2026-04-20 13:25:37,1798,79.91,259.77,66.64,71.31,130.82,-50.91,down,191.68,186.52,-1.00,1,0.00,1,1,1,0.847,CLOUD,CLOUD,1,LOCAL,LOCAL,0,0,none
2026-04-20 13:25:39,1799,79.91,259.77,66.56,71.00,79.91,0.00,stable,247.25,166.09,-1.00,1,0.00,1,1,1,0.829,CLOUD,CLOUD,2,LOCAL,LOCAL,0,0,none
2026-04-20 13:25:41,1800,909.90,601.41,66.61,58.78,79.91,829.99,up,388.23,199.16,-1.00,1,0.00,0,1,0,0.500,LOCAL,,0,LOCAL,LOCAL,0,0,none
2026-04-20 13:25:43,1801,909.90,601.41,66.64,58.78,909.90,0.00,stable,430.59,150.19,-1.00,1,0.00,0,1,0,0.500,LOCAL,,0,LOCAL,LOCAL,0,0,none
2026-04-20 13:25:45,1802,25.98,453.94,66.56,58.77,909.90,-883.92,down,479.13,118.29,-1.00,1,0.00,1,1,1,1.000,CLOUD,CLOUD,1,LOCAL,LOCAL,0,0,none
2026-04-20 13:25:47,1803,25.98,453.94,66.61,58.77,25.98,0.00,stable,527.67,165.78,-1.00,1,0.00,1,1,1,1.000,CLOUD,CLOUD,2,LOCAL,LOCAL,0,0,none
2026-04-20 13:25:49,1804,25.98,453.94,66.50,58.78,25.98,0.00,stable,490.80,138.85,-1.00,1,0.00,1,1,1,1.000,CLOUD,,0,LOCAL,CLOUD,1,0,started
2026-04-20 13:25:57,1805,46.98,4.23,66.07,59.79,25.98,21.01,up,341.51,277.22,-1.00,1,25.00,0,0,1,0.885,CLOUD,,0,CLOUD,CLOUD,0,0,none
2026-04-20 13:25:59,1806,46.98,4.23,65.93,59.48,46.98,0.00,stable,229.08,277.22,-1.00,1,25.00,0,0,1,0.860,CLOUD,,0,CLOUD,CLOUD,0,0,none
2026-04-20 13:26:01,1807,129.59,67.64,66.25,59.53,46.98,82.61,up,132.51,277.22,-1.00,1,0.00,1,0,0,0.500,LOCAL,LOCAL,1,CLOUD,CLOUD,0,0,none
2026-04-20 13:26:03,1808,129.59,67.64,66.17,59.52,129.59,0.00,stable,35.94,277.22,-1.00,1,0.00,1,0,0,0.500,LOCAL,LOCAL,2,CLOUD,CLOUD,0,0,none
2026-04-20 13:26:05,1809,87.21,343.63,66.00,59.53,129.59,-42.38,down,120.79,277.22,-1.00,1,0.00,1,1,1,0.652,CLOUD,,0,CLOUD,CLOUD,0,0,none
2026-04-20 13:26:07,1810,87.21,343.63,66.06,59.52,87.21,0.00,stable,205.64,277.22,-1.00,1,0.00,1,1,1,0.672,CLOUD,,0,CLOUD,CLOUD,0,0,none
2026-04-20 13:26:12,1811,91.69,25.61,65.81,59.03,87.21,4.48,stable,195.13,277.22,-1.00,1,0.00,1,0,0,0.500,LOCAL,LOCAL,1,CLOUD,CLOUD,0,0,none
2026-04-20 13:26:14,1812,91.69,25.61,65.98,58.75,91.69,0.00,stable,184.62,277.22,-1.00,1,0.00,1,0,0,0.500,LOCAL,LOCAL,2,CLOUD,CLOUD,0,0,none
2026-04-20 13:26:18,1813,65.20,93.90,65.95,58.83,91.69,-26.48,down,122.19,277.22,-1.00,1,0.00,1,0,1,0.678,CLOUD,,0,CLOUD,CLOUD,0,0,none
2026-04-20 13:26:20,1814,65.20,93.90,66.06,58.78,65.20,0.00,stable,59.76,277.22,-1.00,1,0.00,1,0,1,0.715,CLOUD,,0,CLOUD,CLOUD,0,0,none
2026-04-20 13:26:25,1815,148.88,184.88,65.89,59.10,65.20,83.68,up,99.57,277.22,-1.00,1,0.00,1,1,0,0.500,LOCAL,LOCAL,1,CLOUD,CLOUD,0,0,none
2026-04-20 13:26:27,1816,148.88,184.88,66.04,58.82,148.88,0.00,stable,139.39,277.22,-1.00,1,0.00,1,1,0,0.500,LOCAL,LOCAL,2,CLOUD,CLOUD,0,0,none
2026-04-20 13:26:29,1817,59.21,101.59,66.06,58.82,148.88,-89.67,down,141.31,277.22,-1.00,1,0.00,1,1,1,0.830,CLOUD,,0,CLOUD,CLOUD,0,0,none
2026-04-20 13:26:31,1818,59.21,101.59,66.00,58.79,59.21,0.00,stable,143.24,277.22,-1.00,1,0.00,1,1,1,0.817,CLOUD,,0,CLOUD,CLOUD,0,0,none
2026-04-20 13:26:33,1819,46.10,1780.74,66.17,58.81,59.21,-13.12,down,542.20,277.22,-1.00,1,0.00,1,1,1,1.000,CLOUD,,0,CLOUD,CLOUD,0,0,none
2026-04-20 13:26:35,1820,45.64,106.29,66.00,58.82,46.10,-0.46,stable,522.55,277.22,-1.00,1,0.00,1,1,1,0.947,CLOUD,,0,CLOUD,CLOUD,0,0,none
2026-04-20 13:26:37,1821,45.64,106.29,65.95,58.79,45.64,0.00,stable,523.73,277.22,-1.00,1,0.00,1,1,1,0.943,CLOUD,,0,CLOUD,CLOUD,0,0,none
2026-04-20 13:26:39,1822,57.64,428.20,66.22,58.79,45.64,12.00,up,605.38,277.22,-1.00,1,0.00,1,1,1,0.990,CLOUD,,0,CLOUD,CLOUD,0,0,none
2026-04-20 13:26:41,1823,57.64,428.20,65.97,58.82,57.64,0.00,stable,267.25,277.22,-1.00,1,0.00,1,1,1,0.986,CLOUD,,0,CLOUD,CLOUD,0,0,none
2026-04-20 13:26:43,1824,140.72,64.63,66.06,58.82,57.64,83.08,up,256.83,277.22,-1.00,1,0.00,1,0,0,0.500,LOCAL,LOCAL,1,CLOUD,CLOUD,0,0,none
2026-04-20 13:26:45,1825,139.48,71.86,66.17,58.77,140.72,-1.24,stable,248.22,277.22,-1.00,1,0.00,1,0,0,0.500,LOCAL,LOCAL,2,CLOUD,CLOUD,0,0,none
2026-04-20 13:26:47,1826,139.48,71.86,66.08,58.82,139.48,0.00,stable,159.14,277.22,-1.00,1,0.00,1,0,0,0.500,LOCAL,,0,CLOUD,LOCAL,1,0,started
2026-04-20 13:26:55,1827,59.69,77.14,66.01,59.58,139.48,-79.79,down,71.37,277.22,-1.00,1,0.00,1,0,1,0.780,CLOUD,CLOUD,1,LOCAL,LOCAL,0,0,none
2026-04-20 13:26:57,1828,59.16,1732.56,66.56,62.13,59.69,-0.54,stable,488.36,156.51,-1.00,1,0.00,1,1,1,1.000,CLOUD,CLOUD,2,LOCAL,LOCAL,0,0,none
2026-04-20 13:26:59,1829,59.16,1732.56,66.56,64.80,59.16,0.00,stable,903.53,178.47,-1.00,1,0.00,1,1,1,1.000,CLOUD,,0,LOCAL,CLOUD,1,0,started
2026-04-20 13:27:01,1830,80.26,200.09,66.71,59.32,59.16,21.10,up,935.59,391.72,-1.00,1,0.00,1,1,1,0.789,CLOUD,,0,CLOUD,CLOUD,0,0,none
2026-04-20 13:27:03,1831,250.10,54.38,66.17,59.50,80.26,169.84,up,929.90,391.72,-1.00,1,0.00,0,0,0,0.500,LOCAL,LOCAL,1,CLOUD,CLOUD,0,0,none
2026-04-20 13:27:05,1832,250.10,54.38,66.00,59.50,250.10,0.00,stable,510.35,391.72,-1.00,1,0.00,0,0,0,0.500,LOCAL,LOCAL,2,CLOUD,CLOUD,0,0,none
2026-04-20 13:27:07,1833,153.63,34.63,66.09,59.48,250.10,-96.47,down,85.87,391.72,-1.00,1,0.00,1,0,0,0.500,LOCAL,,0,CLOUD,LOCAL,1,0,started
2026-04-20 13:27:10,1834,153.63,34.63,66.64,59.61,153.63,0.00,stable,44.51,180.13,-1.00,1,0.00,1,0,0,0.500,LOCAL,,0,LOCAL,LOCAL,0,0,none
2026-04-20 13:27:12,1835,52.97,893.50,66.58,62.29,153.63,-100.66,down,254.28,168.87,-1.00,1,0.00,1,1,1,1.000,CLOUD,CLOUD,1,LOCAL,LOCAL,0,0,none
2026-04-20 13:27:14,1836,14.13,225.97,66.67,64.83,52.97,-38.84,down,297.18,174.13,-1.00,1,0.00,1,1,1,1.000,CLOUD,CLOUD,2,LOCAL,LOCAL,0,0,none
2026-04-20 13:27:16,1837,14.13,225.97,66.47,67.57,14.13,0.00,stable,345.01,161.51,-1.00,1,0.00,1,1,1,1.000,CLOUD,,0,LOCAL,CLOUD,1,0,started
2026-04-20 13:27:22,1838,81.86,492.16,66.17,59.79,14.13,67.73,up,459.40,235.96,-1.00,1,0.00,1,1,1,0.933,CLOUD,,0,CLOUD,CLOUD,0,0,none
2026-04-20 13:27:24,1839,81.86,492.16,66.14,59.50,81.86,0.00,stable,359.06,235.96,-1.00,1,0.00,1,1,1,0.930,CLOUD,,0,CLOUD,CLOUD,0,0,none
2026-04-20 13:27:26,1840,307.79,110.84,66.08,59.49,81.86,225.93,up,330.28,235.96,-1.00,1,0.00,0,1,0,0.500,LOCAL,LOCAL,1,CLOUD,CLOUD,0,0,none
2026-04-20 13:27:28,1841,307.79,110.84,66.19,59.57,307.79,0.00,stable,301.50,235.96,-1.00,1,0.00,0,1,0,0.500,LOCAL,LOCAL,2,CLOUD,CLOUD,0,0,none
2026-04-20 13:27:35,1842,162.89,28.96,65.87,59.75,307.79,-144.89,down,185.70,235.96,-1.00,1,0.00,1,0,0,0.500,LOCAL,,0,CLOUD,LOCAL,1,0,started
2026-04-20 13:27:37,1843,162.89,28.96,66.69,59.72,162.89,0.00,stable,69.90,235.96,-1.00,1,0.00,1,0,0,0.500,LOCAL,,0,LOCAL,LOCAL,0,0,none
2026-04-20 13:27:39,1844,64.83,1599.28,66.53,61.60,162.89,-98.06,down,442.01,168.59,-1.00,1,0.00,1,1,1,1.000,CLOUD,CLOUD,1,LOCAL,LOCAL,0,0,none
2026-04-20 13:27:41,1845,64.83,1599.28,66.61,65.03,64.83,0.00,stable,814.12,171.79,-1.00,1,0.00,1,1,1,1.000,CLOUD,CLOUD,2,LOCAL,LOCAL,0,0,none
2026-04-20 13:27:43,1846,52.35,235.97,66.56,67.95,64.83,-12.48,down,865.87,246.51,-1.00,1,0.00,1,1,1,0.984,CLOUD,,0,LOCAL,CLOUD,1,0,started
2026-04-20 13:27:46,1847,25.76,80.51,66.69,59.41,52.35,-26.58,down,878.76,246.51,-1.00,1,0.00,1,0,1,0.997,CLOUD,,0,CLOUD,CLOUD,0,0,none
2026-04-20 13:27:48,1848,25.76,80.51,66.25,59.54,25.76,0.00,stable,499.07,246.51,-1.00,1,0.00,1,0,1,0.994,CLOUD,,0,CLOUD,CLOUD,0,0,none
2026-04-20 13:27:50,1849,172.09,36.46,66.08,59.52,25.76,146.33,up,108.36,246.51,-1.00,1,0.00,1,0,0,0.500,LOCAL,LOCAL,1,CLOUD,CLOUD,0,0,none
2026-04-20 13:27:52,1850,193.64,839.45,65.97,59.50,172.09,21.55,up,259.23,246.51,-1.00,1,0.00,1,1,0,0.500,LOCAL,LOCAL,2,CLOUD,CLOUD,0,0,none
2026-04-20 13:27:54,1851,193.64,839.45,66.14,59.54,193.64,0.00,stable,448.97,246.51,-1.00,1,0.00,1,1,0,0.500,LOCAL,,0,CLOUD,LOCAL,1,0,started
2026-04-20 13:28:01,1852,182.54,71.62,66.04,59.71,193.64,-11.11,down,446.75,246.51,-1.00,1,0.00,1,0,0,0.500,LOCAL,,0,LOCAL,LOCAL,0,0,none
2026-04-20 13:28:03,1853,37.71,246.36,66.44,61.79,182.54,-144.82,down,499.22,174.34,-1.00,1,0.00,1,1,1,0.996,CLOUD,CLOUD,1,LOCAL,LOCAL,0,0,none
2026-04-20 13:28:05,1854,37.71,246.36,66.47,65.08,37.71,0.00,stable,350.95,183.83,-1.00,1,0.00,1,1,1,0.996,CLOUD,CLOUD,2,LOCAL,LOCAL,0,0,none
2026-04-20 13:28:07,1855,68.50,353.86,66.61,67.79,37.71,30.79,up,229.55,227.65,-1.00,1,0.00,1,1,1,0.972,CLOUD,,0,LOCAL,CLOUD,1,0,started
2026-04-20 13:28:09,1856,73.23,127.60,66.65,59.38,68.50,4.73,stable,243.55,207.71,-1.00,1,0.00,1,1,1,0.791,CLOUD,,0,CLOUD,CLOUD,0,0,none
2026-04-20 13:28:11,1857,73.23,127.60,66.42,59.53,73.23,0.00,stable,213.86,207.71,-1.00,1,0.00,1,1,1,0.724,CLOUD,,0,CLOUD,CLOUD,0,0,none
2026-04-20 13:28:13,1858,76.23,202.13,66.03,59.54,73.23,3.00,stable,202.80,207.71,-1.00,1,0.00,1,1,1,0.655,CLOUD,,0,CLOUD,CLOUD,0,0,none
2026-04-20 13:28:15,1859,77.83,605.83,66.17,59.54,76.23,1.60,stable,265.79,207.71,-1.00,1,0.00,1,1,1,0.981,CLOUD,,0,CLOUD,CLOUD,0,0,none
2026-04-20 13:28:17,1860,77.83,605.83,65.89,59.54,77.83,0.00,stable,385.35,207.71,-1.00,1,0.00,1,1,1,0.970,CLOUD,,0,CLOUD,CLOUD,0,0,none
2026-04-20 13:28:19,1861,85.36,153.45,66.03,59.49,77.83,7.53,stable,391.81,207.71,-1.00,1,0.00,1,1,0,0.500,LOCAL,LOCAL,1,CLOUD,CLOUD,0,0,none
2026-04-20 13:28:21,1862,85.36,153.45,66.17,59.54,85.36,0.00,stable,379.64,207.71,-1.00,1,0.00,1,1,0,0.500,LOCAL,LOCAL,2,CLOUD,CLOUD,0,0,none
2026-04-20 13:28:23,1863,100.23,46.80,66.03,59.54,85.36,14.87,up,239.88,207.71,-1.00,1,0.00,1,0,0,0.500,LOCAL,,0,CLOUD,LOCAL,1,0,started
2026-04-20 13:28:25,1864,157.17,27.06,66.64,59.76,100.23,56.94,up,95.19,207.71,-1.00,1,0.00,1,0,0,0.500,LOCAL,,0,LOCAL,LOCAL,0,0,none
2026-04-20 13:28:27,1865,157.17,27.06,66.61,61.75,157.17,0.00,stable,63.59,207.71,-1.00,1,0.00,1,0,0,0.500,LOCAL,,0,LOCAL,LOCAL,0,0,none
2026-04-20 13:28:29,1866,203.63,93.54,66.42,64.87,157.17,46.46,up,48.62,207.71,-1.00,1,0.00,0,0,0,0.500,LOCAL,,0,LOCAL,LOCAL,0,0,none
2026-04-20 13:28:31,1867,203.63,93.54,66.45,67.88,203.63,0.00,stable,60.30,211.02,-1.00,1,0.00,0,0,0,0.500,LOCAL,,0,LOCAL,LOCAL,0,0,none
2026-04-20 13:28:33,1868,50.05,1065.69,66.67,70.61,203.63,-153.59,down,319.96,200.30,-1.00,1,0.00,1,1,1,1.000,CLOUD,CLOUD,1,LOCAL,LOCAL,0,0,none
2026-04-20 13:28:35,1869,61.48,310.09,66.64,71.77,50.05,11.44,up,390.71,170.17,-1.00,1,0.00,1,1,1,0.981,CLOUD,CLOUD,2,LOCAL,LOCAL,0,0,none
2026-04-20 13:28:37,1870,61.48,310.09,66.67,69.01,61.48,0.00,stable,444.85,183.28,-1.00,0,0.00,1,1,1,0.982,CLOUD,,0,LOCAL,CLOUD,1,0,started
2026-04-20 13:28:43,1871,89.40,86.45,66.26,59.74,61.48,27.92,up,443.08,244.98,-1.00,1,0.00,1,0,0,0.500,LOCAL,LOCAL,1,CLOUD,CLOUD,0,0,none
2026-04-20 13:28:45,1872,89.40,86.45,66.02,59.48,89.40,0.00,stable,198.27,244.98,-1.00,1,0.00,1,0,0,0.500,LOCAL,LOCAL,2,CLOUD,CLOUD,0,0,none
2026-04-20 13:28:47,1873,38.57,90.46,66.00,59.54,89.40,-50.83,down,143.36,244.98,-1.00,1,0.00,1,0,1,0.970,CLOUD,,0,CLOUD,CLOUD,0,0,none
2026-04-20 13:28:49,1874,38.57,90.46,66.17,59.53,38.57,0.00,stable,88.45,244.98,-1.00,1,0.00,1,0,1,0.977,CLOUD,,0,CLOUD,CLOUD,0,0,none
2026-04-20 13:28:51,1875,88.42,193.08,66.11,59.51,38.57,49.86,up,115.11,244.98,-1.00,1,0.00,1,1,0,0.500,LOCAL,LOCAL,1,CLOUD,CLOUD,0,0,none
2026-04-20 13:28:53,1876,83.59,92.11,66.08,59.54,88.42,-4.83,stable,116.52,244.98,-1.00,1,0.00,1,0,0,0.500,LOCAL,LOCAL,2,CLOUD,CLOUD,0,0,none
2026-04-20 13:28:55,1877,83.59,92.11,66.11,59.54,83.59,0.00,stable,116.94,244.98,-1.00,1,0.00,1,0,0,0.500,LOCAL,,0,CLOUD,LOCAL,1,0,started
2026-04-20 13:28:57,1878,99.42,77.92,66.64,59.62,83.59,15.83,up,113.80,244.98,-1.00,1,0.00,1,0,0,0.500,LOCAL,,0,LOCAL,LOCAL,0,0,none
2026-04-20 13:28:59,1879,99.42,77.92,66.61,62.19,99.42,0.00,stable,85.01,153.85,-1.00,1,0.00,1,0,0,0.500,LOCAL,,0,LOCAL,LOCAL,0,0,none
2026-04-20 13:29:01,1880,98.15,41.30,66.56,64.79,99.42,-1.27,stable,72.31,160.97,-1.00,1,0.00,1,0,0,0.500,LOCAL,,0,LOCAL,LOCAL,0,0,none
2026-04-20 13:29:03,1881,31.91,315.38,66.58,68.01,98.15,-66.24,down,128.13,158.92,-1.00,1,0.00,1,1,1,0.999,CLOUD,CLOUD,1,LOCAL,LOCAL,0,0,none
2026-04-20 13:29:05,1882,31.91,315.38,66.50,70.75,31.91,0.00,stable,187.49,205.23,-1.00,1,0.00,1,1,1,0.999,CLOUD,CLOUD,2,LOCAL,LOCAL,0,0,none
2026-04-20 13:29:07,1883,27.05,209.68,66.72,71.78,31.91,-4.87,stable,220.43,164.43,-1.00,0,0.00,1,1,1,0.999,CLOUD,,0,LOCAL,CLOUD,1,0,started
2026-04-20 13:29:10,1884,48.81,143.66,66.64,59.38,27.05,21.76,up,246.02,316.81,-1.00,1,0.00,1,1,1,0.980,CLOUD,,0,CLOUD,CLOUD,0,0,none
2026-04-20 13:29:12,1885,48.81,143.66,66.31,59.52,48.81,0.00,stable,203.10,316.81,-1.00,1,0.00,1,1,1,0.966,CLOUD,,0,CLOUD,CLOUD,0,0,none
2026-04-20 13:29:14,1886,97.85,72.73,66.17,59.55,48.81,49.04,up,142.43,316.81,-1.00,1,0.00,1,0,0,0.500,LOCAL,LOCAL,1,CLOUD,CLOUD,0,0,none
2026-04-20 13:29:16,1887,97.85,72.73,66.00,59.55,97.85,0.00,stable,108.20,316.81,-1.00,1,0.00,1,0,0,0.500,LOCAL,LOCAL,2,CLOUD,CLOUD,0,0,none
2026-04-20 13:29:18,1888,106.07,54.23,65.87,59.78,97.85,8.22,stable,85.84,316.81,-1.00,1,0.00,1,0,0,0.500,LOCAL,,0,CLOUD,LOCAL,1,0,started
2026-04-20 13:29:20,1889,106.07,54.23,66.67,59.44,106.07,0.00,stable,63.48,201.88,-1.00,1,0.00,1,0,0,0.500,LOCAL,,0,LOCAL,LOCAL,0,0,none
2026-04-20 13:29:22,1890,74.38,99.75,66.61,61.25,106.07,-31.69,down,70.23,176.76,-1.00,1,0.00,1,0,1,0.719,CLOUD,CLOUD,1,LOCAL,LOCAL,0,0,none
2026-04-20 13:29:24,1891,74.38,99.75,66.58,64.63,74.38,0.00,stable,76.99,163.04,-1.00,1,0.00,1,0,1,0.710,CLOUD,CLOUD,2,LOCAL,LOCAL,0,0,none
2026-04-20 13:29:26,1892,39.26,512.21,66.56,67.45,74.38,-35.12,down,191.49,166.83,-1.00,1,0.00,1,1,1,1.000,CLOUD,,0,LOCAL,CLOUD,1,0,started
2026-04-20 13:29:29,1893,39.26,512.21,66.69,59.40,39.26,0.00,stable,305.98,303.68,-1.00,1,0.00,1,1,1,1.000,CLOUD,,0,CLOUD,CLOUD,0,0,none
2026-04-20 13:29:31,1894,39.26,512.21,66.17,59.50,39.26,0.00,stable,409.10,303.68,-1.00,1,0.00,1,1,1,0.999,CLOUD,,0,CLOUD,CLOUD,0,0,none
2026-04-20 13:29:33,1895,66.94,0.00,66.11,59.51,39.26,27.68,up,384.16,303.68,-1.00,1,50.00,0,0,1,0.521,CLOUD,,0,CLOUD,CLOUD,0,0,none
2026-04-20 13:29:35,1896,66.94,0.00,66.06,59.51,66.94,0.00,stable,256.11,303.68,-1.00,1,50.00,0,0,0,0.500,LOCAL,LOCAL,1,CLOUD,CLOUD,0,0,none
2026-04-20 13:29:38,1897,797.45,21.90,65.85,59.70,66.94,730.51,up,133.53,303.68,-1.00,1,0.00,0,0,0,0.500,LOCAL,LOCAL,2,CLOUD,CLOUD,0,0,none
2026-04-20 13:29:40,1898,797.45,21.90,66.09,59.45,797.45,0.00,stable,10.95,303.68,-1.00,1,0.00,0,0,0,0.500,LOCAL,,0,CLOUD,LOCAL,1,0,started
2026-04-20 13:29:42,1899,52.39,295.39,66.67,59.61,797.45,-745.05,down,84.80,176.22,-1.00,1,0.00,1,1,1,0.992,CLOUD,CLOUD,1,LOCAL,LOCAL,0,0,none
2026-04-20 13:29:44,1900,52.39,295.39,66.58,62.23,52.39,0.00,stable,158.64,160.66,-1.00,1,0.00,1,1,1,0.991,CLOUD,CLOUD,2,LOCAL,LOCAL,0,0,none
2026-04-20 13:29:46,1901,6.77,753.15,66.47,65.23,52.39,-45.62,down,341.46,186.50,-1.00,1,0.00,1,1,1,1.000,CLOUD,,0,LOCAL,CLOUD,1,0,started
2026-04-20 13:29:53,1902,51.78,58.70,66.13,59.82,6.77,45.01,up,350.66,280.19,-1.00,1,0.00,1,0,1,0.890,CLOUD,,0,CLOUD,CLOUD,0,0,none
2026-04-20 13:29:55,1903,51.78,58.70,66.25,59.54,51.78,0.00,stable,291.49,280.19,-1.00,1,0.00,1,0,1,0.909,CLOUD,,0,CLOUD,CLOUD,0,0,none
2026-04-20 13:29:57,1904,76.55,72.38,65.97,59.54,51.78,24.77,up,235.73,280.19,-1.00,1,0.00,1,0,0,0.500,LOCAL,LOCAL,1,CLOUD,CLOUD,0,0,none
2026-04-20 13:29:59,1905,76.55,72.38,66.06,59.51,76.55,0.00,stable,65.54,280.19,-1.00,1,0.00,1,0,0,0.500,LOCAL,LOCAL,2,CLOUD,CLOUD,0,0,none
2026-04-20 13:30:01,1906,90.94,2077.29,66.25,59.53,76.55,14.38,up,570.19,280.19,-1.00,1,0.00,1,1,1,1.000,CLOUD,,0,CLOUD,CLOUD,0,0,none
2026-04-20 13:30:06,1907,110.84,135.96,65.90,59.74,90.94,19.90,up,589.50,280.19,-1.00,1,0.00,1,1,0,0.500,LOCAL,LOCAL,1,CLOUD,CLOUD,0,0,none
2026-04-20 13:30:08,1908,110.84,135.96,66.12,59.51,110.84,0.00,stable,605.40,280.19,-1.00,1,0.00,1,1,0,0.500,LOCAL,LOCAL,2,CLOUD,CLOUD,0,0,none
2026-04-20 13:30:12,1909,56.18,87.76,65.99,59.13,110.84,-54.66,down,609.24,280.19,-1.00,1,0.00,1,0,1,0.842,CLOUD,,0,CLOUD,CLOUD,0,0,none
2026-04-20 13:30:14,1910,56.18,87.76,66.04,58.84,56.18,0.00,stable,111.86,280.19,-1.00,1,0.00,1,0,1,0.851,CLOUD,,0,CLOUD,CLOUD,0,0,none
2026-04-20 13:30:16,1911,52.19,125.45,66.17,58.85,56.18,-3.99,stable,109.23,280.19,-1.00,1,0.00,1,1,1,0.934,CLOUD,,0,CLOUD,CLOUD,0,0,none
2026-04-20 13:30:18,1912,52.19,125.45,65.97,58.83,52.19,0.00,stable,106.60,280.19,-1.00,1,0.00,1,1,1,0.912,CLOUD,,0,CLOUD,CLOUD,0,0,none
2026-04-20 13:30:20,1913,176.38,105.18,66.06,58.84,52.19,124.18,up,110.96,280.19,-1.00,1,0.00,1,1,0,0.500,LOCAL,LOCAL,1,CLOUD,CLOUD,0,0,none
2026-04-20 13:30:22,1914,47.44,290.59,65.89,58.84,176.38,-128.94,down,161.67,280.19,-1.00,1,0.00,1,1,1,0.982,CLOUD,,0,CLOUD,CLOUD,0,0,none
2026-04-20 13:30:24,1915,47.44,290.59,66.08,58.80,47.44,0.00,stable,202.95,280.19,-1.00,1,0.00,1,1,1,0.987,CLOUD,,0,CLOUD,CLOUD,0,0,none
2026-04-20 13:30:26,1916,70.38,115.72,66.28,58.86,47.44,22.94,up,200.52,280.19,-1.00,1,0.00,1,1,1,0.718,CLOUD,,0,CLOUD,CLOUD,0,0,none
2026-04-20 13:30:28,1917,70.38,115.72,66.14,58.83,70.38,0.00,stable,203.15,280.19,-1.00,1,0.00,1,1,1,0.671,CLOUD,,0,CLOUD,CLOUD,0,0,none
2026-04-20 13:30:30,1918,76.13,132.03,65.89,58.82,70.38,5.75,stable,163.51,280.19,-1.00,1,0.00,1,1,0,0.500,LOCAL,LOCAL,1,CLOUD,CLOUD,0,0,none
2026-04-20 13:30:32,1919,46.49,69.81,66.20,58.84,76.13,-29.64,down,108.32,280.19,-1.00,1,0.00,1,0,1,0.944,CLOUD,,0,CLOUD,CLOUD,0,0,none
2026-04-20 13:30:34,1920,46.49,69.81,65.83,58.86,46.49,0.00,stable,96.84,280.19,-1.00,1,0.00,1,0,1,0.904,CLOUD,,0,CLOUD,CLOUD,0,0,none
2026-04-20 13:30:36,1921,261.95,71.34,66.08,58.86,46.49,215.46,up,85.75,280.19,-1.00,1,0.00,0,0,0,0.500,LOCAL,LOCAL,1,CLOUD,CLOUD,0,0,none
2026-04-20 13:30:38,1922,261.95,71.34,66.00,58.84,261.95,0.00,stable,70.57,280.19,-1.00,1,0.00,0,0,0,0.500,LOCAL,LOCAL,2,CLOUD,CLOUD,0,0,none
2026-04-20 13:30:40,1923,206.34,126.37,66.03,58.85,261.95,-55.61,down,84.71,280.19,-1.00,1,0.00,0,1,0,0.500,LOCAL,,0,CLOUD,LOCAL,1,0,started
2026-04-20 13:30:42,1924,91.53,75.53,66.64,59.88,206.34,-114.81,down,86.14,280.19,-1.00,1,0.00,1,0,0,0.500,LOCAL,,0,LOCAL,LOCAL,0,0,none
2026-04-20 13:30:44,1925,91.53,75.53,66.56,61.93,91.53,0.00,stable,87.19,280.19,-1.00,1,0.00,1,0,0,0.500,LOCAL,,0,LOCAL,LOCAL,0,0,none
2026-04-20 13:30:46,1926,138.53,31.12,66.31,64.67,91.53,47.01,up,77.14,280.19,-1.00,1,0.00,1,0,0,0.500,LOCAL,,0,LOCAL,LOCAL,0,0,none
2026-04-20 13:30:48,1927,138.53,31.12,66.42,67.40,138.53,0.00,stable,53.32,280.19,-1.00,1,0.00,1,0,0,0.500,LOCAL,,0,LOCAL,LOCAL,0,0,none
2026-04-20 13:30:50,1928,246.82,99.10,66.58,69.56,138.53,108.28,up,59.22,192.52,-1.00,1,0.00,0,0,0,0.500,LOCAL,,0,LOCAL,LOCAL,0,0,none
2026-04-20 13:30:52,1929,25.48,2179.14,66.56,71.51,246.82,-221.34,down,585.12,169.54,-1.00,1,0.00,1,1,1,1.000,CLOUD,CLOUD,1,LOCAL,LOCAL,0,0,none
2026-04-20 13:30:54,1930,25.48,2179.14,66.64,70.02,25.48,0.00,stable,1122.13,120.34,-1.00,1,0.00,1,1,1,1.000,CLOUD,CLOUD,2,LOCAL,LOCAL,0,0,none
2026-04-20 13:30:56,1931,68.59,491.85,66.50,58.79,25.48,43.11,up,1237.31,175.90,-1.00,1,0.00,1,1,1,0.989,CLOUD,,0,LOCAL,CLOUD,1,0,started
2026-04-20 13:30:58,1932,54.61,44.92,66.69,59.39,68.59,-13.98,down,1223.76,263.19,-1.00,1,0.00,1,0,1,0.931,CLOUD,,0,CLOUD,CLOUD,0,0,none
2026-04-20 13:31:00,1933,54.61,44.92,66.39,59.55,54.61,0.00,stable,690.21,263.19,-1.00,1,0.00,1,0,1,0.893,CLOUD,,0,CLOUD,CLOUD,0,0,none
2026-04-20 13:31:02,1934,101.51,72.80,66.08,59.55,54.61,46.90,up,163.62,263.19,-1.00,1,0.00,1,0,0,0.500,LOCAL,LOCAL,1,CLOUD,CLOUD,0,0,none
2026-04-20 13:31:04,1935,101.51,72.80,66.06,59.52,101.51,0.00,stable,58.86,263.19,-1.00,1,0.00,1,0,0,0.500,LOCAL,LOCAL,2,CLOUD,CLOUD,0,0,none
2026-04-20 13:31:06,1936,65.79,390.82,66.14,59.48,101.51,-35.72,down,145.33,263.19,-1.00,1,25.00,0,1,1,0.967,CLOUD,,0,CLOUD,CLOUD,0,0,none
2026-04-20 13:31:08,1937,65.79,390.82,66.06,59.55,65.79,0.00,stable,231.81,263.19,-1.00,1,25.00,0,1,1,0.962,CLOUD,,0,CLOUD,CLOUD,0,0,none
2026-04-20 13:31:10,1938,37.73,88.47,66.00,59.73,65.79,-28.06,down,235.73,263.19,-1.00,1,0.00,1,0,1,0.972,CLOUD,,0,CLOUD,CLOUD,0,0,none
2026-04-20 13:31:12,1939,37.73,88.47,66.18,59.54,37.73,0.00,stable,239.64,263.19,-1.00,1,0.00,1,0,1,0.979,CLOUD,,0,CLOUD,CLOUD,0,0,none
2026-04-20 13:31:14,1940,62.98,119.96,65.95,59.54,37.73,25.25,up,171.93,263.19,-1.00,1,0.00,1,1,1,0.764,CLOUD,,0,CLOUD,CLOUD,0,0,none
2026-04-20 13:31:16,1941,62.98,119.96,66.11,59.51,62.98,0.00,stable,104.22,263.19,-1.00,1,0.00,1,1,1,0.809,CLOUD,,0,CLOUD,CLOUD,0,0,none
2026-04-20 13:31:18,1942,76.56,121.12,66.22,59.55,62.98,13.58,up,112.38,263.19,-1.00,1,0.00,1,1,1,0.567,CLOUD,,0,CLOUD,CLOUD,0,0,none
2026-04-20 13:31:20,1943,76.94,83.88,66.08,58.85,76.56,0.38,stable,111.23,263.19,-1.00,1,0.00,1,0,0,0.500,LOCAL,LOCAL,1,CLOUD,CLOUD,0,0,none
2026-04-20 13:31:22,1944,76.94,83.88,65.92,58.81,76.94,0.00,stable,102.21,263.19,-1.00,1,0.00,1,0,0,0.500,LOCAL,LOCAL,2,CLOUD,CLOUD,0,0,none
2026-04-20 13:31:26,1945,93.93,102.41,65.85,59.14,76.94,17.00,up,97.82,263.19,-1.00,1,0.00,1,1,0,0.500,LOCAL,,0,CLOUD,LOCAL,1,0,started
2026-04-20 13:31:28,1946,93.93,102.41,66.69,59.84,93.93,0.00,stable,93.14,263.19,-1.00,1,0.00,1,1,0,0.500,LOCAL,,0,LOCAL,LOCAL,0,0,none
2026-04-20 13:31:30,1947,54.39,166.25,66.50,63.05,93.93,-39.55,down,113.74,186.58,-1.00,1,0.00,1,1,1,0.964,CLOUD,CLOUD,1,LOCAL,LOCAL,0,0,none
2026-04-20 13:31:32,1948,54.39,166.25,66.61,65.32,54.39,0.00,stable,134.33,174.37,-1.00,1,0.00,1,1,1,0.970,CLOUD,CLOUD,2,LOCAL,LOCAL,0,0,none
2026-04-20 13:31:34,1949,47.95,11.64,66.58,68.28,54.39,-6.44,stable,111.64,177.87,-1.00,1,50.00,0,0,1,0.944,CLOUD,,0,LOCAL,CLOUD,1,0,started
2026-04-20 13:31:37,1950,47.95,11.64,66.64,59.52,47.95,0.00,stable,88.94,269.45,-1.00,1,50.00,0,0,1,0.949,CLOUD,,0,CLOUD,CLOUD,0,0,none
2026-04-20 13:31:39,1951,394.73,42.24,66.19,59.65,47.95,346.78,up,57.94,269.45,-1.00,1,0.00,0,0,0,0.500,LOCAL,LOCAL,1,CLOUD,CLOUD,0,0,none
2026-04-20 13:31:41,1952,394.73,42.24,65.97,59.66,394.73,0.00,stable,26.94,269.45,-1.00,1,0.00,0,0,0,0.500,LOCAL,LOCAL,2,CLOUD,CLOUD,0,0,none
2026-04-20 13:31:43,1953,75.31,188.12,66.06,59.62,394.73,-319.42,down,71.06,269.45,-1.00,1,25.00,0,1,1,0.660,CLOUD,,0,CLOUD,CLOUD,0,0,none
2026-04-20 13:31:45,1954,75.31,188.12,66.14,59.66,75.31,0.00,stable,115.18,269.45,-1.00,1,25.00,0,1,1,0.689,CLOUD,,0,CLOUD,CLOUD,0,0,none
2026-04-20 13:31:47,1955,31.86,232.83,65.98,59.83,75.31,-43.45,down,162.83,269.45,-1.00,1,0.00,1,1,1,0.995,CLOUD,,0,CLOUD,CLOUD,0,0,none
2026-04-20 13:31:49,1956,31.86,232.83,66.07,59.61,31.86,0.00,stable,210.47,269.45,-1.00,1,0.00,1,1,1,0.995,CLOUD,,0,CLOUD,CLOUD,0,0,none
2026-04-20 13:31:51,1957,43.30,168.35,65.89,59.66,31.86,11.45,up,205.53,269.45,-1.00,1,0.00,1,1,1,0.969,CLOUD,,0,CLOUD,CLOUD,0,0,none
2026-04-20 13:31:53,1958,43.30,168.35,66.00,59.65,43.30,0.00,stable,200.59,269.45,-1.00,1,0.00,1,1,1,0.974,CLOUD,,0,CLOUD,CLOUD,0,0,none
2026-04-20 13:31:55,1959,104.81,64.47,66.14,59.62,43.30,61.51,up,158.50,269.45,-1.00,1,0.00,1,0,0,0.500,LOCAL,LOCAL,1,CLOUD,CLOUD,0,0,none
2026-04-20 13:32:00,1960,90.79,59.57,66.08,59.32,104.81,-14.02,down,115.18,269.45,-1.00,1,0.00,1,0,0,0.500,LOCAL,LOCAL,2,CLOUD,CLOUD,0,0,none
2026-04-20 13:32:02,1961,90.79,59.57,66.14,58.96,90.79,0.00,stable,87.99,269.45,-1.00,1,0.00,1,0,0,0.500,LOCAL,,0,CLOUD,LOCAL,1,0,started
2026-04-20 13:32:07,1962,32.47,52.44,66.17,59.74,90.79,-58.31,down,59.01,269.45,-1.00,1,0.00,1,0,1,0.983,CLOUD,CLOUD,1,LOCAL,LOCAL,0,0,none
2026-04-20 13:32:09,1963,135.58,68.48,66.56,62.36,32.47,103.11,up,60.01,180.76,-1.00,1,0.00,1,0,0,0.500,LOCAL,,0,LOCAL,LOCAL,0,0,none
2026-04-20 13:32:11,1964,135.58,68.48,66.53,64.98,135.58,0.00,stable,62.24,182.40,-1.00,1,0.00,1,0,0,0.500,LOCAL,,0,LOCAL,LOCAL,0,0,none
2026-04-20 13:32:13,1965,135.58,68.48,66.64,68.39,135.58,0.00,stable,64.47,186.45,-1.00,1,0.00,1,0,0,0.500,LOCAL,,0,LOCAL,LOCAL,0,0,none
2026-04-20 13:32:15,1966,9.51,8.09,66.58,70.63,135.58,-126.07,down,53.38,177.62,-1.00,1,50.00,0,0,1,0.999,CLOUD,CLOUD,1,LOCAL,LOCAL,0,0,none
2026-04-20 13:32:17,1967,72.77,220.10,66.61,71.88,9.51,63.26,up,91.29,300.13,-1.00,1,0.00,1,1,1,0.887,CLOUD,CLOUD,2,LOCAL,LOCAL,0,0,none
2026-04-20 13:32:19,1968,72.77,220.10,66.64,68.29,72.77,0.00,stable,129.19,262.92,-1.00,1,0.00,1,1,1,0.892,CLOUD,,0,LOCAL,CLOUD,1,0,started
2026-04-20 13:32:24,1969,88.51,62.71,66.28,59.88,72.77,15.75,up,127.75,172.50,-1.00,1,0.00,1,0,0,0.500,LOCAL,LOCAL,1,CLOUD,CLOUD,0,0,none
2026-04-20 13:32:26,1970,88.51,62.71,66.12,59.65,88.51,0.00,stable,141.41,172.50,-1.00,1,0.00,1,0,0,0.500,LOCAL,LOCAL,2,CLOUD,CLOUD,0,0,none
2026-04-20 13:32:29,1971,52.82,106.36,65.93,59.78,88.51,-35.69,down,112.97,172.50,-1.00,1,0.00,1,1,1,0.886,CLOUD,,0,CLOUD,CLOUD,0,0,none
2026-04-20 13:32:31,1972,52.82,106.36,66.04,59.59,52.82,0.00,stable,84.53,172.50,-1.00,1,0.00,1,1,1,0.903,CLOUD,,0,CLOUD,CLOUD,0,0,none
2026-04-20 13:32:33,1973,43.09,107.19,66.25,59.65,52.82,-9.74,stable,95.65,172.50,-1.00,1,0.00,1,1,1,0.972,CLOUD,,0,CLOUD,CLOUD,0,0,none
2026-04-20 13:32:35,1974,43.09,107.19,66.08,59.62,43.09,0.00,stable,106.77,172.50,-1.00,1,0.00,1,1,1,0.964,CLOUD,,0,CLOUD,CLOUD,0,0,none
2026-04-20 13:32:37,1975,95.03,646.46,66.14,59.64,43.09,51.94,up,241.80,172.50,-1.00,1,0.00,1,1,1,0.924,CLOUD,,0,CLOUD,CLOUD,0,0,none
2026-04-20 13:32:39,1976,71.68,88.19,66.01,59.86,95.03,-23.34,down,237.26,172.50,-1.00,1,0.00,1,0,1,0.536,CLOUD,,0,CLOUD,CLOUD,0,0,none
2026-04-20 13:32:41,1977,71.68,88.19,65.99,59.60,71.68,0.00,stable,232.51,172.50,-1.00,1,0.00,1,0,1,0.528,CLOUD,,0,CLOUD,CLOUD,0,0,none
2026-04-20 13:32:43,1978,107.39,76.04,66.28,58.95,71.68,35.71,up,224.72,172.50,-1.00,1,0.00,1,0,0,0.500,LOCAL,LOCAL,1,CLOUD,CLOUD,0,0,none
2026-04-20 13:32:45,1979,107.39,76.04,66.17,58.97,107.39,0.00,stable,82.12,172.50,-1.00,1,0.00,1,0,0,0.500,LOCAL,LOCAL,2,CLOUD,CLOUD,0,0,none
2026-04-20 13:32:47,1980,60.31,96.53,65.92,58.92,107.39,-47.08,down,84.20,172.50,-1.00,1,0.00,1,0,1,0.770,CLOUD,,0,CLOUD,CLOUD,0,0,none
2026-04-20 13:32:49,1981,60.31,96.53,66.25,58.96,60.31,0.00,stable,86.28,172.50,-1.00,1,0.00,1,0,1,0.851,CLOUD,,0,CLOUD,CLOUD,0,0,none
2026-04-20 13:32:53,1982,47.78,83.87,65.87,59.18,60.31,-12.53,down,88.24,172.50,-1.00,1,0.00,1,0,1,0.908,CLOUD,,0,CLOUD,CLOUD,0,0,none
2026-04-20 13:32:55,1983,47.78,83.87,66.03,58.96,47.78,0.00,stable,90.20,172.50,-1.00,1,0.00,1,0,1,0.927,CLOUD,,0,CLOUD,CLOUD,0,0,none
2026-04-20 13:32:58,1984,74.49,126.37,65.84,59.16,47.78,26.70,up,97.66,172.50,-1.00,1,0.00,1,1,0,0.500,LOCAL,LOCAL,1,CLOUD,CLOUD,0,0,none
2026-04-20 13:33:00,1985,74.49,126.37,65.93,58.97,74.49,0.00,stable,105.12,172.50,-1.00,1,0.00,1,1,1,0.512,CLOUD,,0,CLOUD,CLOUD,0,0,none
2026-04-20 13:33:03,1986,80.66,77.30,65.92,59.23,74.49,6.18,stable,103.48,172.50,-1.00,1,0.00,1,0,0,0.500,LOCAL,LOCAL,1,CLOUD,CLOUD,0,0,none
2026-04-20 13:33:05,1987,80.66,77.30,66.15,58.97,80.66,0.00,stable,101.83,172.50,-1.00,1,0.00,1,0,0,0.500,LOCAL,LOCAL,2,CLOUD,CLOUD,0,0,none
2026-04-20 13:33:07,1988,57.04,103.55,66.14,58.97,80.66,-23.62,down,96.13,172.50,-1.00,1,0.00,1,1,1,0.875,CLOUD,,0,CLOUD,CLOUD,0,0,none
2026-04-20 13:33:09,1989,57.04,103.55,65.95,58.92,57.04,0.00,stable,90.43,172.50,-1.00,1,0.00,1,1,1,0.837,CLOUD,,0,CLOUD,CLOUD,0,0,none
2026-04-20 13:33:11,1990,69.79,1934.20,66.11,58.97,57.04,12.75,up,554.65,172.50,-1.00,1,0.00,1,1,1,1.000,CLOUD,,0,CLOUD,CLOUD,0,0,none
2026-04-20 13:33:13,1991,105.68,22.30,66.14,58.97,69.79,35.89,up,540.90,172.50,-1.00,1,0.00,1,0,0,0.500,LOCAL,LOCAL,1,CLOUD,CLOUD,0,0,none
2026-04-20 13:33:15,1992,105.68,22.30,65.97,58.94,105.68,0.00,stable,520.59,172.50,-1.00,1,0.00,1,0,0,0.500,LOCAL,LOCAL,2,CLOUD,CLOUD,0,0,none
2026-04-20 13:33:17,1993,93.90,496.52,66.03,58.94,105.68,-11.78,down,618.83,172.50,-1.00,1,0.00,1,1,1,0.773,CLOUD,,0,CLOUD,CLOUD,0,0,none
2026-04-20 13:33:19,1994,93.90,496.52,66.06,58.94,93.90,0.00,stable,259.41,172.50,-1.00,1,0.00,1,1,1,0.781,CLOUD,,0,CLOUD,CLOUD,0,0,none
2026-04-20 13:33:21,1995,62.52,95.00,66.08,58.93,93.90,-31.38,down,277.59,172.50,-1.00,1,0.00,1,0,1,0.776,CLOUD,,0,CLOUD,CLOUD,0,0,none
2026-04-20 13:33:23,1996,80.96,59.84,66.14,58.96,62.52,18.44,up,286.97,172.50,-1.00,1,0.00,1,0,0,0.500,LOCAL,LOCAL,1,CLOUD,CLOUD,0,0,none
2026-04-20 13:33:25,1997,80.96,59.84,65.95,58.95,80.96,0.00,stable,177.80,172.50,-1.00,1,0.00,1,0,0,0.500,LOCAL,LOCAL,2,CLOUD,CLOUD,0,0,none
2026-04-20 13:33:27,1998,75.40,2505.00,66.25,58.96,80.96,-5.56,stable,679.92,172.50,-1.00,1,0.00,1,1,1,1.000,CLOUD,,0,CLOUD,CLOUD,0,0,none
2026-04-20 13:33:29,1999,75.40,2505.00,66.11,58.97,75.40,0.00,stable,1282.42,172.50,-1.00,1,0.00,1,1,1,1.000,CLOUD,,0,CLOUD,CLOUD,0,0,none
2026-04-20 13:33:31,2000,47.49,94.31,65.97,58.93,75.40,-27.90,down,1291.04,172.50,-1.00,1,0.00,1,0,1,0.928,CLOUD,,0,CLOUD,CLOUD,0,0,none
2026-04-20 13:33:33,2001,47.49,94.31,66.11,58.97,47.49,0.00,stable,1299.65,172.50,-1.00,1,0.00,1,0,1,0.942,CLOUD,,0,CLOUD,CLOUD,0,0,none
2026-04-20 13:33:35,2002,48.49,99.20,66.03,58.96,47.49,1.00,stable,698.20,172.50,-1.00,1,0.00,1,0,1,0.930,CLOUD,,0,CLOUD,CLOUD,0,0,none
2026-04-20 13:33:37,2003,56.56,1772.93,66.03,58.93,48.49,8.07,stable,515.19,172.50,-1.00,1,0.00,1,1,1,1.000,CLOUD,,0,CLOUD,CLOUD,0,0,none
2026-04-20 13:33:39,2004,56.56,1772.93,66.14,58.98,56.56,0.00,stable,934.84,172.50,-1.00,0,0.00,1,1,1,1.000,CLOUD,,0,CLOUD,CLOUD,0,0,none
2026-04-20 13:33:45,2005,64.13,87.52,65.80,59.17,56.56,7.57,stable,933.14,172.50,-1.00,0,0.00,1,0,1,0.638,CLOUD,,0,CLOUD,CLOUD,0,0,none
2026-04-20 13:33:47,2006,64.13,87.52,65.98,58.90,64.13,0.00,stable,930.22,172.50,-1.00,0,0.00,1,0,1,0.703,CLOUD,,0,CLOUD,CLOUD,0,0,none
2026-04-20 13:33:49,2007,94.58,567.75,66.11,58.93,64.13,30.45,up,628.93,172.50,-1.00,1,0.00,1,1,1,0.866,CLOUD,,0,CLOUD,CLOUD,0,0,none
2026-04-20 13:33:51,2008,94.58,567.75,66.06,58.95,94.58,0.00,stable,327.63,172.50,-1.00,1,0.00,1,1,1,0.855,CLOUD,,0,CLOUD,CLOUD,0,0,none
2026-04-20 13:33:53,2009,94.16,122.99,66.06,58.96,94.58,-0.42,stable,336.50,172.50,-1.00,1,0.00,1,1,0,0.500,LOCAL,LOCAL,1,CLOUD,CLOUD,0,0,none
2026-04-20 13:33:55,2010,126.62,33.97,66.22,58.90,94.16,32.47,up,323.11,172.50,-1.00,1,0.00,1,0,0,0.500,LOCAL,LOCAL,2,CLOUD,CLOUD,0,0,none
2026-04-20 13:33:57,2011,126.62,33.97,66.08,58.96,126.62,0.00,stable,189.67,172.50,-1.00,1,0.00,1,0,0,0.500,LOCAL,,0,CLOUD,LOCAL,1,0,started
2026-04-20 13:34:01,2012,104.49,38.10,66.52,61.81,126.62,-22.14,down,57.26,172.50,-1.00,1,0.00,1,0,0,0.500,LOCAL,,0,LOCAL,LOCAL,0,0,none
2026-04-20 13:34:03,2013,104.49,38.10,66.53,64.74,104.49,0.00,stable,36.03,172.50,-1.00,1,0.00,1,0,0,0.500,LOCAL,,0,LOCAL,LOCAL,0,0,none
2026-04-20 13:34:05,2014,66.88,1114.28,66.44,67.97,104.49,-37.61,down,306.11,174.24,-1.00,1,0.00,1,1,1,1.000,CLOUD,CLOUD,1,LOCAL,LOCAL,0,0,none
2026-04-20 13:34:07,2015,66.88,1114.28,66.50,70.63,66.88,0.00,stable,576.19,144.08,-1.00,1,0.00,1,1,1,1.000,CLOUD,CLOUD,2,LOCAL,LOCAL,0,0,none
2026-04-20 13:34:09,2016,26.61,523.76,66.61,71.86,66.88,-40.27,down,697.61,250.58,-1.00,1,0.00,1,1,1,1.000,CLOUD,,0,LOCAL,CLOUD,1,0,started
2026-04-20 13:34:17,2017,71.95,91.74,66.15,59.89,26.61,45.34,up,711.02,250.58,-1.00,1,0.00,1,0,1,0.595,CLOUD,,0,CLOUD,CLOUD,0,0,none
2026-04-20 13:34:19,2018,71.95,91.74,66.09,59.66,71.95,0.00,stable,455.38,250.58,-1.00,1,0.00,1,0,1,0.570,CLOUD,,0,CLOUD,CLOUD,0,0,none
2026-04-20 13:34:22,2019,66.60,127.34,65.89,59.75,71.95,-5.35,stable,208.65,250.58,-1.00,1,0.00,1,1,1,0.685,CLOUD,,0,CLOUD,CLOUD,0,0,none
2026-04-20 13:34:24,2020,66.60,127.34,66.04,59.61,66.60,0.00,stable,109.54,250.58,-1.00,1,0.00,1,1,1,0.737,CLOUD,,0,CLOUD,CLOUD,0,0,none
2026-04-20 13:34:26,2021,145.19,36.48,66.20,59.67,66.60,78.59,up,95.73,250.58,-1.00,1,0.00,1,0,0,0.500,LOCAL,LOCAL,1,CLOUD,CLOUD,0,0,none
2026-04-20 13:34:28,2022,145.19,36.48,65.95,59.67,145.19,0.00,stable,81.91,250.58,-1.00,1,0.00,1,0,0,0.500,LOCAL,LOCAL,2,CLOUD,CLOUD,0,0,none
2026-04-20 13:34:30,2023,132.57,96.21,66.19,59.65,145.19,-12.62,down,74.13,250.58,-1.00,1,0.00,1,0,0,0.500,LOCAL,,0,CLOUD,LOCAL,1,0,started
2026-04-20 13:34:32,2024,41.99,963.74,66.54,59.66,132.57,-90.58,down,283.23,250.58,-1.00,1,0.00,1,1,1,1.000,CLOUD,CLOUD,1,LOCAL,LOCAL,0,0,none
2026-04-20 13:34:34,2025,41.99,963.74,66.67,62.10,41.99,0.00,stable,515.04,180.53,-1.00,1,0.00,1,1,1,1.000,CLOUD,CLOUD,2,LOCAL,LOCAL,0,0,none
2026-04-20 13:34:36,2026,32.63,285.40,66.47,65.38,41.99,-9.36,stable,577.27,276.84,-1.00,1,0.00,1,1,1,0.998,CLOUD,,0,LOCAL,CLOUD,1,0,started
2026-04-20 13:34:38,2027,32.63,285.40,66.64,59.52,32.63,0.00,stable,624.57,193.35,-1.00,1,0.00,1,1,1,0.999,CLOUD,,0,CLOUD,CLOUD,0,0,none
2026-04-20 13:34:42,2028,86.19,49.81,66.03,59.89,32.63,53.55,up,396.09,193.35,-1.00,1,0.00,1,0,0,0.500,LOCAL,LOCAL,1,CLOUD,CLOUD,0,0,none
2026-04-20 13:34:44,2029,86.19,49.81,66.15,59.66,86.19,0.00,stable,167.61,193.35,-1.00,1,0.00,1,0,0,0.500,LOCAL,LOCAL,2,CLOUD,CLOUD,0,0,none
2026-04-20 13:34:50,2030,44.83,32.70,65.81,59.90,86.19,-41.36,down,104.43,193.35,-1.00,1,0.00,1,0,1,0.889,CLOUD,,0,CLOUD,CLOUD,0,0,none
2026-04-20 13:34:52,2031,44.83,32.70,66.12,59.60,44.83,0.00,stable,41.25,193.35,-1.00,1,0.00,1,0,1,0.929,CLOUD,,0,CLOUD,CLOUD,0,0,none
2026-04-20 13:34:54,2032,98.31,68.93,66.11,59.67,44.83,53.48,up,46.03,193.35,-1.00,1,0.00,1,0,0,0.500,LOCAL,LOCAL,1,CLOUD,CLOUD,0,0,none
2026-04-20 13:34:56,2033,98.31,68.93,66.03,59.67,98.31,0.00,stable,50.81,193.35,-1.00,1,0.00,1,0,0,0.500,LOCAL,LOCAL,2,CLOUD,CLOUD,0,0,none
2026-04-20 13:34:58,2034,151.18,22.73,65.95,59.61,98.31,52.87,up,48.32,193.35,-1.00,1,0.00,1,0,0,0.500,LOCAL,,0,CLOUD,LOCAL,1,0,started
2026-04-20 13:35:00,2035,151.18,22.73,66.64,59.99,151.18,0.00,stable,45.83,194.76,-1.00,1,0.00,1,0,0,0.500,LOCAL,,0,LOCAL,LOCAL,0,0,none
2026-04-20 14:26:03,1,0.00,0.00,0.00,45.42,0.00,0.00,stable,0.00,-1.00,-1.00,0,0.00,0,0,0,0.500,LOCAL,,0,LOCAL,LOCAL,0,0,none
2026-04-20 14:26:05,2,0.00,0.00,31.31,49.81,0.00,0.00,stable,0.00,-1.00,-1.00,0,0.00,0,0,0,0.500,LOCAL,,0,LOCAL,LOCAL,0,0,none
2026-04-20 14:26:08,3,0.00,0.00,57.93,60.41,0.00,0.00,stable,0.00,-1.00,-1.00,1,0.00,0,0,0,0.500,LOCAL,,0,LOCAL,LOCAL,0,0,none
2026-04-20 14:26:10,4,173.82,115.49,66.36,66.40,0.00,173.82,up,28.87,-1.00,-1.00,1,0.00,1,1,0,0.500,LOCAL,,0,LOCAL,LOCAL,0,0,none
2026-04-20 14:26:12,5,240.00,25.08,66.64,70.19,173.82,66.18,up,35.14,-1.00,-1.00,1,0.00,0,0,0,0.500,LOCAL,,0,LOCAL,LOCAL,0,0,none
2026-04-20 14:26:14,6,240.00,25.08,66.67,68.48,240.00,0.00,stable,41.41,147.86,-1.00,1,0.00,0,0,0,0.500,LOCAL,,0,LOCAL,LOCAL,0,0,none
2026-04-20 14:26:16,7,190.19,278.95,66.39,59.09,240.00,-49.81,down,111.15,183.02,-1.00,1,25.00,0,1,0,0.500,LOCAL,,0,LOCAL,LOCAL,0,0,none
2026-04-20 14:26:18,8,190.19,278.95,66.56,59.07,190.19,0.00,stable,152.01,157.91,-1.00,1,25.00,0,1,0,0.500,LOCAL,,0,LOCAL,LOCAL,0,0,none
2026-04-20 14:26:20,9,31.76,472.44,66.50,59.08,190.19,-158.43,down,263.85,158.87,-1.00,1,0.00,1,1,1,1.000,CLOUD,CLOUD,1,LOCAL,LOCAL,0,0,none
2026-04-20 14:26:22,10,31.76,472.44,66.50,59.08,31.76,0.00,stable,375.69,158.87,-1.00,1,0.00,1,1,1,1.000,CLOUD,CLOUD,2,LOCAL,LOCAL,0,0,none
2026-04-20 14:26:24,11,54.68,135.25,66.64,59.07,31.76,22.92,up,339.77,164.48,-1.00,1,0.00,1,1,1,0.962,CLOUD,,0,LOCAL,CLOUD,1,0,started
2026-04-20 14:26:26,12,54.68,135.25,66.54,59.83,54.68,0.00,stable,303.84,181.85,-1.00,1,0.00,1,1,1,0.956,CLOUD,,0,CLOUD,CLOUD,0,0,none
2026-04-20 14:26:32,13,35.56,6.57,65.98,60.01,54.68,-19.12,down,187.37,181.85,-1.00,1,75.00,0,0,1,0.956,CLOUD,,0,CLOUD,CLOUD,0,0,none
2026-04-20 14:26:34,14,35.56,6.57,66.28,59.97,35.56,0.00,stable,70.91,181.85,-1.00,1,75.00,0,0,1,0.972,CLOUD,,0,CLOUD,CLOUD,0,0,none
2026-04-20 14:26:38,15,48.81,110.57,65.92,60.00,35.56,13.25,up,64.74,181.85,-1.00,1,0.00,1,1,1,0.922,CLOUD,,0,CLOUD,CLOUD,0,0,none
2026-04-20 14:26:40,16,48.81,110.57,66.17,59.98,48.81,0.00,stable,58.57,181.85,-1.00,0,0.00,1,1,1,0.947,CLOUD,,0,CLOUD,CLOUD,0,0,none
2026-04-20 14:26:42,17,136.25,221.88,66.03,59.98,48.81,87.44,up,112.40,181.85,-1.00,0,0.00,1,1,0,0.500,LOCAL,LOCAL,1,CLOUD,CLOUD,0,0,none
2026-04-20 14:26:44,18,136.25,221.88,66.08,59.98,136.25,0.00,stable,166.22,181.85,-1.00,0,0.00,1,1,0,0.500,LOCAL,LOCAL,2,CLOUD,CLOUD,0,0,none
2026-04-20 14:26:46,19,87.27,77.05,66.22,59.97,136.25,-48.98,down,157.84,181.85,-1.00,1,0.00,1,0,0,0.500,LOCAL,,0,CLOUD,LOCAL,1,0,started
2026-04-20 14:26:48,20,29.03,1612.96,66.64,60.47,87.27,-58.23,down,533.44,181.85,-1.00,1,0.00,1,1,1,1.000,CLOUD,CLOUD,1,LOCAL,LOCAL,0,0,none
2026-04-20 14:26:50,21,29.03,1612.96,66.56,63.26,29.03,0.00,stable,881.21,155.79,-1.00,1,0.00,1,1,1,1.000,CLOUD,CLOUD,2,LOCAL,LOCAL,0,0,none
2026-04-20 14:26:52,22,32.90,441.32,66.67,66.02,29.03,3.87,stable,936.07,211.08,-1.00,1,0.00,1,1,1,1.000,CLOUD,,0,LOCAL,CLOUD,1,0,started
2026-04-20 14:26:55,23,131.76,78.03,66.67,59.94,32.90,98.86,up,936.32,183.92,-1.00,1,0.00,1,0,0,0.500,LOCAL,LOCAL,1,CLOUD,CLOUD,0,0,none
2026-04-20 14:26:57,24,131.76,78.03,66.20,59.98,131.76,0.00,stable,552.58,183.92,-1.00,1,0.00,1,0,0,0.500,LOCAL,LOCAL,2,CLOUD,CLOUD,0,0,none
2026-04-20 14:26:59,25,235.37,201.77,65.89,59.97,131.76,103.61,up,199.79,183.92,-1.00,1,0.00,0,1,0,0.500,LOCAL,,0,CLOUD,LOCAL,1,0,started
2026-04-20 14:27:01,26,235.37,201.77,66.64,59.79,235.37,0.00,stable,139.90,183.92,-1.00,1,0.00,0,1,0,0.500,LOCAL,,0,LOCAL,LOCAL,0,0,none
2026-04-20 14:27:03,27,102.17,82.53,66.67,62.58,235.37,-133.21,down,141.02,183.92,-1.00,1,0.00,1,0,0,0.500,LOCAL,,0,LOCAL,LOCAL,0,0,none
2026-04-20 14:27:05,28,77.67,580.61,66.53,64.79,102.17,-24.49,down,266.67,193.01,-1.00,1,0.00,1,1,1,0.987,CLOUD,CLOUD,1,LOCAL,LOCAL,0,0,none
2026-04-20 14:27:07,29,77.67,580.61,66.64,67.46,77.67,0.00,stable,361.38,190.75,-1.00,1,0.00,1,1,1,0.989,CLOUD,CLOUD,2,LOCAL,LOCAL,0,0,none
2026-04-20 14:27:09,30,50.91,392.92,66.67,70.37,77.67,-26.76,down,409.17,173.71,-1.00,1,0.00,1,1,1,0.997,CLOUD,,0,LOCAL,CLOUD,1,0,started
2026-04-20 14:27:11,31,50.91,392.92,66.62,59.81,50.91,0.00,stable,486.76,189.40,-1.00,1,0.00,1,1,1,0.996,CLOUD,,0,CLOUD,CLOUD,0,0,none
2026-04-20 14:27:13,32,169.89,54.83,66.31,59.98,50.91,118.98,up,355.32,189.40,-1.00,1,25.00,0,0,0,0.500,LOCAL,LOCAL,1,CLOUD,CLOUD,0,0,none
2026-04-20 14:27:15,33,60.38,206.51,65.99,60.04,169.89,-109.52,down,261.79,189.40,-1.00,1,0.00,1,1,1,0.900,CLOUD,,0,CLOUD,CLOUD,0,0,none
2026-04-20 14:27:17,34,60.38,206.51,66.08,59.98,60.38,0.00,stable,215.19,189.40,-1.00,1,0.00,1,1,1,0.913,CLOUD,,0,CLOUD,CLOUD,0,0,none
2026-04-20 14:27:19,35,72.10,128.71,65.97,59.98,60.38,11.73,up,149.14,189.40,-1.00,1,0.00,1,1,1,0.592,CLOUD,,0,CLOUD,CLOUD,0,0,none
2026-04-20 14:27:21,36,72.10,128.71,66.20,59.98,72.10,0.00,stable,167.61,189.40,-1.00,1,0.00,1,1,1,0.676,CLOUD,,0,CLOUD,CLOUD,0,0,none
2026-04-20 14:27:23,37,34.60,118.70,65.97,59.97,72.10,-37.50,down,145.66,189.40,-1.00,1,0.00,1,1,1,0.983,CLOUD,,0,CLOUD,CLOUD,0,0,none
2026-04-20 14:27:25,38,130.17,111.48,66.11,59.98,34.60,95.57,up,121.90,189.40,-1.00,1,0.00,1,1,0,0.500,LOCAL,LOCAL,1,CLOUD,CLOUD,0,0,none
2026-04-20 14:27:27,39,130.17,111.48,66.06,59.98,130.17,0.00,stable,117.59,189.40,-1.00,1,0.00,1,1,0,0.500,LOCAL,LOCAL,2,CLOUD,CLOUD,0,0,none
2026-04-20 14:27:29,40,42.30,404.69,66.25,59.98,130.17,-87.87,down,186.59,189.40,-1.00,1,0.00,1,1,1,0.998,CLOUD,,0,CLOUD,CLOUD,0,0,none
2026-04-20 14:27:31,41,42.30,404.69,65.89,59.99,42.30,0.00,stable,258.09,189.40,-1.00,1,0.00,1,1,1,0.996,CLOUD,,0,CLOUD,CLOUD,0,0,none
2026-04-20 14:27:33,42,42.03,231.55,66.33,59.28,42.30,-0.27,stable,288.10,189.40,-1.00,1,0.00,1,1,1,0.992,CLOUD,,0,CLOUD,CLOUD,0,0,none
2026-04-20 14:27:35,43,51.91,150.63,66.33,59.28,42.03,9.88,stable,297.89,189.40,-1.00,1,0.00,1,1,1,0.959,CLOUD,,0,CLOUD,CLOUD,0,0,none
2026-04-20 14:27:37,44,51.91,150.63,65.97,59.28,51.91,0.00,stable,234.37,189.40,-1.00,1,0.00,1,1,1,0.929,CLOUD,,0,CLOUD,CLOUD,0,0,none
2026-04-20 14:27:40,45,193.76,25.55,65.88,59.34,51.91,141.85,up,139.59,189.40,-1.00,1,25.00,0,0,0,0.500,LOCAL,LOCAL,1,CLOUD,CLOUD,0,0,none
2026-04-20 14:27:42,46,193.76,25.55,65.98,59.36,193.76,0.00,stable,88.09,189.40,-1.00,1,25.00,0,0,0,0.500,LOCAL,LOCAL,2,CLOUD,CLOUD,0,0,none
2026-04-20 14:27:44,47,193.76,25.55,66.03,59.39,193.76,0.00,stable,56.82,189.40,-1.00,1,25.00,0,0,0,0.500,LOCAL,,0,CLOUD,LOCAL,1,0,started
2026-04-20 14:27:46,48,30.96,54.32,66.69,60.42,193.76,-162.80,down,32.74,189.40,-1.00,1,25.00,0,0,1,0.994,CLOUD,CLOUD,1,LOCAL,LOCAL,0,0,none
2026-04-20 14:27:48,49,37.13,116.81,66.40,63.46,30.96,6.18,stable,55.55,189.40,-1.00,1,0.00,1,1,1,0.988,CLOUD,CLOUD,2,LOCAL,LOCAL,0,0,none
2026-04-20 14:27:50,50,37.13,116.81,66.42,65.83,37.13,0.00,stable,78.37,147.78,-1.00,1,0.00,1,1,1,0.989,CLOUD,,0,LOCAL,CLOUD,1,0,started
2026-04-20 14:27:52,51,20.35,204.02,66.69,59.93,37.13,-16.78,down,122.99,234.00,-1.00,1,0.00,1,1,1,0.999,CLOUD,,0,CLOUD,CLOUD,0,0,none
2026-04-20 14:27:54,52,20.35,204.02,66.22,60.05,20.35,0.00,stable,160.41,234.00,-1.00,1,0.00,1,1,1,0.999,CLOUD,,0,CLOUD,CLOUD,0,0,none
2026-04-20 14:27:56,53,57.53,1794.45,66.14,60.06,20.35,37.18,up,579.82,234.00,-1.00,1,0.00,1,1,1,1.000,CLOUD,,0,CLOUD,CLOUD,0,0,none
2026-04-20 14:28:01,54,129.79,72.54,65.83,60.10,57.53,72.26,up,568.76,234.00,-1.00,1,0.00,1,0,0,0.500,LOCAL,LOCAL,1,CLOUD,CLOUD,0,0,none
2026-04-20 14:35:15,1,0.00,0.00,0.00,46.42,0.00,0.00,stable,0.00,-1.00,-1.00,0,0.00,0,0,0,0.500,LOCAL,,0,LOCAL,LOCAL,0,0,none
2026-04-20 14:35:17,2,0.00,0.00,66.69,47.46,0.00,0.00,stable,0.00,-1.00,-1.00,0,0.00,0,0,1,1.000,CLOUD,CLOUD,1,LOCAL,LOCAL,0,0,none
2026-04-20 14:35:21,3,0.00,0.00,66.53,56.82,0.00,0.00,stable,0.00,-1.00,-1.00,1,0.00,0,0,1,0.999,CLOUD,CLOUD,2,LOCAL,LOCAL,0,0,none
2026-04-20 14:35:23,4,80.63,197.67,66.42,62.94,0.00,80.63,up,49.42,-1.00,-1.00,1,0.00,1,1,1,0.687,CLOUD,,0,LOCAL,CLOUD,1,0,started
2026-04-20 14:35:25,5,46.74,1194.41,66.62,57.95,80.63,-33.89,down,348.02,-1.00,-1.00,1,0.00,1,1,1,1.000,CLOUD,,0,CLOUD,CLOUD,0,0,none
2026-04-20 14:35:27,6,46.74,1194.41,66.56,59.60,46.74,0.00,stable,646.62,8730.63,-1.00,1,0.00,1,1,1,1.000,CLOUD,,0,CLOUD,CLOUD,0,0,none
2026-04-20 14:35:29,7,14.42,87.47,66.08,59.63,46.74,-32.32,down,668.49,8730.63,-1.00,1,0.00,1,0,1,0.998,CLOUD,,0,CLOUD,CLOUD,0,0,none
2026-04-20 14:35:31,8,55.06,222.95,65.98,59.73,14.42,40.65,up,674.81,8730.63,-1.00,1,0.00,1,1,1,0.945,CLOUD,,0,CLOUD,CLOUD,0,0,none
2026-04-20 14:35:33,9,55.06,222.95,66.11,59.63,55.06,0.00,stable,431.94,8730.63,-1.00,1,0.00,1,1,1,0.955,CLOUD,,0,CLOUD,CLOUD,0,0,none
2026-04-20 14:35:35,10,71.23,56.55,66.11,59.65,55.06,16.17,up,147.48,8730.63,-1.00,1,0.00,1,0,1,0.527,CLOUD,,0,CLOUD,CLOUD,0,0,none
2026-04-20 14:35:37,11,71.23,56.55,66.06,59.65,71.23,0.00,stable,139.75,8730.63,-1.00,1,0.00,1,0,1,0.505,CLOUD,,0,CLOUD,CLOUD,0,0,none
2026-04-20 14:35:39,12,38.02,136.52,66.17,59.65,71.23,-33.22,down,118.14,8730.63,-1.00,1,0.00,1,1,1,0.985,CLOUD,,0,CLOUD,CLOUD,0,0,none
2026-04-20 14:35:41,13,64.24,76.76,66.25,59.63,38.02,26.22,up,81.59,8730.63,-1.00,1,0.00,1,0,1,0.767,CLOUD,,0,CLOUD,CLOUD,0,0,none
2026-04-20 14:35:43,14,64.24,76.76,66.08,59.64,64.24,0.00,stable,86.65,8730.63,-1.00,1,0.00,1,0,1,0.716,CLOUD,,0,CLOUD,CLOUD,0,0,none
2026-04-20 14:35:46,15,74.52,88.88,65.93,59.67,64.24,10.28,up,94.73,8730.63,-1.00,1,0.00,1,0,0,0.500,LOCAL,LOCAL,1,CLOUD,CLOUD,0,0,none
2026-04-20 14:35:48,16,74.52,88.88,66.31,58.94,74.52,0.00,stable,82.82,8730.63,-1.00,1,0.00,1,0,1,0.588,CLOUD,,0,CLOUD,CLOUD,0,0,none
2026-04-20 14:35:50,17,66.25,97.47,65.89,58.93,74.52,-8.27,stable,88.00,8730.63,-1.00,1,0.00,1,0,1,0.641,CLOUD,,0,CLOUD,CLOUD,0,0,none
2026-04-20 14:35:52,18,66.25,97.47,66.06,58.93,66.25,0.00,stable,93.18,8730.63,-1.00,1,0.00,1,0,1,0.700,CLOUD,,0,CLOUD,CLOUD,0,0,none
2026-04-20 14:35:54,19,70.05,347.68,66.03,58.93,66.25,3.80,stable,157.88,8730.63,-1.00,1,0.00,1,1,1,0.918,CLOUD,,0,CLOUD,CLOUD,0,0,none
2026-04-20 14:36:02,20,101.07,157.00,65.83,59.01,70.05,31.02,up,174.91,8730.63,-1.00,1,0.00,1,1,0,0.500,LOCAL,LOCAL,1,CLOUD,CLOUD,0,0,none
2026-04-20 14:36:05,21,101.07,157.00,66.03,58.95,101.07,0.00,stable,189.79,8730.63,-1.00,1,0.00,1,1,0,0.500,LOCAL,LOCAL,2,CLOUD,CLOUD,0,0,none
2026-04-20 14:36:11,22,112.65,124.77,65.86,59.01,101.07,11.57,up,196.62,8730.63,-1.00,1,0.00,1,1,0,0.500,LOCAL,,0,CLOUD,LOCAL,1,0,started
2026-04-20 14:36:14,23,112.65,124.77,66.62,59.87,112.65,0.00,stable,140.89,184.89,-1.00,1,0.00,1,1,0,0.500,LOCAL,,0,LOCAL,LOCAL,0,0,none
2026-04-20 14:36:16,24,60.00,403.32,66.58,62.62,112.65,-52.64,down,202.47,188.89,-1.00,1,0.00,1,1,1,0.992,CLOUD,CLOUD,1,LOCAL,LOCAL,0,0,none
2026-04-20 14:36:18,25,60.00,403.32,66.45,65.92,60.00,0.00,stable,264.05,198.90,-1.00,1,0.00,1,1,1,0.990,CLOUD,CLOUD,2,LOCAL,LOCAL,0,0,none
2026-04-20 14:36:20,26,23.91,191.77,66.61,68.55,60.00,-36.09,down,280.80,215.90,-1.00,1,0.00,1,1,1,0.999,CLOUD,,0,LOCAL,CLOUD,1,0,started
2026-04-20 14:36:23,27,57.19,251.47,66.54,60.29,23.91,33.28,up,312.47,255.77,-1.00,1,0.00,1,1,1,0.977,CLOUD,,0,CLOUD,CLOUD,0,0,none
2026-04-20 14:36:25,28,57.19,251.47,66.28,60.19,57.19,0.00,stable,274.51,255.77,-1.00,1,0.00,1,1,1,0.966,CLOUD,,0,CLOUD,CLOUD,0,0,none
2026-04-20 14:36:27,29,71.26,39.83,66.03,60.19,57.19,14.07,up,183.64,255.77,-1.00,1,0.00,1,0,0,0.500,LOCAL,LOCAL,1,CLOUD,CLOUD,0,0,none
2026-04-20 14:36:29,30,71.26,39.83,65.95,60.20,71.26,0.00,stable,145.65,255.77,-1.00,1,0.00,1,0,0,0.500,LOCAL,LOCAL,2,CLOUD,CLOUD,0,0,none
2026-04-20 14:36:31,31,181.26,19.54,66.00,60.20,71.26,110.00,up,87.67,255.77,-1.00,1,0.00,1,0,0,0.500,LOCAL,,0,CLOUD,LOCAL,1,0,started
2026-04-20 14:36:33,32,181.26,19.54,66.64,60.43,181.26,0.00,stable,29.68,255.77,-1.00,1,0.00,1,0,0,0.500,LOCAL,,0,LOCAL,LOCAL,0,0,none
2026-04-20 14:36:35,33,118.57,59.62,66.56,63.14,181.26,-62.69,down,34.63,154.07,-1.00,1,0.00,1,0,0,0.500,LOCAL,,0,LOCAL,LOCAL,0,0,none
2026-04-20 14:36:37,34,118.57,59.62,66.61,65.87,118.57,0.00,stable,39.58,187.36,-1.00,1,0.00,1,0,0,0.500,LOCAL,,0,LOCAL,LOCAL,0,0,none
2026-04-20 14:36:39,35,17.48,149.57,66.56,69.28,118.57,-101.09,down,72.09,190.91,-1.00,1,25.00,0,1,1,0.999,CLOUD,CLOUD,1,LOCAL,LOCAL,0,0,none
2026-04-20 14:36:41,36,41.99,2052.26,66.47,71.53,17.48,24.51,up,580.27,186.32,-1.00,1,0.00,1,1,1,1.000,CLOUD,CLOUD,2,LOCAL,LOCAL,0,0,none
2026-04-20 14:36:43,37,41.99,2052.26,66.64,72.64,41.99,0.00,stable,1078.43,236.33,-1.00,0,0.00,1,1,1,1.000,CLOUD,,0,LOCAL,CLOUD,1,0,started
2026-04-20 14:36:52,38,41.07,371.65,66.10,60.25,41.99,-0.92,stable,1156.44,221.85,-1.00,1,25.00,0,1,1,0.996,CLOUD,,0,CLOUD,CLOUD,0,0,none
2026-04-20 14:36:54,39,41.07,371.65,66.09,60.22,41.07,0.00,stable,1211.96,221.85,-1.00,1,25.00,0,1,1,0.996,CLOUD,,0,CLOUD,CLOUD,0,0,none
2026-04-20 14:36:56,40,109.99,354.26,65.97,60.21,41.07,68.92,up,787.46,221.85,-1.00,1,0.00,1,1,0,0.500,LOCAL,LOCAL,1,CLOUD,CLOUD,0,0,none
2026-04-20 14:36:58,41,109.99,354.26,66.06,60.21,109.99,0.00,stable,362.96,221.85,-1.00,1,0.00,1,1,0,0.500,LOCAL,LOCAL,2,CLOUD,CLOUD,0,0,none
2026-04-20 14:37:00,42,83.33,38.17,66.17,60.20,109.99,-26.66,down,279.58,221.85,-1.00,1,0.00,1,0,0,0.500,LOCAL,,0,CLOUD,LOCAL,1,0,started
2026-04-20 14:37:02,43,168.60,83.31,66.67,60.40,83.33,85.27,up,207.50,221.85,-1.00,1,0.00,1,0,0,0.500,LOCAL,,0,LOCAL,LOCAL,0,0,none
2026-04-20 14:37:04,44,168.60,83.31,66.50,63.02,168.60,0.00,stable,139.76,221.85,-1.00,1,0.00,1,0,0,0.500,LOCAL,,0,LOCAL,LOCAL,0,0,none
2026-04-20 14:37:06,45,190.01,36.98,66.58,65.43,168.60,21.41,up,60.45,221.85,-1.00,1,0.00,1,0,0,0.500,LOCAL,,0,LOCAL,LOCAL,0,0,none
2026-04-20 14:37:08,46,190.01,36.98,66.53,68.41,190.01,0.00,stable,60.15,179.22,-1.00,1,0.00,1,0,0,0.500,LOCAL,,0,LOCAL,LOCAL,0,0,none
2026-04-20 14:37:10,47,91.64,23.87,66.53,71.11,190.01,-98.37,down,45.29,184.04,-1.00,1,0.00,1,0,0,0.500,LOCAL,,0,LOCAL,LOCAL,0,0,none
2026-04-20 14:37:12,48,91.64,23.87,66.72,72.46,91.64,0.00,stable,30.43,156.49,-1.00,1,0.00,1,0,0,0.500,LOCAL,,0,LOCAL,LOCAL,0,0,none
2026-04-20 14:37:14,49,106.00,75.41,66.64,70.32,91.64,14.36,up,40.03,174.83,-1.00,1,0.00,1,0,0,0.500,LOCAL,,0,LOCAL,LOCAL,0,0,none
2026-04-20 14:37:16,50,60.88,2021.47,66.64,59.50,106.00,-45.12,down,536.16,187.32,-1.00,1,0.00,1,1,1,1.000,CLOUD,CLOUD,1,LOCAL,LOCAL,0,0,none
2026-04-20 14:37:18,51,60.88,2021.47,66.56,59.51,60.88,0.00,stable,1035.56,175.65,-1.00,1,0.00,1,1,1,1.000,CLOUD,CLOUD,2,LOCAL,LOCAL,0,0,none
2026-04-20 14:37:20,52,105.58,409.48,66.56,59.51,60.88,44.70,up,1131.96,243.11,-1.00,1,0.00,1,1,1,0.552,CLOUD,,0,LOCAL,CLOUD,1,0,started
2026-04-20 14:37:22,53,28.62,148.25,66.69,60.04,105.58,-76.96,down,1150.17,172.13,-1.00,1,0.00,1,1,1,0.998,CLOUD,,0,CLOUD,CLOUD,0,0,none
2026-04-20 14:37:24,54,28.62,148.25,66.36,60.18,28.62,0.00,stable,681.86,172.13,-1.00,1,0.00,1,1,1,0.996,CLOUD,,0,CLOUD,CLOUD,0,0,none
2026-04-20 14:37:26,55,84.65,106.90,66.03,60.17,28.62,56.03,up,203.22,172.13,-1.00,1,0.00,1,1,0,0.500,LOCAL,LOCAL,1,CLOUD,CLOUD,0,0,none
2026-04-20 14:37:28,56,84.65,106.90,66.06,60.17,84.65,0.00,stable,127.58,172.13,-1.00,1,0.00,1,1,0,0.500,LOCAL,LOCAL,2,CLOUD,CLOUD,0,0,none
2026-04-20 14:37:30,57,53.49,76.54,66.22,60.18,84.65,-31.16,down,109.65,172.13,-1.00,1,0.00,1,0,1,0.902,CLOUD,,0,CLOUD,CLOUD,0,0,none
2026-04-20 14:37:32,58,54.61,209.13,65.93,60.19,53.49,1.12,stable,124.86,172.13,-1.00,1,0.00,1,1,1,0.937,CLOUD,,0,CLOUD,CLOUD,0,0,none
2026-04-20 14:37:34,59,54.61,209.13,66.09,60.18,54.61,0.00,stable,150.42,172.13,-1.00,1,0.00,1,1,1,0.950,CLOUD,,0,CLOUD,CLOUD,0,0,none
2026-04-20 14:37:36,60,60.23,95.26,66.11,60.18,54.61,5.61,stable,147.51,172.13,-1.00,1,0.00,1,0,1,0.821,CLOUD,,0,CLOUD,CLOUD,0,0,none
2026-04-20 14:37:38,61,60.23,95.26,66.08,60.16,60.23,0.00,stable,152.20,172.13,-1.00,1,0.00,1,0,1,0.814,CLOUD,,0,CLOUD,CLOUD,0,0,none
2026-04-20 14:37:40,62,70.27,1072.47,65.97,60.18,60.23,10.04,up,368.03,172.13,-1.00,1,0.00,1,1,1,1.000,CLOUD,,0,CLOUD,CLOUD,0,0,none
2026-04-20 14:37:42,63,70.27,1072.47,66.08,60.18,70.27,0.00,stable,583.87,172.13,-1.00,1,0.00,1,1,1,1.000,CLOUD,,0,CLOUD,CLOUD,0,0,none
2026-04-20 14:37:54,64,810.36,29.63,65.78,59.56,70.27,740.09,up,567.46,172.13,-1.00,1,0.00,0,0,0,0.500,LOCAL,LOCAL,1,CLOUD,CLOUD,0,0,none
2026-04-20 14:37:56,65,810.36,29.63,66.23,59.50,810.36,0.00,stable,551.05,172.13,-1.00,1,0.00,0,0,0,0.500,LOCAL,LOCAL,2,CLOUD,CLOUD,0,0,none
2026-04-20 14:37:58,66,19.75,295.83,66.19,59.52,810.36,-790.61,down,356.89,172.13,-1.00,1,0.00,1,1,1,0.999,CLOUD,,0,CLOUD,CLOUD,0,0,none
2026-04-20 14:38:00,67,19.75,295.83,66.06,59.51,19.75,0.00,stable,162.73,172.13,-1.00,1,0.00,1,1,1,0.999,CLOUD,,0,CLOUD,CLOUD,0,0,none
2026-04-20 14:38:02,68,68.63,235.59,65.92,59.50,19.75,48.89,up,214.22,172.13,-1.00,1,0.00,1,1,1,0.816,CLOUD,,0,CLOUD,CLOUD,0,0,none
2026-04-20 14:38:08,69,81.47,187.38,65.85,59.55,68.63,12.84,up,253.66,172.13,-1.00,1,0.00,1,1,0,0.500,LOCAL,LOCAL,1,CLOUD,CLOUD,0,0,none
2026-04-20 14:38:10,70,81.47,187.38,66.06,59.51,81.47,0.00,stable,226.55,172.13,-1.00,1,0.00,1,1,1,0.514,CLOUD,,0,CLOUD,CLOUD,0,0,none
2026-04-20 14:38:15,71,68.70,57.51,65.80,59.61,81.47,-12.77,down,166.97,172.13,-1.00,1,0.00,1,0,0,0.500,LOCAL,LOCAL,1,CLOUD,CLOUD,0,0,none
2026-04-20 14:38:18,72,68.70,57.51,66.09,59.52,68.70,0.00,stable,122.45,172.13,-1.00,0,0.00,1,0,1,0.584,CLOUD,,0,CLOUD,CLOUD,0,0,none
2026-04-20 14:38:20,73,101.53,465.67,66.11,59.52,68.70,32.83,up,192.02,172.13,-1.00,0,0.00,1,1,1,0.587,CLOUD,,0,CLOUD,CLOUD,0,0,none
2026-04-20 14:38:22,74,101.53,465.67,66.08,59.52,101.53,0.00,stable,261.59,172.13,-1.00,0,0.00,1,1,1,0.576,CLOUD,,0,CLOUD,CLOUD,0,0,none
2026-04-20 14:38:24,75,120.00,211.16,65.97,59.48,101.53,18.47,up,300.00,172.13,-1.00,0,0.00,1,1,0,0.500,LOCAL,LOCAL,1,CLOUD,CLOUD,0,0,none
2026-04-20 14:38:26,76,120.00,211.16,66.17,59.52,120.00,0.00,stable,338.41,172.13,-1.00,1,0.00,1,1,0,0.500,LOCAL,LOCAL,2,CLOUD,CLOUD,0,0,none
2026-04-20 14:38:29,77,79.44,48.16,65.79,59.58,120.00,-40.56,down,234.04,172.13,-1.00,1,0.00,1,0,0,0.500,LOCAL,,0,CLOUD,LOCAL,1,0,started
2026-04-20 14:38:32,78,79.44,48.16,66.59,60.44,79.44,0.00,stable,129.66,158.08,-1.00,1,0.00,1,0,0,0.500,LOCAL,,0,LOCAL,LOCAL,0,0,none
2026-04-20 14:38:34,79,24.55,1455.85,66.67,63.48,79.44,-54.89,down,440.83,176.43,-1.00,1,0.00,1,1,1,1.000,CLOUD,CLOUD,1,LOCAL,LOCAL,0,0,none
2026-04-20 14:38:36,80,24.55,1455.85,66.50,65.93,24.55,0.00,stable,752.00,176.29,-1.00,1,0.00,1,1,1,1.000,CLOUD,CLOUD,2,LOCAL,LOCAL,0,0,none
2026-04-20 14:38:38,81,76.53,290.90,66.53,68.82,24.55,51.98,up,812.69,178.30,-1.00,0,0.00,1,1,1,0.893,CLOUD,,0,LOCAL,CLOUD,1,0,started
2026-04-20 14:38:40,82,84.58,55.11,66.71,60.05,76.53,8.04,stable,814.43,215.38,-1.00,1,0.00,1,0,0,0.500,LOCAL,LOCAL,1,CLOUD,CLOUD,0,0,none
2026-04-20 14:38:42,83,84.58,55.11,66.42,60.22,84.58,0.00,stable,464.24,215.38,-1.00,1,0.00,1,0,0,0.500,LOCAL,LOCAL,2,CLOUD,CLOUD,0,0,none
2026-04-20 14:38:44,84,121.31,56.75,66.19,60.23,84.58,36.73,up,114.47,215.38,-1.00,1,0.00,1,0,0,0.500,LOCAL,,0,CLOUD,LOCAL,1,0,started
2026-04-20 14:38:49,85,141.43,71.73,66.14,60.66,121.31,20.12,up,59.68,196.29,-1.00,1,0.00,1,0,0,0.500,LOCAL,,0,LOCAL,LOCAL,0,0,none
2026-04-20 14:38:51,86,46.88,1803.03,66.69,63.65,141.43,-94.55,down,496.66,186.29,-1.00,1,0.00,1,1,1,1.000,CLOUD,CLOUD,1,LOCAL,LOCAL,0,0,none
2026-04-20 14:38:53,87,46.88,1803.03,66.47,66.59,46.88,0.00,stable,933.64,181.13,-1.00,1,0.00,1,1,1,1.000,CLOUD,CLOUD,2,LOCAL,LOCAL,0,0,none
2026-04-20 14:38:55,88,67.85,301.92,66.56,69.54,46.88,20.98,up,994.93,178.09,-1.00,1,0.00,1,1,1,0.958,CLOUD,,0,LOCAL,CLOUD,1,0,started
2026-04-20 14:39:04,89,77.28,375.91,66.06,60.22,67.85,9.43,stable,1070.97,256.36,-1.00,1,0.00,1,1,1,0.878,CLOUD,,0,CLOUD,CLOUD,0,0,none
2026-04-20 14:39:06,90,77.28,375.91,66.01,60.19,77.28,0.00,stable,714.19,256.36,-1.00,1,0.00,1,1,1,0.870,CLOUD,,0,CLOUD,CLOUD,0,0,none
2026-04-20 14:39:21,91,71.43,285.36,65.85,59.56,77.28,-5.85,stable,334.77,256.36,-1.00,1,0.00,1,1,1,0.817,CLOUD,,0,CLOUD,CLOUD,0,0,none
2026-04-20 14:39:23,92,71.43,285.36,66.15,59.52,71.43,0.00,stable,330.64,256.36,-1.00,1,0.00,1,1,1,0.878,CLOUD,,0,CLOUD,CLOUD,0,0,none
2026-04-20 14:39:25,93,71.43,285.36,66.00,59.52,71.43,0.00,stable,308.00,256.36,-1.00,1,0.00,1,1,1,0.851,CLOUD,,0,CLOUD,CLOUD,0,0,none
2026-04-20 14:39:33,94,49.09,451.34,65.75,59.55,71.43,-22.34,down,326.86,256.36,-1.00,1,25.00,0,1,1,0.993,CLOUD,,0,CLOUD,CLOUD,0,0,none
2026-04-20 14:39:35,95,49.09,451.34,66.26,59.51,0,0,0,451.34,199.74,-1.00,1,25.00,0,1,1,0.997,CLOUD,FALLBACK,0,LOCAL,LOCAL,0,0,fallback_locked
2026-04-20 14:39:37,96,37.24,1274.19,66.61,59.51,0,0,0,1274.19,156.82,-1.00,1,0.00,1,1,1,1.000,CLOUD,FALLBACK,1,LOCAL,LOCAL,0,0,fallback_locked
2026-04-20 14:39:39,97,37.24,1274.19,66.58,59.52,0,0,0,1274.19,172.86,-1.00,1,0.00,1,1,1,1.000,CLOUD,FALLBACK,2,LOCAL,LOCAL,0,0,fallback_locked
2026-04-20 14:39:41,98,1513.94,154.42,66.58,59.51,0,0,0,154.42,189.06,-1.00,1,0.00,0,1,0,0.500,LOCAL,FALLBACK,0,LOCAL,LOCAL,0,0,fallback_locked
2026-04-20 14:39:43,99,1513.94,154.42,66.45,59.51,0,0,0,154.42,188.42,-1.00,1,0.00,0,1,0,0.500,LOCAL,FALLBACK,0,LOCAL,LOCAL,0,0,fallback_locked
2026-04-20 14:39:45,100,1513.94,154.42,66.45,59.51,0,0,0,154.42,186.24,-1.00,1,0.00,0,1,0,0.500,LOCAL,FALLBACK,0,LOCAL,LOCAL,0,0,fallback_locked
2026-04-20 14:39:47,101,46.99,3.46,66.64,59.51,0,0,0,3.46,216.49,-1.00,1,75.00,0,0,1,0.950,CLOUD,FALLBACK,0,LOCAL,LOCAL,0,0,fallback_locked
2026-04-20 14:39:49,102,46.99,3.46,66.53,59.52,0,0,0,3.46,194.09,-1.00,1,75.00,0,0,1,0.941,CLOUD,FALLBACK,0,LOCAL,LOCAL,0,0,fallback_locked
2026-04-20 14:39:51,103,46.99,3.46,66.58,59.51,0,0,0,3.46,187.49,-1.00,1,75.00,0,0,1,0.946,CLOUD,FALLBACK,0,LOCAL,LOCAL,0,0,fallback_locked
2026-04-20 14:39:53,104,46.99,3.46,66.53,59.52,0,0,0,3.46,190.52,-1.00,1,75.00,0,0,1,0.941,CLOUD,FALLBACK,0,LOCAL,LOCAL,0,0,fallback_locked
2026-04-20 14:39:55,105,46.88,0.00,66.50,59.51,0,0,0,0.00,174.19,-1.00,1,25.00,0,0,1,0.938,CLOUD,FALLBACK,0,LOCAL,LOCAL,0,0,fallback_locked
2026-04-20 14:39:57,106,46.88,0.00,66.50,59.51,0,0,0,0.00,202.69,-1.00,1,25.00,0,0,1,0.938,CLOUD,FALLBACK,0,LOCAL,LOCAL,0,0,fallback_locked
2026-04-20 14:39:59,107,0.00,305.27,66.56,59.50,0,0,0,305.27,161.66,-1.00,1,100.00,0,1,1,1.000,CLOUD,FALLBACK,0,LOCAL,LOCAL,0,0,fallback_locked
2026-04-20 14:40:01,108,0.00,305.27,66.61,59.50,0,0,0,305.27,194.63,-1.00,1,100.00,0,1,1,1.000,CLOUD,FALLBACK,0,LOCAL,LOCAL,0,0,fallback_locked
2026-04-20 14:40:03,109,37.84,80.18,66.50,59.51,0,0,0,80.18,150.60,-1.00,1,25.00,0,0,1,0.986,CLOUD,FALLBACK,0,LOCAL,LOCAL,0,0,fallback_locked
2026-04-20 14:40:05,110,37.84,80.18,66.50,59.52,0,0,0,80.18,174.11,-1.00,1,25.00,0,0,1,0.986,CLOUD,FALLBACK,0,LOCAL,LOCAL,0,0,fallback_locked
2026-04-20 14:40:07,111,74.97,378.63,66.58,59.51,0,0,0,378.63,169.97,-1.00,1,0.00,1,1,1,0.956,CLOUD,FALLBACK,1,LOCAL,LOCAL,0,0,fallback_locked
2026-04-20 14:40:09,112,74.97,378.63,66.53,59.52,0,0,0,378.63,192.39,-1.00,1,0.00,1,1,1,0.952,CLOUD,FALLBACK,2,LOCAL,LOCAL,0,0,fallback_locked
2026-04-20 14:40:11,113,1307.15,548.36,66.53,59.50,0,0,0,548.36,172.23,-1.00,1,0.00,0,1,0,0.500,LOCAL,FALLBACK,0,LOCAL,LOCAL,0,0,fallback_locked
2026-04-20 14:40:13,114,20.05,575.78,66.64,59.51,0,0,0,575.78,202.99,-1.00,1,0.00,1,1,1,1.000,CLOUD,FALLBACK,1,LOCAL,LOCAL,0,0,fallback_locked
2026-04-20 14:40:15,115,20.05,575.78,66.58,59.51,0,0,0,575.78,136.38,-1.00,1,0.00,1,1,1,1.000,CLOUD,FALLBACK,2,LOCAL,LOCAL,0,0,fallback_locked
2026-04-20 14:40:17,116,20.05,575.78,66.56,59.51,0,0,0,575.78,181.09,-1.00,1,0.00,1,1,1,1.000,CLOUD,FALLBACK,3,LOCAL,LOCAL,0,0,fallback_locked
2026-04-20 14:40:19,117,0.00,4.87,66.56,59.51,0,0,0,4.87,176.77,-1.00,1,100.00,0,0,1,0.999,CLOUD,FALLBACK,0,LOCAL,LOCAL,0,0,fallback_locked
2026-04-20 14:40:21,118,0.00,4.87,66.53,59.51,0,0,0,4.87,159.33,-1.00,1,100.00,0,0,1,0.999,CLOUD,FALLBACK,0,LOCAL,LOCAL,0,0,fallback_locked
2026-04-20 14:40:23,119,47.92,548.19,66.61,59.52,0,0,0,548.19,171.35,-1.00,1,0.00,1,1,1,0.999,CLOUD,FALLBACK,1,LOCAL,LOCAL,0,0,fallback_locked
2026-04-20 14:40:25,120,63.02,238.06,66.56,59.59,0,0,0,238.06,179.27,-1.00,1,0.00,1,1,1,0.957,CLOUD,FALLBACK,2,LOCAL,LOCAL,0,0,fallback_locked
2026-04-20 14:40:27,121,63.02,238.06,66.50,59.52,0,0,0,238.06,155.16,-1.00,1,0.00,1,1,1,0.953,CLOUD,FALLBACK,3,LOCAL,LOCAL,0,0,fallback_locked
2026-04-20 14:40:29,122,55.83,1029.43,66.50,59.51,0,0,0,1029.43,167.89,-1.00,1,0.00,1,1,1,1.000,CLOUD,FALLBACK,4,LOCAL,LOCAL,0,0,fallback_locked
2026-04-20 14:40:31,123,55.83,1029.43,66.58,59.51,0,0,0,1029.43,167.23,-1.00,1,0.00,1,1,1,1.000,CLOUD,FALLBACK,0,LOCAL,LOCAL,0,0,fallback_locked
2026-04-20 14:40:33,124,29.91,2773.55,66.47,59.50,49.09,-19.18,down,948.90,168.01,-1.00,1,0.00,1,1,1,1.000,CLOUD,CLOUD,1,LOCAL,LOCAL,0,0,none
2026-04-20 14:40:35,125,33.04,315.11,66.56,59.51,29.91,3.13,stable,956.34,182.23,-1.00,1,0.00,1,1,1,0.999,CLOUD,CLOUD,2,LOCAL,LOCAL,0,0,none
2026-04-20 14:40:37,126,33.04,315.11,66.61,59.51,33.04,0.00,stable,963.78,184.48,-1.00,1,0.00,1,1,1,0.999,CLOUD,,0,LOCAL,CLOUD,1,0,started
2026-04-20 14:40:39,127,54.99,30.21,66.67,60.06,33.04,21.95,up,858.50,210.34,-1.00,1,0.00,1,0,1,0.918,CLOUD,,0,CLOUD,CLOUD,0,0,none
2026-04-20 14:40:41,128,54.99,30.21,66.28,60.22,54.99,0.00,stable,172.66,210.34,-1.00,1,0.00,1,0,1,0.857,CLOUD,,0,CLOUD,CLOUD,0,0,none
2026-04-20 14:40:44,129,64.81,56.48,65.93,60.29,54.99,9.82,stable,108.00,210.34,-1.00,1,0.00,1,0,1,0.613,CLOUD,,0,CLOUD,CLOUD,0,0,none
2026-04-20 14:40:46,130,64.81,56.48,66.09,60.22,64.81,0.00,stable,43.35,210.34,-1.00,1,0.00,1,0,1,0.671,CLOUD,,0,CLOUD,CLOUD,0,0,none
2026-04-20 14:40:55,131,68.85,15.47,65.82,60.31,64.81,4.04,stable,39.66,210.34,-1.00,1,0.00,1,0,0,0.500,LOCAL,LOCAL,1,CLOUD,CLOUD,0,0,none
2026-04-20 14:40:57,132,68.85,15.47,66.31,60.22,68.85,0.00,stable,35.98,210.34,-1.00,1,0.00,1,0,1,0.583,CLOUD,,0,CLOUD,CLOUD,0,0,none
2026-04-20 14:41:03,133,37.44,173.72,65.92,59.56,68.85,-31.41,down,65.29,210.34,-1.00,1,0.00,1,1,1,0.984,CLOUD,,0,CLOUD,CLOUD,0,0,none
2026-04-20 14:41:05,134,37.44,173.72,66.14,59.52,37.44,0.00,stable,94.60,210.34,-1.00,1,0.00,1,1,1,0.989,CLOUD,,0,CLOUD,CLOUD,0,0,none
2026-04-20 14:41:07,135,237.51,81.72,66.22,59.52,37.44,200.07,up,111.16,210.34,-1.00,1,0.00,0,0,0,0.500,LOCAL,LOCAL,1,CLOUD,CLOUD,0,0,none
2026-04-20 14:41:09,136,237.51,81.72,65.92,59.52,237.51,0.00,stable,127.72,210.34,-1.00,1,0.00,0,0,0,0.500,LOCAL,LOCAL,2,CLOUD,CLOUD,0,0,none
2026-04-20 14:41:29,137,74.58,167.00,65.72,59.55,237.51,-162.93,down,126.04,210.34,-1.00,1,0.00,1,1,1,0.506,CLOUD,,0,CLOUD,CLOUD,0,0,none
2026-04-20 14:41:31,138,74.58,167.00,65.98,59.49,74.58,0.00,stable,124.36,210.34,-1.00,1,0.00,1,1,1,0.608,CLOUD,,0,CLOUD,CLOUD,0,0,none
2026-04-20 14:41:33,139,168.45,135.50,66.08,59.53,74.58,93.87,up,137.80,210.34,-1.00,1,0.00,1,1,0,0.500,LOCAL,LOCAL,1,CLOUD,CLOUD,0,0,none
2026-04-20 14:41:35,140,168.45,135.50,66.03,59.53,168.45,0.00,stable,151.25,210.34,-1.00,1,0.00,1,1,0,0.500,LOCAL,LOCAL,2,CLOUD,CLOUD,0,0,none
2026-04-20 14:41:37,141,65.97,42.11,66.00,59.53,168.45,-102.48,down,120.03,210.34,-1.00,1,0.00,1,0,1,0.584,CLOUD,,0,CLOUD,CLOUD,0,0,none
2026-04-20 14:41:39,142,65.97,42.11,66.06,59.52,65.97,0.00,stable,88.81,210.34,-1.00,1,0.00,1,0,1,0.606,CLOUD,,0,CLOUD,CLOUD,0,0,none
2026-04-20 14:41:41,143,122.36,113.86,66.06,59.52,65.97,56.39,up,83.40,210.34,-1.00,1,0.00,1,1,0,0.500,LOCAL,LOCAL,1,CLOUD,CLOUD,0,0,none
2026-04-20 14:41:43,144,49.86,260.94,66.06,59.52,122.36,-72.50,down,114.76,210.34,-1.00,1,0.00,1,1,1,0.978,CLOUD,,0,CLOUD,CLOUD,0,0,none
2026-04-20 14:41:45,145,49.86,260.94,66.17,59.53,49.86,0.00,stable,169.46,210.34,-1.00,1,0.00,1,1,1,0.981,CLOUD,,0,CLOUD,CLOUD,0,0,none
2026-04-20 14:41:57,146,117.10,6.62,65.77,59.56,49.86,67.24,up,160.59,210.34,-1.00,1,0.00,1,0,0,0.500,LOCAL,LOCAL,1,CLOUD,CLOUD,0,0,none
2026-04-20 14:41:59,147,117.10,6.62,66.32,59.52,0,0,0,6.62,256.68,-1.00,1,0.00,1,0,0,0.500,LOCAL,FALLBACK,0,LOCAL,LOCAL,0,0,fallback_locked
2026-04-20 14:42:02,148,51.19,1818.47,66.64,59.51,0,0,0,1818.47,166.91,-1.00,1,0.00,1,1,1,1.000,CLOUD,FALLBACK,1,LOCAL,LOCAL,0,0,fallback_locked
2026-04-20 14:42:04,149,51.19,1818.47,66.50,59.51,0,0,0,1818.47,169.22,-1.00,1,0.00,1,1,1,1.000,CLOUD,FALLBACK,2,LOCAL,LOCAL,0,0,fallback_locked
2026-04-20 14:42:06,150,54.09,380.27,66.58,59.52,0,0,0,380.27,166.23,-1.00,1,0.00,1,1,1,0.994,CLOUD,FALLBACK,3,LOCAL,LOCAL,0,0,fallback_locked
2026-04-20 14:42:08,151,54.09,380.27,66.45,59.52,0,0,0,380.27,186.56,-1.00,1,0.00,1,1,1,0.993,CLOUD,FALLBACK,4,LOCAL,LOCAL,0,0,fallback_locked
2026-04-20 14:42:10,152,20.52,5.35,66.61,59.65,0,0,0,5.35,173.28,-1.00,1,75.00,0,0,1,0.996,CLOUD,FALLBACK,0,LOCAL,LOCAL,0,0,fallback_locked
2026-04-20 14:42:12,153,20.52,5.35,66.56,59.52,0,0,0,5.35,163.13,-1.00,1,75.00,0,0,1,0.996,CLOUD,FALLBACK,0,LOCAL,LOCAL,0,0,fallback_locked
2026-04-20 14:42:14,154,268.60,510.84,66.67,59.51,0,0,0,510.84,187.86,-1.00,1,0.00,0,1,0,0.500,LOCAL,FALLBACK,0,LOCAL,LOCAL,0,0,fallback_locked
2026-04-20 14:42:16,155,268.60,510.84,66.61,59.52,0,0,0,510.84,168.70,-1.00,1,0.00,0,1,0,0.500,LOCAL,FALLBACK,0,LOCAL,LOCAL,0,0,fallback_locked
2026-04-20 14:42:18,156,268.60,510.84,66.61,59.51,0,0,0,510.84,160.03,-1.00,1,0.00,0,1,0,0.500,LOCAL,FALLBACK,0,LOCAL,LOCAL,0,0,fallback_locked
2026-04-20 14:42:20,157,21.75,4.39,66.47,59.51,0,0,0,4.39,178.59,-1.00,1,75.00,0,0,1,0.995,CLOUD,FALLBACK,0,LOCAL,LOCAL,0,0,fallback_locked
2026-04-20 14:42:22,158,21.75,4.39,66.58,59.51,0,0,0,4.39,171.69,-1.00,1,75.00,0,0,1,0.995,CLOUD,FALLBACK,0,LOCAL,LOCAL,0,0,fallback_locked
2026-04-20 14:42:24,159,21.75,4.39,66.56,59.51,0,0,0,4.39,153.97,-1.00,1,75.00,0,0,1,0.995,CLOUD,FALLBACK,0,LOCAL,LOCAL,0,0,fallback_locked
2026-04-20 14:42:26,160,21.75,4.39,66.42,59.52,0,0,0,4.39,154.05,-1.00,0,75.00,0,0,1,0.994,CLOUD,FALLBACK,0,LOCAL,LOCAL,0,0,fallback_locked
2026-04-20 14:42:28,161,63.73,0.00,66.44,59.51,0,0,0,0.00,151.46,-1.00,1,50.00,0,0,1,0.719,CLOUD,FALLBACK,0,LOCAL,LOCAL,0,0,fallback_locked
2026-04-20 14:42:30,162,63.73,0.00,66.39,59.52,0,0,0,0.00,170.46,-1.00,1,50.00,0,0,1,0.702,CLOUD,FALLBACK,0,LOCAL,LOCAL,0,0,fallback_locked
2026-04-20 14:42:32,163,63.73,0.00,66.47,59.52,0,0,0,0.00,173.98,-1.00,1,50.00,0,0,1,0.728,CLOUD,FALLBACK,0,LOCAL,LOCAL,0,0,fallback_locked
2026-04-20 14:42:34,164,645.52,167.78,66.58,59.52,0,0,0,167.78,172.01,-1.00,1,25.00,0,1,0,0.500,LOCAL,FALLBACK,0,LOCAL,LOCAL,0,0,fallback_locked
2026-04-20 14:42:36,165,645.52,167.78,66.58,59.52,0,0,0,167.78,172.18,-1.00,1,25.00,0,1,0,0.500,LOCAL,FALLBACK,0,LOCAL,LOCAL,0,0,fallback_locked
2026-04-20 14:42:38,166,297.04,237.26,66.53,59.52,0,0,0,237.26,162.36,-1.00,1,0.00,0,1,0,0.500,LOCAL,FALLBACK,0,LOCAL,LOCAL,0,0,fallback_locked
2026-04-20 14:42:40,167,79.38,405.56,66.42,59.52,0,0,0,405.56,193.69,-1.00,1,0.00,1,1,1,0.930,CLOUD,FALLBACK,1,LOCAL,LOCAL,0,0,fallback_locked
2026-04-20 14:42:42,168,79.38,405.56,66.69,59.53,0,0,0,405.56,149.47,-1.00,1,0.00,1,1,1,0.953,CLOUD,FALLBACK,2,LOCAL,LOCAL,0,0,fallback_locked
2026-04-20 14:42:44,169,79.38,405.56,66.47,59.53,0,0,0,405.56,183.47,-1.00,1,0.00,1,1,1,0.935,CLOUD,FALLBACK,3,LOCAL,LOCAL,0,0,fallback_locked
2026-04-20 14:42:46,170,98.85,7.55,66.36,59.53,0,0,0,7.55,180.70,-1.00,1,25.00,0,0,0,0.500,LOCAL,FALLBACK,0,LOCAL,LOCAL,0,0,fallback_locked
2026-04-20 14:42:48,171,446.73,813.13,66.53,59.64,0,0,0,813.13,243.55,-1.00,1,0.00,0,1,0,0.500,LOCAL,FALLBACK,0,LOCAL,LOCAL,0,0,fallback_locked
2026-04-20 14:42:50,172,446.73,813.13,66.69,59.51,0,0,0,813.13,185.96,-1.00,1,0.00,0,1,0,0.500,LOCAL,FALLBACK,0,LOCAL,LOCAL,0,0,fallback_locked
2026-04-20 14:42:52,173,446.73,813.13,66.61,59.51,0,0,0,813.13,174.35,-1.00,1,0.00,0,1,0,0.500,LOCAL,FALLBACK,0,LOCAL,LOCAL,0,0,fallback_locked
2026-04-20 14:42:54,174,446.73,813.13,66.34,59.51,0,0,0,813.13,186.31,-1.00,1,0.00,0,1,0,0.500,LOCAL,FALLBACK,0,LOCAL,LOCAL,0,0,fallback_locked
2026-04-20 14:42:56,175,27.88,0.00,66.47,59.51,0,0,0,0.00,138.10,-1.00,1,25.00,0,0,1,0.990,CLOUD,FALLBACK,0,LOCAL,LOCAL,0,0,fallback_locked
2026-04-20 14:42:58,176,27.88,0.00,66.69,59.52,0,0,0,0.00,152.14,-1.00,1,25.00,0,0,1,0.993,CLOUD,FALLBACK,0,LOCAL,LOCAL,0,0,fallback_locked
2026-04-20 14:43:00,177,27.88,0.00,66.59,59.52,0,0,0,0.00,162.14,-1.00,1,25.00,0,0,1,0.991,CLOUD,FALLBACK,0,LOCAL,LOCAL,0,0,fallback_locked
2026-04-20 14:43:02,178,27.88,0.00,66.64,59.52,0,0,0,0.00,141.33,-1.00,1,25.00,0,0,1,0.992,CLOUD,FALLBACK,0,LOCAL,LOCAL,0,0,fallback_locked
2026-04-20 14:43:04,179,27.88,0.00,66.64,59.52,0,0,0,0.00,169.26,-1.00,1,25.00,0,0,1,0.992,CLOUD,FALLBACK,0,LOCAL,LOCAL,0,0,fallback_locked
2026-04-20 14:43:06,180,27.88,0.00,66.56,59.52,0,0,0,0.00,169.06,-1.00,1,25.00,0,0,1,0.991,CLOUD,FALLBACK,0,LOCAL,LOCAL,0,0,fallback_locked
2026-04-20 14:43:08,181,1375.23,0.00,66.61,59.51,0,0,0,0.00,122.46,-1.00,1,50.00,0,0,0,0.500,LOCAL,FALLBACK,0,LOCAL,LOCAL,0,0,fallback_locked
2026-04-20 14:43:10,182,1375.23,0.00,66.45,59.51,0,0,0,0.00,146.31,-1.00,1,50.00,0,0,0,0.500,LOCAL,FALLBACK,0,LOCAL,LOCAL,0,0,fallback_locked
2026-04-20 14:43:12,183,1558.63,296.00,66.61,59.52,0,0,0,296.00,171.07,-1.00,1,50.00,0,1,0,0.500,LOCAL,FALLBACK,0,LOCAL,LOCAL,0,0,fallback_locked
2026-04-20 14:43:14,184,39.98,263.09,66.47,59.53,0,0,0,263.09,237.25,-1.00,1,0.00,1,1,1,0.996,CLOUD,FALLBACK,1,LOCAL,LOCAL,0,0,fallback_locked
2026-04-20 14:43:16,185,39.98,263.09,66.50,59.51,0,0,0,263.09,167.02,-1.00,1,0.00,1,1,1,0.996,CLOUD,FALLBACK,2,LOCAL,LOCAL,0,0,fallback_locked
2026-04-20 14:43:18,186,39.98,263.09,66.56,59.51,0,0,0,263.09,193.54,-1.00,1,0.00,1,1,1,0.996,CLOUD,FALLBACK,3,LOCAL,LOCAL,0,0,fallback_locked
2026-04-20 14:43:20,187,109.85,8.79,66.64,59.51,0,0,0,8.79,152.50,-1.00,1,50.00,0,0,0,0.500,LOCAL,FALLBACK,0,LOCAL,LOCAL,0,0,fallback_locked
2026-04-20 14:43:22,188,109.85,8.79,66.56,59.51,0,0,0,8.79,162.43,-1.00,1,50.00,0,0,0,0.500,LOCAL,FALLBACK,0,LOCAL,LOCAL,0,0,fallback_locked
2026-04-20 14:43:24,189,267.81,532.78,66.64,59.52,0,0,0,532.78,174.43,-1.00,1,0.00,0,1,0,0.500,LOCAL,FALLBACK,0,LOCAL,LOCAL,0,0,fallback_locked
2026-04-20 14:43:26,190,267.81,532.78,66.56,59.52,0,0,0,532.78,181.01,-1.00,1,0.00,0,1,0,0.500,LOCAL,FALLBACK,0,LOCAL,LOCAL,0,0,fallback_locked
2026-04-20 14:43:28,191,1392.57,75.24,66.50,59.52,0,0,0,75.24,172.71,-1.00,1,25.00,0,0,0,0.500,LOCAL,FALLBACK,0,LOCAL,LOCAL,0,0,fallback_locked
2026-04-20 14:43:30,192,1392.57,75.24,66.39,59.52,0,0,0,75.24,162.83,-1.00,1,25.00,0,0,0,0.500,LOCAL,FALLBACK,0,LOCAL,LOCAL,0,0,fallback_locked
2026-04-20 14:43:32,193,55.00,43.21,66.61,59.53,0,0,0,43.21,122.12,-1.00,1,50.00,0,0,1,0.919,CLOUD,FALLBACK,0,LOCAL,LOCAL,0,0,fallback_locked
2026-04-20 14:43:34,194,55.00,43.21,66.44,59.52,0,0,0,43.21,177.97,-1.00,1,50.00,0,0,1,0.896,CLOUD,FALLBACK,0,LOCAL,LOCAL,0,0,fallback_locked
2026-04-20 14:43:36,195,55.00,43.21,66.50,59.52,0,0,0,43.21,192.17,-1.00,1,50.00,0,0,1,0.904,CLOUD,FALLBACK,0,LOCAL,LOCAL,0,0,fallback_locked
2026-04-20 14:43:38,196,63.22,0.00,66.61,59.68,0,0,0,0.00,232.41,-1.00,1,25.00,0,0,1,0.778,CLOUD,FALLBACK,0,LOCAL,LOCAL,0,0,fallback_locked
2026-04-20 14:43:40,197,63.22,0.00,66.36,59.52,0,0,0,0.00,180.47,-1.00,1,25.00,0,0,1,0.703,CLOUD,FALLBACK,0,LOCAL,LOCAL,0,0,fallback_locked
2026-04-20 14:43:42,198,63.22,0.00,66.47,59.53,0,0,0,0.00,164.64,-1.00,1,25.00,0,0,1,0.738,CLOUD,FALLBACK,0,LOCAL,LOCAL,0,0,fallback_locked
2026-04-20 14:43:44,199,63.22,0.00,66.56,59.53,0,0,0,0.00,180.84,-1.00,1,25.00,0,0,1,0.763,CLOUD,FALLBACK,0,LOCAL,LOCAL,0,0,fallback_locked
2026-04-20 14:43:46,200,1369.70,88.59,66.69,59.53,0,0,0,88.59,167.24,-1.00,1,25.00,0,0,0,0.500,LOCAL,FALLBACK,0,LOCAL,LOCAL,0,0,fallback_locked
2026-04-20 14:43:48,201,1369.70,88.59,66.47,59.53,0,0,0,88.59,179.81,-1.00,1,25.00,0,0,0,0.500,LOCAL,FALLBACK,0,LOCAL,LOCAL,0,0,fallback_locked
2026-04-20 14:43:50,202,759.83,167.36,66.61,59.52,0,0,0,167.36,161.96,-1.00,1,0.00,0,1,0,0.500,LOCAL,FALLBACK,0,LOCAL,LOCAL,0,0,fallback_locked
2026-04-20 14:43:52,203,759.83,167.36,66.53,59.52,0,0,0,167.36,182.85,-1.00,1,0.00,0,1,0,0.500,LOCAL,FALLBACK,0,LOCAL,LOCAL,0,0,fallback_locked
2026-04-20 14:43:54,204,759.83,167.36,66.69,59.52,0,0,0,167.36,183.95,-1.00,1,0.00,0,1,0,0.500,LOCAL,FALLBACK,0,LOCAL,LOCAL,0,0,fallback_locked
2026-04-20 14:43:56,205,759.83,167.36,66.61,59.52,0,0,0,167.36,170.19,-1.00,1,0.00,0,1,0,0.500,LOCAL,FALLBACK,0,LOCAL,LOCAL,0,0,fallback_locked
2026-04-20 14:43:58,206,16.71,0.00,66.51,59.52,0,0,0,0.00,173.03,-1.00,1,75.00,0,0,1,0.997,CLOUD,FALLBACK,0,LOCAL,LOCAL,0,0,fallback_locked
2026-04-20 14:44:00,207,387.08,80.96,66.53,59.51,0,0,0,80.96,171.32,-1.00,1,0.00,0,0,0,0.500,LOCAL,FALLBACK,0,LOCAL,LOCAL,0,0,fallback_locked
2026-04-20 14:44:02,208,387.08,80.96,66.64,59.52,0,0,0,80.96,176.70,-1.00,1,0.00,0,0,0,0.500,LOCAL,FALLBACK,0,LOCAL,LOCAL,0,0,fallback_locked
2026-04-20 14:44:04,209,305.31,464.71,66.53,59.52,0,0,0,464.71,158.03,-1.00,1,0.00,0,1,0,0.500,LOCAL,FALLBACK,0,LOCAL,LOCAL,0,0,fallback_locked
2026-04-20 14:44:07,210,15.97,516.35,66.58,59.52,0,0,0,516.35,247.61,-1.00,1,0.00,1,1,1,1.000,CLOUD,FALLBACK,1,LOCAL,LOCAL,0,0,fallback_locked
2026-04-20 14:44:09,211,15.97,516.35,66.47,59.52,0,0,0,516.35,180.58,-1.00,1,0.00,1,1,1,1.000,CLOUD,FALLBACK,2,LOCAL,LOCAL,0,0,fallback_locked
2026-04-20 14:44:11,212,804.86,233.11,66.50,59.52,0,0,0,233.11,157.73,-1.00,1,0.00,0,1,0,0.500,LOCAL,FALLBACK,0,LOCAL,LOCAL,0,0,fallback_locked
2026-04-20 14:44:13,213,22.72,258.82,66.69,59.56,0,0,0,258.82,131.77,-1.00,1,0.00,1,1,1,0.999,CLOUD,FALLBACK,1,LOCAL,LOCAL,0,0,fallback_locked
2026-04-20 14:44:15,214,22.72,258.82,66.56,59.52,0,0,0,258.82,177.59,-1.00,1,0.00,1,1,1,0.999,CLOUD,FALLBACK,2,LOCAL,LOCAL,0,0,fallback_locked
2026-04-20 14:44:17,215,22.72,258.82,66.58,59.52,0,0,0,258.82,187.10,-1.00,1,0.00,1,1,1,0.999,CLOUD,FALLBACK,3,LOCAL,LOCAL,0,0,fallback_locked
2026-04-20 14:44:19,216,17.21,9.99,66.53,59.52,0,0,0,9.99,168.58,-1.00,1,50.00,0,0,1,0.997,CLOUD,FALLBACK,0,LOCAL,LOCAL,0,0,fallback_locked
2026-04-20 14:44:21,217,17.21,9.99,66.53,59.53,0,0,0,9.99,191.30,-1.00,1,50.00,0,0,1,0.997,CLOUD,FALLBACK,0,LOCAL,LOCAL,0,0,fallback_locked
2026-04-20 14:44:23,218,55.32,114.06,66.58,59.52,0,0,0,114.06,186.57,-1.00,1,0.00,1,1,1,0.949,CLOUD,FALLBACK,1,LOCAL,LOCAL,0,0,fallback_locked
2026-04-20 14:44:25,219,60.49,351.54,66.53,59.53,0,0,0,351.54,171.60,-1.00,1,0.00,1,1,1,0.985,CLOUD,FALLBACK,2,LOCAL,LOCAL,0,0,fallback_locked
2026-04-20 14:44:27,220,60.49,351.54,66.45,59.53,0,0,0,351.54,183.92,-1.00,1,0.00,1,1,1,0.983,CLOUD,FALLBACK,3,LOCAL,LOCAL,0,0,fallback_locked
2026-04-20 14:44:29,221,1081.41,256.71,66.58,59.52,0,0,0,256.71,146.83,-1.00,1,0.00,0,1,0,0.500,LOCAL,FALLBACK,0,LOCAL,LOCAL,0,0,fallback_locked
2026-04-20 14:44:31,222,1081.41,256.71,66.50,59.52,0,0,0,256.71,170.57,-1.00,1,0.00,0,1,0,0.500,LOCAL,FALLBACK,0,LOCAL,LOCAL,0,0,fallback_locked
2026-04-20 14:44:33,223,82.73,235.18,66.42,59.52,0,0,0,235.18,154.85,-1.00,1,0.00,1,1,1,0.706,CLOUD,FALLBACK,1,LOCAL,LOCAL,0,0,fallback_locked
2026-04-20 14:44:35,224,82.73,235.18,66.64,59.52,0,0,0,235.18,166.57,-1.00,1,0.00,1,1,1,0.774,CLOUD,FALLBACK,2,LOCAL,LOCAL,0,0,fallback_locked
2026-04-20 14:44:37,225,11.05,85.27,66.56,59.52,0,0,0,85.27,184.16,-1.00,1,25.00,0,0,1,0.999,CLOUD,FALLBACK,0,LOCAL,LOCAL,0,0,fallback_locked
2026-04-20 14:44:39,226,11.05,85.27,66.53,59.53,0,0,0,85.27,162.72,-1.00,1,25.00,0,0,1,0.999,CLOUD,FALLBACK,0,LOCAL,LOCAL,0,0,fallback_locked
2026-04-20 14:44:41,227,95.92,16.55,66.45,59.52,0,0,0,16.55,187.81,-1.00,1,25.00,0,0,0,0.500,LOCAL,FALLBACK,0,LOCAL,LOCAL,0,0,fallback_locked
2026-04-20 14:44:43,228,95.92,16.55,66.50,59.53,0,0,0,16.55,183.65,-1.00,1,25.00,0,0,0,0.500,LOCAL,FALLBACK,0,LOCAL,LOCAL,0,0,fallback_locked
2026-04-20 14:44:45,229,95.92,16.55,66.58,59.52,0,0,0,16.55,165.54,-1.00,1,25.00,0,0,0,0.500,LOCAL,FALLBACK,0,LOCAL,LOCAL,0,0,fallback_locked
2026-04-20 14:44:47,230,95.92,16.55,66.67,59.52,0,0,0,16.55,191.50,-1.00,1,25.00,0,0,0,0.500,LOCAL,FALLBACK,0,LOCAL,LOCAL,0,0,fallback_locked
2026-04-20 14:44:49,231,19.46,0.00,66.47,59.52,0,0,0,0.00,191.21,-1.00,1,75.00,0,0,1,0.996,CLOUD,FALLBACK,0,LOCAL,LOCAL,0,0,fallback_locked
2026-04-20 14:44:51,232,19.46,0.00,66.58,59.53,0,0,0,0.00,177.10,-1.00,1,75.00,0,0,1,0.996,CLOUD,FALLBACK,0,LOCAL,LOCAL,0,0,fallback_locked
2026-04-20 14:44:53,233,19.46,0.00,66.53,59.53,0,0,0,0.00,168.09,-1.00,1,75.00,0,0,1,0.996,CLOUD,FALLBACK,0,LOCAL,LOCAL,0,0,fallback_locked
2026-04-20 14:44:55,234,980.58,59.69,66.42,59.52,0,0,0,59.69,189.65,-1.00,1,25.00,0,0,0,0.500,LOCAL,FALLBACK,0,LOCAL,LOCAL,0,0,fallback_locked
2026-04-20 14:44:57,235,980.58,59.69,66.50,59.52,0,0,0,59.69,143.26,-1.00,1,25.00,0,0,0,0.500,LOCAL,FALLBACK,0,LOCAL,LOCAL,0,0,fallback_locked
2026-04-20 14:44:59,236,244.28,251.45,66.47,59.52,0,0,0,251.45,181.38,-1.00,1,0.00,0,1,0,0.500,LOCAL,FALLBACK,0,LOCAL,LOCAL,0,0,fallback_locked
2026-04-20 14:45:01,237,82.98,165.56,66.45,59.65,0,0,0,165.56,249.13,-1.00,1,0.00,1,1,1,0.585,CLOUD,FALLBACK,1,LOCAL,LOCAL,0,0,fallback_locked
2026-04-20 14:45:03,238,82.98,165.56,66.64,59.53,0,0,0,165.56,135.81,-1.00,1,0.00,1,1,1,0.657,CLOUD,FALLBACK,2,LOCAL,LOCAL,0,0,fallback_locked
2026-04-20 14:45:05,239,185.41,805.09,66.53,59.52,0,0,0,805.09,196.56,-1.00,1,0.00,1,1,0,0.500,LOCAL,FALLBACK,3,LOCAL,LOCAL,0,0,fallback_locked
2026-04-20 14:45:07,240,185.41,805.09,66.58,59.52,0,0,0,805.09,181.47,-1.00,1,0.00,1,1,0,0.500,LOCAL,FALLBACK,4,LOCAL,LOCAL,0,0,fallback_locked
2026-04-20 14:45:09,241,185.41,805.09,66.58,59.52,0,0,0,805.09,190.26,-1.00,1,0.00,1,1,0,0.500,LOCAL,FALLBACK,0,LOCAL,LOCAL,0,0,fallback_locked
2026-04-20 14:45:11,242,101.68,7.74,66.61,59.53,117.10,-15.42,down,134.06,149.12,-1.00,1,25.00,0,0,0,0.500,LOCAL,,0,LOCAL,LOCAL,0,0,none
2026-04-20 14:45:13,243,101.68,7.74,66.56,59.53,101.68,0.00,stable,70.76,177.05,-1.00,1,25.00,0,0,0,0.500,LOCAL,,0,LOCAL,LOCAL,0,0,none
2026-04-20 14:45:15,244,23.37,29.06,66.56,59.52,101.68,-78.31,down,12.79,148.59,-1.00,1,75.00,0,0,1,0.995,CLOUD,CLOUD,1,LOCAL,LOCAL,0,0,none
2026-04-20 14:45:17,245,23.37,29.06,66.64,59.53,23.37,0.00,stable,18.40,154.76,-1.00,1,75.00,0,0,1,0.996,CLOUD,CLOUD,2,LOCAL,LOCAL,0,0,none
2026-04-20 14:45:19,246,142.52,257.77,66.50,59.52,23.37,119.15,up,80.91,172.59,-1.00,1,0.00,1,1,0,0.500,LOCAL,,0,LOCAL,LOCAL,0,0,none
2026-04-20 14:45:21,247,36.55,294.08,66.64,59.53,142.52,-105.96,down,152.49,188.82,-1.00,1,0.00,1,1,1,0.998,CLOUD,CLOUD,1,LOCAL,LOCAL,0,0,none
2026-04-20 14:45:23,248,36.55,294.08,66.61,59.52,36.55,0.00,stable,218.75,127.25,-1.00,1,0.00,1,1,1,0.998,CLOUD,CLOUD,2,LOCAL,LOCAL,0,0,none
2026-04-20 14:45:25,249,61.40,547.40,66.56,59.53,36.55,24.85,up,348.33,184.89,-1.00,1,0.00,1,1,1,0.997,CLOUD,,0,LOCAL,CLOUD,1,0,started
2026-04-20 14:45:38,250,56.58,194.27,65.96,60.32,61.40,-4.82,stable,332.46,282.89,-1.00,1,0.00,1,1,1,0.919,CLOUD,,0,CLOUD,CLOUD,0,0,none
2026-04-20 14:45:40,251,56.58,194.27,66.12,60.25,56.58,0.00,stable,307.51,282.89,-1.00,1,0.00,1,1,1,0.937,CLOUD,,0,CLOUD,CLOUD,0,0,none
2026-04-20 14:45:42,252,143.76,89.42,66.08,60.26,56.58,87.18,up,256.34,282.89,-1.00,1,0.00,1,0,0,0.500,LOCAL,LOCAL,1,CLOUD,CLOUD,0,0,none
2026-04-20 14:45:44,253,143.76,89.42,66.08,60.26,143.76,0.00,stable,141.84,282.89,-1.00,1,0.00,1,0,0,0.500,LOCAL,LOCAL,2,CLOUD,CLOUD,0,0,none
2026-04-20 14:45:46,254,118.58,33.80,66.03,60.27,143.76,-25.19,down,101.73,282.89,-1.00,1,0.00,1,0,0,0.500,LOCAL,,0,CLOUD,LOCAL,1,0,started
2026-04-20 14:45:55,255,84.73,56.48,65.96,60.29,118.58,-33.85,down,67.28,269.73,-1.00,1,0.00,1,0,0,0.500,LOCAL,,0,LOCAL,LOCAL,0,0,none
2026-04-20 14:45:57,256,72.71,241.59,66.58,63.56,84.73,-12.02,down,105.32,187.18,-1.00,1,0.00,1,1,1,0.900,CLOUD,CLOUD,1,LOCAL,LOCAL,0,0,none
2026-04-20 14:45:59,257,72.71,241.59,66.67,66.23,72.71,0.00,stable,143.36,165.74,-1.00,1,0.00,1,1,1,0.911,CLOUD,CLOUD,2,LOCAL,LOCAL,0,0,none
2026-04-20 14:46:01,258,72.71,241.59,66.61,69.53,72.71,0.00,stable,195.31,173.89,-1.00,1,0.00,1,1,1,0.904,CLOUD,,0,LOCAL,CLOUD,1,0,started
2026-04-20 14:46:04,259,72.71,241.59,66.64,60.09,72.71,0.00,stable,241.59,206.07,-1.00,1,0.00,1,1,1,0.908,CLOUD,,0,CLOUD,CLOUD,0,0,none
2026-04-20 14:46:19,260,40.32,0.00,65.85,60.31,72.71,-32.39,down,181.19,206.07,-1.00,1,25.00,0,0,1,0.911,CLOUD,,0,CLOUD,CLOUD,0,0,none
2026-04-20 14:46:21,261,40.32,0.00,66.23,60.23,40.32,0.00,stable,120.79,206.07,-1.00,1,25.00,0,0,1,0.949,CLOUD,,0,CLOUD,CLOUD,0,0,none
2026-04-20 14:46:23,262,92.83,86.52,66.08,60.23,40.32,52.50,up,82.03,206.07,-1.00,1,0.00,1,0,0,0.500,LOCAL,LOCAL,1,CLOUD,CLOUD,0,0,none
2026-04-20 14:46:25,263,92.83,86.52,66.11,60.20,92.83,0.00,stable,43.26,206.07,-1.00,1,0.00,1,0,0,0.500,LOCAL,LOCAL,2,CLOUD,CLOUD,0,0,none
2026-04-20 14:46:33,264,353.09,44.00,65.79,59.66,92.83,260.26,up,54.26,206.07,-1.00,1,0.00,0,0,0,0.500,LOCAL,,0,CLOUD,LOCAL,1,0,started
2026-04-20 14:46:35,265,353.09,44.00,66.64,60.46,353.09,0.00,stable,65.26,204.31,-1.00,1,0.00,0,0,0,0.500,LOCAL,,0,LOCAL,LOCAL,0,0,none
2026-04-20 14:46:37,266,68.38,411.42,66.64,63.56,353.09,-284.71,down,146.49,182.73,-1.00,1,0.00,1,1,1,0.983,CLOUD,CLOUD,1,LOCAL,LOCAL,0,0,none
2026-04-20 14:46:39,267,68.38,411.42,66.58,66.22,68.38,0.00,stable,227.71,184.22,-1.00,1,0.00,1,1,1,0.982,CLOUD,CLOUD,2,LOCAL,LOCAL,0,0,none
2026-04-20 14:46:41,268,486.84,492.54,66.56,69.68,68.38,418.46,up,339.85,170.38,-1.00,1,0.00,0,1,0,0.500,LOCAL,,0,LOCAL,LOCAL,0,0,none
2026-04-20 14:46:44,269,68.77,749.00,66.69,72.25,486.84,-418.06,down,516.10,189.99,-1.00,1,0.00,1,1,1,0.999,CLOUD,CLOUD,1,LOCAL,LOCAL,0,0,none
2026-04-20 14:46:46,270,68.77,749.00,66.61,72.84,68.77,0.00,stable,600.49,186.59,-1.00,1,0.00,1,1,1,0.999,CLOUD,CLOUD,2,LOCAL,LOCAL,0,0,none
2026-04-20 14:46:48,271,68.77,749.00,66.69,70.07,68.77,0.00,stable,684.89,184.99,-1.00,1,0.00,1,1,1,0.999,CLOUD,,0,LOCAL,CLOUD,1,0,started
2026-04-20 14:46:50,272,180.10,4.47,66.64,60.22,68.77,111.33,up,562.87,249.55,-1.00,1,75.00,0,0,0,0.500,LOCAL,LOCAL,1,CLOUD,CLOUD,0,0,none
2026-04-20 14:46:52,273,180.10,4.47,66.11,60.35,180.10,0.00,stable,376.73,249.55,-1.00,1,75.00,0,0,0,0.500,LOCAL,LOCAL,2,CLOUD,CLOUD,0,0,none
2026-04-20 14:46:54,274,63.18,68.32,66.03,60.34,180.10,-116.92,down,206.56,249.55,-1.00,1,0.00,1,0,1,0.705,CLOUD,,0,CLOUD,CLOUD,0,0,none
2026-04-20 14:46:56,275,74.94,198.88,66.22,60.34,63.18,11.76,up,69.03,249.55,-1.00,1,0.00,1,1,1,0.741,CLOUD,,0,CLOUD,CLOUD,0,0,none
2026-04-20 14:46:58,276,74.94,198.88,66.28,60.34,74.94,0.00,stable,117.64,249.55,-1.00,1,0.00,1,1,1,0.758,CLOUD,,0,CLOUD,CLOUD,0,0,none
2026-04-20 14:47:00,277,96.16,83.71,66.06,60.35,74.94,21.22,up,137.45,249.55,-1.00,1,0.00,1,0,0,0.500,LOCAL,LOCAL,1,CLOUD,CLOUD,0,0,none
2026-04-20 14:47:02,278,96.16,83.71,65.97,60.34,96.16,0.00,stable,141.30,249.55,-1.00,1,0.00,1,0,0,0.500,LOCAL,LOCAL,2,CLOUD,CLOUD,0,0,none
2026-04-20 14:47:04,279,71.58,365.52,66.08,60.35,96.16,-24.58,down,182.96,249.55,-1.00,1,0.00,1,1,1,0.924,CLOUD,,0,CLOUD,CLOUD,0,0,none
2026-04-20 14:47:06,280,160.84,133.43,66.11,60.35,71.58,89.25,up,166.60,249.55,-1.00,1,0.00,1,1,0,0.500,LOCAL,LOCAL,1,CLOUD,CLOUD,0,0,none
2026-04-20 14:47:08,281,160.84,133.43,66.19,60.35,160.84,0.00,stable,179.03,249.55,-1.00,1,0.00,1,1,0,0.500,LOCAL,LOCAL,2,CLOUD,CLOUD,0,0,none
2026-04-20 14:47:16,282,62.14,187.31,65.84,59.69,160.84,-98.70,down,204.92,249.55,-1.00,1,0.00,1,1,1,0.836,CLOUD,,0,CLOUD,CLOUD,0,0,none
2026-04-20 14:47:18,283,62.14,187.31,66.36,59.66,62.14,0.00,stable,160.37,249.55,-1.00,1,0.00,1,1,1,0.922,CLOUD,,0,CLOUD,CLOUD,0,0,none
2026-04-20 14:47:20,284,54.58,181.91,66.08,59.65,62.14,-7.56,stable,172.49,249.55,-1.00,1,0.00,1,1,1,0.939,CLOUD,,0,CLOUD,CLOUD,0,0,none
2026-04-20 14:47:22,285,54.58,181.91,66.14,59.65,54.58,0.00,stable,184.61,249.55,-1.00,1,0.00,1,1,1,0.944,CLOUD,,0,CLOUD,CLOUD,0,0,none
2026-04-20 14:47:24,286,74.06,89.81,66.03,59.65,54.58,19.48,up,160.23,249.55,-1.00,1,0.00,1,0,0,0.500,LOCAL,LOCAL,1,CLOUD,CLOUD,0,0,none
2026-04-20 14:47:27,287,86.88,280.30,65.95,59.68,74.06,12.82,up,183.48,249.55,-1.00,1,0.00,1,1,1,0.517,CLOUD,,0,CLOUD,CLOUD,0,0,none
2026-04-20 14:47:29,288,86.88,280.30,66.14,59.64,86.88,0.00,stable,208.08,249.55,-1.00,1,0.00,1,1,1,0.595,CLOUD,,0,CLOUD,CLOUD,0,0,none
2026-04-20 14:47:36,289,127.31,50.92,65.78,59.67,86.88,40.42,up,175.33,249.55,-1.00,1,0.00,1,0,0,0.500,LOCAL,LOCAL,1,CLOUD,CLOUD,0,0,none
2026-04-20 14:47:38,290,127.31,50.92,66.15,59.65,127.31,0.00,stable,165.61,249.55,-1.00,1,0.00,1,0,0,0.500,LOCAL,LOCAL,2,CLOUD,CLOUD,0,0,none
2026-04-20 14:47:49,291,129.51,225.74,65.73,59.69,127.31,2.20,stable,151.97,249.55,-1.00,1,0.00,1,1,0,0.500,LOCAL,,0,CLOUD,LOCAL,1,0,started
2026-04-20 14:47:51,292,129.51,225.74,66.69,60.45,129.51,0.00,stable,138.33,183.35,-1.00,1,0.00,1,1,0,0.500,LOCAL,,0,LOCAL,LOCAL,0,0,none
2026-04-20 14:47:53,293,90.55,37.33,66.58,63.22,129.51,-38.96,down,134.93,169.18,-1.00,1,0.00,1,0,0,0.500,LOCAL,,0,LOCAL,LOCAL,0,0,none
2026-04-20 14:47:55,294,90.55,37.33,66.58,65.98,90.55,0.00,stable,131.53,221.78,-1.00,1,0.00,1,0,0,0.500,LOCAL,,0,LOCAL,LOCAL,0,0,none
2026-04-20 14:47:57,295,90.55,37.33,66.56,69.08,90.55,0.00,stable,84.43,194.39,-1.00,1,0.00,1,0,0,0.500,LOCAL,,0,LOCAL,LOCAL,0,0,none
2026-04-20 14:47:59,296,73.38,4.98,66.64,71.90,90.55,-17.17,down,29.24,193.40,-1.00,1,50.00,0,0,1,0.580,CLOUD,CLOUD,1,LOCAL,LOCAL,0,0,none
2026-04-20 14:48:01,297,73.38,4.98,66.67,73.11,73.38,0.00,stable,21.15,167.17,-1.00,1,50.00,0,0,1,0.591,CLOUD,CLOUD,2,LOCAL,LOCAL,0,0,none
2026-04-20 14:48:03,298,77.42,315.94,66.61,59.66,73.38,4.04,stable,90.81,186.78,-1.00,1,0.00,1,1,1,0.914,CLOUD,,0,LOCAL,CLOUD,1,0,started
2026-04-20 14:48:05,299,62.24,83.64,66.69,60.21,77.42,-15.18,down,102.39,257.45,-1.00,1,0.00,1,0,1,0.896,CLOUD,,0,CLOUD,CLOUD,0,0,none
2026-04-20 14:48:07,300,62.24,83.64,66.25,60.35,62.24,0.00,stable,122.05,257.45,-1.00,1,0.00,1,0,1,0.809,CLOUD,,0,CLOUD,CLOUD,0,0,none
2026-04-20 14:48:09,301,268.06,74.48,66.19,60.35,62.24,205.82,up,139.43,257.45,-1.00,1,0.00,0,0,0,0.500,LOCAL,LOCAL,1,CLOUD,CLOUD,0,0,none
2026-04-20 14:48:11,302,100.44,207.49,66.00,60.39,268.06,-167.62,down,112.31,257.45,-1.00,1,0.00,1,1,0,0.500,LOCAL,LOCAL,2,CLOUD,CLOUD,0,0,none
2026-04-20 14:48:13,303,100.44,207.49,66.17,60.35,100.44,0.00,stable,143.28,257.45,-1.00,1,0.00,1,1,0,0.500,LOCAL,,0,CLOUD,LOCAL,1,0,started
2026-04-20 14:48:29,304,0.00,117.60,65.90,60.46,100.44,-100.44,down,151.76,251.88,-1.00,1,100.00,0,1,1,0.999,CLOUD,CLOUD,1,LOCAL,LOCAL,0,0,none
2026-04-20 14:48:31,305,44.07,1856.09,66.61,62.91,0.00,44.07,up,597.17,205.73,-1.00,1,0.00,1,1,1,1.000,CLOUD,CLOUD,2,LOCAL,LOCAL,0,0,none
2026-04-20 14:48:33,306,44.07,1856.09,66.72,66.04,44.07,0.00,stable,1009.32,181.79,-1.00,1,0.00,1,1,1,1.000,CLOUD,,0,LOCAL,CLOUD,1,0,started
2026-04-20 14:48:35,307,175.76,182.55,66.57,60.23,44.07,131.69,up,1003.08,329.29,-1.00,1,0.00,1,1,0,0.500,LOCAL,LOCAL,1,CLOUD,CLOUD,0,0,none
2026-04-20 14:48:37,308,97.05,74.26,66.50,60.38,175.76,-78.71,down,992.25,329.29,-1.00,1,0.00,1,0,0,0.500,LOCAL,LOCAL,2,CLOUD,CLOUD,0,0,none
2026-04-20 14:48:39,309,97.05,74.26,66.17,60.37,97.05,0.00,stable,546.79,329.29,-1.00,1,0.00,1,0,0,0.500,LOCAL,,0,CLOUD,LOCAL,1,0,started
2026-04-20 14:48:41,310,72.89,740.65,66.59,60.15,97.05,-24.16,down,267.93,196.77,-1.00,1,0.00,1,1,1,0.998,CLOUD,CLOUD,1,LOCAL,LOCAL,0,0,none
2026-04-20 14:48:43,311,24.56,588.81,66.61,62.76,72.89,-48.33,down,369.50,154.60,-1.00,1,0.00,1,1,1,1.000,CLOUD,CLOUD,2,LOCAL,LOCAL,0,0,none
2026-04-20 14:48:45,312,24.56,588.81,66.64,65.94,24.56,0.00,stable,498.13,172.04,-1.00,1,0.00,1,1,1,1.000,CLOUD,,0,LOCAL,CLOUD,1,0,started
2026-04-20 14:48:47,313,24.56,588.81,66.72,60.29,24.56,0.00,stable,626.77,219.60,-1.00,1,0.00,1,1,1,1.000,CLOUD,,0,CLOUD,CLOUD,0,0,none
2026-04-20 14:48:53,314,92.80,4.08,65.95,60.50,24.56,68.24,up,442.63,219.60,-1.00,1,25.00,0,0,0,0.500,LOCAL,LOCAL,1,CLOUD,CLOUD,0,0,none
2026-04-20 14:48:55,315,92.80,4.08,66.12,60.45,92.80,0.00,stable,296.44,219.60,-1.00,1,25.00,0,0,0,0.500,LOCAL,LOCAL,2,CLOUD,CLOUD,0,0,none
2026-04-20 14:48:59,316,46.59,177.15,65.88,60.48,92.80,-46.21,down,193.53,219.60,-1.00,1,0.00,1,1,1,0.960,CLOUD,,0,CLOUD,CLOUD,0,0,none
2026-04-20 14:49:01,317,46.59,177.15,66.23,60.45,46.59,0.00,stable,90.61,219.60,-1.00,1,0.00,1,1,1,0.976,CLOUD,,0,CLOUD,CLOUD,0,0,none
2026-04-20 14:49:03,318,61.76,64.05,66.00,60.43,46.59,15.17,up,105.61,219.60,-1.00,1,0.00,1,0,1,0.718,CLOUD,,0,CLOUD,CLOUD,0,0,none
2026-04-20 14:49:05,319,61.76,64.05,66.17,60.44,61.76,0.00,stable,120.60,219.60,-1.00,1,0.00,1,0,1,0.769,CLOUD,,0,CLOUD,CLOUD,0,0,none
2026-04-20 14:49:07,320,88.10,61.15,66.17,60.45,61.76,26.34,up,91.60,219.60,-1.00,1,0.00,1,0,0,0.500,LOCAL,LOCAL,1,CLOUD,CLOUD,0,0,none
2026-04-20 14:49:09,321,88.10,61.15,66.06,59.76,88.10,0.00,stable,62.60,219.60,-1.00,1,0.00,1,0,0,0.500,LOCAL,LOCAL,2,CLOUD,CLOUD,0,0,none
2026-04-20 14:49:11,322,249.06,90.96,65.97,59.75,88.10,160.96,up,69.33,219.60,-1.00,1,0.00,0,0,0,0.500,LOCAL,,0,CLOUD,LOCAL,1,0,started
2026-04-20 14:49:13,323,112.73,1213.02,66.74,60.65,249.06,-136.34,down,356.57,202.87,-1.00,1,0.00,1,1,1,0.998,CLOUD,CLOUD,1,LOCAL,LOCAL,0,0,none
2026-04-20 14:49:15,324,112.73,1213.02,66.50,63.31,112.73,0.00,stable,644.53,181.74,-1.00,1,0.00,1,1,1,0.997,CLOUD,CLOUD,2,LOCAL,LOCAL,0,0,none
2026-04-20 14:49:17,325,52.35,333.81,66.64,66.31,112.73,-60.38,down,712.70,217.82,-1.00,1,0.00,1,1,1,0.994,CLOUD,,0,LOCAL,CLOUD,1,0,started
2026-04-20 14:49:31,326,151.33,46.87,65.98,60.52,52.35,98.98,up,701.68,233.22,-1.00,1,0.00,1,0,0,0.500,LOCAL,LOCAL,1,CLOUD,CLOUD,0,0,none
2026-04-20 14:49:33,327,151.33,46.87,66.15,60.46,151.33,0.00,stable,410.14,233.22,-1.00,1,0.00,1,0,0,0.500,LOCAL,LOCAL,2,CLOUD,CLOUD,0,0,none
2026-04-20 14:49:35,328,76.69,306.61,66.06,60.45,151.33,-74.64,down,183.54,233.22,-1.00,1,0.00,1,1,1,0.813,CLOUD,,0,CLOUD,CLOUD,0,0,none
2026-04-20 14:49:37,329,76.69,306.61,66.14,60.46,76.69,0.00,stable,176.74,233.22,-1.00,1,0.00,1,1,1,0.833,CLOUD,,0,CLOUD,CLOUD,0,0,none
2026-04-20 14:49:39,330,73.68,51.98,65.95,60.45,76.69,-3.01,stable,178.02,233.22,-1.00,1,0.00,1,0,0,0.500,LOCAL,LOCAL,1,CLOUD,CLOUD,0,0,none
2026-04-20 14:49:41,331,73.68,51.98,66.39,59.76,73.68,0.00,stable,179.29,233.22,-1.00,1,0.00,1,0,1,0.568,CLOUD,,0,CLOUD,CLOUD,0,0,none
2026-04-20 14:49:43,332,75.54,94.31,66.08,59.75,73.68,1.86,stable,126.22,233.22,-1.00,1,0.00,1,0,0,0.500,LOCAL,LOCAL,1,CLOUD,CLOUD,0,0,none
2026-04-20 14:49:45,333,77.83,88.28,66.22,59.75,75.54,2.29,stable,71.64,233.22,-1.00,1,0.00,1,0,0,0.500,LOCAL,LOCAL,2,CLOUD,CLOUD,0,0,none
2026-04-20 14:49:47,334,77.83,88.28,66.09,59.76,77.83,0.00,stable,80.71,233.22,-1.00,1,0.00,1,0,0,0.500,LOCAL,,0,CLOUD,LOCAL,1,0,started
2026-04-20 14:49:50,335,87.91,626.74,66.64,60.64,77.83,10.08,up,224.40,183.27,-1.00,1,0.00,1,1,1,0.979,CLOUD,CLOUD,1,LOCAL,LOCAL,0,0,none
2026-04-20 14:49:52,336,87.91,626.74,66.56,63.85,87.91,0.00,stable,357.51,197.45,-1.00,1,0.00,1,1,1,0.976,CLOUD,CLOUD,2,LOCAL,LOCAL,0,0,none
2026-04-20 14:49:54,337,87.91,626.74,66.56,66.41,87.91,0.00,stable,492.13,222.97,-1.00,1,0.00,1,1,1,0.976,CLOUD,,0,LOCAL,CLOUD,1,0,started
2026-04-20 14:49:56,338,115.05,0.00,66.67,60.46,87.91,27.15,up,470.06,179.66,-1.00,1,75.00,0,0,0,0.500,LOCAL,LOCAL,1,CLOUD,CLOUD,0,0,none
2026-04-20 14:49:58,339,115.05,0.00,66.22,60.43,115.05,0.00,stable,313.37,179.66,-1.00,1,75.00,0,0,0,0.500,LOCAL,LOCAL,2,CLOUD,CLOUD,0,0,none
2026-04-20 14:50:00,340,115.05,0.00,66.20,60.42,115.05,0.00,stable,156.69,179.66,-1.00,1,75.00,0,0,0,0.500,LOCAL,,0,CLOUD,LOCAL,1,0,started
2026-04-20 14:50:02,341,115.05,0.00,66.61,60.65,115.05,0.00,stable,0.00,179.66,-1.00,1,75.00,0,0,0,0.500,LOCAL,,0,LOCAL,LOCAL,0,0,none
2026-04-20 14:50:04,342,601.68,1545.79,66.53,63.39,115.05,486.62,up,386.45,190.32,-1.00,1,25.00,0,1,0,0.500,LOCAL,,0,LOCAL,LOCAL,0,0,none
2026-04-20 14:50:06,343,601.68,1545.79,66.47,66.62,601.68,0.00,stable,772.89,189.60,-1.00,1,25.00,0,1,0,0.500,LOCAL,,0,LOCAL,LOCAL,0,0,none
2026-04-20 14:50:08,344,45.89,56.88,66.53,69.86,601.68,-555.79,down,787.11,173.51,-1.00,1,50.00,0,0,1,0.965,CLOUD,CLOUD,1,LOCAL,LOCAL,0,0,none
2026-04-20 14:50:10,345,37.95,206.50,66.56,72.64,45.89,-7.93,stable,838.74,241.13,-1.00,1,0.00,1,1,1,0.995,CLOUD,CLOUD,2,LOCAL,LOCAL,0,0,none
2026-04-20 14:50:12,346,37.95,206.50,66.64,73.26,37.95,0.00,stable,503.91,261.08,-1.00,1,0.00,1,1,1,0.996,CLOUD,,0,LOCAL,CLOUD,1,0,started
2026-04-20 14:50:15,347,951.19,213.86,66.64,60.39,37.95,913.23,up,170.93,182.44,-1.00,1,0.00,0,1,0,0.500,LOCAL,LOCAL,1,CLOUD,CLOUD,0,0,none
2026-04-20 14:50:17,348,951.19,213.86,66.17,60.45,951.19,0.00,stable,210.18,182.44,-1.00,1,0.00,0,1,0,0.500,LOCAL,LOCAL,2,CLOUD,CLOUD,0,0,none
2026-04-20 14:50:19,349,114.59,72.46,66.03,60.45,951.19,-836.60,down,176.67,182.44,-1.00,1,0.00,1,0,0,0.500,LOCAL,,0,CLOUD,LOCAL,1,0,started
2026-04-20 14:50:21,350,128.26,1602.26,66.59,60.61,114.59,13.67,up,525.61,170.30,-1.00,1,0.00,1,1,1,0.999,CLOUD,CLOUD,1,LOCAL,LOCAL,0,0,none
2026-04-20 14:50:23,351,128.26,1602.26,66.64,64.12,128.26,0.00,stable,872.71,199.02,-1.00,1,0.00,1,1,1,1.000,CLOUD,CLOUD,2,LOCAL,LOCAL,0,0,none
2026-04-20 14:50:25,352,30.06,433.22,66.67,66.42,128.26,-98.20,down,927.55,226.85,-1.00,1,0.00,1,1,1,1.000,CLOUD,,0,LOCAL,CLOUD,1,0,started
2026-04-20 14:50:27,353,87.08,105.91,66.64,60.36,30.06,57.02,up,935.91,197.45,-1.00,1,0.00,1,1,0,0.500,LOCAL,LOCAL,1,CLOUD,CLOUD,0,0,none
2026-04-20 14:50:29,354,87.08,105.91,66.28,60.45,87.08,0.00,stable,561.82,197.45,-1.00,1,0.00,1,1,0,0.500,LOCAL,LOCAL,2,CLOUD,CLOUD,0,0,none
2026-04-20 14:50:31,355,68.10,155.40,66.17,60.47,87.08,-18.98,down,200.11,197.45,-1.00,1,0.00,1,1,1,0.786,CLOUD,,0,CLOUD,CLOUD,0,0,none
2026-04-20 14:50:33,356,68.10,155.40,66.08,60.47,68.10,0.00,stable,130.65,197.45,-1.00,1,0.00,1,1,1,0.762,CLOUD,,0,CLOUD,CLOUD,0,0,none
2026-04-20 14:50:36,357,388.39,107.46,65.82,60.51,68.10,320.28,up,131.04,197.45,-1.00,1,0.00,0,1,0,0.500,LOCAL,LOCAL,1,CLOUD,CLOUD,0,0,none
2026-04-20 14:50:38,358,388.39,107.46,66.28,60.48,388.39,0.00,stable,131.43,197.45,-1.00,1,0.00,0,1,0,0.500,LOCAL,LOCAL,2,CLOUD,CLOUD,0,0,none
2026-04-20 14:50:40,359,153.39,71.49,66.14,60.49,388.39,-235.00,down,110.46,197.45,-1.00,1,0.00,1,0,0,0.500,LOCAL,,0,CLOUD,LOCAL,1,0,started
2026-04-20 14:50:42,360,153.39,71.49,66.69,60.64,153.39,0.00,stable,89.48,197.45,-1.00,1,0.00,1,0,0,0.500,LOCAL,,0,LOCAL,LOCAL,0,0,none
2026-04-20 14:50:44,361,46.68,89.02,66.47,62.91,153.39,-106.71,down,84.87,197.45,-1.00,1,0.00,1,0,1,0.968,CLOUD,CLOUD,1,LOCAL,LOCAL,0,0,none
2026-04-20 14:50:46,362,20.90,2509.87,66.50,66.24,46.68,-25.78,down,685.47,207.65,-1.00,1,0.00,1,1,1,1.000,CLOUD,CLOUD,2,LOCAL,LOCAL,0,0,none
2026-04-20 14:50:48,363,20.90,2509.87,66.58,69.28,20.90,0.00,stable,1295.06,224.08,-1.00,1,0.00,1,1,1,1.000,CLOUD,,0,LOCAL,CLOUD,1,0,started
2026-04-20 14:50:50,364,955.08,40.77,66.67,60.36,20.90,934.18,up,1287.38,224.08,-1.00,1,0.00,0,0,0,0.500,LOCAL,LOCAL,1,CLOUD,CLOUD,0,0,none
2026-04-20 14:50:52,365,955.08,40.77,66.17,60.48,955.08,0.00,stable,1275.32,224.08,-1.00,1,0.00,0,0,0,0.500,LOCAL,LOCAL,2,CLOUD,CLOUD,0,0,none
2026-04-20 14:50:54,366,133.72,13.31,66.06,60.48,955.08,-821.36,down,651.18,224.08,-1.00,1,0.00,1,0,0,0.500,LOCAL,,0,CLOUD,LOCAL,1,0,started
2026-04-20 14:50:57,367,40.48,660.81,66.60,60.26,133.72,-93.23,down,188.91,177.90,-1.00,1,0.00,1,1,1,1.000,CLOUD,CLOUD,1,LOCAL,LOCAL,0,0,none
2026-04-20 14:50:59,368,40.48,660.81,66.56,62.41,40.48,0.00,stable,343.92,162.46,-1.00,1,0.00,1,1,1,1.000,CLOUD,CLOUD,2,LOCAL,LOCAL,0,0,none
2026-04-20 14:51:01,369,33.05,547.42,66.61,66.00,40.48,-7.43,stable,470.58,215.25,-1.00,1,0.00,1,1,1,1.000,CLOUD,,0,LOCAL,CLOUD,1,0,started
2026-04-20 14:51:03,370,33.05,547.42,66.64,60.38,33.05,0.00,stable,604.11,186.71,-1.00,1,0.00,1,1,1,1.000,CLOUD,,0,CLOUD,CLOUD,0,0,none
2026-04-20 14:51:08,371,77.85,476.41,65.96,60.54,33.05,44.80,up,558.01,186.71,-1.00,1,75.00,0,1,1,0.928,CLOUD,,0,CLOUD,CLOUD,0,0,none
2026-04-20 14:51:10,372,77.85,476.41,66.23,60.48,77.85,0.00,stable,511.91,186.71,-1.00,1,75.00,0,1,1,0.952,CLOUD,,0,CLOUD,CLOUD,0,0,none
2026-04-20 14:51:12,373,78.69,142.80,66.00,60.48,77.85,0.84,stable,410.76,186.71,-1.00,1,0.00,1,1,0,0.500,LOCAL,LOCAL,1,CLOUD,CLOUD,0,0,none
2026-04-20 14:51:14,374,78.69,142.80,66.20,60.49,78.69,0.00,stable,309.60,186.71,-1.00,1,0.00,1,1,1,0.547,CLOUD,,0,CLOUD,CLOUD,0,0,none
2026-04-20 14:51:16,375,69.37,88.90,66.11,60.48,78.69,-9.33,stable,212.73,186.71,-1.00,1,0.00,1,0,1,0.635,CLOUD,,0,CLOUD,CLOUD,0,0,none
2026-04-20 14:51:18,376,77.29,35.52,66.03,60.48,69.37,7.92,stable,102.50,186.71,-1.00,1,0.00,1,0,0,0.500,LOCAL,LOCAL,1,CLOUD,CLOUD,0,0,none
2026-04-20 14:51:20,377,77.29,35.52,66.20,60.47,77.29,0.00,stable,75.68,186.71,-1.00,1,0.00,1,0,0,0.500,LOCAL,LOCAL,2,CLOUD,CLOUD,0,0,none
2026-04-20 14:51:22,378,75.75,157.78,66.03,60.48,77.29,-1.54,stable,79.43,186.71,-1.00,1,0.00,1,1,1,0.583,CLOUD,,0,CLOUD,CLOUD,0,0,none
2026-04-20 14:51:24,379,75.75,157.78,66.14,60.49,75.75,0.00,stable,96.65,186.71,-1.00,1,0.00,1,1,1,0.625,CLOUD,,0,CLOUD,CLOUD,0,0,none
2026-04-20 14:51:26,380,59.15,97.16,66.39,59.76,75.75,-16.60,down,112.06,186.71,-1.00,0,0.00,1,0,1,0.889,CLOUD,,0,CLOUD,CLOUD,0,0,none
2026-04-20 14:51:28,381,33.70,120.19,66.03,59.79,59.15,-25.45,down,133.23,186.71,-1.00,0,0.00,1,1,1,0.986,CLOUD,,0,CLOUD,CLOUD,0,0,none
2026-04-20 14:51:30,382,33.70,120.19,66.11,59.79,33.70,0.00,stable,123.83,186.71,-1.00,1,0.00,1,1,1,0.988,CLOUD,,0,CLOUD,CLOUD,0,0,none
2026-04-20 14:51:32,383,62.26,114.32,66.31,59.78,33.70,28.55,up,112.96,186.71,-1.00,1,0.00,1,1,1,0.855,CLOUD,,0,CLOUD,CLOUD,0,0,none
2026-04-20 14:51:34,384,62.26,114.32,66.06,59.77,62.26,0.00,stable,117.25,186.71,-1.00,1,0.00,1,1,1,0.799,CLOUD,,0,CLOUD,CLOUD,0,0,none
2026-04-20 14:51:36,385,101.31,85.69,66.25,59.80,62.26,39.06,up,108.63,186.71,-1.00,1,0.00,1,0,0,0.500,LOCAL,LOCAL,1,CLOUD,CLOUD,0,0,none
2026-04-20 14:51:38,386,111.15,266.29,66.06,59.78,101.31,9.84,stable,145.15,186.71,-1.00,1,0.00,1,1,0,0.500,LOCAL,LOCAL,2,CLOUD,CLOUD,0,0,none
2026-04-20 14:51:40,387,111.15,266.29,66.06,59.80,111.15,0.00,stable,183.15,186.71,-1.00,1,0.00,1,1,0,0.500,LOCAL,,0,CLOUD,LOCAL,1,0,started
2026-04-20 14:51:44,388,96.42,181.32,66.25,60.74,111.15,-14.73,down,199.90,135.81,-1.00,1,0.00,1,1,0,0.500,LOCAL,,0,LOCAL,LOCAL,0,0,none
2026-04-20 14:51:46,389,58.30,1652.36,66.58,62.99,96.42,-38.12,down,591.56,178.44,-1.00,1,0.00,1,1,1,1.000,CLOUD,CLOUD,1,LOCAL,LOCAL,0,0,none
2026-04-20 14:51:48,390,58.30,1652.36,66.64,66.62,58.30,0.00,stable,938.08,207.61,-1.00,1,0.00,1,1,1,1.000,CLOUD,CLOUD,2,LOCAL,LOCAL,0,0,none
2026-04-20 14:51:50,391,35.26,340.04,66.61,69.47,58.30,-23.03,down,956.52,227.42,-1.00,1,0.00,1,1,1,0.999,CLOUD,,0,LOCAL,CLOUD,1,0,started
2026-04-20 14:51:52,392,35.58,45.28,66.67,60.53,35.26,0.32,stable,922.51,183.09,-1.00,1,0.00,1,0,1,0.989,CLOUD,,0,CLOUD,CLOUD,0,0,none
2026-04-20 14:51:55,393,35.58,45.28,66.06,60.50,35.58,0.00,stable,520.74,183.09,-1.00,1,0.00,1,0,1,0.971,CLOUD,,0,CLOUD,CLOUD,0,0,none
2026-04-20 14:51:57,394,35.58,45.28,66.06,60.51,35.58,0.00,stable,118.97,183.09,-1.00,1,0.00,1,0,1,0.971,CLOUD,,0,CLOUD,CLOUD,0,0,none
2026-04-20 14:51:59,395,155.25,28.49,65.83,60.49,35.58,119.67,up,41.09,183.09,-1.00,1,25.00,0,0,0,0.500,LOCAL,LOCAL,1,CLOUD,CLOUD,0,0,none
2026-04-20 14:52:01,396,155.25,28.49,66.31,60.50,155.25,0.00,stable,36.89,183.09,-1.00,1,25.00,0,0,0,0.500,LOCAL,LOCAL,2,CLOUD,CLOUD,0,0,none
2026-04-20 14:52:03,397,46.18,141.95,66.14,60.49,155.25,-109.07,down,61.06,183.09,-1.00,1,0.00,1,1,1,0.966,CLOUD,,0,CLOUD,CLOUD,0,0,none
2026-04-20 14:52:05,398,46.18,141.95,66.06,60.51,46.18,0.00,stable,85.22,183.09,-1.00,1,0.00,1,1,1,0.961,CLOUD,,0,CLOUD,CLOUD,0,0,none
2026-04-20 14:52:07,399,96.70,152.10,66.17,60.48,46.18,50.52,up,116.12,183.09,-1.00,1,0.00,1,1,0,0.500,LOCAL,LOCAL,1,CLOUD,CLOUD,0,0,none
2026-04-20 14:52:09,400,40.86,179.31,66.08,60.50,96.70,-55.84,down,153.83,183.09,-1.00,1,0.00,1,1,1,0.983,CLOUD,,0,CLOUD,CLOUD,0,0,none
2026-04-20 14:52:11,401,40.86,179.31,66.03,60.48,40.86,0.00,stable,163.17,183.09,-1.00,1,0.00,1,1,1,0.982,CLOUD,,0,CLOUD,CLOUD,0,0,none
2026-04-20 14:52:15,402,50.44,133.06,66.07,59.84,40.86,9.58,stable,160.94,183.09,-1.00,1,0.00,1,1,1,0.939,CLOUD,,0,CLOUD,CLOUD,0,0,none
2026-04-20 14:52:17,403,50.44,133.06,66.26,59.80,50.44,0.00,stable,156.18,183.09,-1.00,1,0.00,1,1,1,0.954,CLOUD,,0,CLOUD,CLOUD,0,0,none
2026-04-20 14:52:19,404,43.42,208.39,65.97,59.78,50.44,-7.02,stable,163.45,183.09,-1.00,1,0.00,1,1,1,0.980,CLOUD,,0,CLOUD,CLOUD,0,0,none
2026-04-20 14:52:21,405,43.42,208.39,66.20,59.80,43.42,0.00,stable,170.72,183.09,-1.00,1,0.00,1,1,1,0.986,CLOUD,,0,CLOUD,CLOUD,0,0,none
2026-04-20 14:52:23,406,36.72,241.05,66.17,59.81,43.42,-6.69,stable,197.72,183.09,-1.00,1,0.00,1,1,1,0.994,CLOUD,,0,CLOUD,CLOUD,0,0,none
2026-04-20 14:52:25,407,35.08,124.75,65.79,59.86,36.72,-1.64,stable,195.65,183.09,-1.00,1,0.00,1,1,1,0.977,CLOUD,,0,CLOUD,CLOUD,0,0,none
2026-04-20 14:52:27,408,35.08,124.75,66.20,59.80,35.08,0.00,stable,174.73,183.09,-1.00,1,0.00,1,1,1,0.988,CLOUD,,0,CLOUD,CLOUD,0,0,none
2026-04-20 14:52:29,409,86.21,145.54,66.06,59.81,35.08,51.12,up,159.02,183.09,-1.00,1,0.00,1,1,0,0.500,LOCAL,LOCAL,1,CLOUD,CLOUD,0,0,none
2026-04-20 14:52:31,410,86.21,145.54,66.14,59.78,86.21,0.00,stable,135.15,183.09,-1.00,1,0.00,1,1,0,0.500,LOCAL,LOCAL,2,CLOUD,CLOUD,0,0,none
2026-04-20 14:52:33,411,94.91,159.16,66.00,59.81,86.21,8.71,stable,143.75,183.09,-1.00,1,0.00,1,1,0,0.500,LOCAL,,0,CLOUD,LOCAL,1,0,started
2026-04-20 14:52:35,412,42.79,1736.41,66.59,60.57,94.91,-52.13,down,546.66,191.51,-1.00,1,0.00,1,1,1,1.000,CLOUD,CLOUD,1,LOCAL,LOCAL,0,0,none
2026-04-20 14:52:37,413,42.79,1736.41,66.61,62.80,42.79,0.00,stable,944.38,187.01,-1.00,1,0.00,1,1,1,1.000,CLOUD,CLOUD,2,LOCAL,LOCAL,0,0,none
2026-04-20 14:52:39,414,25.22,512.42,66.61,65.90,42.79,-17.57,down,1036.10,163.74,-1.00,1,0.00,1,1,1,1.000,CLOUD,,0,LOCAL,CLOUD,1,0,started
2026-04-20 14:52:43,415,111.12,130.20,66.49,60.52,25.22,85.91,up,1028.86,241.70,-1.00,1,0.00,1,1,0,0.500,LOCAL,LOCAL,1,CLOUD,CLOUD,0,0,none
2026-04-20 14:52:45,416,111.12,130.20,66.20,60.50,111.12,0.00,stable,627.31,241.70,-1.00,1,0.00,1,1,0,0.500,LOCAL,LOCAL,2,CLOUD,CLOUD,0,0,none
2026-04-20 14:52:47,417,126.40,48.90,66.25,60.49,111.12,15.28,up,205.43,241.70,-1.00,1,0.00,1,0,0,0.500,LOCAL,,0,CLOUD,LOCAL,1,0,started
2026-04-20 14:52:49,418,126.40,48.90,66.57,60.64,126.40,0.00,stable,89.55,180.99,-1.00,1,0.00,1,0,0,0.500,LOCAL,,0,LOCAL,LOCAL,0,0,none
2026-04-20 14:52:51,419,47.21,165.49,66.56,64.07,126.40,-79.19,down,98.37,176.60,-1.00,1,0.00,1,1,1,0.984,CLOUD,CLOUD,1,LOCAL,LOCAL,0,0,none
2026-04-20 14:52:53,420,47.21,165.49,66.64,66.42,47.21,0.00,stable,107.20,207.29,-1.00,1,0.00,1,1,1,0.986,CLOUD,CLOUD,2,LOCAL,LOCAL,0,0,none
2026-04-20 14:52:55,421,47.21,165.49,66.50,69.53,47.21,0.00,stable,136.34,223.43,-1.00,1,0.00,1,1,1,0.982,CLOUD,,0,LOCAL,CLOUD,1,0,started
2026-04-20 14:52:58,422,85.40,0.00,66.67,60.31,47.21,38.19,up,124.11,174.13,-1.00,1,25.00,0,0,0,0.500,LOCAL,LOCAL,1,CLOUD,CLOUD,0,0,none
2026-04-20 14:53:00,423,85.40,0.00,66.45,60.48,85.40,0.00,stable,82.74,174.13,-1.00,1,25.00,0,0,0,0.500,LOCAL,LOCAL,2,CLOUD,CLOUD,0,0,none
2026-04-20 14:53:02,424,397.64,66.83,65.89,60.57,85.40,312.24,up,58.08,174.13,-1.00,1,0.00,0,0,0,0.500,LOCAL,,0,CLOUD,LOCAL,1,0,started
2026-04-20 14:53:04,425,397.64,66.83,66.67,60.25,397.64,0.00,stable,33.41,190.94,-1.00,1,0.00,0,0,0,0.500,LOCAL,,0,LOCAL,LOCAL,0,0,none
2026-04-20 14:53:06,426,38.42,176.00,66.64,62.95,397.64,-359.22,down,77.41,190.35,-1.00,1,0.00,1,1,1,0.994,CLOUD,CLOUD,1,LOCAL,LOCAL,0,0,none
2026-04-20 14:53:08,427,38.42,176.00,66.61,66.04,38.42,0.00,stable,121.42,154.55,-1.00,1,0.00,1,1,1,0.994,CLOUD,CLOUD,2,LOCAL,LOCAL,0,0,none
2026-04-20 14:53:10,428,70.86,383.80,66.56,69.05,38.42,32.43,up,200.66,245.70,-1.00,1,0.00,1,1,1,0.970,CLOUD,,0,LOCAL,CLOUD,1,0,started
2026-04-20 14:53:12,429,60.70,181.60,66.69,60.33,70.86,-10.16,down,229.35,206.30,-1.00,1,0.00,1,1,1,0.956,CLOUD,,0,CLOUD,CLOUD,0,0,none
2026-04-20 14:53:14,430,60.70,181.60,66.45,60.51,60.70,0.00,stable,230.75,206.30,-1.00,1,0.00,1,1,1,0.937,CLOUD,,0,CLOUD,CLOUD,0,0,none
2026-04-20 14:53:16,431,112.45,28.99,65.92,60.48,60.70,51.76,up,194.00,206.30,-1.00,1,0.00,1,0,0,0.500,LOCAL,LOCAL,1,CLOUD,CLOUD,0,0,none
2026-04-20 14:53:18,432,27.63,193.14,66.28,60.51,112.45,-84.83,down,146.33,206.30,-1.00,1,0.00,1,1,1,0.997,CLOUD,,0,CLOUD,CLOUD,0,0,none
2026-04-20 14:53:20,433,27.63,193.14,66.17,60.50,27.63,0.00,stable,149.22,206.30,-1.00,1,0.00,1,1,1,0.996,CLOUD,,0,CLOUD,CLOUD,0,0,none
2026-04-20 14:53:22,434,57.35,754.47,66.20,60.51,27.63,29.72,up,292.43,206.30,-1.00,1,0.00,1,1,1,0.999,CLOUD,,0,CLOUD,CLOUD,0,0,none
2026-04-20 14:53:24,435,57.35,754.47,65.92,60.50,57.35,0.00,stable,473.81,206.30,-1.00,1,0.00,1,1,1,0.999,CLOUD,,0,CLOUD,CLOUD,0,0,none
2026-04-20 14:53:26,436,65.70,58.09,65.97,60.49,57.35,8.35,stable,440.04,206.30,-1.00,1,0.00,1,0,1,0.611,CLOUD,,0,CLOUD,CLOUD,0,0,none
2026-04-20 14:53:28,437,41.13,172.61,66.36,60.50,65.70,-24.57,down,434.91,206.30,-1.00,1,0.00,1,1,1,0.988,CLOUD,,0,CLOUD,CLOUD,0,0,none
2026-04-20 14:53:30,438,41.13,172.61,66.06,60.51,41.13,0.00,stable,289.45,206.30,-1.00,1,0.00,1,1,1,0.981,CLOUD,,0,CLOUD,CLOUD,0,0,none
2026-04-20 14:53:32,439,108.53,41.64,66.03,60.56,41.13,67.40,up,111.24,206.30,-1.00,1,0.00,1,0,0,0.500,LOCAL,LOCAL,1,CLOUD,CLOUD,0,0,none
2026-04-20 14:53:34,440,108.53,41.64,66.36,59.82,108.53,0.00,stable,107.13,206.30,-1.00,1,0.00,1,0,0,0.500,LOCAL,LOCAL,2,CLOUD,CLOUD,0,0,none
2026-04-20 14:53:37,441,38.08,64.17,65.85,59.84,108.53,-70.45,down,80.02,206.30,-1.00,1,0.00,1,0,1,0.955,CLOUD,,0,CLOUD,CLOUD,0,0,none
2026-04-20 14:53:39,442,38.08,64.17,66.09,59.81,38.08,0.00,stable,52.91,206.30,-1.00,1,0.00,1,0,1,0.969,CLOUD,,0,CLOUD,CLOUD,0,0,none
2026-04-20 14:53:41,443,28.51,172.28,66.22,59.79,38.08,-9.56,stable,85.57,206.30,-1.00,1,0.00,1,1,1,0.996,CLOUD,,0,CLOUD,CLOUD,0,0,none
2026-04-20 14:53:43,444,28.51,172.28,66.00,59.81,28.51,0.00,stable,118.23,206.30,-1.00,1,0.00,1,1,1,0.994,CLOUD,,0,CLOUD,CLOUD,0,0,none
2026-04-20 14:53:45,445,22.99,294.44,66.17,59.82,28.51,-5.52,stable,175.79,206.30,-1.00,1,0.00,1,1,1,0.999,CLOUD,,0,CLOUD,CLOUD,0,0,none
2026-04-20 14:53:47,446,35.28,158.47,66.00,59.80,22.99,12.28,up,199.36,206.30,-1.00,1,0.00,1,1,1,0.987,CLOUD,,0,CLOUD,CLOUD,0,0,none
2026-04-20 14:53:49,447,35.28,158.47,66.03,59.82,35.28,0.00,stable,195.91,206.30,-1.00,1,0.00,1,1,1,0.988,CLOUD,,0,CLOUD,CLOUD,0,0,none
2026-04-20 14:53:51,448,53.07,163.50,65.83,59.79,35.28,17.80,up,193.72,206.30,-1.00,1,0.00,1,1,1,0.912,CLOUD,,0,CLOUD,CLOUD,0,0,none
2026-04-20 14:53:53,449,53.07,163.50,66.11,59.82,53.07,0.00,stable,160.99,206.30,-1.00,1,0.00,1,1,1,0.942,CLOUD,,0,CLOUD,CLOUD,0,0,none
2026-04-20 14:53:55,450,79.34,76.36,66.06,59.80,53.07,26.27,up,140.46,206.30,-1.00,1,0.00,1,0,0,0.500,LOCAL,LOCAL,1,CLOUD,CLOUD,0,0,none
2026-04-20 14:53:57,451,75.70,153.39,66.17,59.81,79.34,-3.65,stable,139.19,206.30,-1.00,1,0.00,1,1,1,0.629,CLOUD,,0,CLOUD,CLOUD,0,0,none
2026-04-20 14:53:59,452,75.70,153.39,66.00,59.81,75.70,0.00,stable,136.66,206.30,-1.00,1,0.00,1,1,1,0.565,CLOUD,,0,CLOUD,CLOUD,0,0,none
2026-04-20 14:54:01,453,114.67,116.60,66.06,59.78,75.70,38.97,up,124.94,206.30,-1.00,1,0.00,1,1,0,0.500,LOCAL,LOCAL,1,CLOUD,CLOUD,0,0,none
2026-04-20 14:54:03,454,114.67,116.60,66.11,59.82,114.67,0.00,stable,135.00,206.30,-1.00,1,0.00,1,1,0,0.500,LOCAL,LOCAL,2,CLOUD,CLOUD,0,0,none
2026-04-20 14:54:05,455,269.41,213.66,66.08,59.82,114.67,154.74,up,150.06,206.30,-1.00,1,0.00,0,1,0,0.500,LOCAL,,0,CLOUD,LOCAL,1,0,started
2026-04-20 14:54:09,456,90.31,222.70,66.31,60.70,269.41,-179.09,down,167.39,290.43,-1.00,1,0.00,1,1,0,0.500,LOCAL,,0,LOCAL,LOCAL,0,0,none
2026-04-20 14:54:11,457,90.31,222.70,66.58,63.68,90.31,0.00,stable,193.92,202.55,-1.00,1,0.00,1,1,1,0.571,CLOUD,CLOUD,1,LOCAL,LOCAL,0,0,none
2026-04-20 14:54:13,458,90.31,222.70,66.56,66.75,90.31,0.00,stable,220.44,164.96,-1.00,1,0.00,1,1,1,0.560,CLOUD,CLOUD,2,LOCAL,LOCAL,0,0,none
2026-04-20 14:54:15,459,36.07,0.00,66.53,69.49,90.31,-54.24,down,167.03,188.74,-1.00,1,25.00,0,0,1,0.979,CLOUD,,0,LOCAL,CLOUD,1,0,started
2026-04-20 14:54:17,460,36.07,0.00,66.67,60.27,36.07,0.00,stable,111.35,192.46,-1.00,1,25.00,0,0,1,0.983,CLOUD,,0,CLOUD,CLOUD,0,0,none
2026-04-20 14:54:19,461,539.08,156.49,66.42,60.45,36.07,503.01,up,94.80,192.46,-1.00,1,0.00,0,1,0,0.500,LOCAL,LOCAL,1,CLOUD,CLOUD,0,0,none
2026-04-20 14:54:21,462,65.11,69.07,66.22,60.55,539.08,-473.97,down,56.39,192.46,-1.00,1,0.00,1,0,1,0.731,CLOUD,,0,CLOUD,CLOUD,0,0,none
2026-04-20 14:54:23,463,65.11,69.07,66.03,60.49,65.11,0.00,stable,73.66,192.46,-1.00,1,0.00,1,0,1,0.667,CLOUD,,0,CLOUD,CLOUD,0,0,none
2026-04-20 14:54:25,464,53.03,1983.94,66.14,60.48,65.11,-12.08,down,569.64,192.46,-1.00,1,0.00,1,1,1,1.000,CLOUD,,0,CLOUD,CLOUD,0,0,none
2026-04-20 14:54:27,465,53.03,1983.94,66.06,60.48,53.03,0.00,stable,1026.51,192.46,-1.00,1,0.00,1,1,1,1.000,CLOUD,,0,CLOUD,CLOUD,0,0,none
2026-04-20 14:54:29,466,275.83,172.52,66.08,60.48,53.03,222.80,up,1052.37,192.46,-1.00,1,0.00,0,1,0,0.500,LOCAL,LOCAL,1,CLOUD,CLOUD,0,0,none
2026-04-20 14:54:31,467,143.13,286.98,66.08,60.50,275.83,-132.70,down,1106.85,192.46,-1.00,1,0.00,1,1,0,0.500,LOCAL,LOCAL,2,CLOUD,CLOUD,0,0,none
2026-04-20 14:54:33,468,143.13,286.98,66.14,60.46,143.13,0.00,stable,682.61,192.46,-1.00,1,0.00,1,1,0,0.500,LOCAL,,0,CLOUD,LOCAL,1,0,started
2026-04-20 14:54:35,469,139.77,59.10,66.64,61.54,143.13,-3.37,stable,201.40,192.46,-1.00,1,0.00,1,0,0,0.500,LOCAL,,0,LOCAL,LOCAL,0,0,none
2026-04-20 14:54:37,470,139.77,59.10,66.48,63.72,139.77,0.00,stable,173.04,174.87,-1.00,1,0.00,1,0,0,0.500,LOCAL,,0,LOCAL,LOCAL,0,0,none
2026-04-20 14:54:39,471,15.78,537.53,66.58,66.97,139.77,-123.99,down,235.68,176.06,-1.00,1,0.00,1,1,1,1.000,CLOUD,CLOUD,1,LOCAL,LOCAL,0,0,none
2026-04-20 14:54:41,472,15.78,537.53,66.56,70.04,15.78,0.00,stable,298.32,184.09,-1.00,1,0.00,1,1,1,1.000,CLOUD,CLOUD,2,LOCAL,LOCAL,0,0,none
2026-04-20 14:54:43,473,15.78,537.53,66.56,72.76,15.78,0.00,stable,417.92,158.03,-1.00,1,0.00,1,1,1,1.000,CLOUD,,0,LOCAL,CLOUD,1,0,started
2026-04-20 14:54:46,474,891.07,4.57,66.64,60.37,15.78,875.29,up,404.29,280.07,-1.00,1,75.00,0,0,0,0.500,LOCAL,LOCAL,1,CLOUD,CLOUD,0,0,none
2026-04-20 14:54:48,475,891.07,4.57,66.25,60.52,891.07,0.00,stable,271.05,280.07,-1.00,1,75.00,0,0,0,0.500,LOCAL,LOCAL,2,CLOUD,CLOUD,0,0,none
2026-04-20 14:54:50,476,133.93,126.86,65.87,60.52,891.07,-757.14,down,168.38,280.07,-1.00,1,0.00,1,1,0,0.500,LOCAL,,0,CLOUD,LOCAL,1,0,started
2026-04-20 14:54:53,477,133.93,126.86,66.67,60.75,133.93,0.00,stable,65.71,207.94,-1.00,1,0.00,1,1,0,0.500,LOCAL,,0,LOCAL,LOCAL,0,0,none
2026-04-20 14:54:55,478,38.24,224.59,66.56,63.85,133.93,-95.68,down,120.72,171.46,-1.00,1,0.00,1,1,1,0.996,CLOUD,CLOUD,1,LOCAL,LOCAL,0,0,none
2026-04-20 14:54:57,479,38.24,224.59,66.64,66.49,38.24,0.00,stable,175.72,180.92,-1.00,1,0.00,1,1,1,0.996,CLOUD,CLOUD,2,LOCAL,LOCAL,0,0,none
2026-04-20 14:54:59,480,35.45,231.21,66.56,69.57,38.24,-2.79,stable,201.81,228.03,-1.00,1,50.00,0,1,1,0.997,CLOUD,,0,LOCAL,CLOUD,1,0,started
2026-04-20 14:55:01,481,35.45,231.21,66.64,60.40,35.45,0.00,stable,227.90,228.03,-1.00,1,50.00,0,1,1,0.997,CLOUD,,0,CLOUD,CLOUD,0,0,none
2026-04-20 14:55:03,482,35.45,231.21,66.22,60.48,35.45,0.00,stable,229.56,228.03,-1.00,1,50.00,0,1,1,0.995,CLOUD,,0,CLOUD,CLOUD,0,0,none
2026-04-20 14:55:05,483,17.58,0.00,66.11,60.59,35.45,-17.87,down,173.41,228.03,-1.00,1,75.00,0,0,1,0.993,CLOUD,,0,CLOUD,CLOUD,0,0,none
2026-04-20 14:55:07,484,17.58,0.00,66.03,60.49,17.58,0.00,stable,115.61,228.03,-1.00,1,75.00,0,0,1,0.993,CLOUD,,0,CLOUD,CLOUD,0,0,none
2026-04-20 14:55:09,485,17.58,0.00,65.92,60.50,17.58,0.00,stable,57.80,228.03,-1.00,1,75.00,0,0,1,0.991,CLOUD,,0,CLOUD,CLOUD,0,0,none
2026-04-20 14:55:13,486,4051.19,185.37,65.88,60.56,17.58,4033.61,up,46.34,228.03,-1.00,1,75.00,0,1,0,0.500,LOCAL,LOCAL,1,CLOUD,CLOUD,0,0,none
2026-04-20 14:55:15,487,4051.19,185.37,66.20,60.53,4051.19,0.00,stable,92.68,228.03,-1.00,1,75.00,0,1,0,0.500,LOCAL,LOCAL,2,CLOUD,CLOUD,0,0,none
2026-04-20 14:55:17,488,84.06,52.98,66.06,60.52,4051.19,-3967.14,down,105.93,228.03,-1.00,1,0.00,1,0,0,0.500,LOCAL,,0,CLOUD,LOCAL,1,0,started
2026-04-20 14:55:22,489,53.17,170.37,66.14,60.65,84.06,-30.88,down,148.52,187.84,-1.00,1,0.00,1,1,1,0.946,CLOUD,CLOUD,1,LOCAL,LOCAL,0,0,none
2026-04-20 14:55:24,490,46.56,364.29,66.37,64.05,53.17,-6.62,stable,193.25,159.84,-1.00,1,0.00,1,1,1,0.996,CLOUD,CLOUD,2,LOCAL,LOCAL,0,0,none
2026-04-20 14:55:26,491,46.56,364.29,66.58,66.43,46.56,0.00,stable,237.98,222.71,-1.00,1,0.00,1,1,1,0.997,CLOUD,,0,LOCAL,CLOUD,1,0,started
2026-04-20 14:55:29,492,16.76,169.05,66.64,60.38,46.56,-29.79,down,267.00,343.08,-1.00,1,0.00,1,1,1,0.999,CLOUD,,0,CLOUD,CLOUD,0,0,none
2026-04-20 14:55:31,493,200.01,132.40,66.36,60.54,16.76,183.25,up,257.51,343.08,-1.00,1,0.00,0,1,0,0.500,LOCAL,LOCAL,1,CLOUD,CLOUD,0,0,none
2026-04-20 14:55:33,494,200.01,132.40,66.03,60.55,200.01,0.00,stable,199.54,343.08,-1.00,1,0.00,0,1,0,0.500,LOCAL,LOCAL,2,CLOUD,CLOUD,0,0,none
2026-04-20 14:55:35,495,173.98,47.94,66.06,60.55,200.01,-26.03,down,120.45,343.08,-1.00,1,0.00,1,0,0,0.500,LOCAL,,0,CLOUD,LOCAL,1,0,started
2026-04-20 14:55:37,496,173.98,47.94,66.59,60.63,173.98,0.00,stable,90.17,190.70,-1.00,1,0.00,1,0,0,0.500,LOCAL,,0,LOCAL,LOCAL,0,0,none
2026-04-20 14:55:39,497,93.69,795.45,66.61,63.62,173.98,-80.29,down,255.93,169.82,-1.00,1,0.00,1,1,1,0.990,CLOUD,CLOUD,1,LOCAL,LOCAL,0,0,none
2026-04-20 14:55:41,498,297.10,247.99,66.61,66.17,93.69,203.41,up,284.83,207.66,-1.00,1,0.00,0,1,0,0.500,LOCAL,,0,LOCAL,LOCAL,0,0,none
2026-04-20 14:55:43,499,297.10,247.99,66.56,69.16,297.10,0.00,stable,334.84,174.86,-1.00,1,0.00,0,1,0,0.500,LOCAL,,0,LOCAL,LOCAL,0,0,none
2026-04-20 14:55:45,500,297.10,247.99,66.61,72.22,297.10,0.00,stable,384.86,186.31,-1.00,1,0.00,0,1,0,0.500,LOCAL,,0,LOCAL,LOCAL,0,0,none
2026-04-20 14:55:47,501,297.10,247.99,66.69,73.07,297.10,0.00,stable,247.99,177.72,-1.00,1,0.00,0,1,0,0.500,LOCAL,,0,LOCAL,LOCAL,0,0,none
2026-04-20 14:55:49,502,81.05,0.00,66.56,70.05,297.10,-216.06,down,185.99,192.38,-1.00,1,25.00,0,0,0,0.500,LOCAL,,0,LOCAL,LOCAL,0,0,none
2026-04-20 14:55:51,503,81.05,0.00,66.56,59.81,81.05,0.00,stable,124.00,144.57,-1.00,1,25.00,0,0,0,0.500,LOCAL,,0,LOCAL,LOCAL,0,0,none
2026-04-20 14:55:53,504,81.05,0.00,66.47,59.81,81.05,0.00,stable,62.00,174.88,-1.00,1,25.00,0,0,0,0.500,LOCAL,,0,LOCAL,LOCAL,0,0,none
2026-04-20 14:55:55,505,81.05,0.00,66.45,59.81,81.05,0.00,stable,0.00,191.38,-1.00,1,25.00,0,0,0,0.500,LOCAL,,0,LOCAL,LOCAL,0,0,none
2026-04-20 14:55:57,506,1310.35,5.71,66.61,59.80,81.05,1229.30,up,1.43,164.49,-1.00,1,50.00,0,0,0,0.500,LOCAL,,0,LOCAL,LOCAL,0,0,none
2026-04-20 14:55:59,507,89.92,167.79,66.61,60.02,1310.35,-1220.43,down,43.37,235.63,-1.00,1,0.00,1,1,0,0.500,LOCAL,,0,LOCAL,LOCAL,0,0,none
2026-04-20 14:56:01,508,89.92,167.79,66.53,59.80,89.92,0.00,stable,85.32,144.08,-1.00,1,0.00,1,1,0,0.500,LOCAL,,0,LOCAL,LOCAL,0,0,none
2026-04-20 14:56:03,509,19.52,360.08,66.53,59.79,89.92,-70.41,down,175.34,177.48,-1.00,1,0.00,1,1,1,1.000,CLOUD,CLOUD,1,LOCAL,LOCAL,0,0,none
2026-04-20 14:56:05,510,19.52,360.08,66.56,59.79,19.52,0.00,stable,263.93,157.42,-1.00,1,0.00,1,1,1,1.000,CLOUD,CLOUD,2,LOCAL,LOCAL,0,0,none
2026-04-20 14:56:07,511,20.61,14.69,66.56,59.79,19.52,1.09,stable,225.66,260.19,-1.00,1,50.00,0,0,1,0.996,CLOUD,,0,LOCAL,CLOUD,1,0,started
2026-04-20 14:56:09,512,20.61,14.69,66.59,60.39,20.61,0.00,stable,187.38,230.21,-1.00,1,50.00,0,0,1,0.996,CLOUD,,0,CLOUD,CLOUD,0,0,none
2026-04-20 14:56:11,513,142.33,23.12,66.33,60.52,20.61,121.72,up,103.14,230.21,-1.00,1,0.00,1,0,0,0.500,LOCAL,LOCAL,1,CLOUD,CLOUD,0,0,none
2026-04-20 14:56:13,514,142.33,23.12,66.00,60.53,142.33,0.00,stable,18.90,230.21,-1.00,1,0.00,1,0,0,0.500,LOCAL,LOCAL,2,CLOUD,CLOUD,0,0,none
2026-04-20 14:56:15,515,100.87,75.02,66.19,60.49,142.33,-41.47,down,33.99,230.21,-1.00,1,0.00,1,0,0,0.500,LOCAL,,0,CLOUD,LOCAL,1,0,started
2026-04-20 14:56:17,516,100.87,75.02,66.62,60.65,100.87,0.00,stable,49.07,230.21,-1.00,1,0.00,1,0,0,0.500,LOCAL,,0,LOCAL,LOCAL,0,0,none
2026-04-20 14:56:19,517,27.72,47.83,66.53,62.88,100.87,-73.15,down,55.25,230.21,-1.00,1,0.00,1,0,1,0.994,CLOUD,CLOUD,1,LOCAL,LOCAL,0,0,none
2026-04-20 14:56:21,518,41.09,806.77,66.58,65.53,27.72,13.37,up,251.16,196.36,-1.00,1,0.00,1,1,1,1.000,CLOUD,CLOUD,2,LOCAL,LOCAL,0,0,none
2026-04-20 14:56:23,519,41.09,806.77,66.53,68.63,41.09,0.00,stable,434.10,212.73,-1.00,1,0.00,1,1,1,1.000,CLOUD,,0,LOCAL,CLOUD,1,0,started
2026-04-20 14:56:25,520,74.50,598.63,66.64,60.32,41.09,33.41,up,565.00,222.07,-1.00,1,0.00,1,1,1,0.993,CLOUD,,0,CLOUD,CLOUD,0,0,none
2026-04-20 14:56:27,521,58.45,937.80,66.47,60.51,74.50,-16.06,down,787.49,222.07,-1.00,1,0.00,1,1,1,1.000,CLOUD,,0,CLOUD,CLOUD,0,0,none
2026-04-20 14:56:29,522,58.45,937.80,65.97,60.51,58.45,0.00,stable,820.25,222.07,-1.00,1,0.00,1,1,1,1.000,CLOUD,,0,CLOUD,CLOUD,0,0,none
2026-04-20 14:56:31,523,114.56,41.99,65.89,60.50,58.45,56.11,up,629.05,222.07,-1.00,1,0.00,1,0,0,0.500,LOCAL,LOCAL,1,CLOUD,CLOUD,0,0,none
2026-04-20 14:56:33,524,114.56,41.99,66.03,60.51,114.56,0.00,stable,489.90,222.07,-1.00,1,0.00,1,0,0,0.500,LOCAL,LOCAL,2,CLOUD,CLOUD,0,0,none
2026-04-20 14:56:36,525,92.19,208.28,65.81,60.53,114.56,-22.37,down,307.52,222.07,-1.00,1,0.00,1,1,0,0.500,LOCAL,,0,CLOUD,LOCAL,1,0,started
2026-04-20 14:56:38,526,92.19,208.28,66.67,60.25,92.19,0.00,stable,125.14,205.46,-1.00,1,0.00,1,1,1,0.529,CLOUD,CLOUD,1,LOCAL,LOCAL,0,0,none
2026-04-20 14:56:40,527,119.95,496.82,66.61,62.90,92.19,27.77,up,238.84,197.94,-1.00,1,0.00,1,1,0,0.500,LOCAL,,0,LOCAL,LOCAL,0,0,none
2026-04-20 14:56:42,528,119.95,496.82,66.64,66.09,119.95,0.00,stable,352.55,181.33,-1.00,1,0.00,1,1,0,0.500,LOCAL,,0,LOCAL,LOCAL,0,0,none
2026-04-20 14:56:44,529,119.95,496.82,66.64,69.47,119.95,0.00,stable,424.68,164.81,-1.00,1,0.00,1,1,0,0.500,LOCAL,,0,LOCAL,LOCAL,0,0,none
2026-04-20 14:56:46,530,119.95,496.82,66.58,71.85,119.95,0.00,stable,496.82,185.16,-1.00,1,0.00,1,1,0,0.500,LOCAL,,0,LOCAL,LOCAL,0,0,none
2026-04-20 14:56:48,531,45.31,0.00,66.69,73.13,119.95,-74.64,down,372.61,164.27,-1.00,1,50.00,0,0,1,0.960,CLOUD,CLOUD,1,LOCAL,LOCAL,0,0,none
2026-04-20 14:56:50,532,45.31,0.00,66.61,69.57,45.31,0.00,stable,248.41,178.80,-1.00,1,50.00,0,0,1,0.955,CLOUD,CLOUD,2,LOCAL,LOCAL,0,0,none
2026-04-20 14:56:52,533,1570.97,133.88,66.61,59.76,45.31,1525.66,up,157.67,163.71,-1.00,1,50.00,0,1,0,0.500,LOCAL,,0,LOCAL,LOCAL,0,0,none
2026-04-20 14:56:54,534,1570.97,133.88,66.58,59.76,1570.97,0.00,stable,66.94,122.26,-1.00,1,50.00,0,1,0,0.500,LOCAL,,0,LOCAL,LOCAL,0,0,none
2026-04-20 14:56:56,535,1570.97,133.88,66.45,59.77,1570.97,0.00,stable,100.41,185.53,-1.00,1,50.00,0,1,0,0.500,LOCAL,,0,LOCAL,LOCAL,0,0,none
2026-04-20 14:56:58,536,58.19,3.09,66.50,59.76,1570.97,-1512.79,down,101.19,190.66,-1.00,1,50.00,0,0,1,0.833,CLOUD,CLOUD,1,LOCAL,LOCAL,0,0,none
2026-04-20 14:57:00,537,58.19,3.09,66.50,59.77,58.19,0.00,stable,68.49,183.02,-1.00,1,50.00,0,0,1,0.833,CLOUD,CLOUD,2,LOCAL,LOCAL,0,0,none
2026-04-20 14:57:02,538,51.51,498.08,66.58,59.76,58.19,-6.68,stable,159.54,184.23,-1.00,1,0.00,1,1,1,0.998,CLOUD,,0,LOCAL,CLOUD,1,0,started
2026-04-20 14:57:04,539,50.15,180.19,66.69,60.36,51.51,-1.36,stable,171.11,268.54,-1.00,1,0.00,1,1,1,0.984,CLOUD,,0,CLOUD,CLOUD,0,0,none
2026-04-20 14:57:06,540,50.15,180.19,66.42,60.51,50.15,0.00,stable,215.39,268.54,-1.00,1,0.00,1,1,1,0.976,CLOUD,,0,CLOUD,CLOUD,0,0,none
2026-04-20 14:57:08,541,46.66,87.27,66.03,60.51,50.15,-3.49,stable,236.43,268.54,-1.00,1,0.00,1,0,1,0.936,CLOUD,,0,CLOUD,CLOUD,0,0,none
2026-04-20 14:57:10,542,46.66,87.27,66.03,60.53,46.66,0.00,stable,133.73,268.54,-1.00,1,0.00,1,0,1,0.936,CLOUD,,0,CLOUD,CLOUD,0,0,none
2026-04-20 14:57:12,543,75.96,443.28,66.17,60.52,46.66,29.29,up,199.50,268.54,-1.00,1,0.00,1,1,1,0.944,CLOUD,,0,CLOUD,CLOUD,0,0,none
2026-04-20 14:57:14,544,75.96,443.28,65.97,60.50,75.96,0.00,stable,265.28,268.54,-1.00,1,0.00,1,1,1,0.925,CLOUD,,0,CLOUD,CLOUD,0,0,none
2026-04-20 14:57:16,545,144.63,2387.20,66.22,60.53,75.96,68.67,up,840.26,268.54,-1.00,1,0.00,1,1,1,1.000,CLOUD,,0,CLOUD,CLOUD,0,0,none
2026-04-20 14:57:18,546,68.36,102.78,66.22,60.52,144.63,-76.27,down,844.14,268.54,-1.00,1,0.00,1,1,1,0.720,CLOUD,,0,CLOUD,CLOUD,0,0,none
2026-04-20 14:57:20,547,68.36,102.78,66.03,60.51,68.36,0.00,stable,759.01,268.54,-1.00,1,0.00,1,1,1,0.653,CLOUD,,0,CLOUD,CLOUD,0,0,none
2026-04-20 14:57:22,548,103.14,1555.90,66.17,60.49,68.36,34.78,up,1037.17,268.54,-1.00,1,0.00,1,1,1,1.000,CLOUD,,0,CLOUD,CLOUD,0,0,none
2026-04-20 14:57:24,549,103.14,1555.90,66.08,60.52,103.14,0.00,stable,829.34,268.54,-1.00,1,0.00,1,1,1,1.000,CLOUD,,0,CLOUD,CLOUD,0,0,none
2026-04-20 14:57:26,550,228.09,94.91,66.03,59.83,103.14,124.95,up,827.37,268.54,-1.00,1,0.00,0,0,0,0.500,LOCAL,LOCAL,1,CLOUD,CLOUD,0,0,none
2026-04-20 14:57:28,551,76.92,110.14,66.03,59.81,228.09,-151.18,down,829.21,268.54,-1.00,1,0.00,1,1,0,0.500,LOCAL,LOCAL,2,CLOUD,CLOUD,0,0,none
2026-04-20 14:57:30,552,76.92,110.14,66.20,59.84,76.92,0.00,stable,467.77,268.54,-1.00,1,0.00,1,1,1,0.526,CLOUD,,0,CLOUD,CLOUD,0,0,none
2026-04-20 14:57:33,553,69.65,266.29,65.94,59.86,76.92,-7.27,stable,145.37,268.54,-1.00,1,0.00,1,1,1,0.841,CLOUD,,0,CLOUD,CLOUD,0,0,none
2026-04-20 14:57:35,554,69.65,266.29,66.01,59.80,69.65,0.00,stable,188.21,268.54,-1.00,1,0.00,1,1,1,0.856,CLOUD,,0,CLOUD,CLOUD,0,0,none
2026-04-20 14:57:37,555,446.27,143.62,66.17,59.83,69.65,376.62,up,196.58,268.54,-1.00,1,0.00,0,1,0,0.500,LOCAL,LOCAL,1,CLOUD,CLOUD,0,0,none
2026-04-20 14:57:39,556,446.27,143.62,66.11,59.81,446.27,0.00,stable,204.96,268.54,-1.00,1,0.00,0,1,0,0.500,LOCAL,LOCAL,2,CLOUD,CLOUD,0,0,none
2026-04-20 14:57:41,557,49.71,745.64,66.03,59.83,446.27,-396.57,down,324.79,268.54,-1.00,1,0.00,1,1,1,1.000,CLOUD,,0,CLOUD,CLOUD,0,0,none
2026-04-20 14:57:43,558,59.85,72.72,66.08,59.84,49.71,10.14,up,276.40,268.54,-1.00,1,0.00,1,0,1,0.791,CLOUD,,0,CLOUD,CLOUD,0,0,none
2026-04-20 14:57:45,559,59.85,72.72,66.20,59.82,59.85,0.00,stable,258.68,268.54,-1.00,1,0.00,1,0,1,0.819,CLOUD,,0,CLOUD,CLOUD,0,0,none
2026-04-20 14:57:47,560,206.98,66.40,66.28,59.80,59.85,147.13,up,239.37,268.54,-1.00,1,0.00,0,0,0,0.500,LOCAL,LOCAL,1,CLOUD,CLOUD,0,0,none
2026-04-20 14:57:49,561,206.98,66.40,66.06,59.83,206.98,0.00,stable,69.56,268.54,-1.00,1,0.00,0,0,0,0.500,LOCAL,LOCAL,2,CLOUD,CLOUD,0,0,none
2026-04-20 14:57:51,562,200.57,158.52,65.80,59.94,206.98,-6.40,stable,91.01,268.54,-1.00,1,0.00,0,1,0,0.500,LOCAL,,0,CLOUD,LOCAL,1,0,started
2026-04-20 14:57:53,563,200.57,158.52,66.67,60.82,200.57,0.00,stable,112.46,166.97,-1.00,1,0.00,0,1,0,0.500,LOCAL,,0,LOCAL,LOCAL,0,0,none
2026-04-20 14:57:55,564,61.46,409.44,66.47,64.14,200.57,-139.11,down,198.22,202.85,-1.00,1,0.00,1,1,1,0.989,CLOUD,CLOUD,1,LOCAL,LOCAL,0,0,none
2026-04-20 14:57:57,565,61.46,409.44,66.58,66.50,61.46,0.00,stable,283.98,195.05,-1.00,1,0.00,1,1,1,0.991,CLOUD,CLOUD,2,LOCAL,LOCAL,0,0,none
2026-04-20 14:57:59,566,788.52,290.40,66.61,69.52,61.46,727.06,up,316.95,172.12,-1.00,1,0.00,0,1,0,0.500,LOCAL,,0,LOCAL,LOCAL,0,0,none
2026-04-20 14:58:01,567,29.78,490.71,66.56,72.51,788.52,-758.74,down,400.00,178.24,-1.00,1,0.00,1,1,1,1.000,CLOUD,CLOUD,1,LOCAL,LOCAL,0,0,none
2026-04-20 14:58:03,568,29.78,490.71,66.69,73.14,29.78,0.00,stable,420.32,145.75,-1.00,1,0.00,1,1,1,1.000,CLOUD,CLOUD,2,LOCAL,LOCAL,0,0,none
2026-04-20 14:58:05,569,29.78,490.71,66.64,59.84,29.78,0.00,stable,440.63,245.99,-1.00,1,0.00,1,1,1,1.000,CLOUD,,0,LOCAL,CLOUD,1,0,started
2026-04-20 14:58:08,570,29.78,490.71,66.69,60.42,29.78,0.00,stable,490.71,189.13,-1.00,1,0.00,1,1,1,1.000,CLOUD,,0,CLOUD,CLOUD,0,0,none
2026-04-20 14:58:10,571,63.42,0.00,66.42,60.56,29.78,33.64,up,368.03,189.13,-1.00,1,25.00,0,0,1,0.716,CLOUD,,0,CLOUD,CLOUD,0,0,none
2026-04-20 14:58:13,572,302.18,77.10,65.94,60.70,63.42,238.76,up,264.63,189.13,-1.00,1,0.00,0,0,0,0.500,LOCAL,LOCAL,1,CLOUD,CLOUD,0,0,none
2026-04-20 14:58:15,573,302.18,77.10,66.09,60.50,302.18,0.00,stable,161.23,189.13,-1.00,1,0.00,0,0,0,0.500,LOCAL,LOCAL,2,CLOUD,CLOUD,0,0,none
2026-04-20 14:58:17,574,302.18,77.10,66.14,60.56,302.18,0.00,stable,57.83,189.13,-1.00,1,0.00,0,0,0,0.500,LOCAL,,0,CLOUD,LOCAL,1,0,started
2026-04-20 14:58:26,575,139.50,1.16,65.99,60.65,302.18,-162.68,down,58.12,181.13,-1.00,1,0.00,1,0,0,0.500,LOCAL,,0,LOCAL,LOCAL,0,0,none
2026-04-20 14:58:28,576,40.01,1887.63,66.56,63.55,139.50,-99.49,down,510.75,168.74,-1.00,1,0.00,1,1,1,1.000,CLOUD,CLOUD,1,LOCAL,LOCAL,0,0,none
2026-04-20 14:58:30,577,40.01,1887.63,66.47,66.38,40.01,0.00,stable,963.38,175.93,-1.00,1,0.00,1,1,1,1.000,CLOUD,CLOUD,2,LOCAL,LOCAL,0,0,none
2026-04-20 14:58:32,578,29.18,540.71,66.53,69.43,40.01,-10.82,down,1079.28,171.55,-1.00,0,0.00,1,1,1,1.000,CLOUD,,0,LOCAL,CLOUD,1,0,started
2026-04-20 14:58:34,579,71.91,54.93,66.71,60.35,29.18,42.73,up,1092.72,239.66,-1.00,1,0.00,1,0,1,0.729,CLOUD,,0,CLOUD,CLOUD,0,0,none
2026-04-20 14:58:36,580,71.91,54.93,66.31,60.50,71.91,0.00,stable,634.55,239.66,-1.00,1,0.00,1,0,1,0.584,CLOUD,,0,CLOUD,CLOUD,0,0,none
2026-04-20 14:58:38,581,117.74,184.20,66.06,60.47,71.91,45.83,up,208.69,239.66,-1.00,1,0.00,1,1,0,0.500,LOCAL,LOCAL,1,CLOUD,CLOUD,0,0,none
2026-04-20 14:58:40,582,117.74,184.20,66.11,60.50,117.74,0.00,stable,119.57,239.66,-1.00,1,0.00,1,1,0,0.500,LOCAL,LOCAL,2,CLOUD,CLOUD,0,0,none
2026-04-20 14:58:43,583,239.51,298.61,65.89,60.52,117.74,121.78,up,180.48,239.66,-1.00,1,0.00,0,1,0,0.500,LOCAL,,0,CLOUD,LOCAL,1,0,started
2026-04-20 14:58:45,584,239.51,298.61,66.67,60.82,239.51,0.00,stable,241.40,183.05,-1.00,1,0.00,0,1,0,0.500,LOCAL,,0,LOCAL,LOCAL,0,0,none
2026-04-20 14:58:47,585,385.55,2242.94,66.56,63.69,239.51,146.04,up,756.09,166.21,-1.00,1,0.00,0,1,0,0.500,LOCAL,,0,LOCAL,LOCAL,0,0,none
2026-04-20 14:58:49,586,385.55,2242.94,66.56,66.61,385.55,0.00,stable,1270.77,191.63,-1.00,1,0.00,0,1,0,0.500,LOCAL,,0,LOCAL,LOCAL,0,0,none
2026-04-20 14:58:51,587,63.66,328.96,66.69,69.60,385.55,-321.89,down,1278.36,172.38,-1.00,1,0.00,1,1,1,0.982,CLOUD,CLOUD,1,LOCAL,LOCAL,0,0,none
2026-04-20 14:58:53,588,63.66,328.96,66.53,72.62,63.66,0.00,stable,1285.95,171.00,-1.00,1,0.00,1,1,1,0.976,CLOUD,CLOUD,2,LOCAL,LOCAL,0,0,none
2026-04-20 14:58:55,589,63.66,328.96,66.72,73.24,63.66,0.00,stable,807.45,192.87,-1.00,1,0.00,1,1,1,0.982,CLOUD,,0,LOCAL,CLOUD,1,0,started
2026-04-20 14:59:02,590,15.90,0.00,66.21,60.58,63.66,-47.76,down,246.72,248.06,-1.00,1,50.00,0,0,1,0.995,CLOUD,,0,CLOUD,CLOUD,0,0,none
2026-04-20 14:59:04,591,15.90,0.00,66.08,60.51,15.90,0.00,stable,164.48,248.06,-1.00,1,50.00,0,0,1,0.994,CLOUD,,0,CLOUD,CLOUD,0,0,none
2026-04-20 14:59:06,592,33.14,195.45,66.06,60.52,15.90,17.25,up,131.10,248.06,-1.00,1,0.00,1,1,1,0.993,CLOUD,,0,CLOUD,CLOUD,0,0,none
2026-04-20 14:59:08,593,33.14,195.45,65.95,60.53,33.14,0.00,stable,97.73,248.06,-1.00,1,0.00,1,1,1,0.992,CLOUD,,0,CLOUD,CLOUD,0,0,none
2026-04-20 14:59:11,594,113.68,47.38,65.86,60.64,33.14,80.53,up,109.57,248.06,-1.00,1,0.00,1,0,0,0.500,LOCAL,LOCAL,1,CLOUD,CLOUD,0,0,none
2026-04-20 14:59:13,595,113.68,47.38,66.29,60.53,113.68,0.00,stable,121.41,248.06,-1.00,1,0.00,1,0,0,0.500,LOCAL,LOCAL,2,CLOUD,CLOUD,0,0,none
2026-04-20 14:59:15,596,54.22,257.33,66.08,60.50,113.68,-59.46,down,136.88,248.06,-1.00,1,0.00,1,1,1,0.967,CLOUD,,0,CLOUD,CLOUD,0,0,none
2026-04-20 14:59:17,597,54.22,257.33,66.17,60.54,54.22,0.00,stable,152.35,248.06,-1.00,1,0.00,1,1,1,0.971,CLOUD,,0,CLOUD,CLOUD,0,0,none
2026-04-20 14:59:19,598,39.67,110.26,66.03,59.85,54.22,-14.55,down,168.07,248.06,-1.00,1,0.00,1,1,1,0.972,CLOUD,,0,CLOUD,CLOUD,0,0,none
2026-04-20 14:59:21,599,73.30,194.63,66.17,59.85,39.67,33.62,up,204.89,248.06,-1.00,1,0.00,1,1,1,0.750,CLOUD,,0,CLOUD,CLOUD,0,0,none
2026-04-20 14:59:23,600,73.30,194.63,66.00,59.86,73.30,0.00,stable,189.21,248.06,-1.00,1,0.00,1,1,1,0.696,CLOUD,,0,CLOUD,CLOUD,0,0,none
2026-04-20 14:59:25,601,49.12,88.35,66.00,59.82,73.30,-24.18,down,146.97,248.06,-1.00,1,0.00,1,0,1,0.916,CLOUD,,0,CLOUD,CLOUD,0,0,none
2026-04-20 14:59:27,602,49.12,88.35,66.22,59.85,49.12,0.00,stable,141.49,248.06,-1.00,1,0.00,1,0,1,0.940,CLOUD,,0,CLOUD,CLOUD,0,0,none
2026-04-20 14:59:29,603,104.59,180.32,66.11,59.83,49.12,55.47,up,137.91,248.06,-1.00,1,0.00,1,1,0,0.500,LOCAL,LOCAL,1,CLOUD,CLOUD,0,0,none
2026-04-20 14:59:31,604,104.59,180.32,66.22,59.86,104.59,0.00,stable,134.34,248.06,-1.00,1,0.00,1,1,0,0.500,LOCAL,LOCAL,2,CLOUD,CLOUD,0,0,none
2026-04-20 14:59:33,605,104.59,180.32,65.86,59.86,104.59,0.00,stable,157.33,248.06,-1.00,1,0.00,1,1,0,0.500,LOCAL,,0,CLOUD,LOCAL,1,0,started
2026-04-20 14:59:38,606,59.39,1.79,66.20,60.32,104.59,-45.21,down,135.69,199.33,-1.00,1,25.00,0,0,1,0.731,CLOUD,CLOUD,1,LOCAL,LOCAL,0,0,none
2026-04-20 14:59:40,607,56.27,319.72,66.50,62.85,59.39,-3.12,stable,170.54,175.81,-1.00,1,0.00,1,1,1,0.987,CLOUD,CLOUD,2,LOCAL,LOCAL,0,0,none
2026-04-20 14:59:42,608,56.27,319.72,66.69,65.87,56.27,0.00,stable,205.39,194.11,-1.00,1,0.00,1,1,1,0.990,CLOUD,,0,LOCAL,CLOUD,1,0,started
2026-04-20 14:59:44,609,56.27,319.72,66.64,60.42,56.27,0.00,stable,240.24,277.45,-1.00,1,0.00,1,1,1,0.990,CLOUD,,0,CLOUD,CLOUD,0,0,none
2026-04-20 14:59:46,610,56.27,319.72,66.36,60.55,56.27,0.00,stable,319.72,277.45,-1.00,1,0.00,1,1,1,0.984,CLOUD,,0,CLOUD,CLOUD,0,0,none
2026-04-20 14:59:48,611,136.94,0.00,66.22,60.55,56.27,80.66,up,239.79,277.45,-1.00,1,75.00,0,0,0,0.500,LOCAL,LOCAL,1,CLOUD,CLOUD,0,0,none
2026-04-20 14:59:50,612,136.94,0.00,66.17,60.54,136.94,0.00,stable,159.86,277.45,-1.00,1,75.00,0,0,0,0.500,LOCAL,LOCAL,2,CLOUD,CLOUD,0,0,none
2026-04-20 14:59:52,613,136.94,0.00,66.00,60.55,136.94,0.00,stable,79.93,277.45,-1.00,1,75.00,0,0,0,0.500,LOCAL,,0,CLOUD,LOCAL,1,0,started
2026-04-20 14:59:55,614,1232.63,368.69,66.62,60.68,136.94,1095.69,up,92.17,184.42,-1.00,1,50.00,0,1,0,0.500,LOCAL,,0,LOCAL,LOCAL,0,0,none
2026-04-20 14:59:57,615,1232.63,368.69,66.64,63.15,1232.63,0.00,stable,184.35,192.82,-1.00,1,50.00,0,1,0,0.500,LOCAL,,0,LOCAL,LOCAL,0,0,none
2026-04-20 14:59:59,616,25.15,1588.53,66.53,66.16,1232.63,-1207.48,down,581.48,201.23,-1.00,1,0.00,1,1,1,1.000,CLOUD,CLOUD,1,LOCAL,LOCAL,0,0,none
2026-04-20 15:00:01,617,25.15,1588.53,66.58,69.21,25.15,0.00,stable,978.61,156.59,-1.00,1,0.00,1,1,1,1.000,CLOUD,CLOUD,2,LOCAL,LOCAL,0,0,none
2026-04-20 15:00:03,618,34.17,144.76,66.61,71.92,25.15,9.02,stable,922.63,183.44,-1.00,1,0.00,1,1,1,0.995,CLOUD,,0,LOCAL,CLOUD,1,0,started
2026-04-20 15:00:05,619,95.40,140.39,66.67,60.43,34.17,61.23,up,865.55,209.78,-1.00,1,0.00,1,1,0,0.500,LOCAL,LOCAL,1,CLOUD,CLOUD,0,0,none
2026-04-20 15:00:07,620,95.40,140.39,66.34,60.52,95.40,0.00,stable,503.51,209.78,-1.00,1,0.00,1,1,0,0.500,LOCAL,LOCAL,2,CLOUD,CLOUD,0,0,none
2026-04-20 15:00:09,621,48.45,74.81,65.97,60.56,95.40,-46.95,down,125.08,209.78,-1.00,1,0.00,1,0,1,0.910,CLOUD,,0,CLOUD,CLOUD,0,0,none
2026-04-20 15:00:11,622,80.66,59.41,66.07,60.67,48.45,32.21,up,103.75,209.78,-1.00,1,0.00,1,0,0,0.500,LOCAL,LOCAL,1,CLOUD,CLOUD,0,0,none
2026-04-20 15:00:13,623,80.66,59.41,66.09,60.56,80.66,0.00,stable,83.50,209.78,-1.00,1,0.00,1,0,0,0.500,LOCAL,LOCAL,2,CLOUD,CLOUD,0,0,none
2026-04-20 15:00:15,624,60.26,187.63,66.06,60.56,80.66,-20.40,down,95.32,209.78,-1.00,1,0.00,1,1,1,0.897,CLOUD,,0,CLOUD,CLOUD,0,0,none
2026-04-20 15:00:17,625,60.26,187.63,66.14,60.56,60.26,0.00,stable,123.52,209.78,-1.00,1,0.00,1,1,1,0.909,CLOUD,,0,CLOUD,CLOUD,0,0,none
2026-04-20 15:00:19,626,97.99,91.40,65.84,60.64,60.26,37.73,up,131.52,209.78,-1.00,1,0.00,1,0,0,0.500,LOCAL,LOCAL,1,CLOUD,CLOUD,0,0,none
2026-04-20 15:00:21,627,97.99,91.40,66.12,60.66,97.99,0.00,stable,139.51,209.78,-1.00,1,0.00,1,0,0,0.500,LOCAL,LOCAL,2,CLOUD,CLOUD,0,0,none
2026-04-20 15:00:23,628,67.99,35.86,66.08,60.67,97.99,-29.99,down,101.57,209.78,-1.00,1,0.00,1,0,1,0.556,CLOUD,,0,CLOUD,CLOUD,0,0,none
2026-04-20 15:00:25,629,67.99,35.86,66.11,60.63,67.99,0.00,stable,63.63,209.78,-1.00,1,0.00,1,0,1,0.566,CLOUD,,0,CLOUD,CLOUD,0,0,none
2026-04-20 15:00:27,630,131.84,2043.51,66.14,59.97,67.99,63.84,up,551.66,209.78,-1.00,1,0.00,1,1,1,1.000,CLOUD,,0,CLOUD,CLOUD,0,0,none
2026-04-20 15:00:29,631,62.70,344.22,66.08,59.93,131.84,-69.13,down,614.86,209.78,-1.00,1,0.00,1,1,1,0.962,CLOUD,,0,CLOUD,CLOUD,0,0,none
2026-04-20 15:00:31,632,62.70,344.22,66.08,59.96,62.70,0.00,stable,691.95,209.78,-1.00,1,0.00,1,1,1,0.962,CLOUD,,0,CLOUD,CLOUD,0,0,none
2026-04-20 15:00:33,633,100.20,32.93,66.08,59.97,62.70,37.49,up,691.22,209.78,-1.00,1,0.00,1,0,0,0.500,LOCAL,LOCAL,1,CLOUD,CLOUD,0,0,none
2026-04-20 15:00:35,634,100.20,32.93,66.11,59.94,100.20,0.00,stable,188.57,209.78,-1.00,1,0.00,1,0,0,0.500,LOCAL,LOCAL,2,CLOUD,CLOUD,0,0,none
2026-04-20 15:00:41,635,69.56,75.47,65.87,60.00,100.20,-30.64,down,121.39,209.78,-1.00,1,0.00,1,0,1,0.510,CLOUD,,0,CLOUD,CLOUD,0,0,none
2026-04-20 15:00:43,636,69.56,75.47,66.03,59.96,69.56,0.00,stable,54.20,209.78,-1.00,1,0.00,1,0,1,0.575,CLOUD,,0,CLOUD,CLOUD,0,0,none
2026-04-20 15:00:45,637,40.56,136.69,66.06,59.93,69.56,-29.00,down,80.14,209.78,-1.00,1,0.00,1,1,1,0.977,CLOUD,,0,CLOUD,CLOUD,0,0,none
2026-04-20 15:00:47,638,40.56,136.69,66.14,59.97,40.56,0.00,stable,106.08,209.78,-1.00,1,0.00,1,1,1,0.979,CLOUD,,0,CLOUD,CLOUD,0,0,none
2026-04-20 15:00:49,639,34.94,176.95,66.22,59.98,40.56,-5.62,stable,131.45,209.78,-1.00,1,0.00,1,1,1,0.992,CLOUD,,0,CLOUD,CLOUD,0,0,none
2026-04-20 15:00:51,640,38.28,69.96,65.95,59.94,34.94,3.34,stable,130.07,209.78,-1.00,1,0.00,1,0,1,0.962,CLOUD,,0,CLOUD,CLOUD,0,0,none
2026-04-20 15:00:53,641,38.28,69.96,66.03,59.97,38.28,0.00,stable,113.39,209.78,-1.00,1,0.00,1,0,1,0.967,CLOUD,,0,CLOUD,CLOUD,0,0,none
2026-04-20 15:00:55,642,87.38,215.31,66.11,59.96,38.28,49.10,up,133.05,209.78,-1.00,1,0.00,1,1,0,0.500,LOCAL,LOCAL,1,CLOUD,CLOUD,0,0,none
2026-04-20 15:00:57,643,87.38,215.31,66.11,59.93,87.38,0.00,stable,142.64,209.78,-1.00,1,0.00,1,1,0,0.500,LOCAL,LOCAL,2,CLOUD,CLOUD,0,0,none
2026-04-20 15:00:59,644,91.80,911.76,66.17,59.94,87.38,4.42,stable,353.09,209.78,-1.00,1,0.00,1,1,1,0.993,CLOUD,,0,CLOUD,CLOUD,0,0,none
2026-04-20 15:01:01,645,84.72,81.15,66.09,59.96,91.80,-7.08,stable,355.88,209.78,-1.00,1,0.00,1,0,0,0.500,LOCAL,LOCAL,1,CLOUD,CLOUD,0,0,none
2026-04-20 15:01:03,646,84.72,81.15,66.06,59.98,84.72,0.00,stable,322.34,209.78,-1.00,1,0.00,1,0,0,0.500,LOCAL,LOCAL,2,CLOUD,CLOUD,0,0,none
2026-04-20 15:01:05,647,48.63,132.35,65.95,59.92,84.72,-36.09,down,301.60,209.78,-1.00,1,0.00,1,1,1,0.938,CLOUD,,0,CLOUD,CLOUD,0,0,none
2026-04-20 15:01:07,648,48.63,132.35,66.14,59.98,48.63,0.00,stable,106.75,209.78,-1.00,1,0.00,1,1,1,0.954,CLOUD,,0,CLOUD,CLOUD,0,0,none
2026-04-20 15:01:09,649,44.02,149.17,66.11,59.94,48.63,-4.61,stable,123.76,209.78,-1.00,1,0.00,1,1,1,0.973,CLOUD,,0,CLOUD,CLOUD,0,0,none
2026-04-20 15:01:11,650,37.23,104.82,66.00,59.96,44.02,-6.79,stable,129.68,209.78,-1.00,1,0.00,1,1,1,0.976,CLOUD,,0,CLOUD,CLOUD,0,0,none
2026-04-20 15:01:13,651,37.23,104.82,66.03,59.93,37.23,0.00,stable,122.79,209.78,-1.00,1,0.00,1,1,1,0.977,CLOUD,,0,CLOUD,CLOUD,0,0,none
2026-04-20 15:01:15,652,94.68,68.40,66.28,59.97,37.23,57.46,up,106.80,209.78,-1.00,1,0.00,1,0,0,0.500,LOCAL,LOCAL,1,CLOUD,CLOUD,0,0,none
2026-04-20 15:01:17,653,94.68,68.40,66.03,59.94,94.68,0.00,stable,86.61,209.78,-1.00,1,0.00,1,0,0,0.500,LOCAL,LOCAL,2,CLOUD,CLOUD,0,0,none
2026-04-20 15:01:19,654,51.12,147.83,66.11,59.97,94.68,-43.56,down,97.36,209.78,-1.00,1,0.00,1,1,1,0.945,CLOUD,,0,CLOUD,CLOUD,0,0,none
2026-04-20 15:01:21,655,51.12,147.83,65.95,59.97,51.12,0.00,stable,108.11,209.78,-1.00,1,0.00,1,1,1,0.930,CLOUD,,0,CLOUD,CLOUD,0,0,none
2026-04-20 15:01:23,656,229.48,28.15,66.06,59.97,51.12,178.36,up,98.05,209.78,-1.00,1,0.00,0,0,0,0.500,LOCAL,LOCAL,1,CLOUD,CLOUD,0,0,none
2026-04-20 15:01:25,657,156.29,127.58,66.17,59.94,229.48,-73.18,down,112.85,209.78,-1.00,1,0.00,1,1,0,0.500,LOCAL,LOCAL,2,CLOUD,CLOUD,0,0,none
2026-04-20 15:01:27,658,156.29,127.58,66.06,59.97,156.29,0.00,stable,107.79,209.78,-1.00,1,0.00,1,1,0,0.500,LOCAL,,0,CLOUD,LOCAL,1,0,started
2026-04-20 15:01:29,659,144.41,153.76,66.61,60.89,156.29,-11.88,down,109.27,209.78,-1.00,1,0.00,1,1,0,0.500,LOCAL,,0,LOCAL,LOCAL,0,0,none
2026-04-20 15:01:31,660,58.02,327.97,66.72,63.87,144.41,-86.39,down,184.22,170.65,-1.00,1,0.00,1,1,1,0.990,CLOUD,CLOUD,1,LOCAL,LOCAL,0,0,none
2026-04-20 15:01:33,661,58.02,327.97,66.56,66.27,58.02,0.00,stable,234.32,197.83,-1.00,1,0.00,1,1,1,0.987,CLOUD,CLOUD,2,LOCAL,LOCAL,0,0,none
2026-04-20 15:01:35,662,58.02,327.97,66.64,69.37,58.02,0.00,stable,284.42,258.47,-1.00,1,0.00,1,1,1,0.988,CLOUD,,0,LOCAL,CLOUD,1,0,started
2026-04-20 15:01:37,663,32.47,123.88,66.69,60.53,58.02,-25.55,down,276.94,283.33,-1.00,1,25.00,0,1,1,0.996,CLOUD,,0,CLOUD,CLOUD,0,0,none
2026-04-20 15:01:39,664,184.18,28.92,66.22,60.65,32.47,151.71,up,202.18,283.33,-1.00,1,0.00,1,0,0,0.500,LOCAL,LOCAL,1,CLOUD,CLOUD,0,0,none
2026-04-20 15:01:41,665,184.18,28.92,66.17,60.66,184.18,0.00,stable,127.42,283.33,-1.00,1,0.00,1,0,0,0.500,LOCAL,LOCAL,2,CLOUD,CLOUD,0,0,none
2026-04-20 15:01:45,666,190.27,228.34,65.77,60.85,184.18,6.09,stable,102.52,283.33,-1.00,1,0.00,1,1,0,0.500,LOCAL,,0,CLOUD,LOCAL,1,0,started
2026-04-20 15:01:47,667,190.27,228.34,66.67,60.44,190.27,0.00,stable,128.63,199.92,-1.00,1,0.00,1,1,0,0.500,LOCAL,,0,LOCAL,LOCAL,0,0,none
2026-04-20 15:01:49,668,17.77,1591.92,66.50,63.17,190.27,-172.50,down,519.38,180.97,-1.00,1,0.00,1,1,1,1.000,CLOUD,CLOUD,1,LOCAL,LOCAL,0,0,none
2026-04-20 15:01:51,669,17.77,1591.92,66.64,66.36,17.77,0.00,stable,910.13,185.59,-1.00,1,0.00,1,1,1,1.000,CLOUD,CLOUD,2,LOCAL,LOCAL,0,0,none
2026-04-20 15:01:53,670,17.77,1591.92,66.58,69.42,17.77,0.00,stable,1251.02,213.53,-1.00,1,0.00,1,1,1,1.000,CLOUD,,0,LOCAL,CLOUD,1,0,started
2026-04-20 15:01:56,671,33.19,0.00,66.64,60.56,17.77,15.42,up,1193.94,180.69,-1.00,1,50.00,0,0,1,0.987,CLOUD,,0,CLOUD,CLOUD,0,0,none
2026-04-20 15:01:58,672,33.19,0.00,66.22,60.67,33.19,0.00,stable,795.96,180.69,-1.00,1,50.00,0,0,1,0.974,CLOUD,,0,CLOUD,CLOUD,0,0,none
2026-04-20 15:02:00,673,314.77,130.69,66.03,60.67,33.19,281.59,up,430.65,180.69,-1.00,1,0.00,0,1,0,0.500,LOCAL,LOCAL,1,CLOUD,CLOUD,0,0,none
2026-04-20 15:02:02,674,314.77,130.69,66.06,60.67,314.77,0.00,stable,65.35,180.69,-1.00,1,0.00,0,1,0,0.500,LOCAL,LOCAL,2,CLOUD,CLOUD,0,0,none
2026-04-20 15:02:04,675,132.63,72.22,66.14,60.61,314.77,-182.14,down,83.40,180.69,-1.00,1,0.00,1,0,0,0.500,LOCAL,,0,CLOUD,LOCAL,1,0,started
2026-04-20 15:02:06,676,48.23,102.37,66.64,60.85,132.63,-84.40,down,108.99,180.69,-1.00,1,0.00,1,1,1,0.974,CLOUD,CLOUD,1,LOCAL,LOCAL,0,0,none
2026-04-20 15:02:08,677,48.23,102.37,66.26,63.68,48.23,0.00,stable,101.91,180.69,-1.00,1,0.00,1,1,1,0.953,CLOUD,CLOUD,2,LOCAL,LOCAL,0,0,none
2026-04-20 15:02:10,678,90.39,309.22,66.42,65.72,48.23,42.15,up,146.54,204.09,-1.00,1,0.00,1,1,1,0.669,CLOUD,,0,LOCAL,CLOUD,1,0,started
2026-04-20 15:02:12,679,90.39,309.22,66.69,60.54,90.39,0.00,stable,205.79,249.20,-1.00,1,0.00,1,1,1,0.758,CLOUD,,0,CLOUD,CLOUD,0,0,none
2026-04-20 15:02:14,680,357.46,138.67,66.06,60.76,90.39,267.08,up,214.87,249.20,-1.00,1,0.00,0,1,0,0.500,LOCAL,LOCAL,1,CLOUD,CLOUD,0,0,none
2026-04-20 15:02:16,681,357.46,138.67,66.06,60.66,357.46,0.00,stable,223.95,249.20,-1.00,1,0.00,0,1,0,0.500,LOCAL,LOCAL,2,CLOUD,CLOUD,0,0,none
2026-04-20 15:02:18,682,30.94,168.37,66.14,60.65,357.46,-326.52,down,188.73,249.20,-1.00,1,0.00,1,1,1,0.994,CLOUD,,0,CLOUD,CLOUD,0,0,none
2026-04-20 15:02:20,683,30.94,168.37,66.14,60.67,30.94,0.00,stable,153.52,249.20,-1.00,1,0.00,1,1,1,0.994,CLOUD,,0,CLOUD,CLOUD,0,0,none
2026-04-20 15:02:22,684,28.24,225.54,66.25,60.64,30.94,-2.71,stable,175.24,249.20,-1.00,1,0.00,1,1,1,0.997,CLOUD,,0,CLOUD,CLOUD,0,0,none
2026-04-20 15:02:26,685,48.00,103.87,65.96,60.74,28.24,19.77,up,166.54,249.20,-1.00,1,0.00,1,1,1,0.929,CLOUD,,0,CLOUD,CLOUD,0,0,none
2026-04-20 15:02:28,686,48.00,103.87,66.25,60.68,48.00,0.00,stable,150.41,249.20,-1.00,1,0.00,1,1,1,0.954,CLOUD,,0,CLOUD,CLOUD,0,0,none
2026-04-20 15:02:33,687,64.07,23.88,65.94,60.81,48.00,16.06,up,114.29,249.20,-1.00,1,0.00,1,0,1,0.571,CLOUD,,0,CLOUD,CLOUD,0,0,none
2026-04-20 15:02:35,688,64.07,23.88,66.09,59.93,64.07,0.00,stable,63.88,249.20,-1.00,1,0.00,1,0,1,0.630,CLOUD,,0,CLOUD,CLOUD,0,0,none
2026-04-20 15:02:37,689,299.12,63.17,66.08,59.97,64.07,235.05,up,53.70,249.20,-1.00,1,0.00,0,0,0,0.500,LOCAL,LOCAL,1,CLOUD,CLOUD,0,0,none
2026-04-20 15:02:39,690,299.12,63.17,66.00,59.97,299.12,0.00,stable,43.53,249.20,-1.00,1,0.00,0,0,0,0.500,LOCAL,LOCAL,2,CLOUD,CLOUD,0,0,none
2026-04-20 15:02:41,691,71.25,79.92,66.14,59.97,299.12,-227.87,down,57.54,249.20,-1.00,1,0.00,1,0,1,0.584,CLOUD,,0,CLOUD,CLOUD,0,0,none
2026-04-20 15:02:43,692,24.97,108.90,66.03,59.94,71.25,-46.28,down,78.79,249.20,-1.00,1,0.00,1,1,1,0.994,CLOUD,,0,CLOUD,CLOUD,0,0,none
2026-04-20 15:02:45,693,24.97,108.90,66.05,59.97,24.97,0.00,stable,90.22,249.20,-1.00,1,0.00,1,1,1,0.994,CLOUD,,0,CLOUD,CLOUD,0,0,none
2026-04-20 15:02:47,694,60.42,66.70,66.25,59.91,24.97,35.45,up,91.10,249.20,-1.00,1,0.00,1,0,1,0.817,CLOUD,,0,CLOUD,CLOUD,0,0,none
2026-04-20 15:02:49,695,60.42,66.70,66.06,59.97,60.42,0.00,stable,87.80,249.20,-1.00,1,0.00,1,0,1,0.765,CLOUD,,0,CLOUD,CLOUD,0,0,none
2026-04-20 15:02:52,696,63.32,235.86,65.79,60.08,60.42,2.90,stable,119.54,249.20,-1.00,1,0.00,1,1,1,0.861,CLOUD,,0,CLOUD,CLOUD,0,0,none
2026-04-20 15:02:54,697,63.32,235.86,66.12,59.97,63.32,0.00,stable,151.28,249.20,-1.00,1,0.00,1,1,1,0.912,CLOUD,,0,CLOUD,CLOUD,0,0,none
2026-04-20 15:02:56,698,95.74,53.36,66.06,59.97,63.32,32.42,up,147.94,249.20,-1.00,1,0.00,1,0,0,0.500,LOCAL,LOCAL,1,CLOUD,CLOUD,0,0,none
2026-04-20 15:02:58,699,95.74,53.36,66.00,59.97,95.74,0.00,stable,144.61,249.20,-1.00,1,0.00,1,0,0,0.500,LOCAL,LOCAL,2,CLOUD,CLOUD,0,0,none
2026-04-20 15:03:00,700,253.39,54.16,66.03,59.97,95.74,157.65,up,99.18,249.20,-1.00,1,0.00,0,0,0,0.500,LOCAL,,0,CLOUD,LOCAL,1,0,started
2026-04-20 15:03:02,701,253.39,54.16,66.64,60.85,253.39,0.00,stable,53.76,249.20,-1.00,1,0.00,0,0,0,0.500,LOCAL,,0,LOCAL,LOCAL,0,0,none
2026-04-20 15:03:04,702,144.28,91.21,66.64,63.64,253.39,-109.11,down,63.22,165.05,-1.00,1,0.00,1,0,0,0.500,LOCAL,,0,LOCAL,LOCAL,0,0,none
2026-04-20 15:03:06,703,144.28,91.21,66.61,66.74,144.28,0.00,stable,72.68,197.03,-1.00,1,0.00,1,0,0,0.500,LOCAL,,0,LOCAL,LOCAL,0,0,none
2026-04-20 15:03:08,704,144.28,91.21,66.61,69.60,144.28,0.00,stable,81.94,186.73,-1.00,1,0.00,1,0,0,0.500,LOCAL,,0,LOCAL,LOCAL,0,0,none
2026-04-20 15:03:10,705,104.31,3.80,66.56,72.72,144.28,-39.97,down,69.35,206.45,-1.00,1,25.00,0,0,0,0.500,LOCAL,,0,LOCAL,LOCAL,0,0,none
2026-04-20 15:03:12,706,63.64,532.20,66.64,73.35,104.31,-40.66,down,179.60,221.90,-1.00,0,0.00,1,1,1,0.996,CLOUD,CLOUD,1,LOCAL,LOCAL,0,0,none
2026-04-20 15:03:14,707,63.64,532.20,66.67,63.13,63.64,0.00,stable,289.85,182.94,-1.00,1,0.00,1,1,1,0.996,CLOUD,CLOUD,2,LOCAL,LOCAL,0,0,none
2026-04-20 15:03:16,708,63.64,532.20,66.36,59.94,63.64,0.00,stable,400.10,241.97,-1.00,1,0.00,1,1,1,0.994,CLOUD,,0,LOCAL,CLOUD,1,0,started
2026-04-20 15:03:18,709,63.64,532.20,66.67,60.49,63.64,0.00,stable,532.20,190.07,-1.00,1,0.00,1,1,1,0.996,CLOUD,,0,CLOUD,CLOUD,0,0,none
2026-04-20 15:03:20,710,16.60,0.00,66.53,60.64,63.64,-47.04,down,399.15,190.07,-1.00,1,75.00,0,0,1,0.997,CLOUD,,0,CLOUD,CLOUD,0,0,none
2026-04-20 15:03:22,711,85.60,73.42,66.15,60.71,16.60,69.00,up,284.45,190.07,-1.00,1,0.00,1,0,0,0.500,LOCAL,LOCAL,1,CLOUD,CLOUD,0,0,none
2026-04-20 15:03:24,712,85.60,73.42,66.23,60.65,85.60,0.00,stable,169.76,190.07,-1.00,1,0.00,1,0,0,0.500,LOCAL,LOCAL,2,CLOUD,CLOUD,0,0,none
2026-04-20 15:03:28,713,85.50,215.08,65.91,60.73,85.60,-0.11,stable,90.48,190.07,-1.00,1,0.00,1,1,0,0.500,LOCAL,,0,CLOUD,LOCAL,1,0,started
2026-04-20 15:03:31,714,85.50,215.08,66.57,60.76,85.50,0.00,stable,144.25,180.65,-1.00,1,0.00,1,1,1,0.663,CLOUD,CLOUD,1,LOCAL,LOCAL,0,0,none
2026-04-20 15:03:33,715,62.38,539.20,66.61,63.12,85.50,-23.12,down,260.70,166.92,-1.00,1,0.00,1,1,1,0.997,CLOUD,CLOUD,2,LOCAL,LOCAL,0,0,none
2026-04-20 15:03:35,716,62.38,539.20,66.61,66.41,62.38,0.00,stable,377.14,216.33,-1.00,1,0.00,1,1,1,0.997,CLOUD,,0,LOCAL,CLOUD,1,0,started
2026-04-20 15:03:37,717,62.38,539.20,66.64,60.46,62.38,0.00,stable,458.17,279.89,-1.00,1,0.00,1,1,1,0.997,CLOUD,,0,CLOUD,CLOUD,0,0,none
2026-04-20 15:03:39,718,36.03,4.10,66.42,60.67,62.38,-26.35,down,405.42,279.89,-1.00,1,50.00,0,0,1,0.976,CLOUD,,0,CLOUD,CLOUD,0,0,none
2026-04-20 15:03:41,719,36.03,4.10,66.09,60.66,36.03,0.00,stable,271.65,279.89,-1.00,1,50.00,0,0,1,0.960,CLOUD,,0,CLOUD,CLOUD,0,0,none
2026-04-20 15:03:43,720,121.46,242.50,66.06,60.64,36.03,85.43,up,197.47,279.89,-1.00,1,0.00,1,1,0,0.500,LOCAL,LOCAL,1,CLOUD,CLOUD,0,0,none
2026-04-20 15:03:48,721,60.20,137.46,65.90,60.77,121.46,-61.26,down,97.04,279.89,-1.00,1,0.00,1,1,1,0.822,CLOUD,,0,CLOUD,CLOUD,0,0,none
2026-04-20 15:03:50,722,60.20,137.46,66.01,60.67,60.20,0.00,stable,130.38,279.89,-1.00,1,0.00,1,1,1,0.845,CLOUD,,0,CLOUD,CLOUD,0,0,none
2026-04-20 15:03:57,723,109.69,109.38,65.89,60.73,60.20,49.49,up,156.70,279.89,-1.00,1,0.00,1,1,0,0.500,LOCAL,LOCAL,1,CLOUD,CLOUD,0,0,none
2026-04-20 15:03:59,724,109.69,109.38,66.09,59.96,109.69,0.00,stable,123.42,279.89,-1.00,1,0.00,1,1,0,0.500,LOCAL,LOCAL,2,CLOUD,CLOUD,0,0,none
2026-04-20 15:04:02,725,184.90,285.08,65.98,60.07,109.69,75.21,up,160.33,279.89,-1.00,1,0.00,1,1,0,0.500,LOCAL,,0,CLOUD,LOCAL,1,0,started
2026-04-20 15:04:04,726,184.90,285.08,66.59,60.74,184.90,0.00,stable,197.23,279.89,-1.00,1,0.00,1,1,0,0.500,LOCAL,,0,LOCAL,LOCAL,0,0,none
2026-04-20 15:04:06,727,93.01,51.57,66.58,63.12,184.90,-91.89,down,182.78,168.00,-1.00,1,0.00,1,0,0,0.500,LOCAL,,0,LOCAL,LOCAL,0,0,none
2026-04-20 15:04:08,728,93.01,51.57,66.64,66.37,93.01,0.00,stable,168.33,196.85,-1.00,1,0.00,1,0,0,0.500,LOCAL,,0,LOCAL,LOCAL,0,0,none
2026-04-20 15:04:10,729,205.33,388.35,66.64,69.56,93.01,112.32,up,194.14,171.04,-1.00,1,0.00,0,1,0,0.500,LOCAL,,0,LOCAL,LOCAL,0,0,none
2026-04-20 15:04:12,730,205.33,388.35,66.64,72.23,205.33,0.00,stable,219.96,177.92,-1.00,1,0.00,0,1,0,0.500,LOCAL,,0,LOCAL,LOCAL,0,0,none
2026-04-20 15:04:14,731,205.33,388.35,66.61,73.30,205.33,0.00,stable,304.15,165.64,-1.00,1,0.00,0,1,0,0.500,LOCAL,,0,LOCAL,LOCAL,0,0,none
2026-04-20 15:04:16,732,205.33,388.35,66.56,69.27,205.33,0.00,stable,388.35,156.52,-1.00,1,0.00,0,1,0,0.500,LOCAL,,0,LOCAL,LOCAL,0,0,none
2026-04-20 15:04:18,733,10.43,0.00,66.53,59.91,205.33,-194.90,down,291.26,176.41,-1.00,1,50.00,0,0,1,0.998,CLOUD,CLOUD,1,LOCAL,LOCAL,0,0,none
2026-04-20 15:04:20,734,10.43,0.00,66.61,59.91,10.43,0.00,stable,194.17,158.01,-1.00,1,50.00,0,0,1,0.999,CLOUD,CLOUD,2,LOCAL,LOCAL,0,0,none
2026-04-20 15:04:22,735,10.43,0.00,66.39,59.91,10.43,0.00,stable,97.09,135.80,-1.00,1,50.00,0,0,1,0.998,CLOUD,,0,LOCAL,CLOUD,1,0,started
2026-04-20 15:04:24,736,1764.37,60.84,66.72,60.54,10.43,1753.94,up,15.21,135.80,-1.00,1,25.00,0,0,0,0.500,LOCAL,LOCAL,1,CLOUD,CLOUD,0,0,none
2026-04-20 15:04:26,737,1764.37,60.84,66.39,60.64,1764.37,0.00,stable,30.42,135.80,-1.00,1,25.00,0,0,0,0.500,LOCAL,LOCAL,2,CLOUD,CLOUD,0,0,none
2026-04-20 15:04:28,738,57.82,250.54,66.19,60.69,1764.37,-1706.55,down,93.06,135.80,-1.00,1,0.00,1,1,1,0.958,CLOUD,,0,CLOUD,CLOUD,0,0,none
2026-04-20 15:04:30,739,57.82,250.54,65.97,60.70,57.82,0.00,stable,155.69,135.80,-1.00,1,0.00,1,1,1,0.941,CLOUD,,0,CLOUD,CLOUD,0,0,none
2026-04-20 15:04:38,740,179.40,38.48,65.77,60.72,57.82,121.58,up,150.10,135.80,-1.00,1,0.00,1,0,0,0.500,LOCAL,LOCAL,1,CLOUD,CLOUD,0,0,none
2026-04-20 15:04:40,741,179.40,38.48,66.28,60.70,179.40,0.00,stable,144.51,135.80,-1.00,1,0.00,1,0,0,0.500,LOCAL,LOCAL,2,CLOUD,CLOUD,0,0,none
2026-04-20 15:04:48,742,124.00,39.46,65.82,60.08,179.40,-55.40,down,91.74,135.80,-1.00,1,0.00,1,0,0,0.500,LOCAL,,0,CLOUD,LOCAL,1,0,started
2026-04-20 15:04:50,743,124.00,39.46,66.64,60.76,124.00,0.00,stable,38.97,195.71,-1.00,1,0.00,1,0,0,0.500,LOCAL,,0,LOCAL,LOCAL,0,0,none
2026-04-20 15:04:52,744,124.00,39.46,66.47,63.93,124.00,0.00,stable,39.21,185.74,-1.00,1,0.00,1,0,0,0.500,LOCAL,,0,LOCAL,LOCAL,0,0,none
2026-04-20 15:04:54,745,17.10,6.49,66.61,66.67,124.00,-106.90,down,31.22,169.10,-1.00,1,25.00,0,0,1,0.997,CLOUD,CLOUD,1,LOCAL,LOCAL,0,0,none
2026-04-20 15:04:56,746,17.10,6.49,66.58,69.66,17.10,0.00,stable,22.98,189.92,-1.00,1,25.00,0,0,1,0.997,CLOUD,CLOUD,2,LOCAL,LOCAL,0,0,none
2026-04-20 15:04:58,747,17.10,6.49,66.61,72.44,17.10,0.00,stable,14.74,173.95,-1.00,0,25.00,0,0,1,0.997,CLOUD,,0,LOCAL,CLOUD,1,0,started
2026-04-20 15:05:00,748,71.45,7.74,66.67,60.51,17.10,54.36,up,6.81,210.40,-1.00,1,75.00,0,0,1,0.642,CLOUD,,0,CLOUD,CLOUD,0,0,none
2026-04-20 15:05:06,749,200.39,112.14,65.94,60.70,71.45,128.94,up,33.22,210.40,-1.00,1,0.00,0,1,0,0.500,LOCAL,LOCAL,1,CLOUD,CLOUD,0,0,none
2026-04-20 15:05:08,750,200.39,112.14,66.06,60.64,200.39,0.00,stable,59.63,210.40,-1.00,1,0.00,0,1,0,0.500,LOCAL,LOCAL,2,CLOUD,CLOUD,0,0,none
2026-04-20 15:05:12,751,91.28,44.91,65.90,60.73,200.39,-109.12,down,69.24,210.40,-1.00,1,0.00,1,0,0,0.500,LOCAL,,0,CLOUD,LOCAL,1,0,started
2026-04-20 15:05:14,752,91.28,44.91,66.64,60.67,91.28,0.00,stable,78.53,185.38,-1.00,1,0.00,1,0,0,0.500,LOCAL,,0,LOCAL,LOCAL,0,0,none
2026-04-20 15:05:16,753,91.28,44.91,66.61,63.32,91.28,0.00,stable,61.72,185.11,-1.00,1,0.00,1,0,0,0.500,LOCAL,,0,LOCAL,LOCAL,0,0,none
2026-04-20 15:05:18,754,83.94,7.83,66.53,66.33,91.28,-7.34,stable,35.64,180.66,-1.00,1,50.00,0,0,0,0.500,LOCAL,,0,LOCAL,LOCAL,0,0,none
2026-04-20 15:05:20,755,83.94,7.83,66.56,69.35,83.94,0.00,stable,26.37,201.55,-1.00,1,50.00,0,0,0,0.500,LOCAL,,0,LOCAL,LOCAL,0,0,none
2026-04-20 15:05:22,756,174.14,1320.26,66.50,72.30,83.94,90.20,up,345.21,199.87,-1.00,1,0.00,1,1,1,0.634,CLOUD,CLOUD,1,LOCAL,LOCAL,0,0,none
2026-04-20 15:05:24,757,42.13,248.23,66.64,73.34,174.14,-132.01,down,396.04,208.49,-1.00,1,0.00,1,1,1,0.995,CLOUD,CLOUD,2,LOCAL,LOCAL,0,0,none
2026-04-20 15:05:26,758,42.13,248.23,66.67,69.26,42.13,0.00,stable,456.14,245.30,-1.00,1,0.00,1,1,1,0.996,CLOUD,,0,LOCAL,CLOUD,1,0,started
2026-04-20 15:05:28,759,44.36,1376.65,66.74,60.52,42.13,2.23,stable,798.34,199.42,-1.00,1,0.00,1,1,1,1.000,CLOUD,,0,CLOUD,CLOUD,0,0,none
2026-04-20 15:05:30,760,30.51,2439.44,66.39,60.65,44.36,-13.85,down,1078.13,199.42,-1.00,1,0.00,1,1,1,1.000,CLOUD,,0,CLOUD,CLOUD,0,0,none
2026-04-20 15:05:32,761,30.51,2439.44,66.17,60.68,30.51,0.00,stable,1625.94,199.42,-1.00,1,0.00,1,1,1,1.000,CLOUD,,0,CLOUD,CLOUD,0,0,none
2026-04-20 15:05:34,762,80.08,60.60,66.03,60.68,30.51,49.57,up,1579.03,199.42,-1.00,1,0.00,1,0,0,0.500,LOCAL,LOCAL,1,CLOUD,CLOUD,0,0,none
2026-04-20 15:05:36,763,139.50,390.63,66.04,60.77,80.08,59.42,up,1332.52,199.42,-1.00,1,0.00,1,1,0,0.500,LOCAL,LOCAL,2,CLOUD,CLOUD,0,0,none
2026-04-20 15:05:38,764,139.50,390.63,66.20,60.68,139.50,0.00,stable,820.32,199.42,-1.00,1,0.00,1,1,0,0.500,LOCAL,,0,CLOUD,LOCAL,1,0,started
2026-04-20 15:05:40,765,39.72,72.87,66.61,60.82,139.50,-99.78,down,228.68,199.42,-1.00,1,0.00,1,0,1,0.985,CLOUD,CLOUD,1,LOCAL,LOCAL,0,0,none
2026-04-20 15:05:42,766,39.72,72.87,66.64,63.08,39.72,0.00,stable,231.75,199.42,-1.00,1,0.00,1,0,1,0.986,CLOUD,CLOUD,2,LOCAL,LOCAL,0,0,none
2026-04-20 15:05:44,767,63.95,177.66,66.42,66.01,39.72,24.23,up,178.51,278.02,-1.00,1,0.00,1,1,1,0.909,CLOUD,,0,LOCAL,CLOUD,1,0,started
2026-04-20 15:05:49,768,35.99,88.62,66.45,60.74,63.95,-27.97,down,103.00,278.02,-1.00,1,0.00,1,0,1,0.988,CLOUD,,0,CLOUD,CLOUD,0,0,none
2026-04-20 15:05:51,769,35.99,88.62,66.15,60.69,35.99,0.00,stable,106.94,278.02,-1.00,1,0.00,1,0,1,0.981,CLOUD,,0,CLOUD,CLOUD,0,0,none
2026-04-20 15:05:59,770,282.84,146.73,65.85,60.90,35.99,246.85,up,125.41,278.02,-1.00,1,0.00,0,1,0,0.500,LOCAL,LOCAL,1,CLOUD,CLOUD,0,0,none
2026-04-20 15:06:01,771,282.84,146.73,66.06,60.68,282.84,0.00,stable,117.68,278.02,-1.00,1,0.00,0,1,0,0.500,LOCAL,LOCAL,2,CLOUD,CLOUD,0,0,none
2026-04-20 15:06:03,772,151.75,27.96,66.11,60.68,282.84,-131.08,down,102.51,278.02,-1.00,1,0.00,1,0,0,0.500,LOCAL,,0,CLOUD,LOCAL,1,0,started
2026-04-20 15:06:05,773,151.75,27.96,66.59,60.89,151.75,0.00,stable,87.35,278.02,-1.00,1,0.00,1,0,0,0.500,LOCAL,,0,LOCAL,LOCAL,0,0,none
2026-04-20 15:06:11,774,304.44,103.36,66.49,69.45,151.75,152.68,up,76.51,278.02,-1.00,1,0.00,0,1,0,0.500,LOCAL,,0,LOCAL,LOCAL,0,0,none
2026-04-20 15:06:13,775,304.44,103.36,66.31,71.56,304.44,0.00,stable,65.66,278.02,-1.00,1,0.00,0,1,0,0.500,LOCAL,,0,LOCAL,LOCAL,0,0,none
2026-04-20 15:06:15,776,79.19,43.37,66.56,73.14,304.44,-225.24,down,69.52,191.17,-1.00,1,0.00,1,0,0,0.500,LOCAL,,0,LOCAL,LOCAL,0,0,none
2026-04-20 15:06:17,777,79.19,43.37,66.72,71.52,79.19,0.00,stable,73.37,162.83,-1.00,1,0.00,1,0,1,0.546,CLOUD,CLOUD,1,LOCAL,LOCAL,0,0,none
2026-04-20 15:06:19,778,172.25,1628.62,66.56,59.94,79.19,93.06,up,454.68,184.34,-1.00,1,0.00,1,1,1,0.964,CLOUD,CLOUD,2,LOCAL,LOCAL,0,0,none
2026-04-20 15:06:21,779,172.25,1628.62,66.64,59.94,172.25,0.00,stable,836.00,252.17,-1.00,1,0.00,1,1,1,0.969,CLOUD,,0,LOCAL,CLOUD,1,0,started
2026-04-20 15:06:23,780,172.25,1628.62,66.62,60.55,172.25,0.00,stable,1232.31,252.17,-1.00,1,0.00,1,1,1,0.967,CLOUD,,0,CLOUD,CLOUD,0,0,none
2026-04-20 15:06:25,781,22.33,0.00,66.33,60.65,172.25,-149.92,down,1221.46,252.17,-1.00,1,25.00,0,0,1,0.993,CLOUD,,0,CLOUD,CLOUD,0,0,none
2026-04-20 15:06:27,782,22.33,0.00,65.92,60.65,22.33,0.00,stable,814.31,252.17,-1.00,1,25.00,0,0,1,0.986,CLOUD,,0,CLOUD,CLOUD,0,0,none
2026-04-20 15:06:32,783,1555.82,134.92,65.80,60.81,22.33,1533.50,up,440.88,252.17,-1.00,1,0.00,0,1,0,0.500,LOCAL,LOCAL,1,CLOUD,CLOUD,0,0,none
2026-04-20 15:06:34,784,1555.82,134.92,66.17,60.68,1555.82,0.00,stable,67.46,252.17,-1.00,1,0.00,0,1,0,0.500,LOCAL,LOCAL,2,CLOUD,CLOUD,0,0,none
2026-04-20 15:06:36,785,35.75,221.49,66.17,60.67,1555.82,-1520.08,down,122.83,252.17,-1.00,1,0.00,1,1,1,0.994,CLOUD,,0,CLOUD,CLOUD,0,0,none
2026-04-20 15:06:38,786,35.75,221.49,66.25,60.68,35.75,0.00,stable,178.20,252.17,-1.00,1,0.00,1,1,1,0.995,CLOUD,,0,CLOUD,CLOUD,0,0,none
2026-04-20 15:06:40,787,64.05,149.21,66.06,60.67,35.75,28.30,up,181.78,252.17,-1.00,1,0.00,1,1,1,0.814,CLOUD,,0,CLOUD,CLOUD,0,0,none
2026-04-20 15:06:42,788,64.05,149.21,66.19,60.66,64.05,0.00,stable,185.35,252.17,-1.00,1,0.00,1,1,1,0.846,CLOUD,,0,CLOUD,CLOUD,0,0,none
2026-04-20 15:06:44,789,52.26,331.49,66.08,60.68,64.05,-11.79,down,212.85,252.17,-1.00,1,0.00,1,1,1,0.985,CLOUD,,0,CLOUD,CLOUD,0,0,none
2026-04-20 15:06:46,790,100.30,247.12,66.14,59.99,52.26,48.04,up,219.26,252.17,-1.00,1,0.00,1,1,0,0.500,LOCAL,LOCAL,1,CLOUD,CLOUD,0,0,none
2026-04-20 15:06:48,791,100.30,247.12,66.03,59.99,100.30,0.00,stable,243.73,252.17,-1.00,1,0.00,1,1,0,0.500,LOCAL,LOCAL,2,CLOUD,CLOUD,0,0,none
2026-04-20 15:06:50,792,50.06,1892.10,66.08,59.96,100.30,-50.24,down,679.45,252.17,-1.00,0,0.00,1,1,1,1.000,CLOUD,,0,CLOUD,CLOUD,0,0,none
2026-04-20 15:06:52,793,67.71,93.52,66.08,59.99,50.06,17.65,up,619.96,252.17,-1.00,0,0.00,1,0,1,0.671,CLOUD,,0,CLOUD,CLOUD,0,0,none
2026-04-20 15:06:54,794,67.71,93.52,66.14,59.98,67.71,0.00,stable,581.57,252.17,-1.00,1,0.00,1,0,1,0.690,CLOUD,,0,CLOUD,CLOUD,0,0,none
2026-04-20 15:06:56,795,54.12,224.26,66.06,59.97,67.71,-13.59,down,575.85,252.17,-1.00,1,0.00,1,1,1,0.956,CLOUD,,0,CLOUD,CLOUD,0,0,none
2026-04-20 15:06:58,796,54.12,224.26,66.14,59.99,54.12,0.00,stable,158.89,252.17,-1.00,1,0.00,1,1,1,0.961,CLOUD,,0,CLOUD,CLOUD,0,0,none
2026-04-20 15:07:00,797,54.91,221.24,65.95,59.98,54.12,0.79,stable,190.82,252.17,-1.00,1,0.00,1,1,1,0.942,CLOUD,,0,CLOUD,CLOUD,0,0,none
2026-04-20 15:07:02,798,87.06,169.32,66.14,59.96,54.91,32.16,up,209.77,252.17,-1.00,1,0.00,1,1,0,0.500,LOCAL,LOCAL,1,CLOUD,CLOUD,0,0,none
2026-04-20 15:07:04,799,87.06,169.32,66.17,59.99,87.06,0.00,stable,196.03,252.17,-1.00,1,0.00,1,1,0,0.500,LOCAL,LOCAL,2,CLOUD,CLOUD,0,0,none
2026-04-20 15:07:06,800,85.32,148.73,66.36,59.98,87.06,-1.74,stable,177.15,252.17,-1.00,1,0.00,1,1,0,0.500,LOCAL,,0,CLOUD,LOCAL,1,0,started
2026-04-20 15:07:08,801,48.42,1721.80,66.62,60.43,85.32,-36.90,down,552.29,276.47,-1.00,1,0.00,1,1,1,1.000,CLOUD,CLOUD,1,LOCAL,LOCAL,0,0,none
2026-04-20 15:07:10,802,48.42,1721.80,66.67,63.50,48.42,0.00,stable,940.41,176.28,-1.00,1,0.00,1,1,1,1.000,CLOUD,CLOUD,2,LOCAL,LOCAL,0,0,none
2026-04-20 15:07:12,803,63.98,774.05,66.58,66.49,48.42,15.56,up,1091.60,188.27,-1.00,1,0.00,1,1,1,0.999,CLOUD,,0,LOCAL,CLOUD,1,0,started
2026-04-20 15:07:14,804,63.98,774.05,66.69,60.52,63.98,0.00,stable,1247.93,260.91,-1.00,1,0.00,1,1,1,0.999,CLOUD,,0,CLOUD,CLOUD,0,0,none
2026-04-20 15:07:16,805,103.27,54.35,66.42,60.65,63.98,39.29,up,831.06,260.91,-1.00,1,0.00,1,0,0,0.500,LOCAL,LOCAL,1,CLOUD,CLOUD,0,0,none
2026-04-20 15:07:21,806,140.90,41.01,65.84,60.87,103.27,37.64,up,410.87,260.91,-1.00,1,0.00,1,0,0,0.500,LOCAL,LOCAL,2,CLOUD,CLOUD,0,0,none
2026-04-20 15:07:23,807,140.90,41.01,66.20,60.68,140.90,0.00,stable,227.61,260.91,-1.00,1,0.00,1,0,0,0.500,LOCAL,,0,CLOUD,LOCAL,1,0,started
2026-04-20 15:07:25,808,140.90,41.01,66.67,60.84,140.90,0.00,stable,44.34,260.91,-1.00,1,0.00,1,0,0,0.500,LOCAL,,0,LOCAL,LOCAL,0,0,none
2026-04-20 15:07:33,809,69.94,6.96,66.37,72.04,140.90,-70.96,down,32.50,260.91,-1.00,1,0.00,1,0,1,0.561,CLOUD,CLOUD,1,LOCAL,LOCAL,0,0,none
2026-04-20 15:07:35,810,69.94,6.96,66.53,73.09,69.94,0.00,stable,23.98,180.38,-1.00,1,0.00,1,0,1,0.625,CLOUD,CLOUD,2,LOCAL,LOCAL,0,0,none
2026-04-20 15:07:37,811,35.42,313.12,66.61,71.09,69.94,-34.52,down,92.01,236.00,-1.00,1,0.00,1,1,1,0.999,CLOUD,,0,LOCAL,CLOUD,1,0,started
2026-04-20 15:07:39,812,35.42,313.12,66.71,60.52,35.42,0.00,stable,160.04,236.00,-1.00,1,0.00,1,1,1,0.999,CLOUD,,0,CLOUD,CLOUD,0,0,none
2026-04-20 15:07:41,813,64.33,40.43,66.36,60.67,35.42,28.91,up,168.41,236.00,-1.00,1,0.00,1,0,1,0.744,CLOUD,,0,CLOUD,CLOUD,0,0,none
2026-04-20 15:07:45,814,84.24,30.97,65.91,60.70,64.33,19.91,up,174.41,236.00,-1.00,1,0.00,1,0,0,0.500,LOCAL,LOCAL,1,CLOUD,CLOUD,0,0,none
2026-04-20 15:07:47,815,84.24,30.97,66.03,60.66,84.24,0.00,stable,103.87,236.00,-1.00,1,0.00,1,0,0,0.500,LOCAL,LOCAL,2,CLOUD,CLOUD,0,0,none
2026-04-20 15:07:49,816,296.05,174.55,66.17,60.63,84.24,211.81,up,69.23,236.00,-1.00,1,0.00,0,1,0,0.500,LOCAL,,0,CLOUD,LOCAL,1,0,started
2026-04-20 15:07:51,817,296.05,174.55,66.69,60.45,296.05,0.00,stable,102.76,179.18,-1.00,1,0.00,0,1,0,0.500,LOCAL,,0,LOCAL,LOCAL,0,0,none
2026-04-20 15:07:53,818,43.24,136.40,66.61,63.79,296.05,-252.81,down,129.12,184.16,-1.00,1,0.00,1,1,1,0.987,CLOUD,CLOUD,1,LOCAL,LOCAL,0,0,none
2026-04-20 15:07:55,819,61.66,327.25,66.61,66.75,43.24,18.42,up,203.19,208.72,-1.00,1,0.00,1,1,1,0.983,CLOUD,CLOUD,2,LOCAL,LOCAL,0,0,none
2026-04-20 15:07:57,820,61.66,327.25,66.58,69.97,61.66,0.00,stable,241.36,268.12,-1.00,0,0.00,1,1,1,0.982,CLOUD,,0,LOCAL,CLOUD,1,0,started
2026-04-20 15:07:59,821,100.03,77.77,66.57,60.50,61.66,38.37,up,217.17,193.90,-1.00,1,25.00,0,0,0,0.500,LOCAL,LOCAL,1,CLOUD,CLOUD,0,0,none
2026-04-20 15:08:01,822,100.03,77.77,66.45,60.68,100.03,0.00,stable,202.51,193.90,-1.00,1,25.00,0,0,0,0.500,LOCAL,LOCAL,2,CLOUD,CLOUD,0,0,none
2026-04-20 15:08:03,823,103.35,65.58,66.11,60.69,100.03,3.33,stable,137.09,193.90,-1.00,1,0.00,1,0,0,0.500,LOCAL,,0,CLOUD,LOCAL,1,0,started
2026-04-20 15:08:06,824,50.16,1169.92,66.69,61.03,103.35,-53.19,down,347.76,193.90,-1.00,1,0.00,1,1,1,1.000,CLOUD,CLOUD,1,LOCAL,LOCAL,0,0,none
2026-04-20 15:08:08,825,50.16,1169.92,66.61,63.69,50.16,0.00,stable,620.80,167.12,-1.00,1,0.00,1,1,1,1.000,CLOUD,CLOUD,2,LOCAL,LOCAL,0,0,none
2026-04-20 15:08:10,826,51.14,244.44,66.61,66.85,50.16,0.98,stable,662.47,187.36,-1.00,1,0.00,1,1,1,0.988,CLOUD,,0,LOCAL,CLOUD,1,0,started
2026-04-20 15:08:12,827,53.41,140.31,66.62,60.63,51.14,2.26,stable,681.15,268.11,-1.00,1,0.00,1,1,1,0.967,CLOUD,,0,CLOUD,CLOUD,0,0,none
2026-04-20 15:08:14,828,53.41,140.31,66.39,60.66,53.41,0.00,stable,423.75,268.11,-1.00,1,0.00,1,1,1,0.953,CLOUD,,0,CLOUD,CLOUD,0,0,none
2026-04-20 15:08:16,829,80.87,43.58,66.14,60.68,53.41,27.47,up,142.16,268.11,-1.00,1,0.00,1,0,0,0.500,LOCAL,LOCAL,1,CLOUD,CLOUD,0,0,none
2026-04-20 15:08:18,830,80.87,43.58,66.06,60.70,80.87,0.00,stable,91.95,268.11,-1.00,1,0.00,1,0,0,0.500,LOCAL,LOCAL,2,CLOUD,CLOUD,0,0,none
2026-04-20 15:08:20,831,193.99,20.56,66.11,60.68,80.87,113.12,up,62.01,268.11,-1.00,1,0.00,1,0,0,0.500,LOCAL,,0,CLOUD,LOCAL,1,0,started
2026-04-20 15:08:22,832,193.99,20.56,66.75,60.79,193.99,0.00,stable,32.07,268.11,-1.00,1,0.00,1,0,0,0.500,LOCAL,,0,LOCAL,LOCAL,0,0,none
2026-04-20 15:08:24,833,224.78,75.93,66.56,62.88,193.99,30.79,up,40.16,268.11,-1.00,1,0.00,0,0,0,0.500,LOCAL,,0,LOCAL,LOCAL,0,0,none
2026-04-20 15:08:26,834,50.16,290.32,66.53,65.97,224.78,-174.62,down,101.84,202.13,-1.00,1,0.00,1,1,1,0.991,CLOUD,CLOUD,1,LOCAL,LOCAL,0,0,none
2026-04-20 15:08:28,835,50.16,290.32,66.56,69.00,50.16,0.00,stable,169.28,207.99,-1.00,1,0.00,1,1,1,0.992,CLOUD,CLOUD,2,LOCAL,LOCAL,0,0,none
2026-04-20 15:08:30,836,40.25,22.59,66.61,72.32,50.16,-9.91,stable,169.79,240.30,-1.00,1,0.00,1,0,1,0.977,CLOUD,,0,LOCAL,CLOUD,1,0,started
2026-04-20 15:08:32,837,40.25,22.59,66.64,60.60,40.25,0.00,stable,156.46,190.02,-1.00,1,0.00,1,0,1,0.978,CLOUD,,0,CLOUD,CLOUD,0,0,none
2026-04-20 15:08:34,838,87.61,61.98,66.25,60.70,40.25,47.36,up,99.37,190.02,-1.00,1,0.00,1,0,0,0.500,LOCAL,LOCAL,1,CLOUD,CLOUD,0,0,none
2026-04-20 15:08:36,839,104.68,1457.30,66.03,60.67,87.61,17.08,up,391.11,190.02,-1.00,1,0.00,1,1,1,1.000,CLOUD,,0,CLOUD,CLOUD,0,0,none
2026-04-20 15:08:38,840,104.68,1457.30,66.09,60.71,104.68,0.00,stable,749.79,190.02,-1.00,1,0.00,1,1,1,1.000,CLOUD,,0,CLOUD,CLOUD,0,0,none
2026-04-20 15:08:40,841,51.63,102.52,66.14,60.68,104.68,-53.05,down,769.78,190.02,-1.00,1,0.00,1,1,1,0.923,CLOUD,,0,CLOUD,CLOUD,0,0,none
2026-04-20 15:08:42,842,63.83,117.27,66.23,60.77,51.63,12.20,up,783.60,190.02,-1.00,1,0.00,1,1,1,0.820,CLOUD,,0,CLOUD,CLOUD,0,0,none
2026-04-20 15:08:44,843,63.83,117.27,66.01,60.68,63.83,0.00,stable,448.59,190.02,-1.00,1,0.00,1,1,1,0.764,CLOUD,,0,CLOUD,CLOUD,0,0,none
2026-04-20 15:08:46,844,44.61,232.69,66.28,60.71,63.83,-19.22,down,142.44,190.02,-1.00,1,0.00,1,1,1,0.988,CLOUD,,0,CLOUD,CLOUD,0,0,none
2026-04-20 15:08:48,845,44.61,232.69,66.06,60.71,44.61,0.00,stable,174.98,190.02,-1.00,1,0.00,1,1,1,0.984,CLOUD,,0,CLOUD,CLOUD,0,0,none
2026-04-20 15:08:50,846,94.70,77.98,65.92,60.70,44.61,50.09,up,165.16,190.02,-1.00,1,0.00,1,0,0,0.500,LOCAL,LOCAL,1,CLOUD,CLOUD,0,0,none
2026-04-20 15:08:52,847,94.70,77.98,66.06,60.69,94.70,0.00,stable,155.33,190.02,-1.00,1,0.00,1,0,0,0.500,LOCAL,LOCAL,2,CLOUD,CLOUD,0,0,none
2026-04-20 15:08:54,848,312.21,151.05,66.25,60.00,94.70,217.51,up,134.92,190.02,-1.00,1,0.00,0,1,0,0.500,LOCAL,,0,CLOUD,LOCAL,1,0,started
2026-04-20 15:08:57,849,45.53,186.74,66.59,61.10,312.21,-266.68,down,123.44,190.02,-1.00,1,0.00,1,1,1,0.989,CLOUD,CLOUD,1,LOCAL,LOCAL,0,0,none
2026-04-20 15:08:59,850,45.53,186.74,66.39,63.82,45.53,0.00,stable,150.63,169.73,-1.00,1,0.00,1,1,1,0.985,CLOUD,CLOUD,2,LOCAL,LOCAL,0,0,none
2026-04-20 15:09:01,851,29.28,179.07,66.33,66.91,45.53,-16.25,down,175.90,179.20,-1.00,1,0.00,1,1,1,0.996,CLOUD,,0,LOCAL,CLOUD,1,0,started
2026-04-20 15:09:03,852,54.10,97.80,66.67,60.57,29.28,24.81,up,162.59,282.61,-1.00,1,0.00,1,0,1,0.954,CLOUD,,0,CLOUD,CLOUD,0,0,none
2026-04-20 15:09:05,853,54.10,97.80,66.11,60.65,54.10,0.00,stable,140.35,282.61,-1.00,1,0.00,1,0,1,0.896,CLOUD,,0,CLOUD,CLOUD,0,0,none
2026-04-20 15:09:07,854,83.78,154.73,66.08,60.68,54.10,29.69,up,132.35,282.61,-1.00,1,0.00,1,1,0,0.500,LOCAL,LOCAL,1,CLOUD,CLOUD,0,0,none
2026-04-20 15:09:09,855,83.78,154.73,66.09,60.67,83.78,0.00,stable,126.27,282.61,-1.00,1,0.00,1,1,0,0.500,LOCAL,LOCAL,2,CLOUD,CLOUD,0,0,none
2026-04-20 15:09:11,856,133.50,14.56,66.00,60.65,83.78,49.71,up,105.46,282.61,-1.00,1,0.00,1,0,0,0.500,LOCAL,,0,CLOUD,LOCAL,1,0,started
2026-04-20 15:09:13,857,133.50,14.56,66.62,60.76,133.50,0.00,stable,84.65,200.78,-1.00,1,0.00,1,0,0,0.500,LOCAL,,0,LOCAL,LOCAL,0,0,none
2026-04-20 15:09:15,858,95.10,16.57,66.69,63.15,133.50,-38.40,down,50.11,202.87,-1.00,1,25.00,0,0,0,0.500,LOCAL,,0,LOCAL,LOCAL,0,0,none
2026-04-20 15:09:17,859,95.10,16.57,66.56,66.60,95.10,0.00,stable,15.56,210.28,-1.00,1,25.00,0,0,0,0.500,LOCAL,,0,LOCAL,LOCAL,0,0,none
2026-04-20 15:09:19,860,79.54,288.85,66.58,69.50,95.10,-15.56,down,84.14,192.25,-1.00,1,50.00,0,1,1,0.869,CLOUD,CLOUD,1,LOCAL,LOCAL,0,0,none
2026-04-20 15:09:21,861,79.54,288.85,66.50,72.78,79.54,0.00,stable,152.71,186.21,-1.00,1,50.00,0,1,1,0.853,CLOUD,CLOUD,2,LOCAL,LOCAL,0,0,none
2026-04-20 15:09:23,862,79.54,288.85,66.67,73.59,79.54,0.00,stable,220.78,169.37,-1.00,1,50.00,0,1,1,0.883,CLOUD,,0,LOCAL,CLOUD,1,0,started
2026-04-20 15:09:26,863,79.54,288.85,66.64,60.62,79.54,0.00,stable,288.85,238.03,-1.00,1,50.00,0,1,1,0.879,CLOUD,,0,CLOUD,CLOUD,0,0,none
2026-04-20 15:09:28,864,13.49,0.00,66.31,60.71,79.54,-66.05,down,216.64,238.03,-1.00,1,50.00,0,0,1,0.997,CLOUD,,0,CLOUD,CLOUD,0,0,none
2026-04-20 15:09:30,865,13.49,0.00,66.11,60.71,13.49,0.00,stable,144.42,238.03,-1.00,1,50.00,0,0,1,0.996,CLOUD,,0,CLOUD,CLOUD,0,0,none
2026-04-20 15:09:32,866,13.49,0.00,65.95,60.71,13.49,0.00,stable,72.21,238.03,-1.00,1,50.00,0,0,1,0.994,CLOUD,,0,CLOUD,CLOUD,0,0,none
2026-04-20 15:09:36,867,695.68,159.80,65.93,60.73,13.49,682.19,up,39.95,238.03,-1.00,1,25.00,0,1,0,0.500,LOCAL,LOCAL,1,CLOUD,CLOUD,0,0,none
2026-04-20 15:09:38,868,695.68,159.80,65.98,60.70,695.68,0.00,stable,79.90,238.03,-1.00,1,25.00,0,1,0,0.500,LOCAL,LOCAL,2,CLOUD,CLOUD,0,0,none
2026-04-20 15:09:40,869,695.68,159.80,65.92,60.70,695.68,0.00,stable,119.85,238.03,-1.00,1,25.00,0,1,0,0.500,LOCAL,,0,CLOUD,LOCAL,1,0,started
2026-04-20 15:09:43,870,93.30,213.67,66.67,60.41,695.68,-602.39,down,173.27,238.03,-1.00,1,25.00,0,1,1,0.512,CLOUD,CLOUD,1,LOCAL,LOCAL,0,0,none
2026-04-20 15:09:45,871,21.59,1480.19,66.64,62.60,93.30,-71.70,down,503.36,175.51,-1.00,1,0.00,1,1,1,1.000,CLOUD,CLOUD,2,LOCAL,LOCAL,0,0,none
2026-04-20 15:09:47,872,21.59,1480.19,66.61,65.83,21.59,0.00,stable,833.46,224.89,-1.00,1,0.00,1,1,1,1.000,CLOUD,,0,LOCAL,CLOUD,1,0,started
2026-04-20 15:09:49,873,817.36,365.93,66.57,60.59,21.59,795.77,up,884.99,226.05,-1.00,1,0.00,0,1,0,0.500,LOCAL,LOCAL,1,CLOUD,CLOUD,0,0,none
2026-04-20 15:09:51,874,719.29,358.82,66.36,60.68,817.36,-98.07,down,921.28,226.05,-1.00,1,0.00,0,1,0,0.500,LOCAL,LOCAL,2,CLOUD,CLOUD,0,0,none
2026-04-20 15:09:53,875,719.29,358.82,66.17,60.66,719.29,0.00,stable,640.94,226.05,-1.00,1,0.00,0,1,0,0.500,LOCAL,,0,CLOUD,LOCAL,1,0,started
2026-04-20 15:09:55,876,120.85,92.97,66.67,60.81,719.29,-598.44,down,294.14,226.05,-1.00,1,0.00,1,0,0,0.500,LOCAL,,0,LOCAL,LOCAL,0,0,none
2026-04-20 15:09:57,877,120.85,92.97,66.56,63.42,120.85,0.00,stable,225.90,205.70,-1.00,1,0.00,1,0,0,0.500,LOCAL,,0,LOCAL,LOCAL,0,0,none
2026-04-20 15:09:59,878,97.45,80.41,66.61,66.62,120.85,-23.40,down,156.29,201.03,-1.00,1,25.00,0,0,0,0.500,LOCAL,,0,LOCAL,LOCAL,0,0,none
2026-04-20 15:10:01,879,97.45,80.41,66.61,69.60,97.45,0.00,stable,86.69,168.87,-1.00,1,25.00,0,0,0,0.500,LOCAL,,0,LOCAL,LOCAL,0,0,none
2026-04-20 15:10:03,880,97.45,80.41,66.58,72.20,97.45,0.00,stable,83.55,183.56,-1.00,1,25.00,0,0,0,0.500,LOCAL,,0,LOCAL,LOCAL,0,0,none
2026-04-20 15:10:05,881,41.71,0.00,66.61,73.35,97.45,-55.74,down,60.30,292.04,-1.00,1,75.00,0,0,1,0.968,CLOUD,CLOUD,1,LOCAL,LOCAL,0,0,none
2026-04-20 15:10:07,882,41.71,0.00,66.64,70.72,41.71,0.00,stable,40.20,164.52,-1.00,1,75.00,0,0,1,0.969,CLOUD,CLOUD,2,LOCAL,LOCAL,0,0,none
2026-04-20 15:10:09,883,41.71,0.00,66.58,59.97,41.71,0.00,stable,20.10,197.80,-1.00,1,75.00,0,0,1,0.967,CLOUD,,0,LOCAL,CLOUD,1,0,started
2026-04-20 15:10:11,884,0.00,62.99,66.64,60.50,41.71,-41.71,down,15.75,366.63,-1.00,1,100.00,0,0,1,1.000,CLOUD,,0,CLOUD,CLOUD,0,0,none
2026-04-20 15:10:13,885,20.35,2484.96,66.44,60.71,0.00,20.35,up,636.99,366.63,-1.00,1,0.00,1,1,1,1.000,CLOUD,,0,CLOUD,CLOUD,0,0,none
2026-04-20 15:10:15,886,20.35,2484.96,66.06,60.72,20.35,0.00,stable,1258.23,366.63,-1.00,1,0.00,1,1,1,1.000,CLOUD,,0,CLOUD,CLOUD,0,0,none
2026-04-20 15:10:17,887,60.46,156.82,66.22,60.71,20.35,40.11,up,1297.43,366.63,-1.00,1,0.00,1,1,1,0.897,CLOUD,,0,CLOUD,CLOUD,0,0,none
2026-04-20 15:10:21,888,83.77,66.05,65.94,60.86,60.46,23.31,up,1298.20,366.63,-1.00,1,0.00,1,0,0,0.500,LOCAL,LOCAL,1,CLOUD,CLOUD,0,0,none
2026-04-20 15:10:23,889,83.77,66.05,66.07,60.72,83.77,0.00,stable,693.47,366.63,-1.00,1,0.00,1,0,0,0.500,LOCAL,LOCAL,2,CLOUD,CLOUD,0,0,none
2026-04-20 15:10:25,890,48.58,260.67,66.17,60.71,83.77,-35.19,down,137.40,366.63,-1.00,1,0.00,1,1,1,0.984,CLOUD,,0,CLOUD,CLOUD,0,0,none
2026-04-20 15:10:27,891,48.58,260.67,66.09,60.69,48.58,0.00,stable,163.36,366.63,-1.00,1,0.00,1,1,1,0.981,CLOUD,,0,CLOUD,CLOUD,0,0,none
2026-04-20 15:10:29,892,127.56,144.59,66.14,60.73,48.58,78.98,up,182.99,366.63,-1.00,1,0.00,1,1,0,0.500,LOCAL,LOCAL,1,CLOUD,CLOUD,0,0,none
2026-04-20 15:10:31,893,72.56,231.47,66.14,60.69,127.56,-55.00,down,224.35,366.63,-1.00,1,0.00,1,1,1,0.805,CLOUD,,0,CLOUD,CLOUD,0,0,none
2026-04-20 15:10:33,894,72.56,231.47,66.34,60.01,72.56,0.00,stable,217.05,366.63,-1.00,1,0.00,1,1,1,0.850,CLOUD,,0,CLOUD,CLOUD,0,0,none
2026-04-20 15:10:35,895,236.38,178.22,66.00,60.00,72.56,163.82,up,196.44,366.63,-1.00,1,0.00,0,1,0,0.500,LOCAL,LOCAL,1,CLOUD,CLOUD,0,0,none
2026-04-20 15:10:37,896,236.38,178.22,66.11,60.00,236.38,0.00,stable,204.84,366.63,-1.00,1,0.00,0,1,0,0.500,LOCAL,LOCAL,2,CLOUD,CLOUD,0,0,none
2026-04-20 15:10:39,897,116.58,59.93,65.97,59.94,236.38,-119.79,down,161.96,366.63,-1.00,1,0.00,1,0,0,0.500,LOCAL,,0,CLOUD,LOCAL,1,0,started
2026-04-20 15:10:41,898,41.50,274.55,66.61,61.08,116.58,-75.09,down,172.73,177.37,-1.00,1,0.00,1,1,1,0.996,CLOUD,CLOUD,1,LOCAL,LOCAL,0,0,none
2026-04-20 15:10:43,899,41.50,274.55,66.67,64.67,41.50,0.00,stable,196.81,167.45,-1.00,1,0.00,1,1,1,0.997,CLOUD,CLOUD,2,LOCAL,LOCAL,0,0,none
2026-04-20 15:10:45,900,64.14,304.32,66.61,66.90,41.50,22.64,up,228.34,180.91,-1.00,1,0.00,1,1,1,0.973,CLOUD,,0,LOCAL,CLOUD,1,0,started
2026-04-20 15:10:47,901,64.14,304.32,66.69,60.57,64.14,0.00,stable,289.44,266.93,-1.00,0,0.00,1,1,1,0.976,CLOUD,,0,CLOUD,CLOUD,0,0,none
2026-04-20 15:10:50,902,1145.99,166.91,66.04,60.73,64.14,1081.85,up,262.52,266.93,-1.00,0,0.00,0,1,0,0.500,LOCAL,LOCAL,1,CLOUD,CLOUD,0,0,none
2026-04-20 15:10:52,903,1145.99,166.91,66.04,60.70,1145.99,0.00,stable,235.61,266.93,-1.00,1,0.00,0,1,0,0.500,LOCAL,LOCAL,2,CLOUD,CLOUD,0,0,none
2026-04-20 15:10:55,904,174.44,60.06,66.06,60.69,1145.99,-971.55,down,174.55,266.93,-1.00,1,0.00,1,0,0,0.500,LOCAL,,0,CLOUD,LOCAL,1,0,started
2026-04-20 15:10:57,905,174.44,60.06,66.56,60.80,174.44,0.00,stable,113.48,172.60,-1.00,1,0.00,1,0,0,0.500,LOCAL,,0,LOCAL,LOCAL,0,0,none
2026-04-20 15:10:59,906,30.01,650.39,66.56,64.18,174.44,-144.43,down,234.35,173.90,-1.00,1,0.00,1,1,1,1.000,CLOUD,CLOUD,1,LOCAL,LOCAL,0,0,none
2026-04-20 15:11:01,907,30.01,650.39,66.61,67.00,30.01,0.00,stable,355.22,182.81,-1.00,1,0.00,1,1,1,1.000,CLOUD,CLOUD,2,LOCAL,LOCAL,0,0,none
2026-04-20 15:11:03,908,30.01,650.39,66.45,70.11,30.01,0.00,stable,502.81,178.03,-1.00,1,0.00,1,1,1,1.000,CLOUD,,0,LOCAL,CLOUD,1,0,started
2026-04-20 15:11:09,909,477.87,80.99,66.24,60.76,30.01,447.86,up,508.04,289.67,-1.00,1,25.00,0,0,0,0.500,LOCAL,LOCAL,1,CLOUD,CLOUD,0,0,none
2026-04-20 15:11:11,910,477.87,80.99,66.12,60.69,477.87,0.00,stable,365.69,289.67,-1.00,1,25.00,0,0,0,0.500,LOCAL,LOCAL,2,CLOUD,CLOUD,0,0,none
2026-04-20 15:11:14,911,59.73,217.09,65.98,60.77,477.87,-418.15,down,257.36,289.67,-1.00,1,0.00,1,1,1,0.911,CLOUD,,0,CLOUD,CLOUD,0,0,none
2026-04-20 15:11:16,912,59.73,217.09,66.21,60.69,59.73,0.00,stable,149.04,289.67,-1.00,1,0.00,1,1,1,0.937,CLOUD,,0,CLOUD,CLOUD,0,0,none
2026-04-20 15:11:18,913,38.72,155.62,66.22,60.69,59.73,-21.01,down,167.69,289.67,-1.00,1,0.00,1,1,1,0.987,CLOUD,,0,CLOUD,CLOUD,0,0,none
2026-04-20 15:11:20,914,38.72,155.62,66.11,60.70,38.72,0.00,stable,186.35,289.67,-1.00,1,0.00,1,1,1,0.985,CLOUD,,0,CLOUD,CLOUD,0,0,none
2026-04-20 15:11:28,915,78.20,87.59,65.87,60.14,38.72,39.48,up,153.98,289.67,-1.00,1,0.00,1,0,0,0.500,LOCAL,LOCAL,1,CLOUD,CLOUD,0,0,none
2026-04-20 15:11:30,916,78.20,87.59,65.93,59.98,78.20,0.00,stable,121.60,289.67,-1.00,1,0.00,1,0,0,0.500,LOCAL,LOCAL,2,CLOUD,CLOUD,0,0,none
2026-04-20 15:11:32,917,215.60,233.51,66.17,60.00,78.20,137.40,up,141.08,289.67,-1.00,1,0.00,0,1,0,0.500,LOCAL,,0,CLOUD,LOCAL,1,0,started
2026-04-20 15:11:34,918,215.60,233.51,66.61,60.90,215.60,0.00,stable,160.55,289.67,-1.00,1,0.00,0,1,0,0.500,LOCAL,,0,LOCAL,LOCAL,0,0,none
2026-04-20 15:11:36,919,58.25,261.38,66.50,63.35,215.60,-157.35,down,204.00,289.67,-1.00,1,0.00,1,1,1,0.975,CLOUD,CLOUD,1,LOCAL,LOCAL,0,0,none
2026-04-20 15:11:38,920,55.28,73.40,66.50,66.17,58.25,-2.97,stable,200.45,289.67,-1.00,1,0.00,1,0,1,0.921,CLOUD,CLOUD,2,LOCAL,LOCAL,0,0,none
2026-04-27 19:32:34,1,0.00,0.00,0.00,21.33,0.00,0.00,stable,0.00,-1.00,-1.00,0,0.00,0,0,0,0.500,LOCAL,,0,LOCAL,LOCAL,0,0,none
2026-04-27 19:32:36,2,0.00,0.00,24.77,24.92,0.00,0.00,stable,0.00,-1.00,-1.00,0,0.00,0,0,0,0.500,LOCAL,,0,LOCAL,LOCAL,0,0,none
2026-04-27 19:32:38,3,13.74,0.00,17.51,30.20,0.00,13.74,up,0.00,-1.00,-1.00,0,0.00,1,0,0,0.500,LOCAL,,0,LOCAL,LOCAL,0,0,none
2026-04-27 19:32:40,4,13.74,0.00,17.19,35.58,13.74,0.00,stable,0.00,-1.00,-1.00,0,0.00,1,0,0,0.500,LOCAL,,0,LOCAL,LOCAL,0,0,none
2026-04-27 19:32:42,5,11.17,0.00,19.05,40.67,13.74,-2.57,stable,0.00,-1.00,-1.00,0,0.00,1,0,0,0.500,LOCAL,,0,LOCAL,LOCAL,0,0,none
2026-04-27 19:32:44,6,47.00,0.00,24.60,41.71,11.17,35.83,up,0.00,-1.00,-1.00,0,0.00,1,0,0,0.500,LOCAL,,0,LOCAL,LOCAL,0,0,none
2026-04-27 19:32:46,7,47.00,0.00,5.07,32.05,47.00,0.00,stable,0.00,-1.00,-1.00,0,0.00,1,0,0,0.500,LOCAL,,0,LOCAL,LOCAL,0,0,none
2026-04-27 19:32:48,8,54.20,0.00,0.91,32.05,47.00,7.20,stable,0.00,-1.00,-1.00,0,0.00,1,0,0,0.500,LOCAL,,0,LOCAL,LOCAL,0,0,none
2026-04-27 19:32:50,9,85.40,0.00,0.91,32.05,54.20,31.20,up,0.00,-1.00,-1.00,0,0.00,1,0,0,0.500,LOCAL,,0,LOCAL,LOCAL,0,0,none
2026-04-27 19:32:52,10,85.40,0.00,1.08,32.05,85.40,0.00,stable,0.00,-1.00,-1.00,0,0.00,1,0,0,0.500,LOCAL,,0,LOCAL,LOCAL,0,0,none
2026-04-27 19:32:54,11,88.83,0.00,0.91,32.05,85.40,3.43,stable,0.00,-1.00,-1.00,0,0.00,1,0,0,0.500,LOCAL,,0,LOCAL,LOCAL,0,0,none
2026-04-27 19:32:56,12,58.41,0.00,0.99,32.05,88.83,-30.42,down,0.00,-1.00,-1.00,0,0.00,1,0,0,0.500,LOCAL,,0,LOCAL,LOCAL,0,0,none
2026-04-27 19:32:58,13,58.41,0.00,0.83,32.05,58.41,0.00,stable,0.00,-1.00,-1.00,0,0.00,1,0,0,0.500,LOCAL,,0,LOCAL,LOCAL,0,0,none
2026-04-27 19:33:00,14,61.37,0.00,1.08,32.05,58.41,2.95,stable,0.00,-1.00,-1.00,0,0.00,1,0,0,0.500,LOCAL,,0,LOCAL,LOCAL,0,0,none
2026-04-27 19:33:03,15,57.87,0.00,1.16,32.04,61.37,-3.50,stable,0.00,-1.00,-1.00,0,0.00,1,0,0,0.500,LOCAL,,0,LOCAL,LOCAL,0,0,none
2026-04-27 19:33:05,16,57.87,0.00,0.66,32.04,57.87,0.00,stable,0.00,-1.00,-1.00,0,0.00,1,0,0,0.500,LOCAL,,0,LOCAL,LOCAL,0,0,none
2026-04-27 19:33:07,17,43.30,0.00,1.16,32.05,57.87,-14.57,down,0.00,-1.00,-1.00,0,0.00,1,0,0,0.500,LOCAL,,0,LOCAL,LOCAL,0,0,none
2026-04-27 19:33:09,18,70.12,0.00,1.08,32.05,43.30,26.83,up,0.00,-1.00,-1.00,0,0.00,1,0,0,0.500,LOCAL,,0,LOCAL,LOCAL,0,0,none
2026-04-27 19:33:11,19,70.12,0.00,1.50,32.05,70.12,0.00,stable,0.00,-1.00,-1.00,0,0.00,1,0,0,0.500,LOCAL,,0,LOCAL,LOCAL,0,0,none
2026-04-27 19:33:13,20,34.60,0.00,2.24,32.06,70.12,-35.53,down,0.00,-1.00,-1.00,0,0.00,1,0,0,0.500,LOCAL,,0,LOCAL,LOCAL,0,0,none
2026-04-27 19:33:15,21,32.51,0.00,0.58,32.06,34.60,-2.09,stable,0.00,-1.00,-1.00,0,0.00,1,0,0,0.500,LOCAL,,0,LOCAL,LOCAL,0,0,none
2026-04-27 19:33:17,22,32.51,0.00,0.91,32.06,32.51,0.00,stable,0.00,-1.00,-1.00,0,0.00,1,0,0,0.500,LOCAL,,0,LOCAL,LOCAL,0,0,none
2026-04-27 19:33:19,23,17.65,0.00,0.91,32.06,32.51,-14.86,down,0.00,-1.00,-1.00,0,0.00,1,0,0,0.500,LOCAL,,0,LOCAL,LOCAL,0,0,none
2026-04-27 19:33:21,24,16.13,0.00,0.75,32.07,17.65,-1.52,stable,0.00,-1.00,-1.00,0,0.00,1,0,0,0.500,LOCAL,,0,LOCAL,LOCAL,0,0,none
2026-04-27 20:08:31,1,0.00,0.00,0.00,32.09,0.00,0.00,stable,0.00,-1.00,-1.00,0,0.00,0,0,0,0.500,LOCAL,,0,LOCAL,LOCAL,0,0,none
2026-04-27 20:08:33,2,0.00,0.00,23.54,35.23,0.00,0.00,stable,0.00,-1.00,-1.00,0,0.00,0,0,0,0.500,LOCAL,,0,LOCAL,LOCAL,0,0,none
2026-04-27 20:08:35,3,74.98,550.92,18.82,39.59,0.00,74.98,up,183.64,-1.00,-1.00,0,0.00,1,1,0,0.500,LOCAL,,0,LOCAL,LOCAL,0,0,none
2026-04-27 20:08:37,4,74.98,550.92,24.73,42.34,74.98,0.00,stable,275.46,-1.00,-1.00,0,0.00,1,1,0,0.500,LOCAL,,0,LOCAL,LOCAL,0,0,none
2026-04-27 20:08:39,5,49.60,577.12,12.97,32.12,74.98,-25.38,down,419.74,-1.00,-1.00,0,0.00,1,1,0,0.500,LOCAL,,0,LOCAL,LOCAL,0,0,none
2026-04-27 20:08:41,6,46.45,410.94,0.91,32.11,49.60,-3.15,stable,522.48,-1.00,-1.00,0,0.00,1,1,0,0.500,LOCAL,,0,LOCAL,LOCAL,0,0,none
2026-04-27 20:08:43,7,46.45,410.94,0.50,32.11,46.45,0.00,stable,487.48,-1.00,-1.00,0,0.00,1,1,0,0.500,LOCAL,,0,LOCAL,LOCAL,0,0,none
2026-04-27 20:08:45,8,46.45,410.94,0.50,32.11,46.45,0.00,stable,452.49,-1.00,-1.00,0,0.00,1,1,0,0.500,LOCAL,,0,LOCAL,LOCAL,0,0,none
2026-04-27 20:08:47,9,46.45,410.94,1.00,32.11,46.45,0.00,stable,410.94,-1.00,-1.00,0,0.00,1,1,0,0.500,LOCAL,,0,LOCAL,LOCAL,0,0,none
2026-04-27 20:08:49,10,67.27,0.00,0.99,32.11,46.45,20.82,up,308.21,-1.00,-1.00,0,25.00,0,0,0,0.500,LOCAL,,0,LOCAL,LOCAL,0,0,none
2026-04-27 20:08:51,11,134.02,379.68,0.75,32.11,67.27,66.76,up,300.39,-1.00,-1.00,0,0.00,1,1,0,0.500,LOCAL,,0,LOCAL,LOCAL,0,0,none
2026-04-27 20:08:53,12,134.02,379.68,1.00,32.11,134.02,0.00,stable,292.58,-1.00,-1.00,0,0.00,1,1,0,0.500,LOCAL,,0,LOCAL,LOCAL,0,0,none
2026-04-27 20:08:55,13,131.82,525.89,0.83,32.11,134.02,-2.20,stable,321.31,-1.00,-1.00,0,0.00,1,1,0,0.500,LOCAL,,0,LOCAL,LOCAL,0,0,none
2026-04-27 20:08:57,14,64.39,472.59,1.08,32.11,131.82,-67.44,down,439.46,-1.00,-1.00,0,0.00,1,1,0,0.500,LOCAL,,0,LOCAL,LOCAL,0,0,none
2026-04-27 20:08:59,15,64.39,472.59,0.58,32.11,64.39,0.00,stable,462.69,-1.00,-1.00,0,0.00,1,1,0,0.500,LOCAL,,0,LOCAL,LOCAL,0,0,none
2026-04-27 20:09:01,16,65.48,496.48,0.91,32.11,64.39,1.09,stable,491.89,-1.00,-1.00,0,0.00,1,1,0,0.500,LOCAL,,0,LOCAL,LOCAL,0,0,none
2026-04-27 20:09:03,17,93.31,1548.86,1.08,32.11,65.48,27.83,up,747.63,-1.00,-1.00,0,0.00,1,1,0,0.500,LOCAL,,0,LOCAL,LOCAL,0,0,none
2026-04-27 20:09:05,18,93.31,1548.86,0.75,32.11,93.31,0.00,stable,1016.70,-1.00,-1.00,0,0.00,1,1,0,0.500,LOCAL,,0,LOCAL,LOCAL,0,0,none
