timestamp,frame_id,mode,encode_ms,inference_ms,decode_ms,total_ms,num_detections,fps,pending_mode,pending_count
2026-04-20 11:23:09,1,LOCAL,0.00,4502.75,0.00,4502.84,5,0.00,,0
2026-04-20 11:23:13,2,LOCAL,0.00,97.81,0.00,97.87,5,9.98,,0
2026-04-20 11:23:13,3,LOCAL,0.00,97.04,0.00,97.10,5,10.02,,0
2026-04-20 11:23:13,4,LOCAL,0.00,132.27,0.00,132.35,5,8.96,,0
2026-04-20 11:23:14,5,LOCAL,0.00,118.36,0.00,118.42,5,8.77,,0
2026-04-20 11:23:14,6,LOCAL,0.00,150.17,0.00,150.22,5,8.22,,0
2026-04-20 11:23:14,7,LOCAL,0.00,125.06,0.00,125.11,5,8.16,,0
2026-04-20 11:23:14,8,LOCAL,0.00,99.93,0.00,100.00,5,8.34,,0
2026-04-20 11:23:14,9,LOCAL,0.00,97.76,0.00,97.82,5,8.51,,0
2026-04-20 11:23:14,10,LOCAL,0.00,101.39,0.00,101.56,5,8.62,,0
2026-04-20 11:23:14,11,LOCAL,0.00,97.21,0.00,97.27,5,8.74,,0
2026-04-20 11:23:14,12,LOCAL,0.00,103.72,0.00,103.77,5,8.79,,0
2026-04-20 11:23:15,13,LOCAL,0.00,100.24,0.00,100.30,5,8.86,,0
2026-04-20 11:23:15,14,LOCAL,0.00,98.10,0.00,98.16,5,8.94,,0
2026-04-20 11:23:15,15,LOCAL,0.00,98.31,0.00,98.37,5,8.99,,0
2026-04-20 11:23:15,16,LOCAL,0.00,98.69,0.00,98.75,5,9.05,,0
2026-04-20 11:23:15,17,LOCAL,0.00,98.50,0.00,98.57,5,9.09,,0
2026-04-20 11:23:15,18,LOCAL,0.00,102.03,0.00,102.10,5,9.11,,0
2026-04-20 11:23:15,19,LOCAL,0.00,99.30,0.00,99.36,5,9.15,,0
2026-04-20 11:23:15,20,LOCAL,0.00,96.87,0.00,96.93,5,9.19,,0
2026-04-20 11:23:15,21,LOCAL,0.00,96.00,0.00,96.12,5,9.23,,0
2026-04-20 11:23:15,22,LOCAL,0.00,97.98,0.00,98.04,5,9.26,,0
2026-04-20 11:23:16,23,LOCAL,0.00,98.34,0.00,98.40,5,9.29,,0
2026-04-20 11:23:16,24,LOCAL,0.00,98.06,0.00,98.12,5,9.32,,0
2026-04-20 11:23:16,25,LOCAL,0.00,103.30,0.00,103.35,5,9.33,,0
2026-04-20 11:23:16,26,LOCAL,0.00,99.26,0.00,99.32,5,9.35,,0
2026-04-20 11:23:16,27,LOCAL,0.00,99.27,0.00,99.33,5,9.37,,0
2026-04-20 11:23:16,28,LOCAL,0.00,97.22,0.00,97.34,5,9.39,,0
2026-04-20 11:23:16,29,LOCAL,0.00,97.73,0.00,97.78,5,9.41,,0
2026-04-20 11:23:16,30,LOCAL,0.00,98.67,0.00,98.73,5,9.42,,0
2026-04-20 11:23:16,31,LOCAL,0.00,97.90,0.00,97.95,5,9.42,,0
2026-04-20 11:23:16,32,LOCAL,0.00,100.06,0.00,100.11,5,9.41,,0
2026-04-20 11:23:17,33,LOCAL,0.00,141.53,0.00,141.60,5,9.39,,0
2026-04-20 11:23:17,34,LOCAL,0.00,100.12,0.00,100.27,5,9.43,,0
2026-04-20 11:23:17,35,LOCAL,0.00,96.86,0.00,96.92,5,9.60,,0
2026-04-20 11:23:17,36,LOCAL,0.00,96.30,0.00,96.36,5,9.69,,0
2026-04-20 11:23:17,37,LOCAL,0.00,96.08,0.00,96.14,5,9.71,,0
2026-04-20 11:23:17,38,LOCAL,0.00,96.62,0.00,96.68,5,9.71,,0
2026-04-20 11:23:17,39,LOCAL,0.00,97.06,0.00,97.11,5,9.73,,0
2026-04-20 11:23:17,40,LOCAL,0.00,95.95,0.00,96.00,5,9.73,,0
2026-04-20 11:23:17,41,LOCAL,0.00,95.28,0.00,95.34,5,9.76,,0
2026-04-20 11:23:18,42,LOCAL,0.00,96.40,0.00,96.46,5,9.78,,0
2026-04-20 11:23:18,43,LOCAL,0.00,96.54,0.00,96.64,5,9.78,,0
2026-04-20 11:23:18,44,LOCAL,0.00,97.10,0.00,97.15,5,9.79,,0
2026-04-20 11:23:18,45,LOCAL,0.00,95.73,0.00,95.79,5,9.80,,0
2026-04-20 11:23:18,46,LOCAL,0.00,96.38,0.00,96.44,5,9.81,,0
2026-04-20 11:23:18,47,LOCAL,0.00,96.93,0.00,97.04,5,9.83,,0
2026-04-20 11:23:18,48,LOCAL,0.00,98.74,0.00,98.80,5,9.83,,0
2026-04-20 11:23:18,49,LOCAL,0.00,95.73,0.00,95.79,5,9.84,,0
2026-04-20 11:23:18,50,LOCAL,0.00,95.59,0.00,95.65,5,9.84,,0
2026-04-20 11:23:18,51,LOCAL,0.00,97.84,0.00,97.90,5,9.84,,0
2026-04-20 11:23:18,52,LOCAL,0.00,97.24,0.00,97.29,5,9.85,,0
2026-04-20 11:23:19,53,LOCAL,0.00,95.96,0.00,96.02,5,9.85,,0
2026-04-20 11:23:19,54,LOCAL,0.00,98.10,0.00,98.15,5,9.87,,0
2026-04-20 11:23:19,55,LOCAL,0.00,95.89,0.00,95.94,5,9.88,,0
2026-04-20 11:23:19,56,LOCAL,0.00,96.19,0.00,96.24,5,9.89,,0
2026-04-20 11:23:19,57,LOCAL,0.00,97.58,0.00,97.64,5,9.89,,0
2026-04-20 11:23:19,58,LOCAL,0.00,95.91,0.00,96.10,5,9.90,,0
2026-04-20 11:23:19,59,LOCAL,0.00,96.51,0.00,96.56,5,9.90,,0
2026-04-20 11:23:19,60,LOCAL,0.00,95.47,0.00,95.52,5,9.91,,0
2026-04-20 11:23:19,61,LOCAL,0.00,96.12,0.00,96.17,5,9.93,,0
2026-04-20 11:23:19,62,LOCAL,0.00,97.09,0.00,97.15,5,10.08,,0
2026-04-20 11:23:20,63,LOCAL,0.00,100.71,0.00,100.76,5,10.09,,0
2026-04-20 11:23:20,64,LOCAL,0.00,101.55,0.00,101.77,5,9.96,,0
2026-04-20 11:23:20,65,LOCAL,0.00,99.05,0.00,99.10,5,9.95,,0
2026-04-20 11:23:20,66,LOCAL,0.00,100.44,0.00,100.50,5,9.93,,0
2026-04-20 11:23:20,67,LOCAL,0.00,98.85,0.00,98.91,5,9.92,,0
2026-04-20 11:23:20,68,LOCAL,0.00,97.04,0.00,97.09,5,9.92,,0
2026-04-20 11:23:20,69,LOCAL,0.00,97.27,0.00,97.32,5,9.92,,0
2026-04-20 11:23:20,70,LOCAL,0.00,97.31,0.00,97.37,5,9.91,,0
2026-04-20 11:23:20,71,LOCAL,0.00,98.74,0.00,98.79,5,9.91,,0
2026-04-20 11:23:21,72,LOCAL,0.00,98.15,0.00,98.20,5,9.90,,0
2026-04-20 11:23:21,73,LOCAL,0.00,100.03,0.00,100.08,5,9.89,,0
2026-04-20 11:23:21,74,LOCAL,0.00,96.97,0.00,97.02,5,9.89,,0
2026-04-20 11:23:21,75,LOCAL,0.00,97.09,0.00,97.14,5,9.89,,0
2026-04-20 11:23:21,76,LOCAL,0.00,97.02,0.00,97.07,5,9.89,,0
2026-04-20 11:23:21,77,LOCAL,0.00,98.62,0.00,98.68,5,9.89,,0
2026-04-20 11:23:21,78,LOCAL,0.00,99.62,0.00,99.69,5,9.88,,0
2026-04-20 11:23:21,79,LOCAL,0.00,95.52,0.00,95.58,5,9.88,,0
2026-04-20 11:23:21,80,LOCAL,0.00,97.70,0.00,97.75,5,9.88,,0
2026-04-20 11:23:21,81,LOCAL,0.00,97.12,0.00,97.17,5,9.88,,0
2026-04-20 11:23:22,82,LOCAL,0.00,95.93,0.00,95.99,5,9.87,,0
2026-04-20 11:23:22,83,LOCAL,0.00,97.19,0.00,97.25,5,9.88,,0
2026-04-20 11:23:22,84,LOCAL,0.00,96.72,0.00,96.77,5,9.87,,0
2026-04-20 11:23:22,85,LOCAL,0.00,97.61,0.00,97.66,5,9.87,,0
2026-04-20 11:23:22,86,LOCAL,0.00,99.21,0.00,99.26,5,9.86,,0
2026-04-20 11:23:22,87,LOCAL,0.00,96.69,0.00,96.74,5,9.86,,0
2026-04-20 11:23:22,88,LOCAL,0.00,97.30,0.00,97.36,5,9.86,,0
2026-04-20 11:23:22,89,LOCAL,0.00,96.23,0.00,96.28,5,9.85,,0
2026-04-20 11:23:22,90,LOCAL,0.00,97.04,0.00,97.10,5,9.85,,0
2026-04-20 11:23:22,91,LOCAL,0.00,97.49,0.00,97.54,5,9.85,,0
2026-04-20 11:23:23,92,LOCAL,0.00,97.79,0.00,97.85,5,9.86,,0
2026-04-20 11:23:23,93,LOCAL,0.00,98.56,0.00,98.62,5,9.98,,0
2026-04-20 11:23:23,94,LOCAL,0.00,111.08,0.00,111.17,5,9.94,,0
2026-04-20 11:23:23,95,LOCAL,0.00,97.74,0.00,97.80,5,9.95,,0
2026-04-20 11:23:23,96,LOCAL,0.00,96.02,0.00,96.07,5,9.96,,0
2026-04-20 11:23:23,97,LOCAL,0.00,95.81,0.00,95.86,5,9.96,,0
2026-04-20 11:23:23,98,LOCAL,0.00,97.94,0.00,97.99,5,9.96,,0
2026-04-20 11:23:23,99,LOCAL,0.00,96.96,0.00,97.02,5,9.96,,0
2026-04-20 11:23:23,100,LOCAL,0.00,94.39,0.00,94.44,5,9.98,,0
2026-04-20 11:23:23,101,LOCAL,0.00,94.68,0.00,94.73,5,9.99,,0
2026-04-20 11:23:24,102,LOCAL,0.00,96.45,0.00,96.51,5,10.00,,0
2026-04-20 11:23:24,103,LOCAL,0.00,95.97,0.00,96.02,5,10.00,,0
2026-04-20 11:23:24,104,LOCAL,0.00,99.23,0.00,99.28,5,9.99,,0
2026-04-20 11:23:24,105,LOCAL,0.00,95.05,0.00,95.11,5,10.00,,0
2026-04-20 11:23:24,106,LOCAL,0.00,95.06,0.00,95.12,5,10.01,,0
2026-04-20 11:23:24,107,LOCAL,0.00,96.79,0.00,96.85,5,10.02,,0
2026-04-20 11:23:24,108,LOCAL,0.00,96.23,0.00,96.28,5,10.02,,0
2026-04-20 11:23:24,109,LOCAL,0.00,97.06,0.00,97.12,5,10.02,,0
2026-04-20 11:23:24,110,LOCAL,0.00,94.60,0.00,94.65,5,10.03,,0
2026-04-20 11:23:24,111,LOCAL,0.00,95.73,0.00,95.78,5,10.03,,0
2026-04-20 11:23:25,112,LOCAL,0.00,96.75,0.00,96.81,5,10.03,,0
2026-04-20 11:23:25,113,LOCAL,0.00,95.25,0.00,95.30,5,10.03,,0
2026-04-20 11:23:25,114,LOCAL,0.00,96.90,0.00,96.96,5,10.04,,0
2026-04-20 11:23:25,115,LOCAL,0.00,96.92,0.00,96.98,5,10.04,,0
2026-04-20 11:23:25,116,LOCAL,0.00,93.78,0.00,93.83,5,10.05,,0
2026-04-20 11:23:25,117,LOCAL,0.00,97.07,0.00,97.12,5,10.05,,0
2026-04-20 11:23:25,118,LOCAL,0.00,97.12,0.00,97.18,5,10.05,,0
2026-04-20 11:23:25,119,LOCAL,0.00,96.43,0.00,96.49,5,10.05,,0
2026-04-20 11:23:25,120,LOCAL,0.00,94.23,0.00,94.28,5,10.06,,0
2026-04-20 11:23:25,121,LOCAL,0.00,94.51,0.00,94.56,5,10.08,,0
2026-04-20 11:23:26,122,LOCAL,0.00,96.48,0.00,96.53,5,10.08,,0
2026-04-20 11:23:26,123,LOCAL,0.00,96.18,0.00,96.24,5,10.13,,0
2026-04-20 11:23:26,124,LOCAL,0.00,97.91,0.00,97.96,5,10.13,,0
2026-04-20 11:23:26,125,LOCAL,0.00,121.44,0.00,121.51,5,10.04,,0
2026-04-20 11:23:26,126,LOCAL,0.00,98.50,0.00,98.56,5,10.03,,0
2026-04-20 11:23:26,127,LOCAL,0.00,97.18,0.00,97.23,5,10.04,,0
2026-04-20 11:23:26,128,LOCAL,0.00,96.93,0.00,96.99,5,10.03,,0
2026-04-20 11:23:26,129,LOCAL,0.00,97.92,0.00,97.97,5,10.02,,0
2026-04-20 11:23:26,130,LOCAL,0.00,95.68,0.00,95.74,5,10.02,,0
2026-04-20 11:23:26,131,LOCAL,0.00,95.62,0.00,95.67,5,10.02,,0
2026-04-20 11:23:27,132,LOCAL,0.00,98.14,0.00,98.19,5,10.02,,0
2026-04-20 11:23:27,133,LOCAL,0.00,98.44,0.00,98.50,5,10.02,,0
2026-04-20 11:23:27,134,LOCAL,0.00,100.40,0.00,100.45,5,9.99,,0
2026-04-20 11:23:27,135,LOCAL,0.00,97.15,0.00,97.21,5,9.99,,0
2026-04-20 11:23:27,136,LOCAL,0.00,95.82,0.00,95.87,5,9.99,,0
2026-04-20 11:23:27,137,LOCAL,0.00,96.10,0.00,96.15,5,10.00,,0
2026-04-20 11:23:27,138,LOCAL,0.00,97.49,0.00,97.54,5,9.99,,0
2026-04-20 11:23:27,139,LOCAL,0.00,97.95,0.00,98.01,5,9.98,,0
2026-04-20 11:23:27,140,LOCAL,0.00,96.88,0.00,96.94,5,9.98,,0
2026-04-20 11:23:27,141,LOCAL,0.00,95.42,0.00,95.48,5,9.98,,0
2026-04-20 11:23:28,142,LOCAL,0.00,96.76,0.00,96.82,5,9.98,,0
2026-04-20 11:23:28,143,LOCAL,0.00,99.55,0.00,99.60,5,9.97,,0
2026-04-20 11:23:28,144,LOCAL,0.00,97.19,0.00,97.24,5,9.97,,0
2026-04-20 11:23:28,145,LOCAL,0.00,97.12,0.00,97.17,5,9.96,,0
2026-04-20 11:23:28,146,LOCAL,0.00,95.69,0.00,95.74,5,9.97,,0
2026-04-20 11:23:28,147,LOCAL,0.00,96.50,0.00,96.56,5,9.97,,0
2026-04-20 11:23:28,148,LOCAL,0.00,97.32,0.00,97.38,5,9.97,,0
2026-04-20 11:23:28,149,LOCAL,0.00,97.67,0.00,97.72,5,9.96,,0
2026-04-20 11:23:28,150,LOCAL,0.00,98.60,0.00,98.65,5,9.94,,0
2026-04-20 11:23:28,151,LOCAL,0.00,95.16,0.00,95.21,5,9.95,,0
2026-04-20 11:23:29,152,LOCAL,0.00,97.42,0.00,97.47,5,9.95,,0
2026-04-20 11:23:29,153,LOCAL,0.00,96.59,0.00,96.65,5,9.95,,0
2026-04-20 11:23:29,154,LOCAL,0.00,97.83,0.00,97.89,5,10.03,,0
2026-04-20 11:23:29,155,LOCAL,0.00,101.94,0.00,101.99,5,10.03,,0
2026-04-20 11:23:29,156,LOCAL,0.00,111.77,0.00,111.94,5,9.87,,0
2026-04-20 11:23:29,157,LOCAL,0.00,96.11,0.00,96.17,5,9.87,,0
2026-04-20 11:23:29,158,LOCAL,0.00,96.93,0.00,96.99,5,9.87,,0
2026-04-20 11:23:29,159,LOCAL,0.00,99.64,0.00,99.70,5,9.86,,0
2026-04-20 11:23:29,160,LOCAL,0.00,98.75,0.00,98.81,5,9.85,,0
2026-04-20 11:23:29,161,LOCAL,0.00,98.15,0.00,98.21,5,9.85,,0
2026-04-20 11:23:30,162,LOCAL,0.00,97.13,0.00,97.19,5,9.85,,0
2026-04-20 11:23:30,163,LOCAL,0.00,96.44,0.00,96.49,5,9.87,,0
2026-04-20 11:23:30,164,LOCAL,0.00,98.97,0.00,99.02,5,9.86,,0
2026-04-20 11:23:30,165,LOCAL,0.00,96.92,0.00,96.97,5,9.86,,0
2026-04-20 11:23:30,166,LOCAL,0.00,99.04,0.00,99.10,5,9.85,,0
2026-04-20 11:23:30,167,LOCAL,0.00,96.18,0.00,96.23,5,9.86,,0
2026-04-20 11:23:30,168,LOCAL,0.00,95.32,0.00,95.38,5,9.86,,0
2026-04-20 11:23:30,169,LOCAL,0.00,98.64,0.00,98.70,5,9.86,,0
2026-04-20 11:23:30,170,LOCAL,0.00,97.83,0.00,97.88,5,9.85,,0
2026-04-20 11:23:30,171,LOCAL,0.00,98.20,0.00,98.25,5,9.84,,0
2026-04-20 11:23:31,172,LOCAL,0.00,97.99,0.00,98.05,5,9.85,,0
2026-04-20 11:23:31,173,LOCAL,0.00,98.71,0.00,98.76,5,9.85,,0
2026-04-20 11:23:31,174,LOCAL,0.00,99.30,0.00,99.35,5,9.83,,0
2026-04-20 11:23:31,175,LOCAL,0.00,98.05,0.00,98.10,5,9.83,,0
2026-04-20 11:23:31,176,LOCAL,0.00,97.97,0.00,98.02,5,9.82,,0
2026-04-20 11:23:31,177,LOCAL,0.00,97.30,0.00,97.36,5,9.82,,0
2026-04-20 11:23:31,178,LOCAL,0.00,96.86,0.00,96.91,5,9.82,,0
2026-04-20 11:23:31,179,LOCAL,0.00,98.27,0.00,98.32,5,9.82,,0
2026-04-20 11:23:31,180,LOCAL,0.00,98.40,0.00,98.45,5,9.81,,0
2026-04-20 11:23:31,181,LOCAL,0.00,95.91,0.00,95.97,5,9.82,,0
2026-04-20 11:23:32,182,LOCAL,0.00,96.38,0.00,96.43,5,9.82,,0
2026-04-20 11:23:32,183,LOCAL,0.00,96.38,0.00,96.43,5,9.82,,0
2026-04-20 11:23:32,184,LOCAL,0.00,98.66,0.00,98.71,5,9.83,,0
2026-04-20 11:23:32,185,LOCAL,0.00,98.48,0.00,98.54,5,9.99,,0
2026-04-20 11:23:32,186,LOCAL,0.00,107.03,0.00,107.11,5,9.95,,0
2026-04-20 11:23:32,187,LOCAL,0.00,98.29,0.00,98.35,5,9.95,,0
2026-04-20 11:23:32,188,LOCAL,0.00,97.43,0.00,97.49,5,9.95,,0
2026-04-20 11:23:32,189,LOCAL,0.00,98.40,0.00,98.45,5,9.96,,0
2026-04-20 11:23:32,190,LOCAL,0.00,96.82,0.00,96.87,5,9.96,,0
2026-04-20 11:23:32,191,LOCAL,0.00,96.61,0.00,96.67,5,9.96,,0
2026-04-20 11:23:33,192,LOCAL,0.00,97.91,0.00,97.97,5,9.96,,0
2026-04-20 11:23:33,193,LOCAL,0.00,96.89,0.00,96.94,5,9.97,,0
2026-04-20 11:23:33,194,LOCAL,0.00,98.36,0.00,98.41,5,9.96,,0
2026-04-20 11:23:33,195,LOCAL,0.00,95.95,0.00,96.01,5,9.97,,0
2026-04-20 11:23:33,196,LOCAL,0.00,96.50,0.00,96.56,5,9.97,,0
2026-04-20 11:23:33,197,LOCAL,0.00,95.29,0.00,95.35,5,9.97,,0
2026-04-20 11:23:33,198,LOCAL,0.00,98.76,0.00,98.81,5,9.97,,0
2026-04-20 11:23:33,199,LOCAL,0.00,99.51,0.00,99.57,5,9.96,,0
2026-04-20 11:23:33,200,LOCAL,0.00,95.18,0.00,95.24,5,9.97,,0
2026-04-20 11:23:33,201,LOCAL,0.00,94.99,0.00,95.04,5,9.98,,0
2026-04-20 11:23:34,202,LOCAL,0.00,97.21,0.00,97.26,5,9.98,,0
2026-04-20 11:23:34,203,LOCAL,0.00,98.99,0.00,99.04,5,9.99,,0
2026-04-20 11:23:34,204,LOCAL,0.00,97.94,0.00,97.99,5,9.99,,0
2026-04-20 11:23:34,205,LOCAL,0.00,94.95,0.00,95.00,5,10.00,,0
2026-04-20 11:23:34,206,LOCAL,0.00,96.67,0.00,96.73,5,10.00,,0
2026-04-20 11:23:34,207,LOCAL,0.00,96.30,0.00,96.36,5,10.00,,0
2026-04-20 11:23:34,208,LOCAL,0.00,97.06,0.00,97.11,5,10.00,,0
2026-04-20 11:23:34,209,LOCAL,0.00,98.86,0.00,98.91,5,10.00,,0
2026-04-20 11:23:34,210,LOCAL,0.00,97.22,0.00,97.28,5,10.00,,0
2026-04-20 11:23:34,211,LOCAL,0.00,97.86,0.00,97.92,5,9.99,,0
2026-04-20 11:23:35,212,LOCAL,0.00,95.75,0.00,95.81,5,10.00,,0
2026-04-20 11:23:35,213,LOCAL,0.00,96.84,0.00,96.89,5,10.00,,0
2026-04-20 11:23:35,214,LOCAL,0.00,98.34,0.00,98.39,5,10.00,,0
2026-04-20 11:23:35,215,LOCAL,0.00,95.90,0.00,95.95,5,10.04,,0
2026-04-20 11:23:35,216,LOCAL,0.00,95.89,0.00,96.00,5,10.05,,0
2026-04-20 11:23:35,217,LOCAL,0.00,140.97,0.00,141.04,5,9.90,,0
2026-04-20 11:23:35,218,LOCAL,0.00,99.94,0.00,100.06,5,9.89,,0
2026-04-20 11:23:35,219,LOCAL,0.00,95.17,0.00,95.22,5,9.89,,0
2026-04-20 11:23:35,220,LOCAL,0.00,95.81,0.00,95.87,5,9.89,,0
2026-04-20 11:23:36,221,LOCAL,0.00,96.74,0.00,96.79,5,9.90,,0
2026-04-20 11:23:36,222,LOCAL,0.00,96.19,0.00,96.25,5,9.90,,0
2026-04-20 11:23:36,223,LOCAL,0.00,95.29,0.00,95.34,5,9.91,,0
2026-04-20 11:23:36,224,LOCAL,0.00,96.73,0.00,96.78,5,9.91,,0
2026-04-20 11:23:36,225,LOCAL,0.00,96.12,0.00,96.17,5,9.91,,0
2026-04-20 11:23:36,226,LOCAL,0.00,96.94,0.00,97.00,5,9.91,,0
2026-04-20 11:23:36,227,LOCAL,0.00,96.12,0.00,96.17,5,9.92,,0
2026-04-20 11:23:36,228,LOCAL,0.00,95.61,0.00,95.66,5,9.93,,0
2026-04-20 11:23:36,229,LOCAL,0.00,95.54,0.00,95.60,5,9.93,,0
2026-04-20 11:23:36,230,LOCAL,0.00,97.10,0.00,97.16,5,9.92,,0
2026-04-20 11:23:36,231,LOCAL,0.00,96.51,0.00,96.57,5,9.92,,0
2026-04-20 11:23:37,232,LOCAL,0.00,115.35,0.00,115.41,5,9.87,,0
2026-04-20 11:23:37,233,LOCAL,0.00,96.93,0.00,96.98,5,9.87,,0
2026-04-20 11:23:37,234,LOCAL,0.00,96.03,0.00,96.08,5,9.86,,0
2026-04-20 11:23:37,235,LOCAL,0.00,98.97,0.00,99.02,5,9.86,,0
2026-04-20 11:23:37,236,LOCAL,0.00,172.91,0.00,172.98,5,9.61,,0
2026-04-20 11:23:37,237,LOCAL,0.00,177.15,0.00,177.21,5,9.36,,0
2026-04-20 11:23:37,238,LOCAL,0.00,150.41,0.00,150.47,5,9.20,,0
2026-04-20 11:23:38,239,LOCAL,0.00,168.12,0.00,168.18,5,8.98,,0
2026-04-20 11:23:38,240,LOCAL,0.00,114.23,0.00,114.29,5,8.94,,0
2026-04-20 11:23:38,241,LOCAL,0.00,162.13,0.00,162.19,5,8.75,,0
2026-04-20 11:23:38,242,LOCAL,0.00,151.65,0.00,151.71,5,8.61,,0
2026-04-20 11:23:38,243,LOCAL,0.00,185.46,0.00,185.74,5,8.22,,0
2026-04-20 11:23:38,244,LOCAL,0.00,167.98,0.00,168.04,5,8.06,,0
2026-04-20 11:23:39,245,LOCAL,0.00,155.95,0.00,156.02,5,7.92,,0
2026-04-20 11:23:39,246,LOCAL,0.00,173.11,0.00,173.18,5,7.85,,0
2026-04-20 11:23:39,247,LOCAL,0.00,175.34,0.00,175.41,5,7.70,CLOUD,1
2026-04-20 11:23:39,248,LOCAL,0.00,179.45,0.00,179.51,5,7.53,CLOUD,1
2026-04-20 11:23:39,249,LOCAL,0.00,163.33,0.00,163.39,5,7.40,CLOUD,1
2026-04-20 11:23:39,250,LOCAL,0.00,182.87,0.00,182.93,5,7.21,CLOUD,1
2026-04-20 11:23:40,251,LOCAL,0.00,159.89,0.00,159.96,5,7.10,CLOUD,1
2026-04-20 11:23:40,252,LOCAL,0.00,153.11,0.00,153.17,5,7.00,CLOUD,1
2026-04-20 11:23:40,253,LOCAL,0.00,140.82,0.00,140.90,5,6.91,CLOUD,1
2026-04-20 11:23:40,254,LOCAL,0.00,165.85,0.00,165.93,5,6.79,CLOUD,1
2026-04-20 11:23:40,255,LOCAL,0.00,156.46,0.00,156.52,5,6.70,CLOUD,1
2026-04-20 11:23:40,256,LOCAL,0.00,173.12,0.00,173.19,5,6.58,CLOUD,1
2026-04-20 11:23:41,257,LOCAL,0.00,178.09,0.00,178.15,5,6.45,CLOUD,1
2026-04-20 11:23:41,258,LOCAL,0.00,176.85,0.00,176.91,5,6.32,CLOUD,1
2026-04-20 11:23:41,259,LOCAL,0.00,170.45,0.00,170.51,5,6.19,CLOUD,2
2026-04-20 11:23:41,260,LOCAL,0.00,248.07,0.00,248.27,5,6.00,CLOUD,2
2026-04-20 11:23:41,261,LOCAL,0.00,188.92,0.00,194.19,5,5.89,CLOUD,2
2026-04-20 11:23:42,262,LOCAL,0.00,158.09,0.00,158.15,5,5.81,CLOUD,2
2026-04-20 11:23:42,263,LOCAL,0.00,126.98,0.00,127.04,5,5.77,CLOUD,2
2026-04-20 11:23:42,264,LOCAL,0.00,162.02,0.00,162.09,5,5.69,CLOUD,2
2026-04-20 11:23:42,265,LOCAL,0.00,164.73,0.00,164.79,5,5.69,CLOUD,2
2026-04-20 11:23:42,266,LOCAL,0.00,174.64,0.00,174.71,5,5.69,CLOUD,2
2026-04-20 11:23:42,267,LOCAL,0.00,155.56,0.00,155.71,5,5.68,CLOUD,2
2026-04-20 11:23:43,268,LOCAL,0.00,143.45,0.00,143.51,5,5.72,CLOUD,2
2026-04-20 11:23:43,269,LOCAL,0.00,231.24,0.00,231.31,5,5.59,CLOUD,2
2026-04-20 11:23:43,270,CLOUD,26.00,5786.20,94.55,5907.08,6,2.65,,0
2026-04-20 11:23:49,271,CLOUD,25.86,3145.04,111.92,3283.24,6,2.06,,0
2026-04-20 11:23:52,272,CLOUD,38.90,3531.34,89.37,3660.04,6,1.66,,0
2026-04-20 11:23:56,273,CLOUD,13.53,3679.52,109.37,3802.85,6,1.37,,0
2026-04-20 11:24:00,274,CLOUD,14.95,4092.84,85.13,4193.31,6,1.15,LOCAL,1
2026-04-20 11:24:04,275,CLOUD,25.43,3246.37,98.01,3370.16,6,1.02,,0
2026-04-20 11:24:07,276,CLOUD,25.87,3244.31,92.94,3363.54,6,0.92,,0
2026-04-20 11:24:11,277,CLOUD,13.79,2688.11,95.00,2797.28,6,0.85,,0
2026-04-20 11:24:13,278,CLOUD,16.45,3150.24,93.62,3260.72,6,0.78,,0
2026-04-20 11:24:17,279,CLOUD,25.89,3781.88,107.80,3915.99,6,0.71,,0
2026-04-20 11:24:21,280,CLOUD,37.81,2671.08,77.54,2786.78,6,0.66,,0
2026-04-20 11:24:23,281,CLOUD,14.31,2822.09,93.38,2930.24,6,0.62,LOCAL,1
2026-04-20 11:24:26,282,CLOUD,26.07,2990.84,102.60,3120.19,6,0.59,,0
2026-04-20 11:24:30,283,CLOUD,29.85,3161.92,99.35,3291.59,6,0.55,,0
2026-04-20 11:24:33,284,CLOUD,15.10,3253.36,83.05,3351.92,6,0.52,,0
2026-04-20 11:24:36,285,CLOUD,36.77,2831.91,87.42,2956.77,6,0.50,,0
2026-04-20 11:24:39,286,CLOUD,25.56,2693.86,72.42,2792.20,6,0.47,,0
2026-04-20 11:24:42,287,CLOUD,27.06,2969.52,100.99,3097.93,6,0.45,,0
2026-04-20 11:24:45,288,CLOUD,15.76,3807.44,98.19,3921.78,6,0.43,,0
2026-04-20 11:24:49,289,CLOUD,25.42,3988.22,85.31,4099.40,6,0.40,,0
2026-04-20 11:24:53,290,CLOUD,21.74,6354.59,103.65,6480.42,6,0.37,LOCAL,1
2026-04-20 11:25:00,291,CLOUD,22.20,3694.76,103.83,3821.23,6,0.36,LOCAL,1
2026-04-20 11:25:03,292,CLOUD,37.59,3207.02,86.11,3331.15,6,0.34,,0
2026-04-20 11:25:07,293,CLOUD,24.13,3112.43,98.63,3235.64,6,0.33,,0
2026-04-20 11:25:10,294,CLOUD,25.45,3542.52,97.90,3666.24,6,0.32,,0
2026-04-20 11:25:14,295,CLOUD,31.67,2949.89,115.68,3097.68,6,0.31,,0
2026-04-20 11:25:17,296,CLOUD,38.03,3961.63,89.02,4089.07,6,0.30,,0
2026-04-20 11:25:21,297,CLOUD,25.48,3359.76,98.91,3484.61,6,0.29,,0
2026-04-20 11:25:24,298,CLOUD,31.29,3085.42,100.11,3217.24,6,0.28,,0
2026-04-20 11:25:28,299,CLOUD,29.49,3963.39,88.60,4081.95,6,0.28,,0
2026-04-20 11:25:32,300,CLOUD,33.00,2975.37,120.94,3129.86,6,0.28,,0
2026-04-20 11:25:35,301,CLOUD,13.57,3443.59,97.56,3555.15,6,0.28,,0
2026-04-20 11:25:38,302,CLOUD,25.39,5112.71,91.78,5242.49,6,0.28,,0
2026-04-20 11:25:44,303,CLOUD,26.46,5472.77,90.47,5590.16,6,0.28,LOCAL,1
2026-04-20 11:25:49,304,CLOUD,29.39,7625.86,88.04,7743.68,6,0.26,,0
2026-04-20 11:25:57,305,LOCAL,0.00,232.45,0.00,232.53,5,0.27,,0
2026-04-20 11:25:57,306,LOCAL,0.00,194.87,0.00,194.95,5,0.28,,0
2026-04-20 11:25:57,307,LOCAL,0.00,241.89,0.00,241.96,5,0.29,,0
2026-04-20 11:25:58,308,LOCAL,0.00,182.82,0.00,182.88,5,0.30,,0
2026-04-20 11:25:58,309,LOCAL,0.00,170.34,0.00,170.41,5,0.31,,0
2026-04-20 11:25:58,310,LOCAL,0.00,174.82,0.00,174.88,5,0.32,,0
2026-04-20 11:25:58,311,LOCAL,0.00,197.53,0.00,197.59,5,0.33,,0
2026-04-20 11:25:58,312,LOCAL,0.00,230.27,0.00,230.53,5,0.34,,0
2026-04-20 11:25:59,313,LOCAL,0.00,200.64,0.00,200.72,5,0.35,,0
2026-04-20 11:25:59,314,LOCAL,0.00,175.70,0.00,175.89,5,0.36,,0
2026-04-20 11:25:59,315,LOCAL,0.00,169.17,0.00,169.23,5,0.38,,0
2026-04-20 11:25:59,316,LOCAL,0.00,149.35,0.00,149.42,5,0.39,,0
2026-04-20 11:25:59,317,LOCAL,0.00,155.70,0.00,155.76,5,0.41,,0
2026-04-20 11:26:00,318,LOCAL,0.00,207.53,0.00,207.59,5,0.43,,0
2026-04-20 11:26:00,319,LOCAL,0.00,173.94,0.00,174.00,5,0.48,,0
2026-04-20 11:26:00,320,LOCAL,0.00,151.91,0.00,151.97,5,0.51,,0
2026-04-20 11:26:00,321,LOCAL,0.00,164.25,0.00,164.32,5,0.54,,0
2026-04-20 11:26:00,322,LOCAL,0.00,168.11,0.00,168.18,5,0.57,,0
2026-04-20 11:26:00,323,LOCAL,0.00,171.36,0.00,171.45,5,0.62,CLOUD,1
2026-04-20 11:26:01,324,LOCAL,0.00,170.51,0.00,170.58,5,0.66,CLOUD,1
2026-04-20 11:26:01,325,LOCAL,0.00,174.87,0.00,174.98,5,0.72,CLOUD,1
2026-04-20 11:26:01,326,LOCAL,0.00,167.18,0.00,167.25,5,0.79,CLOUD,1
2026-04-20 11:26:01,327,LOCAL,0.00,132.95,0.00,133.03,5,0.86,CLOUD,1
2026-04-20 11:26:01,328,LOCAL,0.00,117.36,0.00,117.46,5,0.98,CLOUD,1
2026-04-20 11:26:01,329,LOCAL,0.00,139.60,0.00,139.70,5,1.08,CLOUD,1
2026-04-20 11:26:02,330,LOCAL,0.00,125.79,0.00,125.89,5,1.24,CLOUD,1
2026-04-20 11:26:02,331,LOCAL,0.00,251.21,0.00,251.29,5,1.58,CLOUD,1
2026-04-20 11:26:02,332,LOCAL,0.00,159.02,0.00,159.09,5,2.25,CLOUD,1
2026-04-20 11:26:02,333,LOCAL,0.00,168.14,0.00,168.21,5,5.43,CLOUD,1
2026-04-20 11:26:02,334,LOCAL,0.00,194.66,0.00,194.76,5,5.48,CLOUD,1
2026-04-20 11:26:03,335,LOCAL,0.00,146.57,0.00,146.64,5,5.53,CLOUD,2
2026-04-20 11:26:03,336,LOCAL,0.00,150.21,0.00,150.29,5,5.63,CLOUD,2
2026-04-20 11:26:03,337,LOCAL,0.00,195.44,0.00,195.54,5,5.61,CLOUD,2
2026-04-20 11:26:03,338,LOCAL,0.00,198.94,0.00,199.01,5,5.59,CLOUD,2
2026-04-20 11:26:03,339,LOCAL,0.00,177.35,0.00,177.45,5,5.58,CLOUD,2
2026-04-20 11:26:03,340,LOCAL,0.00,139.27,0.00,139.35,5,5.65,CLOUD,2
2026-04-20 11:26:04,341,LOCAL,0.00,188.97,0.00,189.04,5,5.69,CLOUD,2
2026-04-20 11:26:04,342,LOCAL,0.00,180.52,0.00,180.60,5,5.73,CLOUD,2
2026-04-20 11:26:04,343,LOCAL,0.00,185.88,0.00,185.94,5,5.72,CLOUD,2
2026-04-20 11:26:04,344,LOCAL,0.00,169.11,0.00,169.17,5,5.72,CLOUD,2
2026-04-20 11:26:04,345,LOCAL,0.00,199.23,0.00,199.30,5,5.65,CLOUD,2
2026-04-20 11:26:05,346,LOCAL,0.00,187.87,0.00,187.94,5,5.62,,0
2026-04-20 11:26:05,347,LOCAL,0.00,242.67,0.00,242.84,5,5.52,,0
2026-04-20 11:26:05,348,CLOUD,25.69,2964.70,146.45,3137.28,6,3.53,,0
2026-04-20 11:26:08,349,CLOUD,31.02,5753.22,100.92,5886.84,6,2.08,,0
2026-04-20 11:26:14,350,CLOUD,28.39,3626.63,91.31,3746.72,6,1.65,LOCAL,1
2026-04-20 11:26:18,351,CLOUD,13.84,3089.45,97.33,3201.05,6,1.41,,0
2026-04-20 11:26:21,352,CLOUD,21.41,3826.96,95.16,3943.93,6,1.19,,0
2026-04-20 11:26:25,353,CLOUD,28.92,3362.13,88.09,3479.52,6,1.05,,0
2026-04-20 11:26:28,354,CLOUD,13.48,2819.47,92.51,2925.84,6,0.95,,0
2026-04-20 11:26:31,355,CLOUD,21.68,3569.60,86.07,3685.80,6,0.85,,0
2026-04-20 11:26:35,356,CLOUD,44.10,2882.39,91.55,3018.44,6,0.79,,0
2026-04-20 11:26:38,357,CLOUD,13.41,3213.19,90.51,3317.50,6,0.72,,0
2026-04-20 11:26:41,358,CLOUD,16.83,3303.20,94.32,3414.74,6,0.67,,0
2026-04-20 11:26:45,359,CLOUD,13.97,3192.34,102.47,3309.16,6,0.62,,0
2026-04-20 11:26:48,360,CLOUD,13.59,3025.04,90.78,3129.82,6,0.59,,0
2026-04-20 11:26:51,361,CLOUD,17.85,2913.74,106.04,3038.04,6,0.56,,0
2026-04-20 11:26:54,362,CLOUD,29.61,4251.89,95.77,4377.68,6,0.51,,0
2026-04-20 11:26:59,363,CLOUD,13.84,2787.37,109.34,2910.95,6,0.49,LOCAL,1
2026-04-20 11:27:02,364,CLOUD,21.60,3547.72,94.34,3664.05,6,0.46,,0
2026-04-20 11:27:05,365,CLOUD,13.93,3051.05,118.22,3183.57,6,0.44,,0
2026-04-20 11:27:09,366,CLOUD,14.08,2836.19,98.79,2949.49,6,0.42,,0
2026-04-20 11:27:11,367,CLOUD,23.43,3210.42,93.80,3328.07,6,0.41,,0
2026-04-20 11:27:15,368,CLOUD,25.56,2989.73,89.66,3105.34,6,0.39,,0
2026-04-20 11:27:18,369,CLOUD,18.05,4385.47,92.18,4496.11,6,0.37,,0
2026-04-20 11:27:22,370,CLOUD,21.93,2897.04,76.03,2995.38,6,0.35,LOCAL,1
2026-04-20 11:27:25,371,CLOUD,13.38,4014.11,114.55,4142.51,6,0.34,,0
2026-04-20 11:27:30,372,CLOUD,27.39,2846.86,98.92,2973.58,6,0.33,LOCAL,2
2026-04-20 11:27:33,373,CLOUD,13.92,3037.89,93.49,3145.67,6,0.32,,0
2026-04-20 11:27:36,374,CLOUD,25.39,3672.09,83.90,3781.81,6,0.31,,0
2026-04-20 11:27:40,375,CLOUD,25.28,3976.29,69.29,4071.26,6,0.29,,0
2026-04-20 11:27:44,376,CLOUD,28.16,4137.69,94.36,4260.65,6,0.28,,0
2026-04-20 11:27:48,377,CLOUD,13.48,8834.69,95.15,8944.17,6,0.27,LOCAL,1
2026-04-20 11:27:57,378,LOCAL,0.00,246.60,0.00,246.69,5,0.28,,0
2026-04-20 11:27:57,379,LOCAL,0.00,199.20,0.00,199.28,5,0.29,,0
2026-04-20 11:27:57,380,LOCAL,0.00,172.06,0.00,172.12,5,0.30,,0
2026-04-20 11:27:57,381,LOCAL,0.00,195.63,0.00,195.70,5,0.31,,0
2026-04-20 11:27:58,382,LOCAL,0.00,195.32,0.00,195.38,5,0.32,,0
2026-04-20 11:27:58,383,LOCAL,0.00,225.39,0.00,225.47,5,0.33,,0
2026-04-20 11:27:58,384,LOCAL,0.00,172.43,0.00,172.51,5,0.35,,0
2026-04-20 11:27:58,385,LOCAL,0.00,163.71,0.00,163.78,5,0.36,,0
2026-04-20 11:27:58,386,LOCAL,0.00,189.77,0.00,189.83,5,0.38,,0
2026-04-20 11:27:59,387,LOCAL,0.00,179.87,0.00,179.94,5,0.39,,0
2026-04-20 11:27:59,388,LOCAL,0.00,156.25,0.00,156.33,5,0.41,,0
2026-04-20 11:27:59,389,LOCAL,0.00,187.58,0.00,187.65,5,0.43,,0
2026-04-20 11:27:59,390,LOCAL,0.00,197.46,0.00,197.52,5,0.45,,0
2026-04-20 11:27:59,391,LOCAL,0.00,165.17,0.00,165.24,5,0.48,,0
2026-04-20 11:28:00,392,LOCAL,0.00,180.03,0.00,180.09,5,0.50,CLOUD,1
2026-04-20 11:28:00,393,LOCAL,0.00,175.91,0.00,175.97,5,0.53,CLOUD,1
2026-04-20 11:28:00,394,LOCAL,0.00,179.43,0.00,179.49,5,0.56,CLOUD,1
2026-04-20 11:28:00,395,LOCAL,0.00,190.38,0.00,190.45,5,0.59,CLOUD,1
2026-04-20 11:28:00,396,LOCAL,0.00,182.33,0.00,182.40,5,0.63,CLOUD,1
2026-04-20 11:28:01,397,LOCAL,0.00,146.42,0.00,146.49,5,0.68,CLOUD,1
2026-04-20 11:28:01,398,LOCAL,0.00,197.11,0.00,197.17,5,0.75,CLOUD,1
2026-04-20 11:28:01,399,LOCAL,0.00,194.72,0.00,194.78,5,0.81,CLOUD,1
2026-04-20 11:28:01,400,LOCAL,0.00,196.42,0.00,196.60,5,0.91,CLOUD,1
2026-04-20 11:28:01,401,LOCAL,0.00,174.32,0.00,174.38,5,1.00,CLOUD,1
2026-04-20 11:28:02,402,LOCAL,0.00,163.86,0.00,163.92,5,1.11,CLOUD,2
2026-04-20 11:28:02,403,LOCAL,0.00,173.18,0.00,173.25,5,1.29,CLOUD,2
2026-04-20 11:28:02,404,LOCAL,0.00,165.97,0.00,166.04,5,1.56,CLOUD,2
2026-04-20 11:28:02,405,LOCAL,0.00,151.28,0.00,151.37,5,2.01,CLOUD,2
2026-04-20 11:28:02,406,LOCAL,0.00,205.39,0.00,205.46,5,5.09,CLOUD,2
2026-04-20 11:28:03,407,LOCAL,0.00,181.33,0.00,181.39,5,5.15,CLOUD,2
2026-04-20 11:28:03,408,LOCAL,0.00,190.87,0.00,190.94,5,5.15,CLOUD,2
2026-04-20 11:28:03,409,LOCAL,0.00,188.32,0.00,188.38,5,5.12,CLOUD,2
2026-04-20 11:28:03,410,LOCAL,0.00,175.40,0.00,175.47,5,5.13,CLOUD,2
2026-04-20 11:28:03,411,LOCAL,0.00,177.27,0.00,177.33,5,5.16,CLOUD,2
2026-04-20 11:28:04,412,LOCAL,0.00,184.16,0.00,184.24,5,5.19,CLOUD,2
2026-04-20 11:28:04,413,LOCAL,0.00,272.52,0.00,272.74,5,5.11,,0
2026-04-20 11:28:04,414,LOCAL,0.00,187.37,0.00,187.49,5,5.08,,0
2026-04-20 11:28:04,415,CLOUD,25.77,6590.14,148.68,6780.30,6,2.36,,0
2026-04-20 11:28:11,416,CLOUD,21.79,5594.02,98.42,5714.77,6,1.63,LOCAL,2
2026-04-20 11:28:17,417,LOCAL,0.00,234.87,0.00,234.95,5,1.62,,0
2026-04-20 11:28:17,418,LOCAL,0.00,185.86,0.00,185.94,5,1.62,,0
2026-04-20 11:28:17,419,LOCAL,0.00,177.99,0.00,178.05,5,1.62,,0
2026-04-20 11:28:17,420,LOCAL,0.00,187.58,0.00,187.64,5,1.62,,0
2026-04-20 11:28:18,421,LOCAL,0.00,177.65,0.00,177.71,5,1.62,,0
2026-04-20 11:28:18,422,LOCAL,0.00,165.87,0.00,165.93,5,1.62,,0
2026-04-20 11:28:18,423,LOCAL,0.00,169.45,0.00,169.51,5,1.63,,0
2026-04-20 11:28:18,424,LOCAL,0.00,172.99,0.00,173.06,5,1.63,,0
2026-04-20 11:28:18,425,LOCAL,0.00,238.66,0.00,238.74,5,1.62,,0
2026-04-20 11:28:19,426,LOCAL,0.00,185.14,0.00,185.23,5,1.62,,0
2026-04-20 11:28:19,427,LOCAL,0.00,167.20,0.00,167.26,5,1.62,,0
2026-04-20 11:28:19,428,LOCAL,0.00,195.30,0.00,195.37,5,1.62,,0
2026-04-20 11:28:19,429,LOCAL,0.00,158.91,0.00,158.97,5,1.63,CLOUD,1
2026-04-20 11:28:19,430,LOCAL,0.00,177.54,0.00,177.61,5,1.63,CLOUD,1
2026-04-20 11:28:19,431,LOCAL,0.00,166.87,0.00,166.94,5,1.63,CLOUD,1
2026-04-20 11:28:20,432,LOCAL,0.00,159.21,0.00,159.28,5,1.63,CLOUD,1
2026-04-20 11:28:20,433,LOCAL,0.00,158.22,0.00,158.28,5,1.63,CLOUD,1
2026-04-20 11:28:20,434,LOCAL,0.00,151.80,0.00,151.91,5,1.63,CLOUD,1
2026-04-20 11:28:20,435,LOCAL,0.00,176.65,0.00,176.75,5,1.64,CLOUD,1
2026-04-20 11:28:20,436,LOCAL,0.00,167.84,0.00,167.95,5,1.64,CLOUD,1
2026-04-20 11:28:20,437,LOCAL,0.00,165.65,0.00,165.71,5,1.64,CLOUD,1
2026-04-20 11:28:21,438,LOCAL,0.00,156.88,0.00,156.94,5,1.65,CLOUD,1
2026-04-20 11:28:21,439,LOCAL,0.00,180.77,0.00,180.85,5,1.64,CLOUD,1
2026-04-20 11:28:21,440,LOCAL,0.00,156.28,0.00,156.39,5,1.65,CLOUD,1
2026-04-20 11:28:21,441,LOCAL,0.00,146.22,0.00,146.29,5,1.65,CLOUD,2
2026-04-20 11:28:21,442,LOCAL,0.00,182.87,0.00,182.96,5,1.66,CLOUD,2
2026-04-20 11:28:21,443,LOCAL,0.00,280.93,0.00,281.01,5,1.65,CLOUD,2
2026-04-20 11:28:22,444,LOCAL,0.00,159.71,0.00,159.92,5,2.65,CLOUD,2
2026-04-20 11:28:22,445,LOCAL,0.00,210.85,0.00,210.92,5,5.33,CLOUD,2
2026-04-20 11:28:22,446,LOCAL,0.00,158.06,0.00,158.12,5,5.41,CLOUD,2
2026-04-20 11:28:22,447,LOCAL,0.00,181.41,0.00,181.47,5,5.42,CLOUD,2
2026-04-20 11:28:22,448,LOCAL,0.00,178.48,0.00,178.54,5,5.43,CLOUD,2
2026-04-20 11:28:23,449,LOCAL,0.00,178.21,0.00,178.28,5,5.45,CLOUD,2
2026-04-20 11:28:23,450,LOCAL,0.00,139.87,0.00,139.94,5,5.49,CLOUD,2
2026-04-20 11:28:23,451,LOCAL,0.00,137.81,0.00,137.88,5,5.51,CLOUD,2
2026-04-20 11:28:23,452,LOCAL,0.00,168.52,0.00,168.66,5,5.49,,0
2026-04-20 11:28:23,453,LOCAL,0.00,151.18,0.00,151.27,5,5.52,,0
2026-04-20 11:28:23,454,LOCAL,0.00,262.14,0.00,262.21,5,5.51,,0
2026-04-20 11:28:24,455,CLOUD,23.03,4016.48,74.50,4115.33,6,3.15,,0
2026-04-20 11:28:28,456,CLOUD,15.47,3762.18,109.79,3887.86,6,2.25,,0
2026-04-20 11:28:32,457,CLOUD,15.28,2930.44,104.61,3050.70,6,1.84,,0
2026-04-20 11:28:35,458,CLOUD,25.59,3104.37,88.37,3226.82,6,1.54,,0
2026-04-20 11:28:38,459,CLOUD,28.07,3132.96,103.64,3265.09,6,1.32,,0
2026-04-20 11:28:41,460,CLOUD,27.78,2956.58,99.55,3084.34,6,1.17,,0
2026-04-20 11:28:44,461,CLOUD,17.67,3138.85,95.24,3252.17,6,1.04,,0
2026-04-20 11:28:48,462,CLOUD,37.79,3143.52,88.22,3269.93,6,0.93,,0
2026-04-20 11:28:51,463,CLOUD,21.59,3867.93,120.25,4010.16,6,0.83,,0
2026-04-20 11:28:55,464,CLOUD,22.15,3185.75,98.66,3306.98,6,0.76,,0
2026-04-20 11:28:58,465,CLOUD,31.97,3700.10,97.53,3830.01,6,0.69,,0
2026-04-20 11:29:02,466,CLOUD,26.75,3621.47,121.46,3770.10,6,0.64,,0
2026-04-20 11:29:06,467,CLOUD,25.72,3030.98,108.20,3171.93,6,0.60,LOCAL,1
2026-04-20 11:29:09,468,CLOUD,25.40,3123.89,99.44,3249.13,6,0.56,,0
2026-04-20 11:29:12,469,CLOUD,23.79,2746.74,95.42,2866.35,6,0.54,,0
2026-04-20 11:29:15,470,CLOUD,14.22,2761.13,103.63,2879.49,6,0.51,,0
2026-04-20 11:29:18,471,CLOUD,21.52,3241.89,104.47,3368.25,6,0.48,,0
2026-04-20 11:29:22,472,CLOUD,21.43,2738.11,93.77,2853.70,6,0.46,,0
2026-04-20 11:29:24,473,CLOUD,29.98,3523.88,93.38,3647.63,6,0.44,LOCAL,1
2026-04-20 11:29:28,474,CLOUD,25.34,2782.40,102.93,2911.11,6,0.42,,0
2026-04-20 11:29:31,475,CLOUD,26.45,2918.76,88.59,3034.20,6,0.40,LOCAL,1
2026-04-20 11:29:34,476,CLOUD,34.15,3386.69,101.63,3522.87,6,0.39,,0
2026-04-20 11:29:38,477,CLOUD,34.50,2962.71,101.26,3098.91,6,0.37,,0
2026-04-20 11:29:41,478,CLOUD,25.68,2816.63,100.02,2942.75,6,0.36,,0
2026-04-20 11:29:44,479,CLOUD,26.32,3018.59,101.55,3146.88,6,0.35,,0
2026-04-20 11:29:47,480,CLOUD,30.52,3150.39,75.99,3257.33,6,0.33,,0
2026-04-20 11:29:50,481,CLOUD,14.22,3119.14,103.08,3236.84,6,0.32,,0
2026-04-20 11:29:53,482,CLOUD,21.44,2935.84,103.46,3073.27,6,0.31,,0
2026-04-20 11:29:56,483,CLOUD,22.95,2631.14,88.28,2742.74,6,0.30,,0
2026-04-20 11:29:59,484,CLOUD,13.49,2632.78,103.99,2750.60,6,0.31,,0
2026-04-20 11:30:02,485,CLOUD,25.80,4880.92,98.43,5005.55,6,0.31,,0
2026-04-20 11:30:07,486,CLOUD,25.80,2652.94,107.17,2786.52,6,0.31,,0
2026-04-20 11:30:10,487,CLOUD,14.07,2550.96,163.28,2728.75,6,0.31,,0
2026-04-20 11:30:12,488,CLOUD,13.67,2969.88,120.71,3104.76,6,0.31,,0
2026-04-20 11:30:15,489,CLOUD,14.01,3207.66,93.85,3332.11,6,0.31,,0
2026-04-20 11:30:19,490,CLOUD,25.57,3024.62,104.78,3155.37,6,0.31,,0
2026-04-20 11:30:22,491,CLOUD,21.59,2875.09,139.99,3037.15,6,0.31,,0
2026-04-20 11:30:25,492,CLOUD,34.83,2917.78,101.22,3054.19,6,0.31,,0
2026-04-20 11:30:28,493,CLOUD,70.94,3322.84,95.29,3490.30,6,0.31,,0
2026-04-20 11:30:32,494,CLOUD,25.63,3315.82,125.88,3467.79,6,0.31,,0
2026-04-20 11:30:35,495,CLOUD,34.11,4786.28,110.75,4931.59,6,0.31,,0
2026-04-20 11:30:40,496,LOCAL,0.00,268.37,0.00,268.45,5,0.32,,0
2026-04-20 11:30:40,497,LOCAL,0.00,225.34,0.00,225.41,5,0.33,,0
2026-04-20 11:30:41,498,LOCAL,0.00,176.72,0.00,176.78,5,0.34,,0
2026-04-20 11:30:41,499,LOCAL,0.00,161.37,0.00,161.43,5,0.35,,0
2026-04-20 11:30:41,500,LOCAL,0.00,176.92,0.00,176.99,5,0.36,,0
2026-04-20 11:30:41,501,LOCAL,0.00,149.45,0.00,149.52,5,0.38,,0
2026-04-20 11:30:41,502,LOCAL,0.00,195.42,0.00,195.49,5,0.40,,0
2026-04-20 11:30:41,503,LOCAL,0.00,178.31,0.00,178.37,5,0.41,,0
2026-04-20 11:30:42,504,LOCAL,0.00,225.76,0.00,225.95,5,0.43,,0
2026-04-20 11:30:42,505,LOCAL,0.00,191.90,0.00,192.02,5,0.45,,0
2026-04-20 11:30:42,506,LOCAL,0.00,183.30,0.00,183.36,5,0.47,,0
2026-04-20 11:30:42,507,LOCAL,0.00,182.00,0.00,182.06,5,0.49,,0
2026-04-20 11:30:42,508,LOCAL,0.00,171.20,0.00,171.27,5,0.52,,0
2026-04-20 11:30:43,509,LOCAL,0.00,178.14,0.00,178.21,5,0.55,,0
2026-04-20 11:30:43,510,LOCAL,0.00,154.54,0.00,154.61,5,0.58,,0
2026-04-20 11:30:43,511,LOCAL,0.00,182.72,0.00,182.79,5,0.62,,0
2026-04-20 11:30:43,512,LOCAL,0.00,165.45,0.00,165.52,5,0.66,,0
2026-04-20 11:30:43,513,LOCAL,0.00,130.29,0.00,130.37,5,0.70,CLOUD,1
2026-04-20 11:30:43,514,LOCAL,0.00,172.22,0.00,172.28,5,0.79,CLOUD,1
2026-04-20 11:30:44,515,LOCAL,0.00,190.58,0.00,190.66,5,0.85,CLOUD,1
2026-04-20 11:30:44,516,LOCAL,0.00,156.70,0.00,156.77,5,0.92,CLOUD,1
2026-04-20 11:30:44,517,LOCAL,0.00,172.86,0.00,172.93,5,1.01,CLOUD,1
2026-04-20 11:30:44,518,LOCAL,0.00,161.36,0.00,161.43,5,1.14,CLOUD,1
2026-04-20 11:30:44,519,LOCAL,0.00,151.64,0.00,151.71,5,1.29,CLOUD,1
2026-04-20 11:30:45,520,LOCAL,0.00,152.37,0.00,152.44,5,1.48,CLOUD,1
2026-04-20 11:30:45,521,LOCAL,0.00,161.50,0.00,161.56,5,1.73,CLOUD,1
2026-04-20 11:30:45,522,LOCAL,0.00,255.14,0.00,255.23,5,2.15,CLOUD,1
2026-04-20 11:30:45,523,LOCAL,0.00,194.20,0.00,194.27,5,2.84,CLOUD,1
2026-04-20 11:30:45,524,LOCAL,0.00,178.92,0.00,178.99,5,5.31,CLOUD,1
2026-04-20 11:30:45,525,LOCAL,0.00,149.69,0.00,149.76,5,5.41,CLOUD,2
2026-04-20 11:30:46,526,LOCAL,0.00,174.09,0.00,174.17,5,5.46,CLOUD,2
2026-04-20 11:30:46,527,LOCAL,0.00,170.54,0.00,170.64,5,5.48,CLOUD,2
2026-04-20 11:30:46,528,LOCAL,0.00,176.14,0.00,176.24,5,5.46,CLOUD,2
2026-04-20 11:30:46,529,LOCAL,0.00,202.69,0.00,202.76,5,5.44,CLOUD,2
2026-04-20 11:30:46,530,LOCAL,0.00,188.40,0.00,188.46,5,5.41,CLOUD,2
2026-04-20 11:30:47,531,LOCAL,0.00,158.88,0.00,158.94,5,5.44,CLOUD,2
2026-04-20 11:30:47,532,LOCAL,0.00,169.17,0.00,169.23,5,5.44,CLOUD,2
2026-04-20 11:30:47,533,LOCAL,0.00,208.03,0.00,208.12,5,5.45,CLOUD,2
2026-04-20 11:30:47,534,LOCAL,0.00,184.25,0.00,184.32,5,5.47,CLOUD,2
2026-04-20 11:30:47,535,LOCAL,0.00,207.67,0.00,207.84,5,5.43,,0
2026-04-20 11:30:48,536,LOCAL,0.00,165.04,0.00,165.13,5,5.45,,0
2026-04-20 11:30:48,537,CLOUD,22.42,3459.34,117.26,3599.41,6,3.31,,0
2026-04-20 11:30:51,538,CLOUD,21.55,3198.23,101.06,3321.24,6,2.43,,0
2026-04-20 11:30:55,539,CLOUD,34.53,4084.29,96.57,4215.84,6,1.81,,0
2026-04-20 11:30:59,540,CLOUD,13.41,3054.16,94.85,3162.83,6,1.53,LOCAL,1
2026-04-20 11:31:02,541,CLOUD,24.17,3296.95,102.29,3430.23,6,1.31,LOCAL,2
2026-04-20 11:31:06,542,LOCAL,0.00,252.40,0.00,252.50,5,1.30,CLOUD,1
2026-04-20 11:31:06,543,LOCAL,0.00,182.83,0.00,182.98,5,1.30,CLOUD,1
2026-04-20 11:31:06,544,LOCAL,0.00,192.36,0.00,192.46,5,1.30,CLOUD,1
2026-04-20 11:31:06,545,LOCAL,0.00,168.43,0.00,168.49,5,1.30,CLOUD,1
2026-04-20 11:31:06,546,LOCAL,0.00,177.37,0.00,177.43,5,1.30,CLOUD,2
2026-04-20 11:31:07,547,LOCAL,0.00,143.76,0.00,143.83,5,1.30,CLOUD,2
2026-04-20 11:31:07,548,LOCAL,0.00,170.80,0.00,170.88,5,1.30,CLOUD,2
2026-04-20 11:31:07,549,LOCAL,0.00,178.45,0.00,178.51,5,1.29,CLOUD,2
2026-04-20 11:31:07,550,LOCAL,0.00,236.56,0.00,236.76,5,1.29,CLOUD,2
2026-04-20 11:31:07,551,LOCAL,0.00,192.29,0.00,192.38,5,1.29,CLOUD,2
2026-04-20 11:31:08,552,LOCAL,0.00,180.04,0.00,180.17,5,1.29,CLOUD,2
2026-04-20 11:31:08,553,LOCAL,0.00,152.54,0.00,152.61,5,1.30,CLOUD,2
2026-04-20 11:31:08,554,LOCAL,0.00,153.97,0.00,154.03,5,1.30,CLOUD,2
2026-04-20 11:31:08,555,LOCAL,0.00,167.36,0.00,167.44,5,1.30,CLOUD,2
2026-04-20 11:31:08,556,LOCAL,0.00,167.65,0.00,167.72,5,1.30,CLOUD,2
2026-04-20 11:31:08,557,LOCAL,0.00,196.80,0.00,196.89,5,1.30,,0
2026-04-20 11:31:09,558,CLOUD,39.61,3658.61,92.95,3791.62,6,1.12,,0
2026-04-20 11:31:12,559,CLOUD,24.12,2701.68,92.88,2819.07,6,1.01,,0
2026-04-20 11:31:15,560,CLOUD,27.36,3016.00,79.67,3123.43,6,0.92,,0
2026-04-20 11:31:18,561,CLOUD,14.58,3139.18,95.35,3249.53,6,0.84,,0
2026-04-20 11:31:22,562,CLOUD,28.91,2941.26,102.44,3073.06,6,0.77,,0
2026-04-20 11:31:25,563,CLOUD,28.60,2974.40,99.79,3103.18,6,0.72,,0
2026-04-20 11:31:28,564,CLOUD,29.88,2676.99,101.89,2810.40,6,0.67,,0
2026-04-20 11:31:31,565,CLOUD,13.53,3139.56,63.53,3217.03,6,0.63,,0
2026-04-20 11:31:34,566,CLOUD,29.68,2685.44,91.25,2806.76,6,0.64,,0
2026-04-20 11:31:37,567,CLOUD,23.81,2870.45,82.84,2977.54,6,0.64,,0
2026-04-20 11:31:40,568,CLOUD,25.72,4272.93,86.40,4385.47,6,0.64,,0
2026-04-20 11:31:44,569,CLOUD,25.73,4389.17,116.40,4531.74,6,0.62,LOCAL,1
2026-04-20 11:31:49,570,CLOUD,13.75,3874.85,93.52,3982.52,6,0.62,,0
2026-04-20 11:31:53,571,CLOUD,17.57,3298.59,96.12,3412.69,6,0.58,LOCAL,1
2026-04-20 11:31:56,572,CLOUD,25.75,3109.75,100.90,3236.80,6,0.54,,0
2026-04-20 11:31:59,573,CLOUD,25.98,3267.03,82.24,3375.64,6,0.51,,0
2026-04-20 11:32:03,574,CLOUD,23.54,2747.06,95.44,2866.46,6,0.49,,0
2026-04-20 11:32:06,575,CLOUD,13.82,2890.15,93.21,2997.57,6,0.47,LOCAL,2
2026-04-20 11:32:09,576,CLOUD,29.92,2982.22,112.11,3124.86,6,0.45,,0
2026-04-20 11:32:12,577,CLOUD,25.60,4399.59,96.49,4522.08,6,0.42,,0
2026-04-20 11:32:16,578,CLOUD,25.14,3184.03,94.40,3303.99,6,0.40,LOCAL,1
2026-04-20 11:32:19,579,CLOUD,33.89,3573.71,108.95,3716.98,6,0.38,,0
2026-04-20 11:32:23,580,CLOUD,13.67,2977.47,106.61,3098.17,6,0.37,,0
2026-04-20 11:32:26,581,CLOUD,25.69,4167.64,102.86,4296.63,6,0.35,,0
2026-04-20 11:32:31,582,CLOUD,23.42,2653.03,84.88,2761.74,6,0.34,,0
2026-04-20 11:32:33,583,CLOUD,23.47,2916.54,87.58,3028.02,6,0.33,LOCAL,1
2026-04-20 11:32:36,584,CLOUD,26.45,2619.42,82.92,2729.23,6,0.32,LOCAL,2
2026-04-20 11:32:39,585,CLOUD,29.92,2870.23,98.75,2999.33,6,0.31,,0
2026-04-20 11:32:42,586,CLOUD,25.79,4626.02,122.02,4774.26,6,0.29,,0
2026-04-20 11:32:47,587,CLOUD,18.54,3058.06,88.50,3165.50,6,0.30,,0
2026-04-20 11:32:50,588,CLOUD,45.55,3029.66,103.09,3178.72,6,0.30,LOCAL,1
2026-04-20 11:32:53,589,CLOUD,13.62,3087.56,94.65,3196.21,6,0.30,,0
2026-04-20 11:32:57,590,CLOUD,25.89,3993.93,107.00,4127.29,6,0.29,,0
2026-04-20 11:33:01,591,CLOUD,29.53,2831.79,92.50,2954.20,6,0.29,,0
2026-04-20 11:33:04,592,CLOUD,39.64,2607.81,85.24,2733.12,6,0.29,,0
2026-04-20 11:33:06,593,CLOUD,24.02,3178.10,90.53,3293.02,6,0.29,,0
2026-04-20 11:33:10,594,CLOUD,13.65,3159.36,85.86,3259.25,6,0.29,,0
2026-04-20 11:33:13,595,CLOUD,25.69,4002.24,89.71,4118.03,6,0.29,,0
2026-04-20 11:33:17,596,CLOUD,26.07,2828.41,88.51,2943.39,6,0.29,,0
2026-04-20 11:33:20,597,CLOUD,25.76,2620.79,99.86,2746.79,6,0.29,,0
2026-04-20 11:33:23,598,CLOUD,51.34,2975.59,94.96,3122.27,6,0.30,,0
2026-04-20 11:33:26,599,CLOUD,27.61,3317.55,109.17,3454.74,6,0.30,,0
2026-04-20 11:33:29,600,CLOUD,25.57,2579.65,89.32,2694.94,6,0.30,,0
2026-04-20 11:33:32,601,CLOUD,24.88,3497.33,96.30,3618.94,6,0.30,,0
2026-04-20 11:33:36,602,CLOUD,25.63,3133.81,91.83,3251.81,6,0.30,,0
2026-04-20 11:33:39,603,CLOUD,25.69,2905.13,96.33,3027.54,6,0.30,,0
2026-04-20 11:33:42,604,CLOUD,25.35,3129.81,114.61,3270.21,6,0.30,,0
2026-04-20 11:33:45,605,CLOUD,17.62,4562.27,104.75,4685.05,6,0.29,,0
2026-04-20 11:33:50,606,CLOUD,23.30,2818.12,92.53,2934.35,6,0.30,LOCAL,1
2026-04-20 11:33:53,607,CLOUD,13.87,3115.26,97.37,3226.97,6,0.30,LOCAL,2
2026-04-20 11:33:56,608,LOCAL,0.00,246.96,0.00,247.03,5,0.31,,0
2026-04-20 11:33:56,609,LOCAL,0.00,192.02,0.00,192.09,5,0.32,,0
2026-04-20 11:33:57,610,LOCAL,0.00,170.68,0.00,170.74,5,0.34,,0
2026-04-20 11:33:57,611,LOCAL,0.00,198.33,0.00,198.39,5,0.35,CLOUD,1
2026-04-20 11:33:57,612,LOCAL,0.00,167.29,0.00,167.36,5,0.36,CLOUD,1
2026-04-20 11:33:57,613,LOCAL,0.00,153.62,0.00,153.69,5,0.37,CLOUD,1
2026-04-20 11:33:57,614,LOCAL,0.00,180.61,0.00,180.68,5,0.38,CLOUD,1
2026-04-20 11:33:58,615,LOCAL,0.00,182.77,0.00,182.83,5,0.41,CLOUD,1
2026-04-20 11:33:58,616,LOCAL,0.00,250.21,0.00,250.38,5,0.43,CLOUD,1
2026-04-20 11:33:58,617,LOCAL,0.00,192.97,0.00,193.05,5,0.45,CLOUD,1
2026-04-20 11:33:58,618,LOCAL,0.00,187.99,0.00,188.06,5,0.47,CLOUD,1
2026-04-20 11:33:58,619,LOCAL,0.00,175.03,0.00,175.10,5,0.50,CLOUD,1
2026-04-20 11:33:59,620,LOCAL,0.00,142.59,0.00,142.67,5,0.53,CLOUD,1
2026-04-20 11:33:59,621,LOCAL,0.00,154.10,0.00,154.17,5,0.55,CLOUD,1
2026-04-20 11:33:59,622,LOCAL,0.00,182.42,0.00,182.48,5,0.59,CLOUD,2
2026-04-20 11:33:59,623,LOCAL,0.00,185.14,0.00,185.21,5,0.63,CLOUD,2
2026-04-20 11:33:59,624,LOCAL,0.00,177.15,0.00,177.21,5,0.68,CLOUD,2
2026-04-20 11:33:59,625,LOCAL,0.00,190.26,0.00,190.32,5,0.73,CLOUD,2
2026-04-20 11:34:00,626,LOCAL,0.00,169.41,0.00,169.47,5,0.78,CLOUD,2
2026-04-20 11:34:00,627,LOCAL,0.00,163.57,0.00,163.64,5,0.85,CLOUD,2
2026-04-20 11:34:00,628,LOCAL,0.00,182.52,0.00,182.58,5,0.94,CLOUD,2
2026-04-20 11:34:00,629,LOCAL,0.00,149.53,0.00,149.59,5,1.03,CLOUD,2
2026-04-20 11:34:00,630,LOCAL,0.00,154.82,0.00,154.89,5,1.17,CLOUD,2
2026-04-20 11:34:01,631,LOCAL,0.00,142.75,0.00,142.81,5,1.34,CLOUD,2
2026-04-20 11:34:01,632,LOCAL,0.00,166.07,0.00,166.14,5,1.54,CLOUD,2
2026-04-20 11:34:01,633,LOCAL,0.00,226.07,0.00,226.16,5,1.84,,0
2026-04-20 11:34:01,634,CLOUD,76.84,3090.79,151.42,3320.05,6,2.01,,0
2026-04-20 11:34:04,635,CLOUD,39.56,3189.68,94.95,3325.82,6,1.96,,0
2026-04-20 11:34:08,636,CLOUD,25.73,3028.47,99.59,3154.21,6,1.97,,0
2026-04-20 11:34:11,637,CLOUD,29.78,3188.99,88.14,3307.31,6,1.63,,0
2026-04-20 11:34:14,638,CLOUD,40.52,3201.18,102.21,3344.32,6,1.39,,0
2026-04-20 11:34:18,639,CLOUD,17.43,4472.50,91.22,4581.54,6,1.15,,0
2026-04-20 11:34:22,640,CLOUD,33.84,2825.75,95.08,2955.05,6,1.03,,0
2026-04-20 11:34:25,641,CLOUD,33.24,3258.07,97.80,3389.51,6,0.93,,0
2026-04-20 11:34:29,642,CLOUD,29.81,2855.60,94.90,2980.76,6,0.85,,0
2026-04-20 11:34:31,643,CLOUD,38.19,3624.40,108.95,3771.92,6,0.77,LOCAL,1
2026-04-20 11:34:35,644,CLOUD,13.70,2959.52,95.93,3069.57,6,0.71,,0
2026-04-20 11:34:38,645,CLOUD,36.65,3014.39,91.76,3143.21,6,0.67,,0
2026-04-20 11:34:42,646,CLOUD,24.83,3296.90,78.94,3401.08,6,0.62,,0
2026-04-20 11:34:45,647,CLOUD,29.88,3212.56,79.42,3322.29,6,0.58,,0
2026-04-20 11:34:48,648,CLOUD,21.69,4637.60,120.14,4779.83,6,0.53,,0
2026-04-20 11:34:53,649,CLOUD,32.50,2762.26,87.84,2883.00,6,0.51,,0
2026-04-20 11:34:56,650,CLOUD,33.66,3514.28,106.16,3654.54,6,0.48,LOCAL,1
2026-04-20 11:35:00,651,LOCAL,0.00,265.08,0.00,265.16,5,0.48,,0
2026-04-20 11:35:00,652,LOCAL,0.00,224.95,0.00,225.02,5,0.48,,0
2026-04-20 11:35:00,653,LOCAL,0.00,205.66,0.00,205.72,5,0.48,,0
2026-04-20 11:35:00,654,LOCAL,0.00,186.44,0.00,186.50,5,0.48,,0
2026-04-20 11:35:00,655,LOCAL,0.00,197.07,0.00,197.14,5,0.48,,0
2026-04-20 11:35:01,656,LOCAL,0.00,190.34,0.00,190.42,5,0.48,,0
2026-04-20 11:35:01,657,LOCAL,0.00,218.56,0.00,218.65,5,0.48,,0
2026-04-20 11:35:01,658,LOCAL,0.00,180.81,0.00,180.94,5,0.48,,0
2026-04-20 11:35:01,659,LOCAL,0.00,136.38,0.00,136.44,5,0.48,,0
2026-04-20 11:35:01,660,LOCAL,0.00,180.05,0.00,180.16,5,0.48,,0
2026-04-20 11:35:02,661,LOCAL,0.00,142.96,0.00,143.03,5,0.48,,0
2026-04-20 11:35:02,662,LOCAL,0.00,184.88,0.00,184.94,5,0.48,,0
2026-04-20 11:35:02,663,LOCAL,0.00,143.23,0.00,143.29,5,0.50,,0
2026-04-20 11:35:02,664,LOCAL,0.00,189.13,0.00,189.19,5,0.53,,0
2026-04-20 11:35:02,665,LOCAL,0.00,194.32,0.00,194.38,5,0.56,,0
2026-04-20 11:35:03,666,LOCAL,0.00,189.90,0.00,189.97,5,0.60,,0
2026-04-20 11:35:03,667,LOCAL,0.00,200.01,0.00,200.07,5,0.64,,0
2026-04-20 11:35:03,668,LOCAL,0.00,183.07,0.00,183.13,5,0.71,,0
2026-04-20 11:35:03,669,LOCAL,0.00,181.58,0.00,181.67,5,0.76,,0
2026-04-20 11:35:03,670,LOCAL,0.00,171.08,0.00,171.15,5,0.83,,0
2026-04-20 11:35:04,671,LOCAL,0.00,169.79,0.00,169.86,5,0.90,,0
2026-04-20 11:35:04,672,LOCAL,0.00,188.28,0.00,188.34,5,1.01,,0
2026-04-20 11:35:04,673,LOCAL,0.00,165.92,0.00,166.00,5,1.13,,0
2026-04-20 11:35:04,674,LOCAL,0.00,220.14,0.00,220.23,5,1.27,,0
2026-04-20 11:35:04,675,LOCAL,0.00,181.52,0.00,181.60,5,1.48,,0
2026-04-20 11:35:04,676,LOCAL,0.00,179.11,0.00,179.18,5,1.77,,0
2026-04-20 11:35:05,677,LOCAL,0.00,204.51,0.00,204.58,5,2.45,,0
2026-04-20 11:35:05,678,LOCAL,0.00,160.09,0.00,160.16,5,3.19,,0
2026-04-20 11:35:05,679,LOCAL,0.00,168.58,0.00,168.70,5,5.15,,0
2026-04-20 11:35:05,680,LOCAL,0.00,179.72,0.00,179.81,5,5.23,,0
2026-04-20 11:35:05,681,LOCAL,0.00,166.86,0.00,167.01,5,5.29,CLOUD,1
2026-04-20 11:35:06,682,LOCAL,0.00,147.87,0.00,147.97,5,5.32,CLOUD,1
2026-04-20 11:35:06,683,LOCAL,0.00,174.96,0.00,175.07,5,5.33,CLOUD,1
2026-04-20 11:35:06,684,LOCAL,0.00,170.16,0.00,170.27,5,5.36,CLOUD,1
2026-04-20 11:35:06,685,LOCAL,0.00,188.82,0.00,188.89,5,5.38,CLOUD,1
2026-04-20 11:35:06,686,LOCAL,0.00,169.29,0.00,169.36,5,5.43,CLOUD,1
2026-04-20 11:35:06,687,LOCAL,0.00,217.50,0.00,217.57,5,5.38,CLOUD,1
2026-04-20 11:35:07,688,LOCAL,0.00,197.97,0.00,198.06,5,5.33,CLOUD,1
2026-04-20 11:35:07,689,LOCAL,0.00,185.95,0.00,186.02,5,5.33,CLOUD,1
2026-04-20 11:35:07,690,LOCAL,0.00,192.08,0.00,192.15,5,5.30,CLOUD,1
2026-04-20 11:35:07,691,LOCAL,0.00,157.54,0.00,157.61,5,5.33,CLOUD,1
2026-04-20 11:35:07,692,LOCAL,0.00,172.10,0.00,172.18,5,5.30,CLOUD,2
2026-04-20 11:35:08,693,LOCAL,0.00,186.58,0.00,186.65,5,5.28,CLOUD,2
2026-04-20 11:35:08,694,LOCAL,0.00,170.31,0.00,170.38,5,5.29,CLOUD,2
2026-04-20 11:35:08,695,LOCAL,0.00,175.15,0.00,175.21,5,5.31,CLOUD,2
2026-04-20 11:35:08,696,LOCAL,0.00,188.05,0.00,188.10,5,5.30,CLOUD,2
2026-04-20 11:35:08,697,LOCAL,0.00,174.44,0.00,174.53,5,5.31,CLOUD,2
2026-04-20 11:35:09,698,LOCAL,0.00,139.10,0.00,139.16,5,5.35,CLOUD,2
2026-04-20 11:35:09,699,LOCAL,0.00,172.43,0.00,172.50,5,5.35,CLOUD,2
2026-04-20 11:35:09,700,LOCAL,0.00,175.44,0.00,175.50,5,5.35,CLOUD,2
2026-04-20 11:35:09,701,LOCAL,0.00,190.09,0.00,190.15,5,5.35,CLOUD,2
2026-04-20 11:35:09,702,LOCAL,0.00,173.92,0.00,173.99,5,5.34,CLOUD,2
2026-04-20 11:35:10,703,LOCAL,0.00,183.59,0.00,183.66,5,5.36,,0
2026-04-20 11:35:10,704,LOCAL,0.00,183.17,0.00,183.30,5,5.29,,0
2026-04-20 11:35:10,705,CLOUD,25.71,2734.08,87.49,2847.74,6,3.56,,0
2026-04-20 11:35:13,706,CLOUD,25.72,3377.20,93.27,3496.58,6,2.53,,0
2026-04-20 11:35:16,707,CLOUD,25.53,2825.22,95.43,2946.56,6,2.03,,0
2026-04-20 11:35:19,708,CLOUD,44.57,4843.57,111.34,4999.91,6,1.52,LOCAL,1
2026-04-20 11:35:24,709,CLOUD,25.83,4541.61,92.58,4660.40,6,1.23,,0
2026-04-20 11:35:29,710,CLOUD,25.94,4665.87,93.99,4786.35,6,1.03,,0
2026-04-20 11:35:34,711,CLOUD,25.79,3148.59,96.33,3271.10,6,0.93,,0
2026-04-20 11:35:37,712,CLOUD,13.64,2753.04,91.95,2859.03,6,0.85,,0
2026-04-20 11:35:40,713,CLOUD,25.84,3612.78,122.97,3776.51,6,0.77,LOCAL,1
2026-04-20 11:35:44,714,CLOUD,13.44,3053.88,96.71,3164.42,6,0.72,,0
2026-04-20 11:35:47,715,CLOUD,13.89,3175.10,93.32,3282.70,6,0.66,,0
2026-04-20 11:35:50,716,CLOUD,25.84,4334.45,96.10,4456.84,6,0.61,,0
2026-04-20 11:35:55,717,CLOUD,23.79,3228.55,103.79,3356.53,6,0.57,,0
2026-04-20 11:35:58,718,CLOUD,25.91,3063.33,116.62,3206.30,6,0.54,LOCAL,1
2026-04-20 11:36:01,719,CLOUD,21.76,3591.95,96.47,3710.58,6,0.50,LOCAL,2
2026-04-20 11:36:05,720,CLOUD,13.86,2745.67,96.13,2856.06,6,0.48,,0
2026-04-20 11:36:08,721,CLOUD,25.70,3332.24,105.58,3463.92,6,0.46,,0
2026-04-20 11:36:11,722,CLOUD,13.44,3242.99,71.10,3327.90,6,0.43,,0
2026-04-20 11:36:15,723,CLOUD,20.78,3100.27,102.45,3223.91,6,0.42,,0
2026-04-20 11:36:18,724,CLOUD,13.97,3271.51,77.26,3363.14,6,0.40,,0
2026-04-20 11:36:21,725,CLOUD,21.89,3275.85,97.32,3395.47,6,0.38,,0
2026-04-20 11:36:25,726,CLOUD,17.92,4048.42,99.76,4166.49,6,0.36,,0
2026-04-20 11:36:29,727,CLOUD,25.62,3062.95,97.84,3186.88,6,0.35,,0
2026-04-20 11:36:32,728,CLOUD,25.97,3457.44,98.40,3582.23,6,0.33,,0
2026-04-20 11:36:36,729,CLOUD,25.83,3131.93,98.23,3256.39,6,0.32,,0
2026-04-20 11:36:39,730,CLOUD,42.01,3053.98,101.51,3197.96,6,0.31,,0
2026-04-20 11:36:42,731,CLOUD,29.88,2761.60,118.91,2910.88,6,0.30,,0
2026-04-20 11:36:45,732,CLOUD,13.74,3024.24,121.85,3160.24,6,0.29,,0
2026-04-20 11:36:48,733,CLOUD,13.48,3279.89,99.97,3393.73,6,0.29,,0
2026-04-20 11:36:51,734,CLOUD,25.83,3494.05,105.67,3625.94,6,0.28,,0
2026-04-20 11:36:55,735,CLOUD,25.47,4503.93,66.95,4596.74,6,0.28,,0
2026-04-20 11:37:00,736,CLOUD,25.02,3162.54,98.24,3286.21,6,0.28,,0
2026-04-20 11:37:03,737,CLOUD,25.69,3024.87,95.50,3146.47,6,0.28,LOCAL,1
2026-04-20 11:37:06,738,CLOUD,25.43,4005.42,96.97,4128.22,6,0.29,,0
2026-04-20 11:37:10,739,CLOUD,26.81,3173.97,105.40,3306.61,6,0.29,LOCAL,2
2026-04-20 11:37:14,740,CLOUD,13.37,2690.43,109.96,2814.14,6,0.29,,0
2026-04-20 11:37:16,741,CLOUD,25.40,2941.33,94.62,3061.74,6,0.29,,0
2026-04-20 11:37:19,742,CLOUD,13.60,3192.41,100.33,3306.72,6,0.29,,0
2026-04-20 11:37:23,743,CLOUD,42.02,3198.71,97.91,3339.01,6,0.29,LOCAL,1
2026-04-20 11:37:26,744,CLOUD,25.86,3410.39,111.50,3564.23,6,0.29,,0
2026-04-20 11:37:30,745,CLOUD,25.71,3103.84,100.26,3230.36,6,0.29,,0
2026-04-20 11:37:33,746,CLOUD,35.59,3626.64,118.04,3780.72,6,0.29,LOCAL,1
2026-04-20 11:37:37,747,LOCAL,0.00,255.03,0.00,255.12,5,0.30,,0
2026-04-20 11:37:37,748,LOCAL,0.00,181.15,0.00,181.22,5,0.31,,0
2026-04-20 11:37:37,749,LOCAL,0.00,202.06,0.00,202.12,5,0.32,,0
2026-04-20 11:37:37,750,LOCAL,0.00,210.28,0.00,210.35,5,0.34,,0
2026-04-20 11:37:38,751,LOCAL,0.00,204.69,0.00,204.76,5,0.35,,0
2026-04-20 11:37:38,752,LOCAL,0.00,180.58,0.00,180.64,5,0.36,,0
2026-04-20 11:37:38,753,LOCAL,0.00,169.56,0.00,169.63,5,0.38,,0
2026-04-20 11:37:38,754,LOCAL,0.00,222.43,0.00,222.51,5,0.39,,0
2026-04-20 11:37:38,755,LOCAL,0.00,166.08,0.00,166.15,5,0.42,CLOUD,1
2026-04-20 11:37:39,756,LOCAL,0.00,190.58,0.00,190.64,5,0.43,CLOUD,1
2026-04-20 11:37:39,757,LOCAL,0.00,179.42,0.00,179.48,5,0.46,CLOUD,1
2026-04-20 11:37:39,758,LOCAL,0.00,180.46,0.00,180.52,5,0.48,CLOUD,1
2026-04-20 11:37:39,759,LOCAL,0.00,152.85,0.00,152.91,5,0.51,CLOUD,1
2026-04-20 11:37:39,760,LOCAL,0.00,178.01,0.00,178.08,5,0.53,CLOUD,1
2026-04-20 11:37:40,761,LOCAL,0.00,195.31,0.00,195.41,5,0.56,CLOUD,1
2026-04-20 11:37:40,762,LOCAL,0.00,182.17,0.00,182.27,5,0.60,CLOUD,1
2026-04-20 11:37:40,763,LOCAL,0.00,179.08,0.00,179.18,5,0.64,CLOUD,1
2026-04-20 11:37:40,764,LOCAL,0.00,148.43,0.00,148.49,5,0.72,CLOUD,1
2026-04-20 11:37:40,765,LOCAL,0.00,169.76,0.00,169.86,5,0.78,CLOUD,1
2026-04-20 11:37:40,766,LOCAL,0.00,177.07,0.00,177.14,5,0.84,CLOUD,2
2026-04-20 11:37:41,767,LOCAL,0.00,167.90,0.00,167.97,5,0.95,CLOUD,2
2026-04-20 11:37:41,768,LOCAL,0.00,162.74,0.00,162.81,5,1.06,CLOUD,2
2026-04-20 11:37:41,769,LOCAL,0.00,167.39,0.00,167.46,5,1.17,CLOUD,2
2026-04-20 11:37:41,770,LOCAL,0.00,150.98,0.00,151.05,5,1.33,CLOUD,2
2026-04-20 11:37:41,771,LOCAL,0.00,215.56,0.00,215.80,5,1.55,CLOUD,2
2026-04-20 11:37:42,772,LOCAL,0.00,184.11,0.00,184.22,5,1.87,CLOUD,2
2026-04-20 11:37:42,773,LOCAL,0.00,192.60,0.00,192.67,5,2.38,CLOUD,2
2026-04-20 11:37:42,774,LOCAL,0.00,173.24,0.00,173.30,5,3.18,CLOUD,2
2026-04-20 11:37:42,775,LOCAL,0.00,171.28,0.00,171.34,5,5.26,CLOUD,2
2026-04-20 11:37:42,776,LOCAL,0.00,133.20,0.00,133.26,5,5.37,CLOUD,2
2026-04-20 11:37:42,777,LOCAL,0.00,210.35,0.00,225.77,5,5.32,,0
2026-04-20 11:37:43,778,LOCAL,0.00,192.41,0.00,192.53,5,5.31,,0
2026-04-20 11:37:43,779,CLOUD,22.78,3311.83,109.44,3444.51,6,3.34,,0
2026-04-20 11:37:46,780,CLOUD,31.77,4209.01,96.14,4337.31,6,2.26,,0
2026-04-20 11:37:51,781,CLOUD,13.76,3772.63,140.20,3927.08,6,1.75,,0
2026-04-20 11:37:55,782,CLOUD,14.02,3429.18,97.30,3540.86,6,1.45,,0
2026-04-20 11:37:58,783,CLOUD,28.23,3219.89,96.35,3344.91,6,1.26,,0
2026-04-20 11:38:01,784,CLOUD,29.24,3644.00,99.64,3773.30,6,1.09,,0
2026-04-20 11:38:05,785,CLOUD,25.85,3507.77,76.60,3610.64,6,0.96,,0
2026-04-20 11:38:09,786,CLOUD,14.47,3145.28,88.14,3249.42,6,0.87,,0
2026-04-20 11:38:12,787,CLOUD,21.69,3060.92,69.30,3152.31,6,0.80,,0
2026-04-20 11:38:15,788,CLOUD,14.13,2930.81,93.42,3038.77,6,0.74,,0
2026-04-20 11:38:18,789,CLOUD,24.02,3040.96,85.42,3150.83,6,0.69,,0
2026-04-20 11:38:22,790,CLOUD,38.05,3988.67,113.72,4140.83,6,0.63,,0
2026-04-20 11:38:26,791,CLOUD,21.67,3571.09,81.37,3674.62,6,0.59,,0
2026-04-20 11:38:29,792,CLOUD,24.55,3065.50,101.19,3191.68,6,0.55,LOCAL,2
2026-04-20 11:38:33,793,CLOUD,33.84,4002.02,94.47,4130.76,6,0.51,,0
2026-04-20 11:38:37,794,CLOUD,35.53,2850.68,96.00,2982.63,6,0.49,,0
2026-04-20 11:38:40,795,CLOUD,41.67,3358.73,102.08,3502.91,6,0.46,,0
2026-04-20 11:38:43,796,CLOUD,25.75,3004.91,102.15,3133.20,6,0.44,,0
2026-04-20 11:38:46,797,CLOUD,25.30,3289.58,81.79,3397.08,6,0.42,,0
2026-04-20 11:38:50,798,CLOUD,14.11,2995.18,104.22,3113.94,6,0.40,,0
2026-04-20 11:38:53,799,CLOUD,23.13,3342.73,104.35,3470.73,6,0.39,,0
2026-04-20 11:38:56,800,CLOUD,25.95,2826.35,99.11,2951.81,6,0.37,,0
2026-04-20 11:38:59,801,CLOUD,14.10,3093.43,98.07,3206.01,6,0.36,,0
2026-04-20 11:39:03,802,CLOUD,38.91,4326.31,102.41,4468.06,6,0.34,,0
2026-04-20 11:39:07,803,CLOUD,25.70,2833.64,103.16,2962.93,6,0.33,LOCAL,1
2026-04-20 11:39:10,804,CLOUD,25.61,2909.68,85.20,3020.89,6,0.32,LOCAL,2
2026-04-20 11:39:13,805,LOCAL,0.00,251.98,0.00,253.76,5,0.32,,0
2026-04-20 11:39:13,806,LOCAL,0.00,215.42,0.00,215.48,5,0.32,,0
2026-04-20 11:39:13,807,LOCAL,0.00,199.98,0.00,200.04,5,0.32,,0
2026-04-20 11:39:14,808,LOCAL,0.00,163.30,0.00,163.36,5,0.33,,0
2026-04-20 11:39:14,809,LOCAL,0.00,206.30,0.00,206.37,5,0.35,,0
2026-04-20 11:39:14,810,LOCAL,0.00,193.18,0.00,193.25,5,0.36,,0
2026-04-20 11:39:14,811,LOCAL,0.00,176.67,0.00,176.73,5,0.38,,0
2026-04-20 11:39:14,812,LOCAL,0.00,183.93,0.00,183.99,5,0.40,,0
2026-04-20 11:39:15,813,LOCAL,0.00,174.94,0.00,175.00,5,0.42,,0
2026-04-20 11:39:15,814,LOCAL,0.00,187.19,0.00,187.40,5,0.44,,0
2026-04-20 11:39:15,815,LOCAL,0.00,178.95,0.00,179.07,5,0.46,,0
2026-04-20 11:39:15,816,LOCAL,0.00,167.35,0.00,167.42,5,0.48,,0
2026-04-20 11:39:15,817,LOCAL,0.00,155.44,0.00,155.50,5,0.51,,0
2026-04-20 11:39:16,818,LOCAL,0.00,162.01,0.00,162.07,5,0.53,,0
2026-04-20 11:39:16,819,LOCAL,0.00,158.98,0.00,159.05,5,0.58,,0
2026-04-20 11:39:16,820,LOCAL,0.00,160.59,0.00,160.65,5,0.62,,0
2026-04-20 11:39:16,821,LOCAL,0.00,171.72,0.00,171.78,5,0.66,,0
2026-04-20 11:39:16,822,LOCAL,0.00,176.27,0.00,176.34,5,0.73,,0
2026-04-20 11:39:16,823,LOCAL,0.00,192.33,0.00,192.40,5,0.78,,0
2026-04-20 11:39:17,824,LOCAL,0.00,187.27,0.00,187.34,5,0.86,CLOUD,1
2026-04-20 11:39:17,825,LOCAL,0.00,192.22,0.00,192.28,5,0.94,CLOUD,1
2026-04-20 11:39:17,826,LOCAL,0.00,190.11,0.00,190.17,5,1.05,CLOUD,1
2026-04-20 11:39:17,827,LOCAL,0.00,177.90,0.00,177.96,5,1.18,CLOUD,1
2026-04-20 11:39:17,828,LOCAL,0.00,185.58,0.00,185.65,5,1.36,CLOUD,1
2026-04-20 11:39:18,829,LOCAL,0.00,190.98,0.00,191.04,5,1.57,CLOUD,1
2026-04-20 11:39:18,830,LOCAL,0.00,195.36,0.00,195.64,5,1.87,CLOUD,1
2026-04-20 11:39:18,831,LOCAL,0.00,209.11,0.00,209.21,5,2.57,CLOUD,1
2026-04-20 11:39:18,832,LOCAL,0.00,164.17,0.00,164.23,5,3.41,CLOUD,1
2026-04-20 11:39:18,833,LOCAL,0.00,192.08,0.00,192.16,5,5.12,CLOUD,1
2026-04-20 11:39:19,834,LOCAL,0.00,172.88,0.00,172.94,5,5.20,CLOUD,2
2026-04-20 11:39:19,835,LOCAL,0.00,158.43,0.00,158.50,5,5.26,CLOUD,2
2026-04-20 11:39:19,836,LOCAL,0.00,179.98,0.00,180.05,5,5.28,CLOUD,2
2026-04-20 11:39:19,837,LOCAL,0.00,133.10,0.00,133.18,5,5.31,CLOUD,2
2026-04-20 11:39:19,838,LOCAL,0.00,183.80,0.00,183.86,5,5.34,CLOUD,2
2026-04-20 11:39:19,839,LOCAL,0.00,170.61,0.00,170.68,5,5.37,CLOUD,2
2026-04-20 11:39:20,840,LOCAL,0.00,168.31,0.00,168.40,5,5.37,CLOUD,2
2026-04-20 11:39:20,841,LOCAL,0.00,181.09,0.00,181.15,5,5.37,CLOUD,2
2026-04-20 11:39:20,842,LOCAL,0.00,195.00,0.00,195.06,5,5.35,CLOUD,2
2026-04-20 11:39:20,843,LOCAL,0.00,162.50,0.00,162.57,5,5.44,CLOUD,2
2026-04-20 11:39:20,844,LOCAL,0.00,171.60,0.00,171.67,5,5.47,CLOUD,2
2026-04-20 11:39:21,845,LOCAL,0.00,167.95,0.00,168.01,5,5.47,CLOUD,2
2026-04-20 11:39:21,846,LOCAL,0.00,247.32,0.00,247.50,5,5.36,,0
2026-04-20 11:39:21,847,LOCAL,0.00,238.61,0.00,238.75,5,5.28,,0
2026-04-20 11:39:21,848,CLOUD,26.13,2961.99,141.59,3130.19,6,3.42,,0
2026-04-20 11:39:24,849,CLOUD,31.60,2863.93,97.53,2993.41,6,2.57,,0
2026-04-20 11:39:27,850,CLOUD,54.04,3328.20,103.85,3486.94,6,1.98,,0
2026-04-20 11:39:31,851,CLOUD,25.52,3045.46,87.01,3158.37,6,1.65,,0
2026-04-20 11:39:34,852,CLOUD,23.54,4372.43,94.72,4491.11,6,1.32,,0
2026-04-20 11:39:39,853,CLOUD,25.65,2693.03,98.53,2817.72,6,1.18,,0
2026-04-20 11:39:41,854,CLOUD,28.07,3938.50,84.38,4051.33,6,1.02,,0
2026-04-20 11:39:45,855,CLOUD,13.92,3760.01,93.76,3868.12,6,0.90,,0
2026-04-20 11:39:49,856,CLOUD,27.80,3066.73,93.48,3188.40,6,0.83,,0
2026-04-20 11:39:53,857,CLOUD,20.94,3173.33,91.98,3286.69,6,0.76,,0
2026-04-20 11:39:56,858,CLOUD,24.81,5380.07,73.35,5478.62,6,0.67,,0
2026-04-20 11:40:01,859,CLOUD,29.64,2994.14,112.86,3137.06,6,0.62,LOCAL,1
2026-04-20 11:40:04,860,CLOUD,32.05,3618.30,102.98,3753.73,6,0.58,,0
2026-04-20 11:40:08,861,CLOUD,25.75,3381.59,101.12,3508.85,6,0.54,,0
2026-04-20 11:40:12,862,CLOUD,25.64,3049.63,91.93,3167.60,6,0.52,LOCAL,1
2026-04-20 11:40:15,863,CLOUD,25.78,3472.55,103.30,3602.05,6,0.49,,0
2026-04-20 11:40:19,864,CLOUD,25.46,3160.23,115.07,3301.18,6,0.46,,0
2026-04-20 11:40:22,865,CLOUD,25.54,2852.85,92.77,2971.63,6,0.44,,0
2026-04-20 11:40:25,866,CLOUD,25.42,3260.38,101.56,3387.77,6,0.42,,0
2026-04-20 11:40:28,867,CLOUD,23.82,2880.60,106.27,3011.11,6,0.40,,0
2026-04-20 11:40:31,868,CLOUD,31.09,3318.33,85.73,3435.58,6,0.39,,0
2026-04-20 11:40:35,869,CLOUD,25.09,3235.15,98.29,3358.96,6,0.37,,0
2026-04-20 11:40:38,870,CLOUD,17.56,3975.01,90.76,4083.73,6,0.35,LOCAL,1
2026-04-20 11:40:42,871,LOCAL,0.00,221.95,0.00,222.03,5,0.35,,0
2026-04-20 11:40:42,872,LOCAL,0.00,180.07,0.00,180.13,5,0.35,,0
2026-04-20 11:40:43,873,LOCAL,0.00,168.43,0.00,168.50,5,0.35,,0
2026-04-20 11:40:43,874,LOCAL,0.00,170.10,0.00,170.17,5,0.35,,0
2026-04-20 11:40:43,875,LOCAL,0.00,164.92,0.00,164.99,5,0.35,,0
2026-04-20 11:40:43,876,LOCAL,0.00,179.45,0.00,179.52,5,0.35,,0
2026-04-20 11:40:43,877,LOCAL,0.00,183.05,0.00,183.11,5,0.37,,0
2026-04-20 11:40:43,878,LOCAL,0.00,211.49,0.00,211.58,5,0.38,,0
2026-04-20 11:40:44,879,LOCAL,0.00,181.04,0.00,181.13,5,0.40,,0
2026-04-20 11:40:44,880,LOCAL,0.00,152.11,0.00,152.18,5,0.41,CLOUD,1
2026-04-20 11:40:44,881,LOCAL,0.00,159.63,0.00,159.71,5,0.44,CLOUD,1
2026-04-20 11:40:44,882,LOCAL,0.00,166.46,0.00,166.52,5,0.46,CLOUD,1
2026-04-20 11:40:44,883,LOCAL,0.00,177.81,0.00,177.89,5,0.49,CLOUD,1
2026-04-20 11:40:45,884,LOCAL,0.00,160.38,0.00,160.46,5,0.52,CLOUD,1
2026-04-20 11:40:45,885,LOCAL,0.00,204.08,0.00,204.16,5,0.55,CLOUD,1
2026-04-20 11:40:45,886,LOCAL,0.00,178.91,0.00,178.98,5,0.59,CLOUD,1
2026-04-20 11:40:45,887,LOCAL,0.00,145.76,0.00,145.86,5,0.66,CLOUD,1
2026-04-20 11:40:45,888,LOCAL,0.00,168.27,0.00,168.34,5,0.71,CLOUD,1
2026-04-20 11:40:46,889,LOCAL,0.00,164.23,0.00,164.30,5,0.77,CLOUD,1
2026-04-20 11:40:46,890,LOCAL,0.00,177.14,0.00,177.20,5,0.85,CLOUD,1
2026-04-20 11:40:46,891,LOCAL,0.00,139.16,0.00,139.23,5,0.93,CLOUD,2
2026-04-20 11:40:46,892,LOCAL,0.00,115.92,0.00,115.99,5,1.05,CLOUD,2
2026-04-20 11:40:46,893,LOCAL,0.00,150.98,0.00,151.06,5,1.18,CLOUD,2
2026-04-20 11:40:46,894,LOCAL,0.00,154.24,0.00,154.31,5,1.34,CLOUD,2
2026-04-20 11:40:47,895,LOCAL,0.00,164.40,0.00,164.47,5,1.57,CLOUD,2
2026-04-20 11:40:47,896,LOCAL,0.00,239.52,0.00,239.61,5,1.84,CLOUD,2
2026-04-20 11:40:47,897,LOCAL,0.00,154.56,0.00,154.63,5,2.33,CLOUD,2
2026-04-20 11:40:47,898,LOCAL,0.00,164.79,0.00,164.87,5,3.14,CLOUD,2
2026-04-20 11:40:47,899,LOCAL,0.00,184.35,0.00,184.42,5,5.44,CLOUD,2
2026-04-20 11:40:47,900,LOCAL,0.00,171.41,0.00,171.48,5,5.51,CLOUD,2
2026-04-20 11:40:48,901,LOCAL,0.00,156.65,0.00,156.74,5,5.52,CLOUD,2
2026-04-20 11:40:48,902,LOCAL,0.00,183.33,0.00,183.39,5,5.50,CLOUD,2
2026-04-20 11:40:48,903,LOCAL,0.00,155.59,0.00,155.66,5,5.53,,0
2026-04-20 11:40:48,904,LOCAL,0.00,254.26,0.00,254.34,5,5.45,,0
2026-04-20 11:40:48,905,CLOUD,13.68,2847.97,65.32,2927.41,6,3.59,,0
2026-04-20 11:40:51,906,CLOUD,14.96,2846.00,102.41,2963.81,6,2.67,,0
2026-04-20 11:40:54,907,CLOUD,25.60,3494.54,99.65,3620.20,6,2.03,,0
2026-04-20 11:40:58,908,CLOUD,23.12,3899.46,93.68,4016.69,6,1.60,,0
2026-04-20 11:41:02,909,CLOUD,29.56,3007.71,104.10,3141.81,6,1.38,LOCAL,1
2026-04-20 11:41:05,910,LOCAL,0.00,271.96,0.00,272.04,5,1.37,,0
2026-04-20 11:41:05,911,LOCAL,0.00,229.19,0.00,229.25,5,1.36,,0
2026-04-20 11:41:06,912,LOCAL,0.00,220.74,0.00,220.82,5,1.36,,0
2026-04-20 11:41:06,913,LOCAL,0.00,154.34,0.00,154.42,5,1.36,,0
2026-04-20 11:41:06,914,LOCAL,0.00,165.80,0.00,165.90,5,1.37,,0
2026-04-20 11:41:06,915,LOCAL,0.00,149.17,0.00,149.23,5,1.37,,0
2026-04-20 11:41:06,916,LOCAL,0.00,165.73,0.00,165.80,5,1.37,,0
2026-04-20 11:41:07,917,LOCAL,0.00,173.89,0.00,173.99,5,1.37,,0
2026-04-20 11:41:07,918,LOCAL,0.00,205.81,0.00,205.91,5,1.37,,0
2026-04-20 11:41:07,919,LOCAL,0.00,198.56,0.00,198.64,5,1.36,,0
2026-04-20 11:41:07,920,LOCAL,0.00,183.42,0.00,183.48,5,1.36,,0
2026-04-20 11:41:07,921,LOCAL,0.00,176.09,0.00,176.15,5,1.36,,0
2026-04-20 11:41:08,922,LOCAL,0.00,149.35,0.00,149.42,5,1.36,,0
2026-04-20 11:41:08,923,LOCAL,0.00,182.71,0.00,182.78,5,1.36,,0
2026-04-20 11:41:08,924,LOCAL,0.00,165.01,0.00,165.08,5,1.36,,0
2026-04-20 11:41:08,925,LOCAL,0.00,148.78,0.00,148.86,5,1.36,,0
2026-04-20 11:41:08,926,LOCAL,0.00,172.84,0.00,172.91,5,1.36,,0
2026-04-20 11:41:08,927,LOCAL,0.00,163.74,0.00,163.81,5,1.36,,0
2026-04-20 11:41:09,928,LOCAL,0.00,150.43,0.00,150.50,5,1.36,CLOUD,1
2026-04-20 11:41:09,929,LOCAL,0.00,158.28,0.00,158.35,5,1.36,CLOUD,1
2026-04-20 11:41:09,930,LOCAL,0.00,173.36,0.00,173.44,5,1.36,CLOUD,1
2026-04-20 11:41:09,931,LOCAL,0.00,194.62,0.00,194.69,5,1.36,CLOUD,1
2026-04-20 11:41:09,932,LOCAL,0.00,163.09,0.00,163.16,5,1.36,CLOUD,1
2026-04-20 11:41:09,933,LOCAL,0.00,161.12,0.00,161.18,5,1.37,CLOUD,1
2026-04-20 11:41:10,934,LOCAL,0.00,154.43,0.00,154.49,5,1.57,CLOUD,1
2026-04-20 11:41:10,935,LOCAL,0.00,276.98,0.00,277.16,5,1.84,CLOUD,1
2026-04-20 11:41:10,936,LOCAL,0.00,183.84,0.00,183.93,5,2.35,CLOUD,1
2026-04-20 11:41:10,937,LOCAL,0.00,179.06,0.00,179.13,5,3.42,CLOUD,1
2026-04-20 11:41:10,938,LOCAL,0.00,180.65,0.00,180.71,5,5.24,CLOUD,2
2026-04-20 11:41:11,939,LOCAL,0.00,153.72,0.00,153.79,5,5.36,CLOUD,2
2026-04-20 11:41:11,940,LOCAL,0.00,175.57,0.00,175.64,5,5.43,CLOUD,2
2026-04-20 11:41:11,941,LOCAL,0.00,182.34,0.00,182.40,5,5.49,CLOUD,2
2026-04-20 11:41:11,942,LOCAL,0.00,175.70,0.00,175.76,5,5.47,CLOUD,2
2026-04-20 11:41:11,943,LOCAL,0.00,171.33,0.00,171.40,5,5.45,CLOUD,2
2026-04-20 11:41:12,944,LOCAL,0.00,161.93,0.00,162.00,5,5.46,CLOUD,2
2026-04-20 11:41:12,945,LOCAL,0.00,166.08,0.00,166.15,5,5.46,CLOUD,2
2026-04-20 11:41:12,946,LOCAL,0.00,174.54,0.00,174.61,5,5.46,CLOUD,2
2026-04-20 11:41:12,947,LOCAL,0.00,165.28,0.00,165.35,5,5.50,CLOUD,2
2026-04-20 11:41:12,948,LOCAL,0.00,171.36,0.00,171.43,5,5.54,CLOUD,2
2026-04-20 11:41:12,949,LOCAL,0.00,175.49,0.00,175.57,5,5.54,CLOUD,2
2026-04-20 11:41:13,950,LOCAL,0.00,219.99,0.00,220.07,5,5.50,,0
2026-04-20 11:41:13,951,CLOUD,34.38,2717.35,99.39,2851.53,6,3.63,,0
2026-04-20 11:41:16,952,CLOUD,32.24,2764.62,143.62,2940.88,6,2.70,,0
2026-04-20 11:41:19,953,CLOUD,37.14,3856.74,98.70,3992.97,6,1.99,,0
2026-04-20 11:41:23,954,CLOUD,25.65,3608.99,61.87,3696.90,6,1.60,,0
2026-04-20 11:41:26,955,CLOUD,25.78,3161.49,94.29,3281.99,6,1.36,,0
2026-04-20 11:41:30,956,CLOUD,14.51,4127.51,111.51,4253.96,6,1.14,,0
2026-04-20 11:41:34,957,CLOUD,27.93,2867.14,93.79,2989.27,6,1.03,LOCAL,1
2026-04-20 11:41:37,958,CLOUD,25.61,2942.39,91.49,3059.90,6,0.93,,0
2026-04-20 11:41:40,959,CLOUD,29.96,3119.95,97.75,3264.25,6,0.85,,0
2026-04-20 11:41:43,960,CLOUD,21.67,3295.95,100.68,3418.73,6,0.78,,0
2026-04-20 11:41:47,961,CLOUD,13.80,2702.08,106.59,2822.88,6,0.72,,0
2026-04-20 11:41:50,962,CLOUD,37.82,3125.18,97.74,3261.16,6,0.67,,0
2026-04-20 11:41:53,963,CLOUD,25.86,3085.80,115.10,3227.17,6,0.63,,0
2026-04-20 11:41:56,964,CLOUD,25.72,3080.37,91.80,3198.29,6,0.59,,0
2026-04-20 11:41:59,965,CLOUD,33.80,2768.81,68.47,2871.50,6,0.56,,0
2026-04-20 11:42:02,966,CLOUD,21.82,3052.11,105.80,3180.14,6,0.53,,0
2026-04-20 11:42:05,967,CLOUD,21.73,2865.76,89.17,2977.09,6,0.50,,0
2026-04-20 11:42:08,968,CLOUD,37.84,3097.34,118.45,3254.04,6,0.48,,0
2026-04-20 11:42:12,969,CLOUD,14.27,4950.43,90.86,5055.97,6,0.44,,0
2026-04-20 11:42:17,970,CLOUD,27.73,2984.74,99.24,3112.14,6,0.42,LOCAL,1
2026-04-20 11:42:20,971,LOCAL,0.00,249.24,0.00,249.32,5,0.42,,0
2026-04-20 11:42:20,972,LOCAL,0.00,194.34,0.00,194.41,5,0.42,,0
2026-04-20 11:42:20,973,LOCAL,0.00,223.36,0.00,223.43,5,0.42,,0
2026-04-20 11:42:20,974,LOCAL,0.00,182.92,0.00,183.02,5,0.42,,0
2026-04-20 11:42:21,975,LOCAL,0.00,166.45,0.00,166.51,5,0.42,,0
2026-04-20 11:42:21,976,LOCAL,0.00,198.36,0.00,198.43,5,0.42,,0
2026-04-20 11:42:21,977,LOCAL,0.00,169.83,0.00,169.89,5,0.42,,0
2026-04-20 11:42:21,978,LOCAL,0.00,184.50,0.00,184.56,5,0.42,,0
2026-04-20 11:42:21,979,LOCAL,0.00,165.36,0.00,165.42,5,0.42,,0
2026-04-20 11:42:22,980,LOCAL,0.00,165.89,0.00,165.96,5,0.44,,0
2026-04-20 11:42:22,981,LOCAL,0.00,202.24,0.00,202.37,5,0.46,,0
2026-04-20 11:42:22,982,LOCAL,0.00,170.73,0.00,170.82,5,0.49,,0
2026-04-20 11:42:22,983,LOCAL,0.00,177.17,0.00,177.28,5,0.52,,0
2026-04-20 11:42:22,984,LOCAL,0.00,175.48,0.00,175.58,5,0.55,,0
2026-04-20 11:42:23,985,LOCAL,0.00,170.38,0.00,170.45,5,0.59,,0
2026-04-20 11:42:23,986,LOCAL,0.00,170.96,0.00,171.05,5,0.63,,0
2026-04-20 11:42:23,987,LOCAL,0.00,173.98,0.00,174.07,5,0.67,,0
2026-04-20 11:42:23,988,LOCAL,0.00,211.80,0.00,211.86,5,0.72,CLOUD,1
2026-04-20 11:42:23,989,LOCAL,0.00,157.69,0.00,157.76,5,0.79,CLOUD,1
2026-04-20 11:42:23,990,LOCAL,0.00,164.44,0.00,164.50,5,0.85,CLOUD,1
2026-04-20 11:42:24,991,LOCAL,0.00,157.43,0.00,157.49,5,0.94,CLOUD,1
2026-04-20 11:42:24,992,LOCAL,0.00,169.59,0.00,169.66,5,1.04,CLOUD,1
2026-04-20 11:42:24,993,LOCAL,0.00,151.32,0.00,151.38,5,1.17,CLOUD,1
2026-04-20 11:42:24,994,LOCAL,0.00,165.14,0.00,165.21,5,1.31,CLOUD,1
2026-04-20 11:42:24,995,LOCAL,0.00,179.43,0.00,179.50,5,1.51,CLOUD,1
2026-04-20 11:42:24,996,LOCAL,0.00,133.78,0.00,133.84,5,1.78,CLOUD,1
2026-04-20 11:42:25,997,LOCAL,0.00,176.30,0.00,176.38,5,2.19,CLOUD,1
2026-04-20 11:42:25,998,LOCAL,0.00,219.28,0.00,219.47,5,3.44,CLOUD,1
2026-04-20 11:42:25,999,LOCAL,0.00,151.35,0.00,151.47,5,5.30,CLOUD,1
2026-04-20 11:42:25,1000,LOCAL,0.00,168.29,0.00,168.42,5,5.38,CLOUD,2
2026-04-20 11:42:25,1001,LOCAL,0.00,177.89,0.00,177.96,5,5.39,CLOUD,2
2026-04-20 11:42:26,1002,LOCAL,0.00,196.29,0.00,196.36,5,5.42,CLOUD,2
2026-04-20 11:42:26,1003,LOCAL,0.00,174.16,0.00,174.22,5,5.46,CLOUD,2
2026-04-20 11:42:26,1004,LOCAL,0.00,197.43,0.00,197.51,5,5.42,CLOUD,2
2026-04-20 11:42:26,1005,LOCAL,0.00,164.13,0.00,164.19,5,5.47,CLOUD,2
2026-04-20 11:42:26,1006,LOCAL,0.00,172.96,0.00,173.03,5,5.49,CLOUD,2
2026-04-20 11:42:27,1007,LOCAL,0.00,159.10,0.00,159.18,5,5.52,CLOUD,2
2026-04-20 11:42:27,1008,LOCAL,0.00,180.96,0.00,181.03,5,5.49,CLOUD,2
2026-04-20 11:42:27,1009,LOCAL,0.00,187.57,0.00,187.63,5,5.48,CLOUD,2
2026-04-20 11:42:27,1010,LOCAL,0.00,170.01,0.00,170.08,5,5.51,,0
2026-04-20 11:42:27,1011,LOCAL,0.00,170.82,0.00,170.90,5,5.49,,0
2026-04-20 11:42:27,1012,LOCAL,0.00,277.02,0.00,277.16,5,5.39,,0
2026-04-20 11:42:28,1013,CLOUD,23.73,3452.03,82.82,3559.00,6,3.31,,0
2026-04-20 11:42:31,1014,CLOUD,24.04,2744.42,86.22,2855.09,6,2.53,,0
2026-04-20 11:42:34,1015,CLOUD,28.56,2631.31,101.14,2761.46,6,2.07,,0
2026-04-20 11:42:37,1016,CLOUD,42.38,2938.70,98.15,3079.61,6,1.71,,0
2026-04-20 11:42:40,1017,CLOUD,13.79,3679.70,106.59,3800.47,6,1.41,,0
2026-04-20 11:42:44,1018,CLOUD,28.33,4710.27,109.85,4848.86,6,1.15,,0
2026-04-20 11:42:49,1019,CLOUD,28.80,2876.25,77.16,2982.63,6,1.03,LOCAL,2
2026-04-20 11:42:52,1020,CLOUD,21.72,3135.91,93.93,3251.93,6,0.93,,0
2026-04-20 11:42:55,1021,CLOUD,25.68,3058.21,97.17,3181.44,6,0.85,,0
2026-04-20 11:42:58,1022,CLOUD,25.88,3237.84,91.34,3355.48,6,0.78,,0
2026-04-20 11:43:02,1023,CLOUD,21.80,2866.55,95.07,2983.86,6,0.72,,0
2026-04-20 11:43:05,1024,CLOUD,33.52,2798.18,93.81,2925.95,6,0.67,LOCAL,1
2026-04-20 11:43:07,1025,CLOUD,27.46,2984.87,87.45,3100.16,6,0.63,LOCAL,2
2026-04-20 11:43:11,1026,CLOUD,53.32,2694.45,99.29,2847.51,6,0.60,,0
2026-04-20 11:43:13,1027,CLOUD,25.79,2751.30,155.95,2933.64,6,0.57,,0
2026-04-20 11:43:16,1028,CLOUD,17.09,3907.18,86.30,4010.97,6,0.53,,0
2026-04-20 11:43:20,1029,CLOUD,17.74,4335.23,95.07,4448.45,6,0.49,,0
2026-04-20 11:43:25,1030,CLOUD,21.52,2795.98,82.31,2900.19,6,0.47,,0
2026-04-20 11:43:28,1031,CLOUD,21.72,3534.89,87.82,3644.82,6,0.44,,0
2026-04-20 11:43:31,1032,CLOUD,21.57,4070.42,102.58,4194.98,6,0.42,,0
2026-04-20 11:43:36,1033,CLOUD,14.49,2775.75,93.73,2884.38,6,0.40,LOCAL,1
2026-04-20 11:43:39,1034,CLOUD,13.42,3115.07,95.82,3224.71,6,0.38,,0
2026-04-20 11:43:42,1035,CLOUD,45.59,2746.66,98.12,2890.80,6,0.37,,0
2026-04-20 11:43:45,1036,CLOUD,25.41,2736.05,101.17,2863.02,6,0.36,,0
2026-04-20 11:43:47,1037,CLOUD,25.73,3851.47,114.50,3992.11,6,0.34,,0
2026-04-20 11:43:51,1038,CLOUD,25.51,2729.07,83.74,2838.71,6,0.33,,0
2026-04-20 11:43:54,1039,CLOUD,13.33,2765.46,97.06,2876.25,6,0.32,LOCAL,1
2026-04-20 11:43:57,1040,CLOUD,25.58,3247.08,101.84,3374.89,6,0.31,,0
2026-04-20 11:44:01,1041,CLOUD,25.55,3245.56,93.96,3365.45,6,0.30,,0
2026-04-20 11:44:04,1042,CLOUD,25.96,3287.07,103.89,3417.33,6,0.30,,0
2026-04-20 11:44:07,1043,CLOUD,21.40,2804.36,91.80,2917.96,6,0.30,,0
2026-04-20 11:44:10,1044,CLOUD,37.50,4048.01,88.67,4174.57,6,0.30,,0
2026-04-20 11:44:15,1045,CLOUD,13.75,3093.34,65.52,3172.99,6,0.30,,0
2026-04-20 11:44:18,1046,CLOUD,31.22,2954.41,126.49,3112.58,6,0.30,LOCAL,1
2026-04-20 11:44:21,1047,LOCAL,0.00,263.79,0.00,263.87,5,0.31,,0
2026-04-20 11:44:21,1048,LOCAL,0.00,179.61,0.00,179.68,5,0.32,,0
2026-04-20 11:44:21,1049,LOCAL,0.00,203.32,0.00,203.38,5,0.34,,0
2026-04-20 11:44:21,1050,LOCAL,0.00,136.57,0.00,136.63,5,0.35,,0
2026-04-20 11:44:22,1051,LOCAL,0.00,165.93,0.00,165.99,5,0.36,,0
2026-04-20 11:44:22,1052,LOCAL,0.00,170.94,0.00,171.00,5,0.37,,0
2026-04-20 11:44:22,1053,LOCAL,0.00,180.59,0.00,180.67,5,0.39,,0
2026-04-20 11:44:22,1054,LOCAL,0.00,180.15,0.00,180.22,5,0.40,CLOUD,1
2026-04-20 11:44:22,1055,LOCAL,0.00,152.13,0.00,152.28,5,0.42,CLOUD,1
2026-04-20 11:44:22,1056,LOCAL,0.00,249.37,0.00,249.48,5,0.44,CLOUD,1
2026-04-20 11:44:23,1057,LOCAL,0.00,185.43,0.00,185.50,5,0.46,CLOUD,1
2026-04-20 11:44:23,1058,LOCAL,0.00,193.00,0.00,193.07,5,0.50,CLOUD,1
2026-04-20 11:44:23,1059,LOCAL,0.00,180.16,0.00,180.22,5,0.52,CLOUD,1
2026-04-20 11:44:23,1060,LOCAL,0.00,188.33,0.00,188.40,5,0.56,CLOUD,1
2026-04-20 11:44:24,1061,LOCAL,0.00,152.28,0.00,152.34,5,0.60,CLOUD,1
2026-04-20 11:44:24,1062,LOCAL,0.00,155.81,0.00,155.87,5,0.64,CLOUD,1
2026-04-20 11:44:24,1063,LOCAL,0.00,157.71,0.00,157.80,5,0.69,CLOUD,1
2026-04-20 11:44:24,1064,LOCAL,0.00,160.80,0.00,160.88,5,0.73,CLOUD,1
2026-04-20 11:44:24,1065,LOCAL,0.00,173.24,0.00,173.30,5,0.79,CLOUD,2
2026-04-20 11:44:24,1066,LOCAL,0.00,166.31,0.00,166.38,5,0.88,CLOUD,2
2026-04-20 11:44:25,1067,LOCAL,0.00,160.73,0.00,160.80,5,0.96,CLOUD,2
2026-04-20 11:44:25,1068,LOCAL,0.00,189.46,0.00,189.56,5,1.05,CLOUD,2
2026-04-20 11:44:25,1069,LOCAL,0.00,171.21,0.00,171.27,5,1.19,CLOUD,2
2026-04-20 11:44:25,1070,LOCAL,0.00,149.72,0.00,149.81,5,1.37,CLOUD,2
2026-04-20 11:44:25,1071,LOCAL,0.00,157.53,0.00,157.60,5,1.61,CLOUD,2
2026-04-20 11:44:25,1072,LOCAL,0.00,168.88,0.00,168.99,5,1.90,CLOUD,2
2026-04-20 11:44:26,1073,LOCAL,0.00,232.27,0.00,232.47,5,2.57,CLOUD,2
2026-04-20 11:44:26,1074,LOCAL,0.00,187.63,0.00,187.72,5,3.49,CLOUD,2
2026-04-20 11:44:26,1075,LOCAL,0.00,176.26,0.00,176.32,5,5.39,CLOUD,2
2026-04-20 11:44:26,1076,LOCAL,0.00,249.95,0.00,250.03,5,5.41,,0
2026-04-20 11:44:26,1077,CLOUD,25.74,2797.94,100.54,2924.65,6,3.57,,0
2026-04-20 11:44:29,1078,CLOUD,29.08,6020.42,160.81,6210.80,6,2.05,,0
2026-04-20 11:44:36,1079,CLOUD,25.82,7273.89,88.14,7388.26,6,1.36,LOCAL,2
2026-04-20 11:44:43,1080,LOCAL,0.00,288.15,0.00,288.23,5,1.35,CLOUD,2
2026-04-20 11:44:43,1081,LOCAL,0.00,193.92,0.00,194.01,5,1.35,CLOUD,2
2026-04-20 11:44:44,1082,LOCAL,0.00,154.84,0.00,154.90,5,1.35,CLOUD,2
2026-04-20 11:44:44,1083,LOCAL,0.00,178.94,0.00,179.00,5,1.35,CLOUD,2
2026-04-20 11:44:44,1084,LOCAL,0.00,137.02,0.00,137.08,5,1.35,CLOUD,2
2026-04-20 11:44:44,1085,LOCAL,0.00,146.79,0.00,146.85,5,1.35,CLOUD,2
2026-04-20 11:44:44,1086,LOCAL,0.00,161.30,0.00,161.37,5,1.36,CLOUD,2
2026-04-20 11:44:44,1087,LOCAL,0.00,165.41,0.00,165.48,5,1.36,CLOUD,2
2026-04-20 11:44:45,1088,LOCAL,0.00,182.78,0.00,182.84,5,1.36,,0
2026-04-20 11:44:45,1089,LOCAL,0.00,167.82,0.00,167.88,5,1.36,,0
2026-04-20 11:44:45,1090,LOCAL,0.00,166.47,0.00,166.54,5,1.36,,0
2026-04-20 11:44:45,1091,LOCAL,0.00,154.82,0.00,154.90,5,1.36,,0
2026-04-20 11:44:45,1092,LOCAL,0.00,164.01,0.00,164.08,5,1.36,,0
2026-04-20 11:44:45,1093,LOCAL,0.00,158.10,0.00,158.16,5,1.36,,0
2026-04-20 11:44:46,1094,LOCAL,0.00,171.08,0.00,171.16,5,1.36,,0
2026-04-20 11:44:46,1095,LOCAL,0.00,224.44,0.00,225.00,5,1.35,,0
2026-04-20 11:44:46,1096,LOCAL,0.00,173.30,0.00,173.38,5,1.35,,0
2026-04-20 11:44:46,1097,LOCAL,0.00,149.63,0.00,149.70,5,1.35,,0
2026-04-20 11:44:46,1098,LOCAL,0.00,154.32,0.00,154.40,5,1.35,,0
2026-04-20 11:44:46,1099,LOCAL,0.00,177.65,0.00,177.72,5,1.35,,0
2026-04-20 11:44:47,1100,LOCAL,0.00,216.76,0.00,216.82,5,1.35,CLOUD,1
2026-04-20 11:44:47,1101,LOCAL,0.00,182.06,0.00,182.12,5,1.35,CLOUD,1
2026-04-20 11:44:47,1102,LOCAL,0.00,177.94,0.00,178.01,5,1.35,CLOUD,1
2026-04-20 11:44:47,1103,LOCAL,0.00,196.52,0.00,196.59,5,1.35,CLOUD,1
2026-04-20 11:44:47,1104,LOCAL,0.00,143.37,0.00,143.43,5,1.35,CLOUD,1
2026-04-20 11:44:48,1105,LOCAL,0.00,146.14,0.00,146.20,5,1.36,CLOUD,1
2026-04-20 11:44:48,1106,LOCAL,0.00,173.43,0.00,173.50,5,1.56,CLOUD,1
2026-04-20 11:44:48,1107,LOCAL,0.00,198.91,0.00,198.97,5,2.31,CLOUD,1
2026-04-20 11:44:48,1108,LOCAL,0.00,174.11,0.00,174.18,5,5.43,CLOUD,1
2026-04-20 11:44:48,1109,LOCAL,0.00,189.91,0.00,189.98,5,5.54,CLOUD,1
2026-04-20 11:44:49,1110,LOCAL,0.00,170.05,0.00,170.11,5,5.58,CLOUD,2
2026-04-20 11:44:49,1111,LOCAL,0.00,168.61,0.00,180.74,5,5.57,CLOUD,2
2026-04-20 11:44:49,1112,LOCAL,0.00,154.01,0.00,154.07,5,5.60,CLOUD,2
2026-04-20 11:44:49,1113,LOCAL,0.00,196.96,0.00,197.03,5,5.53,CLOUD,2
2026-04-20 11:44:49,1114,LOCAL,0.00,145.67,0.00,146.92,5,5.53,CLOUD,2
2026-04-20 11:44:49,1115,LOCAL,0.00,146.08,0.00,146.15,5,5.53,CLOUD,2
2026-04-20 11:44:50,1116,LOCAL,0.00,138.84,0.00,138.91,5,5.55,CLOUD,2
2026-04-20 11:44:50,1117,LOCAL,0.00,183.60,0.00,183.67,5,5.53,CLOUD,2
2026-04-20 11:44:50,1118,LOCAL,0.00,251.37,0.00,251.47,5,5.44,CLOUD,2
2026-04-20 11:44:50,1119,LOCAL,0.00,191.99,0.00,192.10,5,5.42,CLOUD,2
2026-04-20 11:44:50,1120,LOCAL,0.00,139.28,0.00,139.34,5,5.42,CLOUD,2
2026-04-20 11:44:51,1121,LOCAL,0.00,155.68,0.00,155.75,5,5.45,,0
2026-04-20 11:44:51,1122,LOCAL,0.00,200.49,0.00,200.57,5,5.42,,0
2026-04-20 11:44:51,1123,CLOUD,13.83,5789.19,170.84,5974.28,6,2.60,,0
2026-04-20 11:44:57,1124,CLOUD,22.89,6153.68,99.88,6277.87,6,1.69,,0
2026-04-20 11:45:03,1125,CLOUD,25.75,7844.47,104.16,7974.79,6,1.16,,0
2026-04-20 11:45:11,1126,LOCAL,0.00,251.85,0.00,251.93,5,1.16,,0
2026-04-20 11:45:11,1127,LOCAL,0.00,179.87,0.00,179.94,5,1.15,,0
2026-04-20 11:45:12,1128,LOCAL,0.00,190.53,0.00,190.60,5,1.15,,0
2026-04-20 11:45:12,1129,LOCAL,0.00,211.13,0.00,211.20,5,1.15,,0
2026-04-20 11:45:12,1130,LOCAL,0.00,175.94,0.00,176.01,5,1.15,CLOUD,1
2026-04-20 11:45:12,1131,LOCAL,0.00,161.95,0.00,162.01,5,1.15,CLOUD,1
2026-04-20 11:45:12,1132,LOCAL,0.00,152.61,0.00,152.67,5,1.16,CLOUD,1
2026-04-20 11:45:13,1133,LOCAL,0.00,190.06,0.00,190.14,5,1.15,CLOUD,1
2026-04-20 11:45:13,1134,LOCAL,0.00,172.03,0.00,172.09,5,1.15,CLOUD,1
2026-04-20 11:45:13,1135,LOCAL,0.00,230.33,0.00,230.46,5,1.15,CLOUD,1
2026-04-20 11:45:13,1136,LOCAL,0.00,188.77,0.00,188.84,5,1.15,CLOUD,1
2026-04-20 11:45:13,1137,LOCAL,0.00,165.94,0.00,166.01,5,1.15,CLOUD,1
2026-04-20 11:45:14,1138,LOCAL,0.00,174.31,0.00,174.37,5,1.15,CLOUD,1
2026-04-20 11:45:14,1139,LOCAL,0.00,173.89,0.00,173.95,5,1.15,CLOUD,1
2026-04-20 11:45:14,1140,LOCAL,0.00,182.04,0.00,182.10,5,1.15,CLOUD,1
2026-04-20 11:45:14,1141,LOCAL,0.00,191.66,0.00,191.72,5,1.15,CLOUD,2
2026-04-20 11:45:14,1142,LOCAL,0.00,161.44,0.00,161.55,5,1.15,CLOUD,2
2026-04-20 11:45:14,1143,LOCAL,0.00,151.36,0.00,151.42,5,1.15,CLOUD,2
2026-04-20 11:45:15,1144,LOCAL,0.00,141.12,0.00,141.20,5,1.15,CLOUD,2
2026-04-20 11:45:15,1145,LOCAL,0.00,164.86,0.00,164.93,5,1.15,CLOUD,2
2026-04-20 11:45:15,1146,LOCAL,0.00,153.63,0.00,153.70,5,1.15,CLOUD,2
2026-04-20 11:45:15,1147,LOCAL,0.00,163.23,0.00,163.29,5,1.16,CLOUD,2
2026-04-20 11:45:15,1148,LOCAL,0.00,196.82,0.00,196.88,5,1.16,CLOUD,2
2026-04-20 11:45:15,1149,LOCAL,0.00,160.90,0.00,160.97,5,1.16,CLOUD,2
2026-04-20 11:45:16,1150,LOCAL,0.00,179.98,0.00,180.04,5,1.15,CLOUD,2
2026-04-20 11:45:16,1151,LOCAL,0.00,186.47,0.00,186.55,5,1.15,CLOUD,2
2026-04-20 11:45:16,1152,LOCAL,0.00,341.78,0.00,341.88,5,1.49,,0
2026-04-20 11:45:16,1153,CLOUD,33.79,3984.21,94.82,4113.27,6,1.67,,0
2026-04-20 11:45:21,1154,CLOUD,13.59,4266.71,112.24,4392.95,6,2.11,,0
2026-04-20 11:45:25,1155,CLOUD,13.62,8627.79,99.90,8742.53,6,1.30,,0
2026-04-20 11:45:34,1156,CLOUD,22.02,5055.77,146.86,5225.29,6,1.06,LOCAL,1
2026-04-20 11:45:39,1157,CLOUD,13.79,4467.83,93.45,4575.47,6,0.91,,0
2026-04-20 11:45:44,1158,CLOUD,23.53,3378.87,89.60,3492.41,6,0.83,,0
2026-04-20 11:45:47,1159,CLOUD,31.08,4762.87,137.80,4932.18,6,0.73,,0
2026-04-20 11:45:52,1160,CLOUD,25.82,4690.64,95.91,4812.75,6,0.65,,0
2026-04-20 11:45:57,1161,CLOUD,23.08,3834.47,92.45,3950.55,6,0.60,,0
2026-04-20 11:46:01,1162,CLOUD,21.84,4056.44,96.34,4175.03,6,0.56,LOCAL,1
2026-04-20 11:46:05,1163,CLOUD,14.07,4467.43,95.82,4587.99,6,0.51,,0
2026-04-20 11:46:10,1164,CLOUD,13.43,5214.43,90.47,5318.72,6,0.47,LOCAL,2
2026-04-20 11:46:15,1165,CLOUD,16.02,6592.80,126.62,6735.84,6,0.42,LOCAL,1
2026-04-20 11:46:22,1166,LOCAL,0.00,246.12,0.00,246.21,5,0.42,,0
2026-04-20 11:46:22,1167,LOCAL,0.00,184.45,0.00,184.52,5,0.42,,0
2026-04-20 11:46:22,1168,LOCAL,0.00,186.00,0.00,186.07,5,0.42,,0
2026-04-20 11:46:22,1169,LOCAL,0.00,159.59,0.00,159.65,5,0.42,,0
2026-04-20 11:46:22,1170,LOCAL,0.00,167.31,0.00,167.37,5,0.42,,0
2026-04-20 11:46:23,1171,LOCAL,0.00,164.89,0.00,164.95,5,0.42,,0
2026-04-20 11:46:23,1172,LOCAL,0.00,158.51,0.00,158.60,5,0.42,,0
2026-04-20 11:46:23,1173,LOCAL,0.00,256.67,0.00,256.80,5,0.42,,0
2026-04-20 11:46:23,1174,LOCAL,0.00,200.28,0.00,200.35,5,0.42,,0
2026-04-20 11:46:23,1175,LOCAL,0.00,194.62,0.00,194.68,5,0.42,CLOUD,1
2026-04-20 11:46:24,1176,LOCAL,0.00,153.40,0.00,153.46,5,0.42,CLOUD,1
2026-04-20 11:46:24,1177,LOCAL,0.00,174.98,0.00,175.04,5,0.42,CLOUD,1
2026-04-20 11:46:24,1178,LOCAL,0.00,182.30,0.00,182.36,5,0.42,CLOUD,1
2026-04-20 11:46:24,1179,LOCAL,0.00,161.10,0.00,161.16,5,0.42,CLOUD,1
2026-04-20 11:46:24,1180,LOCAL,0.00,182.68,0.00,182.75,5,0.42,CLOUD,1
2026-04-20 11:46:24,1181,LOCAL,0.00,197.22,0.00,197.27,5,0.42,CLOUD,1
2026-04-20 11:46:25,1182,LOCAL,0.00,145.28,0.00,145.33,5,0.45,CLOUD,1
2026-04-20 11:46:25,1183,LOCAL,0.00,174.08,0.00,174.16,5,0.48,CLOUD,1
2026-04-20 11:46:25,1184,LOCAL,0.00,168.67,0.00,168.75,5,0.56,CLOUD,1
2026-04-20 11:46:25,1185,LOCAL,0.00,146.56,0.00,146.63,5,0.62,CLOUD,1
2026-04-20 11:46:25,1186,LOCAL,0.00,165.84,0.00,165.91,5,0.69,CLOUD,1
2026-04-20 11:46:26,1187,LOCAL,0.00,164.55,0.00,164.62,5,0.75,CLOUD,2
2026-04-20 11:46:26,1188,LOCAL,0.00,233.06,0.00,233.12,5,0.85,CLOUD,2
2026-04-20 11:46:26,1189,LOCAL,0.00,154.45,0.00,154.52,5,0.99,CLOUD,2
2026-04-20 11:46:26,1190,LOCAL,0.00,229.09,0.00,229.25,5,1.13,CLOUD,2
2026-04-20 11:46:26,1191,LOCAL,0.00,180.03,0.00,180.11,5,1.34,CLOUD,2
2026-04-20 11:46:27,1192,LOCAL,0.00,182.07,0.00,182.14,5,1.69,CLOUD,2
2026-04-20 11:46:27,1193,LOCAL,0.00,191.29,0.00,191.35,5,2.40,CLOUD,2
2026-04-20 11:46:27,1194,LOCAL,0.00,178.56,0.00,178.63,5,5.27,CLOUD,2
2026-04-20 11:46:27,1195,LOCAL,0.00,175.83,0.00,175.89,5,5.34,CLOUD,2
2026-04-20 11:46:27,1196,LOCAL,0.00,179.52,0.00,179.58,5,5.36,CLOUD,2
2026-04-20 11:46:27,1197,LOCAL,0.00,217.15,0.00,217.30,5,5.31,,0
2026-04-20 11:46:28,1198,LOCAL,0.00,181.90,0.00,181.98,5,5.29,,0
2026-04-20 11:46:28,1199,CLOUD,13.92,4526.19,124.18,4664.70,6,2.91,,0
2026-04-20 11:46:33,1200,CLOUD,30.32,2837.47,103.35,2971.56,6,2.27,,0
2026-04-20 11:46:36,1201,CLOUD,34.02,3428.56,102.87,3565.84,6,1.79,,0
2026-04-20 11:46:39,1202,CLOUD,30.44,2837.35,107.74,2975.95,6,1.53,,0
2026-04-20 11:46:42,1203,CLOUD,15.02,4122.36,97.70,4235.49,6,1.26,,0
2026-04-20 11:46:46,1204,CLOUD,25.76,3535.57,93.86,3655.60,6,1.10,LOCAL,1
2026-04-20 11:46:50,1205,CLOUD,15.04,4656.27,90.21,4761.95,6,0.93,,0
2026-04-20 11:46:55,1206,CLOUD,29.53,5916.56,82.37,6028.83,6,0.79,,0
2026-04-20 11:47:01,1207,CLOUD,25.82,4854.76,102.74,4983.75,6,0.70,,0
2026-04-20 11:47:06,1208,CLOUD,29.98,4797.82,101.15,4929.35,6,0.62,LOCAL,2
2026-04-20 11:47:11,1209,LOCAL,0.00,227.34,0.00,227.43,5,0.62,CLOUD,1
2026-04-20 11:47:11,1210,LOCAL,0.00,197.65,0.00,197.71,5,0.62,CLOUD,1
2026-04-20 11:47:11,1211,LOCAL,0.00,182.18,0.00,182.26,5,0.62,CLOUD,1
2026-04-20 11:47:11,1212,LOCAL,0.00,164.25,0.00,164.32,5,0.62,CLOUD,2
2026-04-20 11:47:12,1213,LOCAL,0.00,175.33,0.00,175.40,5,0.62,CLOUD,2
2026-04-20 11:47:12,1214,LOCAL,0.00,172.08,0.00,172.14,5,0.62,CLOUD,2
2026-04-20 11:47:12,1215,LOCAL,0.00,167.46,0.00,167.53,5,0.62,CLOUD,2
2026-04-20 11:47:12,1216,LOCAL,0.00,168.86,0.00,168.94,5,0.62,CLOUD,2
2026-04-20 11:47:12,1217,LOCAL,0.00,249.86,0.00,249.94,5,0.62,CLOUD,2
2026-04-20 11:47:13,1218,LOCAL,0.00,180.22,0.00,180.51,5,0.62,CLOUD,2
2026-04-20 11:47:13,1219,LOCAL,0.00,175.52,0.00,175.63,5,0.62,CLOUD,2
2026-04-20 11:47:13,1220,LOCAL,0.00,177.40,0.00,177.47,5,0.62,CLOUD,2
2026-04-20 11:47:13,1221,LOCAL,0.00,162.69,0.00,162.76,5,0.62,CLOUD,2
2026-04-20 11:47:13,1222,LOCAL,0.00,170.56,0.00,170.63,5,0.62,CLOUD,2
2026-04-20 11:47:13,1223,LOCAL,0.00,150.22,0.00,150.29,5,0.62,,0
2026-04-20 11:47:14,1224,LOCAL,0.00,164.33,0.00,164.40,5,0.62,,0
2026-04-20 11:47:14,1225,LOCAL,0.00,231.26,0.00,231.39,5,0.62,,0
2026-04-20 11:47:14,1226,CLOUD,25.86,4247.31,113.41,4387.05,6,0.57,,0
2026-04-20 11:47:18,1227,CLOUD,13.61,3251.47,91.50,3357.01,6,0.54,,0
2026-04-20 11:47:22,1228,CLOUD,25.89,2927.25,94.48,3047.97,6,0.56,,0
2026-04-20 11:47:25,1229,CLOUD,27.84,4812.00,100.55,4940.72,6,0.53,,0
2026-04-20 11:47:30,1230,CLOUD,27.85,5424.02,98.97,5551.15,6,0.52,,0
2026-04-20 11:47:35,1231,CLOUD,14.36,3229.17,110.10,3353.99,6,0.51,LOCAL,1
2026-04-20 11:47:39,1232,CLOUD,25.55,4612.19,92.76,4730.83,6,0.51,,0
2026-04-20 11:47:43,1233,CLOUD,21.78,3757.96,110.66,3890.76,6,0.51,,0
2026-04-20 11:47:47,1234,CLOUD,17.62,4296.55,99.28,4413.78,6,0.51,,0
2026-04-20 11:47:52,1235,CLOUD,21.75,3944.42,71.57,4038.20,6,0.53,,0
2026-04-20 11:47:56,1236,CLOUD,13.87,5658.63,85.26,5758.09,6,0.52,,0
2026-04-20 11:48:02,1237,CLOUD,13.67,6044.77,115.03,6173.88,6,0.51,LOCAL,2
2026-04-20 11:48:08,1238,LOCAL,0.00,250.40,0.00,250.53,5,0.51,,0
2026-04-20 11:48:08,1239,LOCAL,0.00,189.16,0.00,189.22,5,0.51,,0
2026-04-20 11:48:08,1240,LOCAL,0.00,150.32,0.00,150.39,5,0.51,,0
2026-04-20 11:48:08,1241,LOCAL,0.00,182.21,0.00,182.28,5,0.51,,0
2026-04-20 11:48:09,1242,LOCAL,0.00,191.36,0.00,191.42,5,0.51,,0
2026-04-20 11:48:09,1243,LOCAL,0.00,192.07,0.00,192.13,5,0.51,,0
2026-04-20 11:48:09,1244,LOCAL,0.00,150.25,0.00,150.32,5,0.51,,0
2026-04-20 11:48:09,1245,LOCAL,0.00,153.96,0.00,154.02,5,0.51,,0
2026-04-20 11:48:09,1246,LOCAL,0.00,236.86,0.00,236.95,5,0.51,,0
2026-04-20 11:48:10,1247,LOCAL,0.00,184.88,0.00,185.00,5,0.51,,0
2026-04-20 11:48:10,1248,LOCAL,0.00,181.14,0.00,181.20,5,0.51,,0
2026-04-20 11:48:10,1249,LOCAL,0.00,166.43,0.00,166.50,5,0.51,,0
2026-04-20 11:48:10,1250,LOCAL,0.00,190.72,0.00,190.79,5,0.51,,0
2026-04-20 11:48:10,1251,LOCAL,0.00,150.34,0.00,150.42,5,0.51,CLOUD,1
2026-04-20 11:48:11,1252,LOCAL,0.00,163.55,0.00,163.62,5,0.51,CLOUD,1
2026-04-20 11:48:11,1253,LOCAL,0.00,170.21,0.00,170.28,5,0.51,CLOUD,1
2026-04-20 11:48:11,1254,LOCAL,0.00,165.47,0.00,165.54,5,0.51,CLOUD,1
2026-04-20 11:48:11,1255,LOCAL,0.00,158.07,0.00,158.14,5,0.55,CLOUD,1
2026-04-20 11:48:11,1256,LOCAL,0.00,144.68,0.00,144.75,5,0.58,CLOUD,1
2026-04-20 11:48:11,1257,LOCAL,0.00,165.60,0.00,165.66,5,0.62,CLOUD,1
2026-04-20 11:48:12,1258,LOCAL,0.00,157.34,0.00,157.40,5,0.69,CLOUD,1
2026-04-20 11:48:12,1259,LOCAL,0.00,193.89,0.00,193.98,5,0.79,CLOUD,1
2026-04-20 11:48:12,1260,LOCAL,0.00,190.88,0.00,190.96,5,0.87,CLOUD,1
2026-04-20 11:48:12,1261,LOCAL,0.00,154.56,0.00,154.63,5,1.01,CLOUD,1
2026-04-20 11:48:12,1262,LOCAL,0.00,168.96,0.00,169.07,5,1.15,CLOUD,2
2026-04-20 11:48:12,1263,LOCAL,0.00,243.64,0.00,243.74,5,1.38,CLOUD,2
2026-04-20 11:48:13,1264,LOCAL,0.00,179.34,0.00,179.42,5,1.70,CLOUD,2
2026-04-20 11:48:13,1265,LOCAL,0.00,140.21,0.00,140.28,5,2.53,CLOUD,2
2026-04-20 11:48:13,1266,LOCAL,0.00,175.96,0.00,176.03,5,5.30,CLOUD,2
2026-04-20 11:48:13,1267,LOCAL,0.00,168.39,0.00,168.46,5,5.37,CLOUD,2
2026-04-20 11:48:13,1268,LOCAL,0.00,158.09,0.00,158.16,5,5.40,CLOUD,2
2026-04-20 11:48:14,1269,LOCAL,0.00,155.74,0.00,155.80,5,5.39,CLOUD,2
2026-04-20 11:48:14,1270,LOCAL,0.00,169.48,0.00,169.55,5,5.41,CLOUD,2
2026-04-20 11:48:14,1271,LOCAL,0.00,180.44,0.00,180.51,5,5.44,CLOUD,2
2026-04-20 11:48:14,1272,LOCAL,0.00,163.16,0.00,163.23,5,5.46,CLOUD,2
2026-04-20 11:48:14,1273,LOCAL,0.00,146.77,0.00,146.83,5,5.47,,0
2026-04-20 11:48:14,1274,LOCAL,0.00,227.24,0.00,227.33,5,5.41,,0
2026-04-20 11:48:15,1275,CLOUD,13.89,3134.31,103.68,3252.27,6,3.47,,0
2026-04-20 11:48:18,1276,CLOUD,27.94,3234.04,98.29,3360.62,6,2.51,,0
2026-04-20 11:48:21,1277,CLOUD,14.45,3749.87,113.14,3877.80,6,1.91,,0
2026-04-20 11:48:25,1278,CLOUD,48.21,4973.17,95.95,5117.69,6,1.44,,0
2026-04-20 11:48:30,1279,CLOUD,30.05,6836.10,88.28,6954.77,6,1.08,LOCAL,2
2026-04-20 11:48:37,1280,LOCAL,0.00,259.89,0.00,259.97,5,1.07,,0
2026-04-20 11:48:38,1281,LOCAL,0.00,238.40,0.00,238.63,5,1.07,,0
2026-04-20 11:48:38,1282,LOCAL,0.00,218.18,0.00,218.27,5,1.07,,0
2026-04-20 11:48:38,1283,LOCAL,0.00,153.83,0.00,153.90,5,1.07,,0
2026-04-20 11:48:38,1284,LOCAL,0.00,155.63,0.00,155.70,5,1.07,,0
2026-04-20 11:48:38,1285,LOCAL,0.00,160.63,0.00,160.70,5,1.07,,0
2026-04-20 11:48:39,1286,LOCAL,0.00,196.12,0.00,196.18,5,1.07,,0
2026-04-20 11:48:39,1287,LOCAL,0.00,179.27,0.00,179.33,5,1.07,,0
2026-04-20 11:48:39,1288,LOCAL,0.00,175.76,0.00,175.84,5,1.07,,0
2026-04-20 11:48:39,1289,LOCAL,0.00,156.72,0.00,156.78,5,1.07,,0
2026-04-20 11:48:39,1290,LOCAL,0.00,199.69,0.00,199.75,5,1.07,,0
2026-04-20 11:48:40,1291,LOCAL,0.00,189.99,0.00,190.05,5,1.06,,0
2026-04-20 11:48:40,1292,LOCAL,0.00,165.40,0.00,165.46,5,1.07,,0
2026-04-20 11:48:40,1293,LOCAL,0.00,185.96,0.00,186.02,5,1.07,,0
2026-04-20 11:48:40,1294,LOCAL,0.00,186.70,0.00,186.77,5,1.07,,0
2026-04-20 11:48:40,1295,LOCAL,0.00,173.46,0.00,173.53,5,1.07,,0
2026-04-20 11:48:40,1296,LOCAL,0.00,166.17,0.00,166.23,5,1.07,,0
2026-04-20 11:48:41,1297,LOCAL,0.00,190.72,0.00,190.78,5,1.06,,0
2026-04-20 11:48:41,1298,LOCAL,0.00,278.50,0.00,278.58,5,1.06,,0
2026-04-20 11:48:41,1299,LOCAL,0.00,176.15,0.00,176.22,5,1.06,,0
2026-04-20 11:48:41,1300,LOCAL,0.00,173.94,0.00,174.01,5,1.06,,0
2026-04-20 11:48:41,1301,LOCAL,0.00,194.23,0.00,194.30,5,1.06,,0
2026-04-20 11:48:42,1302,LOCAL,0.00,189.09,0.00,189.16,5,1.06,,0
2026-04-20 11:48:42,1303,LOCAL,0.00,199.80,0.00,199.86,5,1.06,,0
2026-04-20 11:48:42,1304,LOCAL,0.00,159.10,0.00,159.17,5,1.19,,0
2026-04-20 11:48:42,1305,LOCAL,0.00,166.17,0.00,166.28,5,1.37,,0
2026-04-20 11:48:42,1306,LOCAL,0.00,171.49,0.00,171.55,5,1.66,,0
2026-04-20 11:48:43,1307,LOCAL,0.00,176.26,0.00,176.32,5,2.32,CLOUD,1
2026-04-20 11:48:43,1308,LOCAL,0.00,171.51,0.00,171.57,5,5.07,CLOUD,1
2026-04-20 11:48:43,1309,LOCAL,0.00,172.52,0.00,172.57,5,5.16,CLOUD,1
2026-04-20 11:48:43,1310,LOCAL,0.00,176.73,0.00,176.80,5,5.22,CLOUD,1
2026-04-20 11:48:43,1311,LOCAL,0.00,126.51,0.00,126.69,5,5.33,CLOUD,1
2026-04-20 11:48:43,1312,LOCAL,0.00,178.42,0.00,178.48,5,5.32,CLOUD,1
2026-04-20 11:48:44,1313,LOCAL,0.00,164.16,0.00,164.23,5,5.31,CLOUD,1
2026-04-20 11:48:44,1314,LOCAL,0.00,274.15,0.00,274.31,5,5.20,CLOUD,1
2026-04-20 11:48:44,1315,LOCAL,0.00,190.82,0.00,190.90,5,5.19,CLOUD,1
2026-04-20 11:48:44,1316,LOCAL,0.00,187.31,0.00,187.37,5,5.16,CLOUD,1
2026-04-20 11:48:45,1317,LOCAL,0.00,189.51,0.00,189.57,5,5.15,CLOUD,2
2026-04-20 11:48:45,1318,LOCAL,0.00,121.41,0.00,121.47,5,5.17,CLOUD,2
2026-04-20 11:48:45,1319,LOCAL,0.00,124.75,0.00,124.81,5,5.25,CLOUD,2
2026-04-20 11:48:45,1320,LOCAL,0.00,186.54,0.00,186.61,5,5.25,CLOUD,2
2026-04-20 11:48:45,1321,LOCAL,0.00,165.34,0.00,165.45,5,5.26,CLOUD,2
2026-04-20 11:48:45,1322,LOCAL,0.00,164.88,0.00,164.96,5,5.29,CLOUD,2
2026-04-20 11:48:46,1323,LOCAL,0.00,175.89,0.00,175.95,5,5.31,CLOUD,2
2026-04-20 11:48:46,1324,LOCAL,0.00,164.45,0.00,164.51,5,5.32,CLOUD,2
2026-04-20 11:48:46,1325,LOCAL,0.00,173.80,0.00,173.87,5,5.33,CLOUD,2
2026-04-20 11:48:46,1326,LOCAL,0.00,175.89,0.00,175.95,5,5.34,CLOUD,2
2026-04-20 11:48:46,1327,LOCAL,0.00,191.66,0.00,191.71,5,5.41,CLOUD,2
2026-04-20 11:48:46,1328,LOCAL,0.00,171.71,0.00,171.77,5,5.43,,0
2026-04-20 11:48:47,1329,LOCAL,0.00,172.13,0.00,172.19,5,5.43,,0
2026-04-20 11:48:47,1330,LOCAL,0.00,167.97,0.00,168.03,5,5.45,,0
2026-04-20 11:48:47,1331,LOCAL,0.00,279.89,0.00,285.07,5,5.27,,0
2026-04-20 11:48:47,1332,CLOUD,29.85,3497.06,86.39,3618.86,6,3.25,,0
2026-04-20 11:48:51,1333,CLOUD,24.40,3371.73,72.11,3468.63,6,2.37,,0
2026-04-20 11:48:55,1334,CLOUD,29.41,3373.63,96.98,3500.38,6,1.86,,0
2026-04-20 11:48:58,1335,CLOUD,19.51,3339.05,91.82,3450.79,6,1.54,,0
2026-04-20 11:49:01,1336,CLOUD,13.93,5632.43,101.99,5748.74,6,1.19,,0
2026-04-20 11:49:07,1337,CLOUD,26.86,3865.77,106.61,3999.68,6,1.03,LOCAL,1
2026-04-20 11:49:11,1338,CLOUD,25.68,3200.30,108.62,3334.97,6,0.92,,0
2026-04-20 11:49:15,1339,CLOUD,25.63,3381.36,118.20,3525.60,6,0.83,LOCAL,1
2026-04-20 11:49:18,1340,CLOUD,25.53,4134.30,95.01,4255.16,6,0.75,,0
2026-04-20 11:49:22,1341,CLOUD,13.72,3433.90,88.05,3536.06,6,0.69,,0
2026-04-20 11:49:26,1342,CLOUD,25.73,3386.38,114.07,3526.53,6,0.64,,0
2026-04-20 11:49:30,1343,CLOUD,26.45,3940.85,116.60,4084.40,6,0.59,,0
2026-04-20 11:49:34,1344,CLOUD,25.79,3958.53,112.32,4096.99,6,0.54,,0
2026-04-20 11:49:38,1345,CLOUD,21.73,6705.04,87.67,6814.84,6,0.48,,0
2026-04-20 11:49:45,1346,CLOUD,24.06,4132.33,90.25,4246.97,6,0.45,LOCAL,2
2026-04-20 11:49:49,1347,LOCAL,0.00,267.05,0.00,267.12,5,0.45,,0
2026-04-20 11:49:49,1348,LOCAL,0.00,175.95,0.00,176.03,5,0.45,,0
2026-04-20 11:49:49,1349,LOCAL,0.00,179.59,0.00,179.66,5,0.45,,0
2026-04-20 11:49:49,1350,LOCAL,0.00,174.14,0.00,174.19,5,0.45,,0
2026-04-20 11:49:50,1351,LOCAL,0.00,193.32,0.00,193.39,5,0.45,CLOUD,1
2026-04-20 11:49:50,1352,LOCAL,0.00,192.04,0.00,192.11,5,0.45,CLOUD,1
2026-04-20 11:49:50,1353,LOCAL,0.00,166.26,0.00,166.33,5,0.45,CLOUD,1
2026-04-20 11:49:50,1354,LOCAL,0.00,169.92,0.00,170.00,5,0.45,CLOUD,1
2026-04-20 11:49:50,1355,LOCAL,0.00,173.12,0.00,173.19,5,0.45,CLOUD,1
2026-04-20 11:49:51,1356,LOCAL,0.00,259.76,0.00,259.85,5,0.45,CLOUD,1
2026-04-20 11:49:51,1357,LOCAL,0.00,182.47,0.00,182.54,5,0.45,CLOUD,1
2026-04-20 11:49:51,1358,LOCAL,0.00,173.42,0.00,173.52,5,0.45,CLOUD,1
2026-04-20 11:49:51,1359,LOCAL,0.00,193.14,0.00,193.22,5,0.45,CLOUD,1
2026-04-20 11:49:51,1360,LOCAL,0.00,153.14,0.00,153.21,5,0.45,CLOUD,1
2026-04-20 11:49:52,1361,LOCAL,0.00,163.20,0.00,163.27,5,0.48,CLOUD,2
2026-04-20 11:49:52,1362,LOCAL,0.00,167.64,0.00,167.72,5,0.50,CLOUD,2
2026-04-20 11:49:52,1363,LOCAL,0.00,165.73,0.00,165.80,5,0.54,CLOUD,2
2026-04-20 11:49:52,1364,LOCAL,0.00,176.42,0.00,176.49,5,0.57,CLOUD,2
2026-04-20 11:49:52,1365,LOCAL,0.00,195.25,0.00,195.31,5,0.64,CLOUD,2
2026-04-20 11:49:53,1366,LOCAL,0.00,176.31,0.00,176.38,5,0.70,CLOUD,2
2026-04-20 11:49:53,1367,LOCAL,0.00,200.10,0.00,200.15,5,0.76,CLOUD,2
2026-04-20 11:49:53,1368,LOCAL,0.00,168.18,0.00,168.25,5,0.83,CLOUD,2
2026-04-20 11:49:53,1369,LOCAL,0.00,156.94,0.00,157.01,5,0.94,CLOUD,2
2026-04-20 11:49:53,1370,LOCAL,0.00,181.24,0.00,181.31,5,1.05,CLOUD,2
2026-04-20 11:49:53,1371,LOCAL,0.00,201.55,0.00,201.61,5,1.20,CLOUD,2
2026-04-20 11:49:54,1372,LOCAL,0.00,178.22,0.00,178.34,5,1.44,,0
2026-04-20 11:49:54,1373,LOCAL,0.00,273.95,0.00,274.05,5,1.77,,0
2026-04-20 11:49:54,1374,CLOUD,25.65,3324.04,93.64,3443.72,6,2.23,,0
2026-04-20 11:49:58,1375,CLOUD,39.96,4465.48,90.68,4596.47,6,2.17,,0
2026-04-20 11:50:02,1376,CLOUD,25.82,3776.14,100.48,3902.79,6,1.71,,0
2026-04-20 11:50:06,1377,CLOUD,13.72,5218.01,110.39,5342.56,6,1.31,,0
2026-04-20 11:50:11,1378,CLOUD,36.35,5732.28,109.20,5878.23,6,1.04,,0
2026-04-20 11:50:17,1379,CLOUD,21.76,7363.49,93.02,7478.65,6,0.82,LOCAL,2
2026-04-20 11:50:25,1380,LOCAL,0.00,240.06,0.00,240.15,5,0.82,,0
2026-04-20 11:50:25,1381,LOCAL,0.00,212.30,0.00,212.36,5,0.82,,0
2026-04-20 11:50:25,1382,LOCAL,0.00,177.75,0.00,177.81,5,0.82,,0
2026-04-20 11:50:26,1383,LOCAL,0.00,176.51,0.00,176.58,5,0.82,,0
2026-04-20 11:50:26,1384,LOCAL,0.00,209.77,0.00,209.85,5,0.82,,0
2026-04-20 11:50:26,1385,LOCAL,0.00,160.90,0.00,160.98,5,0.82,,0
2026-04-20 11:50:26,1386,LOCAL,0.00,269.39,0.00,269.48,5,0.82,,0
2026-04-20 11:50:26,1387,LOCAL,0.00,229.79,0.00,229.86,5,0.82,,0
2026-04-20 11:50:27,1388,LOCAL,0.00,181.16,0.00,181.26,5,0.82,,0
2026-04-20 11:50:27,1389,LOCAL,0.00,158.51,0.00,158.58,5,0.82,,0
2026-04-20 11:50:27,1390,LOCAL,0.00,175.29,0.00,175.36,5,0.82,,0
2026-04-20 11:50:27,1391,LOCAL,0.00,155.22,0.00,155.29,5,0.82,CLOUD,1
2026-04-20 11:50:27,1392,LOCAL,0.00,180.83,0.00,180.89,5,0.82,CLOUD,1
2026-04-20 11:50:28,1393,LOCAL,0.00,128.39,0.00,128.47,5,0.82,CLOUD,1
2026-04-20 11:50:28,1394,LOCAL,0.00,163.70,0.00,163.77,5,0.82,CLOUD,1
2026-04-20 11:50:28,1395,LOCAL,0.00,136.00,0.00,136.05,5,0.82,CLOUD,1
2026-04-20 11:50:28,1396,LOCAL,0.00,164.90,0.00,164.96,5,0.82,CLOUD,1
2026-04-20 11:50:28,1397,LOCAL,0.00,174.60,0.00,174.66,5,0.82,CLOUD,1
2026-04-20 11:50:28,1398,LOCAL,0.00,157.43,0.00,157.49,5,0.82,CLOUD,1
2026-04-20 11:50:28,1399,LOCAL,0.00,161.61,0.00,161.67,5,0.82,CLOUD,1
2026-04-20 11:50:29,1400,LOCAL,0.00,167.34,0.00,167.41,5,0.82,CLOUD,1
2026-04-20 11:50:29,1401,LOCAL,0.00,170.16,0.00,170.23,5,0.82,CLOUD,1
2026-04-20 11:50:29,1402,LOCAL,0.00,166.84,0.00,166.91,5,0.83,CLOUD,1
2026-04-20 11:50:29,1403,LOCAL,0.00,175.37,0.00,175.47,5,0.91,CLOUD,2
2026-04-20 11:50:29,1404,LOCAL,0.00,219.29,0.00,219.37,5,1.06,CLOUD,2
2026-04-20 11:50:30,1405,LOCAL,0.00,162.37,0.00,162.44,5,1.22,CLOUD,2
2026-04-20 11:50:30,1406,LOCAL,0.00,179.07,0.00,179.17,5,1.57,CLOUD,2
2026-04-20 11:50:30,1407,LOCAL,0.00,163.50,0.00,163.58,5,2.27,CLOUD,2
2026-04-20 11:50:30,1408,LOCAL,0.00,196.64,0.00,196.76,5,5.25,CLOUD,2
2026-04-20 11:50:30,1409,LOCAL,0.00,187.53,0.00,187.60,5,5.31,CLOUD,2
2026-04-20 11:50:31,1410,LOCAL,0.00,155.32,0.00,155.38,5,5.36,CLOUD,2
2026-04-20 11:50:31,1411,LOCAL,0.00,175.79,0.00,175.85,5,5.37,CLOUD,2
2026-04-20 11:50:31,1412,LOCAL,0.00,394.07,0.00,394.14,5,5.18,CLOUD,2
2026-04-20 11:50:31,1413,LOCAL,0.00,222.00,0.00,222.09,5,5.18,,0
2026-04-20 11:50:32,1414,CLOUD,37.15,7762.32,110.39,7910.28,6,2.17,,0
2026-04-20 11:50:39,1415,CLOUD,28.95,12410.14,94.01,12533.80,6,1.13,,0
2026-04-20 11:50:52,1416,CLOUD,21.70,7733.61,105.98,7861.70,6,0.87,LOCAL,2
2026-04-20 11:51:00,1417,LOCAL,0.00,248.01,0.00,248.09,5,0.87,,0
2026-04-20 11:51:00,1418,LOCAL,0.00,193.68,0.00,194.86,5,0.87,,0
2026-04-20 11:51:00,1419,LOCAL,0.00,199.45,0.00,199.52,5,0.87,,0
2026-04-20 11:51:00,1420,LOCAL,0.00,181.07,0.00,181.13,5,0.87,,0
2026-04-20 11:51:01,1421,LOCAL,0.00,184.04,0.00,184.12,5,0.87,,0
2026-04-20 11:51:01,1422,LOCAL,0.00,168.54,0.00,168.61,5,0.87,,0
2026-04-20 11:51:01,1423,LOCAL,0.00,167.86,0.00,167.92,5,0.87,,0
2026-04-20 11:51:01,1424,LOCAL,0.00,195.10,0.00,195.16,5,0.87,,0
2026-04-20 11:51:01,1425,LOCAL,0.00,161.58,0.00,161.65,5,0.87,,0
2026-04-20 11:51:02,1426,LOCAL,0.00,166.73,0.00,166.79,5,0.87,,0
2026-04-20 11:51:02,1427,LOCAL,0.00,157.51,0.00,158.66,5,0.87,,0
2026-04-20 11:51:02,1428,LOCAL,0.00,178.36,0.00,178.42,5,0.87,,0
2026-04-20 11:51:02,1429,LOCAL,0.00,181.01,0.00,181.08,5,0.87,,0
2026-04-20 11:51:02,1430,LOCAL,0.00,236.09,0.00,236.24,5,0.86,,0
2026-04-20 11:51:03,1431,LOCAL,0.00,174.58,0.00,174.64,5,0.86,,0
2026-04-20 11:51:03,1432,LOCAL,0.00,190.29,0.00,190.36,5,0.86,,0
2026-04-20 11:51:03,1433,LOCAL,0.00,206.70,0.00,206.77,5,0.86,,0
2026-04-20 11:51:03,1434,LOCAL,0.00,171.58,0.00,171.64,5,0.86,,0
2026-04-20 11:51:03,1435,LOCAL,0.00,159.11,0.00,159.17,5,0.86,CLOUD,1
2026-04-20 11:51:04,1436,LOCAL,0.00,185.34,0.00,185.40,5,0.86,CLOUD,1
2026-04-20 11:51:04,1437,LOCAL,0.00,169.17,0.00,169.24,5,0.86,CLOUD,1
2026-04-20 11:51:04,1438,LOCAL,0.00,160.43,0.00,160.49,5,0.87,CLOUD,1
2026-04-20 11:51:04,1439,LOCAL,0.00,129.71,0.00,129.78,5,0.87,CLOUD,1
2026-04-20 11:51:04,1440,LOCAL,0.00,178.19,0.00,178.26,5,0.87,CLOUD,1
2026-04-20 11:51:04,1441,LOCAL,0.00,179.01,0.00,179.07,5,0.87,CLOUD,1
2026-04-20 11:51:05,1442,LOCAL,0.00,174.88,0.00,175.08,5,0.87,CLOUD,1
2026-04-20 11:51:05,1443,LOCAL,0.00,186.08,0.00,186.14,5,1.13,CLOUD,1
2026-04-20 11:51:05,1444,LOCAL,0.00,190.15,0.00,190.21,5,2.19,CLOUD,1
2026-04-20 11:51:05,1445,LOCAL,0.00,166.74,0.00,166.80,5,5.24,CLOUD,1
2026-04-20 11:51:05,1446,LOCAL,0.00,169.53,0.00,169.59,5,5.32,CLOUD,2
2026-04-20 11:51:06,1447,LOCAL,0.00,143.84,0.00,143.91,5,5.36,CLOUD,2
2026-04-20 11:51:06,1448,LOCAL,0.00,156.52,0.00,156.58,5,5.40,CLOUD,2
2026-04-20 11:51:06,1449,LOCAL,0.00,192.68,0.00,192.74,5,5.39,CLOUD,2
2026-04-20 11:51:06,1450,LOCAL,0.00,186.12,0.00,186.18,5,5.39,CLOUD,2
2026-04-20 11:51:06,1451,LOCAL,0.00,150.31,0.00,150.36,5,5.41,CLOUD,2
2026-04-20 11:51:06,1452,LOCAL,0.00,269.04,0.00,269.12,5,5.30,CLOUD,2
2026-04-20 11:51:07,1453,LOCAL,0.00,153.11,0.00,153.17,5,5.34,CLOUD,2
2026-04-20 11:51:07,1454,LOCAL,0.00,180.24,0.00,180.30,5,5.33,CLOUD,2
2026-04-20 11:51:07,1455,LOCAL,0.00,172.95,0.00,173.02,5,5.32,CLOUD,2
2026-04-20 11:51:07,1456,LOCAL,0.00,163.08,0.00,163.15,5,5.32,CLOUD,2
2026-04-20 11:51:07,1457,LOCAL,0.00,137.09,0.00,137.15,5,5.38,,0
2026-04-20 11:51:08,1458,LOCAL,0.00,203.19,0.00,203.37,5,5.28,,0
2026-04-20 11:51:08,1459,CLOUD,25.72,5497.44,87.93,5611.40,6,2.69,,0
2026-04-20 11:51:13,1460,CLOUD,29.25,6343.36,90.84,6463.87,6,1.70,,0
2026-04-20 11:51:20,1461,CLOUD,35.17,5345.95,95.86,5477.38,6,1.30,LOCAL,1
2026-04-20 11:51:25,1462,LOCAL,0.00,238.43,0.00,238.56,5,1.29,,0
2026-04-20 11:51:26,1463,LOCAL,0.00,193.94,0.00,194.05,5,1.29,,0
2026-04-20 11:51:26,1464,LOCAL,0.00,211.60,0.00,211.66,5,1.29,,0
2026-04-20 11:51:26,1465,LOCAL,0.00,185.21,0.00,185.27,5,1.29,,0
2026-04-20 11:51:26,1466,LOCAL,0.00,140.14,0.00,140.21,5,1.29,,0
2026-04-20 11:51:26,1467,LOCAL,0.00,177.77,0.00,177.83,5,1.29,,0
2026-04-20 11:51:27,1468,LOCAL,0.00,182.16,0.00,182.23,5,1.29,,0
2026-04-20 11:51:27,1469,LOCAL,0.00,177.51,0.00,177.58,5,1.29,,0
2026-04-20 11:51:27,1470,LOCAL,0.00,198.41,0.00,198.48,5,1.28,,0
2026-04-20 11:51:27,1471,LOCAL,0.00,244.56,0.00,244.65,5,1.28,,0
2026-04-20 11:51:27,1472,LOCAL,0.00,148.52,0.00,148.61,5,1.28,,0
2026-04-20 11:51:28,1473,LOCAL,0.00,184.04,0.00,184.11,5,1.28,,0
2026-04-20 11:51:28,1474,LOCAL,0.00,164.96,0.00,165.04,5,1.28,,0
2026-04-20 11:51:28,1475,LOCAL,0.00,149.39,0.00,149.46,5,1.29,,0
2026-04-20 11:51:28,1476,LOCAL,0.00,189.06,0.00,189.12,5,1.28,,0
2026-04-20 11:51:28,1477,LOCAL,0.00,189.54,0.00,189.61,5,1.28,CLOUD,1
2026-04-20 11:51:28,1478,LOCAL,0.00,189.22,0.00,189.28,5,1.28,CLOUD,1
2026-04-20 11:51:29,1479,LOCAL,0.00,153.84,0.00,153.90,5,1.28,CLOUD,1
2026-04-20 11:51:29,1480,LOCAL,0.00,158.28,0.00,158.34,5,1.28,CLOUD,1
2026-04-20 11:51:29,1481,LOCAL,0.00,190.04,0.00,190.13,5,1.29,CLOUD,1
2026-04-20 11:51:29,1482,LOCAL,0.00,160.41,0.00,160.48,5,1.29,CLOUD,1
2026-04-20 11:51:29,1483,LOCAL,0.00,169.84,0.00,169.90,5,1.29,CLOUD,1
2026-04-20 11:51:30,1484,LOCAL,0.00,197.10,0.00,197.16,5,1.29,CLOUD,1
2026-04-20 11:51:30,1485,LOCAL,0.00,191.29,0.00,191.35,5,1.28,CLOUD,1
2026-04-20 11:51:30,1486,LOCAL,0.00,175.44,0.00,175.50,5,1.28,CLOUD,1
2026-04-20 11:51:30,1487,LOCAL,0.00,153.20,0.00,161.35,5,1.29,CLOUD,1
2026-04-20 11:51:30,1488,LOCAL,0.00,164.74,0.00,164.80,5,1.70,CLOUD,2
2026-04-20 11:51:31,1489,LOCAL,0.00,162.92,0.00,163.08,5,2.67,CLOUD,2
2026-04-20 11:51:31,1490,LOCAL,0.00,174.73,0.00,174.81,5,5.22,CLOUD,2
2026-04-20 11:51:31,1491,LOCAL,0.00,189.16,0.00,189.22,5,5.26,CLOUD,2
2026-04-20 11:51:31,1492,LOCAL,0.00,185.49,0.00,185.56,5,5.28,CLOUD,2
2026-04-20 11:51:31,1493,LOCAL,0.00,161.61,0.00,161.67,5,5.33,CLOUD,2
2026-04-20 11:51:31,1494,LOCAL,0.00,168.86,0.00,168.93,5,5.32,CLOUD,2
2026-04-20 11:51:32,1495,LOCAL,0.00,216.77,0.00,216.84,5,5.23,CLOUD,2
2026-04-20 11:51:32,1496,LOCAL,0.00,158.13,0.00,158.23,5,5.26,CLOUD,2
2026-04-20 11:51:32,1497,LOCAL,0.00,161.29,0.00,161.36,5,5.31,CLOUD,2
2026-04-20 11:51:32,1498,LOCAL,0.00,178.58,0.00,178.67,5,5.30,CLOUD,2
2026-04-20 11:51:32,1499,LOCAL,0.00,167.95,0.00,168.03,5,5.34,,0
2026-04-20 11:51:33,1500,LOCAL,0.00,200.41,0.00,200.47,5,5.38,,0
2026-04-20 11:51:33,1501,LOCAL,0.00,215.82,0.00,215.89,5,5.32,,0
2026-04-20 11:51:33,1502,CLOUD,19.89,3406.56,104.51,3531.36,6,3.30,,0
2026-04-20 11:51:37,1503,CLOUD,27.62,3438.58,97.71,3564.27,6,2.38,,0
2026-04-20 11:51:40,1504,CLOUD,13.92,4357.47,87.34,4459.11,6,1.76,,0
2026-04-20 11:51:45,1505,CLOUD,27.24,5962.57,92.50,6082.65,6,1.29,,0
2026-04-20 11:51:51,1506,CLOUD,26.33,2577.50,96.90,2702.30,6,1.16,LOCAL,2
2026-04-20 11:51:53,1507,LOCAL,0.00,231.40,0.00,231.49,5,1.16,,0
2026-04-20 11:51:54,1508,LOCAL,0.00,187.34,0.00,187.40,5,1.16,,0
2026-04-20 11:51:54,1509,LOCAL,0.00,203.33,0.00,203.39,5,1.16,CLOUD,1
2026-04-20 11:51:54,1510,LOCAL,0.00,173.94,0.00,174.00,5,1.16,CLOUD,1
2026-04-20 11:51:54,1511,LOCAL,0.00,171.41,0.00,171.48,5,1.16,CLOUD,1
2026-04-20 11:51:54,1512,LOCAL,0.00,170.46,0.00,170.53,5,1.16,CLOUD,1
2026-04-20 11:51:55,1513,LOCAL,0.00,189.24,0.00,189.30,5,1.16,CLOUD,1
2026-04-20 11:51:55,1514,LOCAL,0.00,176.21,0.00,176.27,5,1.16,CLOUD,1
2026-04-20 11:51:55,1515,LOCAL,0.00,176.86,0.00,176.93,5,1.16,CLOUD,1
2026-04-20 11:51:55,1516,LOCAL,0.00,133.56,0.00,133.63,5,1.16,CLOUD,1
2026-04-20 11:51:55,1517,LOCAL,0.00,152.16,0.00,152.25,5,1.16,CLOUD,1
2026-04-20 11:51:55,1518,LOCAL,0.00,246.66,0.00,246.75,5,1.16,CLOUD,1
2026-04-20 11:51:56,1519,LOCAL,0.00,166.81,0.00,166.91,5,1.16,CLOUD,1
2026-04-20 11:51:56,1520,LOCAL,0.00,194.49,0.00,201.74,5,1.16,CLOUD,2
2026-04-20 11:51:56,1521,LOCAL,0.00,177.47,0.00,177.55,5,1.16,CLOUD,2
2026-04-20 11:51:56,1522,LOCAL,0.00,192.11,0.00,192.18,5,1.16,CLOUD,2
2026-04-20 11:51:56,1523,LOCAL,0.00,164.78,0.00,164.85,5,1.16,CLOUD,2
2026-04-20 11:51:57,1524,LOCAL,0.00,180.08,0.00,180.14,5,1.16,CLOUD,2
2026-04-20 11:51:57,1525,LOCAL,0.00,182.68,0.00,182.76,5,1.16,CLOUD,2
2026-04-20 11:51:57,1526,LOCAL,0.00,148.71,0.00,148.77,5,1.16,CLOUD,2
2026-04-20 11:51:57,1527,LOCAL,0.00,172.15,0.00,172.22,5,1.16,CLOUD,2
2026-04-20 11:51:57,1528,LOCAL,0.00,175.08,0.00,175.14,5,1.16,CLOUD,2
2026-04-20 11:51:58,1529,LOCAL,0.00,138.79,0.00,138.89,5,1.17,CLOUD,2
2026-04-20 11:51:58,1530,LOCAL,0.00,142.00,0.00,142.10,5,1.17,CLOUD,2
2026-04-20 11:51:58,1531,LOCAL,0.00,167.81,0.00,167.88,5,1.35,,0
2026-04-20 11:51:58,1532,LOCAL,0.00,252.78,0.00,252.85,5,1.60,,0
2026-04-20 11:51:58,1533,CLOUD,25.63,2601.15,104.28,2731.45,6,1.77,,0
2026-04-20 11:52:01,1534,CLOUD,40.34,3183.78,85.53,3310.01,6,2.13,,0
2026-04-20 11:52:04,1535,CLOUD,24.52,2981.45,100.99,3107.30,6,2.06,,0
2026-04-20 11:52:07,1536,CLOUD,28.01,3670.47,86.96,3785.82,6,1.65,,0
2026-04-20 11:52:11,1537,CLOUD,13.70,6859.85,170.44,7044.37,6,1.19,,0
2026-04-20 11:52:18,1538,CLOUD,25.50,4019.10,107.44,4152.42,6,1.02,,0
2026-04-20 11:52:22,1539,CLOUD,29.70,3072.42,95.11,3197.59,6,0.92,,0
2026-04-20 11:52:26,1540,CLOUD,25.67,2438.75,99.69,2564.54,6,0.86,,0
2026-04-20 11:52:28,1541,CLOUD,29.62,3076.03,96.86,3202.91,6,0.79,,0
2026-04-20 11:52:31,1542,CLOUD,25.70,4573.78,90.02,4689.87,6,0.70,,0
2026-04-20 11:52:36,1543,CLOUD,13.86,3933.63,95.29,4043.14,6,0.64,,0
2026-04-20 11:52:40,1544,CLOUD,13.66,5849.21,85.55,5948.81,6,0.57,,0
2026-04-20 11:52:46,1545,CLOUD,27.37,4746.64,89.30,4863.65,6,0.52,LOCAL,2
2026-04-20 11:52:51,1546,CLOUD,13.85,2750.01,98.47,2862.71,6,0.50,,0
2026-04-20 11:52:54,1547,CLOUD,31.55,2709.47,93.84,2835.22,6,0.48,LOCAL,1
2026-04-20 11:52:57,1548,CLOUD,17.91,2550.32,91.69,2660.30,6,0.46,LOCAL,2
2026-04-20 11:52:59,1549,CLOUD,17.48,2702.42,193.91,2914.15,6,0.44,,0
2026-04-20 11:53:02,1550,CLOUD,25.78,3653.56,77.91,3757.65,6,0.42,,0
2026-04-20 11:53:06,1551,CLOUD,25.46,3652.66,92.81,3771.31,6,0.39,,0
2026-04-20 11:53:10,1552,CLOUD,25.91,3375.39,93.52,3495.19,6,0.38,,0
2026-04-20 11:53:13,1553,CLOUD,25.01,2837.15,99.50,2962.03,6,0.36,,0
2026-04-20 11:53:16,1554,CLOUD,33.70,2992.04,103.95,3130.10,6,0.35,,0
2026-04-20 11:53:20,1555,CLOUD,14.93,4109.51,126.60,4251.37,6,0.33,,0
2026-04-20 11:53:24,1556,CLOUD,25.46,3186.98,99.07,3311.88,6,0.32,,0
2026-04-20 11:53:27,1557,CLOUD,30.78,3486.81,89.49,3607.45,6,0.31,,0
2026-04-20 11:53:31,1558,CLOUD,24.90,3392.00,89.63,3506.91,6,0.30,,0
2026-04-20 11:53:34,1559,CLOUD,13.80,2940.39,102.26,3056.79,6,0.29,,0
2026-04-20 11:53:37,1560,CLOUD,13.80,2934.39,88.60,3037.21,6,0.28,,0
2026-04-20 11:53:40,1561,CLOUD,13.40,3641.98,95.49,3751.24,6,0.27,,0
2026-04-20 11:53:44,1562,CLOUD,25.37,3146.30,95.51,3267.60,6,0.27,LOCAL,1
2026-04-20 11:53:47,1563,CLOUD,13.45,3154.61,102.39,3270.83,6,0.27,LOCAL,2
2026-04-20 11:53:51,1564,LOCAL,0.00,281.97,0.00,282.05,5,0.28,CLOUD,1
2026-04-20 11:53:51,1565,LOCAL,0.00,227.14,0.00,227.22,5,0.29,CLOUD,1
2026-04-20 11:53:51,1566,LOCAL,0.00,177.13,0.00,177.20,5,0.31,CLOUD,1
2026-04-20 11:53:51,1567,LOCAL,0.00,176.46,0.00,176.53,5,0.33,CLOUD,1
2026-04-20 11:53:52,1568,LOCAL,0.00,131.66,0.00,131.72,5,0.34,CLOUD,1
2026-04-20 11:53:52,1569,LOCAL,0.00,170.85,0.00,170.91,5,0.35,CLOUD,1
2026-04-20 11:53:52,1570,LOCAL,0.00,158.19,0.00,158.26,5,0.36,CLOUD,2
2026-04-20 11:53:52,1571,LOCAL,0.00,148.39,0.00,148.46,5,0.38,CLOUD,2
2026-04-20 11:53:52,1572,LOCAL,0.00,156.37,0.00,156.43,5,0.40,CLOUD,2
2026-04-20 11:53:53,1573,LOCAL,0.00,149.43,0.00,149.50,5,0.44,CLOUD,2
2026-04-20 11:53:53,1574,LOCAL,0.00,265.49,0.00,265.57,5,0.47,CLOUD,2
2026-04-20 11:53:53,1575,LOCAL,0.00,176.74,0.00,176.81,5,0.49,CLOUD,2
2026-04-20 11:53:53,1576,LOCAL,0.00,195.72,0.00,195.79,5,0.51,CLOUD,2
2026-04-20 11:53:53,1577,LOCAL,0.00,176.37,0.00,176.44,5,0.54,CLOUD,2
2026-04-20 11:53:54,1578,LOCAL,0.00,162.15,0.00,162.22,5,0.57,CLOUD,2
2026-04-20 11:53:54,1579,LOCAL,0.00,192.27,0.00,192.33,5,0.61,CLOUD,2
2026-04-20 11:53:54,1580,LOCAL,0.00,195.09,0.00,195.15,5,0.66,,0
2026-04-20 11:53:54,1581,LOCAL,0.00,187.00,0.00,187.09,5,0.71,,0
2026-04-20 11:53:54,1582,CLOUD,25.26,2946.31,110.70,3082.62,6,0.71,,0
2026-04-20 11:53:57,1583,CLOUD,28.69,3145.66,100.73,3275.55,6,0.70,,0
2026-04-20 11:54:01,1584,CLOUD,13.88,3177.96,106.98,3299.22,6,0.72,,0
2026-04-20 11:54:04,1585,CLOUD,15.01,3054.33,100.02,3169.70,6,0.72,,0
2026-04-20 11:54:07,1586,CLOUD,13.42,2735.82,105.87,2855.50,6,0.74,,0
2026-04-20 11:54:10,1587,CLOUD,35.39,3029.95,112.65,3178.33,6,0.74,,0
2026-04-20 11:54:13,1588,CLOUD,22.71,3050.79,116.59,3190.51,6,0.74,,0
2026-04-20 11:54:16,1589,CLOUD,13.55,3806.69,96.38,3916.97,6,0.73,,0
2026-04-20 11:54:20,1590,CLOUD,25.77,2689.52,97.09,2812.78,6,0.74,,0
2026-04-20 11:54:23,1591,CLOUD,17.27,4338.83,104.20,4460.65,6,0.72,,0
2026-04-20 11:54:28,1592,CLOUD,24.22,3041.03,95.32,3160.97,6,0.72,LOCAL,1
2026-04-20 11:54:31,1593,CLOUD,23.80,3210.96,88.03,3323.17,6,0.67,,0
2026-04-20 11:54:34,1594,CLOUD,13.51,3953.07,109.46,4076.45,6,0.62,,0
2026-04-20 11:54:38,1595,CLOUD,27.80,3327.92,114.05,3470.11,6,0.58,,0
2026-04-20 11:54:42,1596,CLOUD,30.19,3024.47,98.11,3153.20,6,0.54,LOCAL,1
2026-04-20 11:54:45,1597,CLOUD,13.74,2749.28,99.97,2863.34,6,0.52,,0
2026-04-20 11:54:48,1598,CLOUD,29.36,3454.35,97.37,3581.48,6,0.49,,0
2026-04-20 11:54:51,1599,CLOUD,13.70,5473.84,90.06,5577.96,6,0.45,,0
2026-04-20 11:54:57,1600,CLOUD,15.42,3041.29,88.33,3145.41,6,0.43,,0
2026-04-20 11:55:00,1601,CLOUD,31.51,3109.88,102.54,3244.33,6,0.41,LOCAL,1
2026-04-20 11:55:03,1602,CLOUD,25.58,5311.09,82.43,5419.48,6,0.38,,0
2026-04-20 11:55:09,1603,CLOUD,30.21,3152.19,101.66,3284.44,6,0.37,LOCAL,2
2026-04-20 11:55:12,1604,LOCAL,0.00,224.83,0.00,224.91,5,0.37,,0
2026-04-20 11:55:12,1605,LOCAL,0.00,176.76,0.00,176.82,5,0.37,,0
2026-04-20 11:55:13,1606,LOCAL,0.00,181.30,0.00,181.37,5,0.37,CLOUD,1
2026-04-20 11:55:13,1607,LOCAL,0.00,150.99,0.00,151.05,5,0.37,CLOUD,1
2026-04-20 11:55:13,1608,LOCAL,0.00,142.71,0.00,142.77,5,0.37,CLOUD,1
2026-04-20 11:55:13,1609,LOCAL,0.00,184.34,0.00,194.97,5,0.37,CLOUD,1
2026-04-20 11:55:13,1610,LOCAL,0.00,176.64,0.00,176.83,5,0.37,CLOUD,1
2026-04-20 11:55:13,1611,LOCAL,0.00,172.64,0.00,172.73,5,0.38,CLOUD,1
2026-04-20 11:55:14,1612,LOCAL,0.00,166.50,0.00,166.59,5,0.40,CLOUD,1
2026-04-20 11:55:14,1613,LOCAL,0.00,157.35,0.00,157.41,5,0.42,CLOUD,1
2026-04-20 11:55:14,1614,LOCAL,0.00,256.39,0.00,256.48,5,0.43,CLOUD,1
2026-04-20 11:55:14,1615,LOCAL,0.00,177.80,0.00,177.88,5,0.45,CLOUD,1
2026-04-20 11:55:14,1616,LOCAL,0.00,167.99,0.00,168.06,5,0.47,CLOUD,1
2026-04-20 11:55:15,1617,LOCAL,0.00,152.54,0.00,152.60,5,0.50,CLOUD,2
2026-04-20 11:55:15,1618,LOCAL,0.00,178.23,0.00,178.33,5,0.53,CLOUD,2
2026-04-20 11:55:15,1619,LOCAL,0.00,185.44,0.00,185.53,5,0.56,CLOUD,2
2026-04-20 11:55:15,1620,LOCAL,0.00,174.53,0.00,174.59,5,0.61,CLOUD,2
2026-04-20 11:55:15,1621,LOCAL,0.00,169.45,0.00,169.51,5,0.65,CLOUD,2
2026-04-20 11:55:15,1622,LOCAL,0.00,185.86,0.00,185.91,5,0.70,CLOUD,2
2026-04-20 11:55:16,1623,LOCAL,0.00,160.29,0.00,160.39,5,0.77,CLOUD,2
2026-04-20 11:55:16,1624,LOCAL,0.00,178.49,0.00,178.59,5,0.85,CLOUD,2
2026-04-20 11:55:16,1625,LOCAL,0.00,182.38,0.00,182.44,5,0.93,CLOUD,2
2026-04-20 11:55:16,1626,LOCAL,0.00,184.75,0.00,184.81,5,1.01,CLOUD,2
2026-04-20 11:55:16,1627,LOCAL,0.00,163.03,0.00,163.10,5,1.15,CLOUD,2
2026-04-20 11:55:17,1628,LOCAL,0.00,222.44,0.00,222.52,5,1.46,,0
2026-04-20 11:55:17,1629,CLOUD,25.46,2938.26,63.81,3027.90,6,1.47,,0
2026-04-20 11:55:20,1630,CLOUD,13.37,4448.49,102.88,4565.11,6,1.38,,0
2026-04-20 11:55:24,1631,CLOUD,23.17,5735.48,90.23,5849.22,6,1.35,LOCAL,1
2026-04-20 11:55:30,1632,LOCAL,0.00,239.40,0.00,239.51,5,1.58,,0
2026-04-20 11:55:30,1633,LOCAL,0.00,177.38,0.00,177.45,5,1.58,,0
2026-04-20 11:55:31,1634,LOCAL,0.00,193.58,0.00,193.64,5,1.58,,0
2026-04-20 11:55:31,1635,LOCAL,0.00,199.20,0.00,199.27,5,1.58,,0
2026-04-20 11:55:31,1636,LOCAL,0.00,172.73,0.00,172.79,5,1.58,,0
2026-04-20 11:55:31,1637,LOCAL,0.00,184.16,0.00,184.22,5,1.58,,0
2026-04-20 11:55:31,1638,LOCAL,0.00,258.30,0.00,258.38,5,1.57,,0
2026-04-20 11:55:32,1639,LOCAL,0.00,199.91,0.00,200.00,5,1.57,,0
2026-04-20 11:55:32,1640,LOCAL,0.00,175.59,0.00,175.66,5,1.57,,0
2026-04-20 11:55:32,1641,LOCAL,0.00,178.57,0.00,178.63,5,1.57,,0
2026-04-20 11:55:32,1642,LOCAL,0.00,165.22,0.00,165.27,5,1.56,,0
2026-04-20 11:55:32,1643,LOCAL,0.00,178.47,0.00,178.53,5,1.57,,0
2026-04-20 11:55:33,1644,LOCAL,0.00,161.43,0.00,161.50,5,1.57,CLOUD,1
2026-04-20 11:55:33,1645,LOCAL,0.00,163.24,0.00,163.33,5,1.57,CLOUD,1
2026-04-20 11:55:33,1646,LOCAL,0.00,166.57,0.00,166.64,5,1.57,CLOUD,1
2026-04-20 11:55:33,1647,LOCAL,0.00,184.88,0.00,184.96,5,1.57,CLOUD,1
2026-04-20 11:55:33,1648,LOCAL,0.00,169.58,0.00,169.67,5,1.57,CLOUD,1
2026-04-20 11:55:34,1649,LOCAL,0.00,171.79,0.00,171.90,5,1.57,CLOUD,1
2026-04-20 11:55:34,1650,LOCAL,0.00,192.11,0.00,192.18,5,1.57,CLOUD,1
2026-04-20 11:55:34,1651,LOCAL,0.00,176.54,0.00,176.62,5,1.57,CLOUD,1
2026-04-20 11:55:34,1652,LOCAL,0.00,155.30,0.00,155.36,5,1.57,CLOUD,1
2026-04-20 11:55:34,1653,LOCAL,0.00,156.82,0.00,156.89,5,1.57,CLOUD,1
2026-04-20 11:55:34,1654,LOCAL,0.00,162.49,0.00,162.56,5,1.57,CLOUD,1
2026-04-20 11:55:35,1655,LOCAL,0.00,304.94,0.00,309.88,5,1.56,CLOUD,2
2026-04-20 11:55:35,1656,LOCAL,0.00,174.86,0.00,174.94,5,1.56,CLOUD,2
2026-04-20 11:55:35,1657,LOCAL,0.00,173.21,0.00,173.26,5,1.56,CLOUD,2
2026-04-20 11:55:35,1658,LOCAL,0.00,178.92,0.00,179.02,5,1.85,CLOUD,2
2026-04-20 11:55:36,1659,LOCAL,0.00,185.53,0.00,185.59,5,2.56,CLOUD,2
2026-04-20 11:55:36,1660,LOCAL,0.00,176.02,0.00,176.08,5,5.11,CLOUD,2
2026-04-20 11:55:36,1661,LOCAL,0.00,175.70,0.00,175.76,5,5.17,CLOUD,2
2026-04-20 11:55:36,1662,LOCAL,0.00,177.46,0.00,177.56,5,5.16,CLOUD,2
2026-04-20 11:55:36,1663,LOCAL,0.00,170.81,0.00,170.89,5,5.18,CLOUD,2
2026-04-20 11:55:36,1664,LOCAL,0.00,183.98,0.00,184.05,5,5.19,CLOUD,2
2026-04-20 11:55:37,1665,LOCAL,0.00,143.91,0.00,143.97,5,5.23,,0
2026-04-20 11:55:37,1666,LOCAL,0.00,220.79,0.00,220.92,5,5.19,,0
2026-04-20 11:55:37,1667,CLOUD,25.77,3562.58,83.77,3672.47,6,3.22,,0
2026-04-20 11:55:41,1668,CLOUD,28.91,3486.30,101.22,3616.85,6,2.33,,0
2026-04-20 11:55:44,1669,CLOUD,33.75,4854.86,88.33,4977.31,6,1.68,,0
2026-04-20 11:55:49,1670,CLOUD,29.67,3632.32,94.78,3757.17,6,1.40,LOCAL,1
2026-04-20 11:55:53,1671,CLOUD,13.87,5823.66,99.06,5936.94,6,1.09,,0
2026-04-20 11:55:59,1672,CLOUD,15.05,3602.36,95.24,3713.09,6,0.96,,0
2026-04-20 11:56:03,1673,CLOUD,24.45,3288.33,96.64,3409.76,6,0.87,,0
2026-04-20 11:56:06,1674,CLOUD,13.74,2820.08,77.35,2911.55,6,0.80,,0
2026-04-20 11:56:09,1675,CLOUD,26.01,3060.25,120.40,3207.03,6,0.74,,0
2026-04-20 11:56:12,1676,CLOUD,13.41,3012.34,86.68,3112.78,6,0.69,,0
2026-04-20 11:56:15,1677,CLOUD,40.99,5645.93,110.31,5797.60,6,0.61,LOCAL,1
2026-04-20 11:56:21,1678,LOCAL,0.00,304.98,0.00,305.08,5,0.61,,0
2026-04-20 11:56:21,1679,LOCAL,0.00,197.77,0.00,197.84,5,0.61,,0
2026-04-20 11:56:22,1680,LOCAL,0.00,175.18,0.00,175.24,5,0.61,,0
2026-04-20 11:56:22,1681,LOCAL,0.00,169.62,0.00,169.70,5,0.61,,0
2026-04-20 11:56:22,1682,LOCAL,0.00,173.67,0.00,173.75,5,0.61,,0
2026-04-20 11:56:22,1683,LOCAL,0.00,173.33,0.00,173.39,5,0.61,,0
2026-04-20 11:56:22,1684,LOCAL,0.00,175.67,0.00,175.74,5,0.61,,0
2026-04-20 11:56:23,1685,LOCAL,0.00,178.45,0.00,178.53,5,0.61,,0
2026-04-20 11:56:23,1686,LOCAL,0.00,169.03,0.00,169.09,5,0.61,,0
2026-04-20 11:56:23,1687,LOCAL,0.00,180.73,0.00,180.78,5,0.61,,0
2026-04-20 11:56:23,1688,LOCAL,0.00,195.08,0.00,195.14,5,0.61,CLOUD,1
2026-04-20 11:56:23,1689,LOCAL,0.00,171.96,0.00,172.02,5,0.61,CLOUD,1
2026-04-20 11:56:24,1690,LOCAL,0.00,162.89,0.00,162.95,5,0.61,CLOUD,1
2026-04-20 11:56:24,1691,LOCAL,0.00,157.97,0.00,158.03,5,0.61,CLOUD,1
2026-04-20 11:56:24,1692,LOCAL,0.00,163.71,0.00,163.77,5,0.61,CLOUD,1
2026-04-20 11:56:24,1693,LOCAL,0.00,155.99,0.00,156.05,5,0.61,CLOUD,1
2026-04-20 11:56:24,1694,LOCAL,0.00,178.96,0.00,179.02,5,0.61,CLOUD,1
2026-04-20 11:56:24,1695,LOCAL,0.00,162.71,0.00,162.78,5,0.61,CLOUD,1
2026-04-20 11:56:25,1696,LOCAL,0.00,164.88,0.00,164.95,5,0.66,CLOUD,1
2026-04-20 11:56:25,1697,LOCAL,0.00,239.74,0.00,239.86,5,0.71,CLOUD,1
2026-04-20 11:56:25,1698,LOCAL,0.00,176.63,0.00,176.72,5,0.81,CLOUD,1
2026-04-20 11:56:25,1699,LOCAL,0.00,179.66,0.00,179.72,5,0.90,,0
2026-04-20 11:56:25,1700,LOCAL,0.00,151.92,0.00,151.99,5,1.09,,0
2026-04-20 11:56:26,1701,LOCAL,0.00,161.55,0.00,161.61,5,1.26,,0
2026-04-20 11:56:26,1702,LOCAL,0.00,164.17,0.00,164.23,5,1.47,,0
2026-04-20 11:56:26,1703,LOCAL,0.00,168.80,0.00,168.87,5,1.70,,0
2026-04-20 11:56:26,1704,LOCAL,0.00,176.88,0.00,176.94,5,2.07,,0
2026-04-20 11:56:26,1705,LOCAL,0.00,171.18,0.00,171.26,5,2.62,,0
2026-04-20 11:56:26,1706,LOCAL,0.00,165.08,0.00,165.14,5,5.33,,0
2026-04-20 11:56:27,1707,LOCAL,0.00,180.14,0.00,180.23,5,5.46,,0
2026-04-20 11:56:27,1708,LOCAL,0.00,176.24,0.00,180.76,5,5.48,,0
2026-04-20 11:56:27,1709,LOCAL,0.00,172.06,0.00,172.19,5,5.48,,0
2026-04-20 11:56:27,1710,LOCAL,0.00,167.57,0.00,167.63,5,5.49,,0
2026-04-20 11:56:27,1711,LOCAL,0.00,177.68,0.00,177.77,5,5.51,,0
2026-04-20 11:56:28,1712,LOCAL,0.00,177.06,0.00,177.12,5,5.51,,0
2026-04-20 11:56:28,1713,LOCAL,0.00,209.99,0.00,210.05,5,5.49,,0
2026-04-20 11:56:28,1714,LOCAL,0.00,272.19,0.00,272.28,5,5.40,,0
2026-04-20 11:56:28,1715,LOCAL,0.00,199.18,0.00,199.26,5,5.38,,0
2026-04-20 11:56:28,1716,LOCAL,0.00,169.40,0.00,169.47,5,5.38,,0
2026-04-20 11:56:29,1717,LOCAL,0.00,165.35,0.00,165.42,5,5.40,,0
2026-04-20 11:56:29,1718,LOCAL,0.00,158.57,0.00,158.63,5,5.40,,0
2026-04-20 11:56:29,1719,LOCAL,0.00,153.86,0.00,153.94,5,5.42,,0
2026-04-20 11:56:29,1720,LOCAL,0.00,186.43,0.00,186.50,5,5.39,,0
2026-04-20 11:56:29,1721,LOCAL,0.00,160.56,0.00,160.62,5,5.38,CLOUD,1
2026-04-20 11:56:29,1722,LOCAL,0.00,168.37,0.00,168.43,5,5.36,CLOUD,1
2026-04-20 11:56:30,1723,LOCAL,0.00,171.42,0.00,171.51,5,5.36,CLOUD,1
2026-04-20 11:56:30,1724,LOCAL,0.00,164.67,0.00,164.73,5,5.35,CLOUD,1
2026-04-20 11:56:30,1725,LOCAL,0.00,178.15,0.00,178.21,5,5.35,CLOUD,1
2026-04-20 11:56:30,1726,LOCAL,0.00,147.90,0.00,147.97,5,5.46,CLOUD,1
2026-04-20 11:56:30,1727,LOCAL,0.00,168.02,0.00,168.08,5,5.45,CLOUD,1
2026-04-20 11:56:31,1728,LOCAL,0.00,199.13,0.00,199.20,5,5.42,CLOUD,1
2026-04-20 11:56:31,1729,LOCAL,0.00,197.47,0.00,197.53,5,5.38,CLOUD,1
2026-04-20 11:56:31,1730,LOCAL,0.00,175.84,0.00,175.90,5,5.37,CLOUD,1
2026-04-20 11:56:31,1731,LOCAL,0.00,193.40,0.00,193.46,5,5.34,CLOUD,1
2026-04-20 11:56:31,1732,LOCAL,0.00,161.24,0.00,161.30,5,5.36,CLOUD,2
2026-04-20 11:56:31,1733,LOCAL,0.00,157.58,0.00,157.64,5,5.37,CLOUD,2
2026-04-20 11:56:32,1734,LOCAL,0.00,160.50,0.00,160.57,5,5.39,CLOUD,2
2026-04-20 11:56:32,1735,LOCAL,0.00,179.57,0.00,179.63,5,5.38,CLOUD,2
2026-04-20 11:56:32,1736,LOCAL,0.00,163.04,0.00,163.11,5,5.40,CLOUD,2
2026-04-20 11:56:32,1737,LOCAL,0.00,173.86,0.00,173.92,5,5.40,CLOUD,2
2026-04-20 11:56:32,1738,LOCAL,0.00,173.10,0.00,173.16,5,5.38,CLOUD,2
2026-04-20 11:56:33,1739,LOCAL,0.00,170.84,0.00,170.90,5,5.38,CLOUD,2
2026-04-20 11:56:33,1740,LOCAL,0.00,178.75,0.00,178.82,5,5.37,CLOUD,2
2026-04-20 11:56:33,1741,LOCAL,0.00,159.22,0.00,159.29,5,5.38,CLOUD,2
2026-04-20 11:56:33,1742,LOCAL,0.00,138.04,0.00,138.12,5,5.44,CLOUD,2
2026-04-20 11:56:33,1743,LOCAL,0.00,235.03,0.00,235.12,5,5.48,,0
2026-04-20 11:56:33,1744,CLOUD,25.85,3759.63,105.79,3891.72,6,3.23,,0
2026-04-20 11:56:37,1745,CLOUD,27.54,2971.98,81.08,3080.93,6,2.44,,0
2026-04-20 11:56:40,1746,CLOUD,13.59,3399.34,79.69,3492.98,6,1.91,,0
2026-04-20 11:56:44,1747,CLOUD,23.48,4088.74,94.43,4207.00,6,1.50,,0
2026-04-20 11:56:48,1748,CLOUD,25.90,3691.09,109.61,3827.02,6,1.26,LOCAL,1
2026-04-20 11:56:52,1749,CLOUD,23.90,4281.09,191.30,4496.77,6,1.06,,0
2026-04-20 11:56:57,1750,CLOUD,42.53,5255.67,99.86,5398.46,6,0.89,LOCAL,1
2026-04-20 11:57:02,1751,LOCAL,0.00,236.61,0.00,236.69,5,0.89,,0
2026-04-20 11:57:02,1752,LOCAL,0.00,202.31,0.00,202.38,5,0.89,,0
2026-04-20 11:57:02,1753,LOCAL,0.00,161.90,0.00,161.96,5,0.89,,0
2026-04-20 11:57:03,1754,LOCAL,0.00,177.79,0.00,177.85,5,0.89,,0
2026-04-20 11:57:03,1755,LOCAL,0.00,188.50,0.00,188.57,5,0.89,,0
2026-04-20 11:57:03,1756,LOCAL,0.00,220.56,0.00,220.64,5,0.89,,0
2026-04-20 11:57:03,1757,LOCAL,0.00,205.72,0.00,205.80,5,0.89,,0
2026-04-20 11:57:03,1758,LOCAL,0.00,161.07,0.00,161.13,5,0.89,,0
2026-04-20 11:57:04,1759,LOCAL,0.00,168.38,0.00,168.46,5,0.89,,0
2026-04-20 11:57:04,1760,LOCAL,0.00,180.43,0.00,180.51,5,0.89,,0
2026-04-20 11:57:04,1761,LOCAL,0.00,161.91,0.00,161.98,5,0.89,,0
2026-04-20 11:57:04,1762,LOCAL,0.00,155.10,0.00,155.16,5,0.89,,0
2026-04-20 11:57:04,1763,LOCAL,0.00,173.51,0.00,173.59,5,0.89,,0
2026-04-20 11:57:04,1764,LOCAL,0.00,150.62,0.00,150.74,5,0.89,,0
2026-04-20 11:57:05,1765,LOCAL,0.00,155.52,0.00,155.58,5,0.89,,0
2026-04-20 11:57:05,1766,LOCAL,0.00,184.24,0.00,184.31,5,0.89,,0
2026-04-20 11:57:05,1767,LOCAL,0.00,167.90,0.00,167.96,5,0.89,CLOUD,1
2026-04-20 11:57:05,1768,LOCAL,0.00,178.64,0.00,178.71,5,0.89,CLOUD,1
2026-04-20 11:57:05,1769,LOCAL,0.00,125.21,0.00,125.27,5,0.89,CLOUD,1
2026-04-20 11:57:05,1770,LOCAL,0.00,160.29,0.00,160.36,5,0.89,CLOUD,1
2026-04-20 11:57:06,1771,LOCAL,0.00,161.72,0.00,161.79,5,0.89,CLOUD,1
2026-04-20 11:57:06,1772,LOCAL,0.00,163.81,0.00,163.88,5,0.89,CLOUD,1
2026-04-20 11:57:06,1773,LOCAL,0.00,160.31,0.00,160.39,5,1.01,CLOUD,1
2026-04-20 11:57:06,1774,LOCAL,0.00,253.66,0.00,253.85,5,1.12,CLOUD,1
2026-04-20 11:57:06,1775,LOCAL,0.00,215.24,0.00,215.32,5,1.28,CLOUD,1
2026-04-20 11:57:07,1776,LOCAL,0.00,206.32,0.00,206.39,5,1.56,CLOUD,1
2026-04-20 11:57:07,1777,LOCAL,0.00,167.77,0.00,167.84,5,1.94,CLOUD,2
2026-04-20 11:57:07,1778,LOCAL,0.00,169.27,0.00,169.33,5,2.73,CLOUD,2
2026-04-20 11:57:07,1779,LOCAL,0.00,168.30,0.00,168.37,5,5.37,CLOUD,2
2026-04-20 11:57:07,1780,LOCAL,0.00,211.53,0.00,211.62,5,5.41,CLOUD,2
2026-04-20 11:57:08,1781,LOCAL,0.00,182.20,0.00,182.30,5,5.43,CLOUD,2
2026-04-20 11:57:08,1782,LOCAL,0.00,181.50,0.00,181.58,5,5.41,CLOUD,2
2026-04-20 11:57:08,1783,LOCAL,0.00,174.31,0.00,174.41,5,5.41,CLOUD,2
2026-04-20 11:57:08,1784,LOCAL,0.00,171.04,0.00,171.10,5,5.41,CLOUD,2
2026-04-20 11:57:08,1785,LOCAL,0.00,175.95,0.00,176.02,5,5.46,CLOUD,2
2026-04-20 11:57:08,1786,LOCAL,0.00,166.63,0.00,166.70,5,5.49,CLOUD,2
2026-04-20 11:57:09,1787,LOCAL,0.00,181.23,0.00,181.29,5,5.46,CLOUD,2
2026-04-20 11:57:09,1788,LOCAL,0.00,183.11,0.00,183.17,5,5.45,,0
2026-04-20 11:57:09,1789,LOCAL,0.00,257.98,0.00,258.07,5,5.37,,0
2026-04-20 11:57:09,1790,CLOUD,34.96,3488.72,95.94,3620.06,6,3.27,,0
2026-04-20 11:57:13,1791,CLOUD,13.59,3310.88,96.57,3422.65,6,2.39,,0
2026-04-20 11:57:16,1792,CLOUD,13.51,5148.82,97.94,5260.69,6,1.68,,0
2026-04-20 11:57:22,1793,CLOUD,43.17,5830.21,101.11,5974.84,6,1.26,,0
2026-04-20 11:57:28,1794,CLOUD,25.33,3461.33,98.84,3585.89,6,1.09,,0
2026-04-20 11:57:31,1795,CLOUD,25.46,5142.27,89.92,5257.98,6,0.92,,0
2026-04-20 11:57:37,1796,CLOUD,37.59,3846.95,95.36,3980.29,6,0.82,,0
2026-04-20 11:57:40,1797,CLOUD,49.76,3972.55,95.41,4118.07,6,0.74,,0
2026-04-20 11:57:45,1798,CLOUD,28.98,4349.77,91.37,4470.47,6,0.66,,0
2026-04-20 11:57:49,1799,CLOUD,35.30,3049.34,58.42,3143.40,6,0.62,,0
2026-04-20 11:57:52,1800,CLOUD,14.03,3242.37,99.21,3356.01,6,0.58,LOCAL,1
2026-04-20 11:57:56,1801,CLOUD,25.73,8068.63,75.44,8170.49,6,0.50,,0
2026-04-20 11:58:04,1802,CLOUD,27.48,4763.17,92.77,4883.85,6,0.46,LOCAL,2
2026-04-20 11:58:09,1803,CLOUD,25.38,3378.78,85.90,3490.44,6,0.44,,0
2026-04-20 11:58:12,1804,CLOUD,29.76,3160.03,94.86,3285.10,6,0.42,,0
2026-04-20 11:58:15,1805,CLOUD,26.64,3326.85,100.84,3454.71,6,0.40,LOCAL,1
2026-04-20 11:58:19,1806,CLOUD,25.48,7159.20,97.65,7282.70,6,0.37,,0
2026-04-20 11:58:26,1807,CLOUD,34.12,4759.67,98.22,4892.42,6,0.35,,0
2026-04-20 11:58:31,1808,CLOUD,20.68,3094.27,180.31,3295.67,6,0.33,,0
2026-04-20 11:58:34,1809,CLOUD,32.25,3907.58,95.15,4035.33,6,0.32,,0
2026-04-20 11:58:38,1810,CLOUD,13.63,3040.30,91.59,3145.94,6,0.31,,0
2026-04-20 11:58:42,1811,CLOUD,25.72,3822.66,95.55,3944.30,6,0.30,LOCAL,1
2026-04-20 11:58:46,1812,LOCAL,0.00,259.20,0.00,259.27,5,0.30,,0
2026-04-20 11:58:46,1813,LOCAL,0.00,175.88,0.00,175.96,5,0.30,,0
2026-04-20 11:58:46,1814,LOCAL,0.00,176.92,0.00,176.98,5,0.30,,0
2026-04-20 11:58:46,1815,LOCAL,0.00,184.29,0.00,184.36,5,0.30,,0
2026-04-20 11:58:46,1816,LOCAL,0.00,183.57,0.00,183.64,5,0.30,,0
2026-04-20 11:58:47,1817,LOCAL,0.00,190.08,0.00,190.14,5,0.30,,0
2026-04-20 11:58:47,1818,LOCAL,0.00,161.47,0.00,161.54,5,0.30,,0
2026-04-20 11:58:47,1819,LOCAL,0.00,157.13,0.00,157.20,5,0.31,,0
2026-04-20 11:58:47,1820,LOCAL,0.00,236.40,0.00,236.48,5,0.32,,0
2026-04-20 11:58:47,1821,LOCAL,0.00,166.37,0.00,166.45,5,0.34,,0
2026-04-20 11:58:48,1822,LOCAL,0.00,173.64,0.00,173.71,5,0.36,CLOUD,1
2026-04-20 11:58:48,1823,LOCAL,0.00,172.66,0.00,172.72,5,0.38,CLOUD,1
2026-04-20 11:58:48,1824,LOCAL,0.00,198.99,0.00,199.05,5,0.40,CLOUD,1
2026-04-20 11:58:48,1825,LOCAL,0.00,181.05,0.00,185.16,5,0.43,CLOUD,1
2026-04-20 11:58:48,1826,LOCAL,0.00,160.36,0.00,160.42,5,0.45,CLOUD,1
2026-04-20 11:58:48,1827,LOCAL,0.00,171.52,0.00,171.58,5,0.49,CLOUD,1
2026-04-20 11:58:49,1828,LOCAL,0.00,159.51,0.00,159.57,5,0.51,CLOUD,1
2026-04-20 11:58:49,1829,LOCAL,0.00,182.99,0.00,183.05,5,0.54,CLOUD,1
2026-04-20 11:58:49,1830,LOCAL,0.00,158.97,0.00,159.06,5,0.64,CLOUD,1
2026-04-20 11:58:49,1831,LOCAL,0.00,168.38,0.00,168.47,5,0.71,CLOUD,1
2026-04-20 11:58:49,1832,LOCAL,0.00,162.12,0.00,162.19,5,0.78,CLOUD,1
2026-04-20 11:58:50,1833,LOCAL,0.00,153.12,0.00,153.19,5,0.85,CLOUD,2
2026-04-20 11:58:50,1834,LOCAL,0.00,180.74,0.00,180.81,5,0.94,CLOUD,2
2026-04-20 11:58:50,1835,LOCAL,0.00,161.57,0.00,161.67,5,1.22,CLOUD,2
2026-04-20 11:58:50,1836,LOCAL,0.00,175.43,0.00,175.49,5,1.52,CLOUD,2
2026-04-20 11:58:50,1837,LOCAL,0.00,182.53,0.00,182.61,5,1.81,CLOUD,2
2026-04-20 11:58:50,1838,LOCAL,0.00,273.91,0.00,273.99,5,2.37,CLOUD,2
2026-04-20 11:58:51,1839,LOCAL,0.00,165.87,0.00,165.93,5,3.13,CLOUD,2
2026-04-20 11:58:51,1840,LOCAL,0.00,203.18,0.00,203.24,5,5.25,CLOUD,2
2026-04-20 11:58:51,1841,LOCAL,0.00,183.13,0.00,183.20,5,5.32,CLOUD,2
2026-04-20 11:58:51,1842,LOCAL,0.00,177.14,0.00,177.21,5,5.32,CLOUD,2
2026-04-20 11:58:51,1843,LOCAL,0.00,157.22,0.00,157.29,5,5.35,CLOUD,2
2026-04-20 11:58:52,1844,LOCAL,0.00,226.21,0.00,226.29,5,5.30,,0
2026-04-20 11:58:52,1845,CLOUD,25.59,3182.97,94.17,3303.06,6,3.38,,0
2026-04-20 11:58:55,1846,CLOUD,26.61,3335.49,93.10,3455.56,6,2.45,,0
2026-04-20 11:58:59,1847,CLOUD,15.63,2983.91,104.70,3104.58,6,1.96,,0
2026-04-20 11:59:02,1848,CLOUD,21.64,3054.87,100.61,3178.77,6,1.63,,0
2026-04-20 11:59:05,1849,CLOUD,28.39,3883.09,97.16,4009.00,6,1.35,,0
2026-04-20 11:59:09,1850,CLOUD,28.38,4762.57,92.01,4883.33,6,1.10,,0
2026-04-20 11:59:14,1851,CLOUD,55.12,3026.33,97.26,3179.09,6,0.99,LOCAL,1
2026-04-20 11:59:17,1852,CLOUD,25.29,3080.74,101.52,3207.91,6,0.90,,0
2026-04-20 11:59:20,1853,CLOUD,13.73,3000.34,177.26,3191.72,6,0.82,,0
2026-04-20 11:59:23,1854,CLOUD,25.50,3203.25,87.05,3316.18,6,0.75,,0
2026-04-20 11:59:27,1855,CLOUD,25.73,3494.36,111.30,3631.82,6,0.69,,0
2026-04-20 11:59:30,1856,CLOUD,19.35,2688.26,91.26,2799.28,6,0.65,LOCAL,1
2026-04-20 11:59:33,1857,CLOUD,25.75,2955.05,93.58,3074.72,6,0.61,LOCAL,2
2026-04-20 11:59:36,1858,CLOUD,18.01,5429.41,104.58,5552.40,6,0.55,,0
2026-04-20 11:59:42,1859,CLOUD,13.58,3912.09,93.05,4019.02,6,0.51,,0
2026-04-20 11:59:46,1860,CLOUD,13.56,2896.08,117.98,3027.99,6,0.49,LOCAL,1
2026-04-20 11:59:49,1861,CLOUD,24.90,4080.15,104.66,4210.14,6,0.46,,0
2026-04-20 11:59:53,1862,CLOUD,24.88,2921.67,94.51,3041.51,6,0.44,,0
2026-04-20 11:59:56,1863,CLOUD,13.49,3056.82,101.95,3172.60,6,0.42,,0
2026-04-20 11:59:59,1864,CLOUD,21.50,3454.52,97.60,3574.05,6,0.40,,0
2026-04-20 12:00:03,1865,CLOUD,25.32,3378.66,102.32,3506.64,6,0.38,,0
2026-04-20 12:00:06,1866,CLOUD,25.36,3859.63,96.57,3981.95,6,0.36,,0
2026-04-20 12:00:10,1867,CLOUD,13.46,4448.31,101.35,4563.68,6,0.34,,0
2026-04-20 12:00:15,1868,CLOUD,13.42,3120.02,89.17,3222.97,6,0.33,,0
2026-04-20 12:00:18,1869,CLOUD,28.72,3265.70,104.85,3399.62,6,0.32,,0
2026-04-20 12:00:22,1870,CLOUD,14.73,3058.41,98.27,3171.81,6,0.31,,0
2026-04-20 12:00:25,1871,CLOUD,19.24,2992.67,111.48,3123.73,6,0.30,,0
2026-04-20 12:00:28,1872,CLOUD,13.26,3206.23,106.43,3326.28,6,0.29,,0
2026-04-20 12:00:31,1873,CLOUD,37.09,2836.25,121.43,2995.14,6,0.28,,0
2026-04-20 12:00:34,1874,CLOUD,16.19,3000.71,96.15,3113.43,6,0.28,,0
2026-04-20 12:00:37,1875,CLOUD,39.07,2946.15,110.69,3096.27,6,0.28,,0
2026-04-20 12:00:41,1876,CLOUD,13.88,2981.81,101.90,3098.07,6,0.28,,0
2026-04-20 12:00:44,1877,CLOUD,33.45,5031.04,106.37,5171.21,6,0.28,,0
2026-04-20 12:00:49,1878,CLOUD,25.32,2840.96,98.98,2965.66,6,0.28,LOCAL,1
2026-04-20 12:00:52,1879,CLOUD,25.78,2784.68,153.58,2964.37,6,0.29,LOCAL,2
2026-04-20 12:00:55,1880,CLOUD,24.33,3230.55,82.54,3337.82,6,0.29,,0
2026-04-20 12:00:58,1881,CLOUD,13.90,3035.96,92.00,3142.21,6,0.29,,0
2026-04-20 12:01:01,1882,CLOUD,24.50,3940.23,95.75,4060.88,6,0.28,,0
2026-04-20 12:01:05,1883,CLOUD,29.63,2894.42,92.36,3016.75,6,0.29,,0
2026-04-20 12:01:08,1884,CLOUD,21.80,3924.02,105.83,4052.09,6,0.28,,0
2026-04-20 12:01:12,1885,CLOUD,25.71,4781.56,169.60,4977.31,6,0.28,,0
2026-04-20 12:01:17,1886,CLOUD,14.91,3376.38,102.30,3493.98,6,0.28,LOCAL,1
2026-04-20 12:01:21,1887,LOCAL,0.00,235.13,0.00,235.27,5,0.29,,0
2026-04-20 12:01:21,1888,LOCAL,0.00,177.57,0.00,177.63,5,0.30,,0
2026-04-20 12:01:21,1889,LOCAL,0.00,164.18,0.00,164.24,5,0.31,,0
2026-04-20 12:01:22,1890,LOCAL,0.00,173.77,0.00,173.83,5,0.33,,0
2026-04-20 12:01:22,1891,LOCAL,0.00,147.54,0.00,147.64,5,0.34,,0
2026-04-20 12:01:22,1892,LOCAL,0.00,177.04,0.00,177.11,5,0.35,,0
2026-04-20 12:01:22,1893,LOCAL,0.00,183.88,0.00,183.93,5,0.37,,0
2026-04-20 12:01:22,1894,LOCAL,0.00,181.12,0.00,181.18,5,0.38,CLOUD,1
2026-04-20 12:01:22,1895,LOCAL,0.00,179.42,0.00,179.49,5,0.40,CLOUD,1
2026-04-20 12:01:23,1896,LOCAL,0.00,142.42,0.00,142.48,5,0.43,CLOUD,1
2026-04-20 12:01:23,1897,LOCAL,0.00,130.66,0.00,130.73,5,0.45,CLOUD,1
2026-04-20 12:01:23,1898,LOCAL,0.00,121.43,0.00,121.50,5,0.47,CLOUD,1
2026-04-20 12:01:23,1899,LOCAL,0.00,164.48,0.00,164.55,5,0.50,CLOUD,1
2026-04-20 12:01:23,1900,LOCAL,0.00,178.32,0.00,178.39,5,0.52,CLOUD,1
2026-04-20 12:01:23,1901,LOCAL,0.00,157.62,0.00,157.68,5,0.55,CLOUD,1
2026-04-20 12:01:24,1902,LOCAL,0.00,204.67,0.00,204.73,5,0.59,CLOUD,1
2026-04-20 12:01:24,1903,LOCAL,0.00,181.73,0.00,181.79,5,0.62,CLOUD,1
2026-04-20 12:01:24,1904,LOCAL,0.00,166.00,0.00,166.09,5,0.67,CLOUD,1
2026-04-20 12:01:24,1905,LOCAL,0.00,168.33,0.00,168.39,5,0.71,CLOUD,2
2026-04-20 12:01:24,1906,LOCAL,0.00,163.23,0.00,163.30,5,0.81,CLOUD,2
2026-04-20 12:01:25,1907,LOCAL,0.00,157.49,0.00,157.56,5,0.88,CLOUD,2
2026-04-20 12:01:25,1908,LOCAL,0.00,173.47,0.00,173.53,5,0.96,CLOUD,2
2026-04-20 12:01:25,1909,LOCAL,0.00,158.26,0.00,158.32,5,1.08,CLOUD,2
2026-04-20 12:01:25,1910,LOCAL,0.00,164.89,0.00,164.95,5,1.21,CLOUD,2
2026-04-20 12:01:25,1911,LOCAL,0.00,152.59,0.00,152.66,5,1.45,CLOUD,2
2026-04-20 12:01:25,1912,LOCAL,0.00,171.70,0.00,171.76,5,1.69,CLOUD,2
2026-04-20 12:01:26,1913,LOCAL,0.00,171.84,0.00,171.90,5,2.19,CLOUD,2
2026-04-20 12:01:26,1914,LOCAL,0.00,154.91,0.00,154.97,5,3.44,CLOUD,2
2026-04-20 12:01:26,1915,LOCAL,0.00,168.83,0.00,168.91,5,5.67,CLOUD,2
2026-04-20 12:01:26,1916,LOCAL,0.00,165.26,0.00,165.33,5,5.75,CLOUD,2
2026-04-20 12:01:26,1917,LOCAL,0.00,199.90,0.00,203.19,5,5.72,,0
2026-04-20 12:01:26,1918,LOCAL,0.00,120.90,0.00,120.99,5,5.75,,0
2026-04-20 12:01:27,1919,CLOUD,13.90,15835.68,96.12,15946.89,6,1.39,,0
2026-04-20 12:01:43,1920,CLOUD,28.83,4466.86,100.24,4596.33,6,1.15,,0
2026-04-20 12:01:47,1921,CLOUD,29.66,4708.88,105.63,4845.78,6,0.97,,0
2026-04-20 12:01:52,1922,CLOUD,13.64,3105.87,183.93,3318.89,6,0.88,,0
2026-04-20 12:01:55,1923,CLOUD,17.57,4164.11,88.76,4270.80,6,0.78,,0
2026-04-20 12:02:00,1924,CLOUD,24.78,4085.00,99.92,4210.10,6,0.70,,0
2026-04-20 12:02:04,1925,CLOUD,25.56,2944.16,95.04,3065.11,6,0.66,,0
2026-04-20 12:02:07,1926,CLOUD,29.56,3241.96,97.66,3369.57,6,0.61,,0
2026-04-20 12:02:10,1927,CLOUD,15.88,3064.52,88.77,3169.58,6,0.58,,0
2026-04-20 12:02:13,1928,CLOUD,32.56,3125.97,78.78,3237.71,6,0.54,,0
2026-04-20 12:02:17,1929,CLOUD,34.26,3890.39,93.95,4018.93,6,0.51,,0
2026-04-20 12:02:21,1930,CLOUD,22.99,3239.39,92.27,3355.04,6,0.48,,0
2026-04-20 12:02:24,1931,CLOUD,25.36,2925.24,97.56,3048.53,6,0.46,LOCAL,1
2026-04-20 12:02:27,1932,CLOUD,18.80,3104.13,111.65,3234.96,6,0.44,,0
2026-04-20 12:02:30,1933,CLOUD,19.53,3455.07,97.92,3572.85,6,0.42,,0
2026-04-20 12:02:34,1934,CLOUD,20.80,3085.00,92.51,3198.69,6,0.40,,0
2026-04-20 12:02:37,1935,CLOUD,25.80,3634.97,86.69,3747.80,6,0.38,,0
2026-04-20 12:02:41,1936,CLOUD,25.38,3530.53,94.59,3650.93,6,0.36,,0
2026-04-20 12:02:45,1937,CLOUD,28.72,2822.82,114.01,2966.02,6,0.35,,0
2026-04-20 12:02:48,1938,CLOUD,25.45,3630.94,105.11,3761.89,6,0.34,,0
2026-04-20 12:02:51,1939,CLOUD,24.25,4540.95,108.53,4674.13,6,0.32,,0
2026-04-20 12:02:56,1940,CLOUD,33.87,2990.43,101.67,3126.36,6,0.31,LOCAL,1
2026-04-20 12:02:59,1941,CLOUD,14.07,2950.78,106.43,3071.65,6,0.30,,0
2026-04-20 12:03:02,1942,CLOUD,13.81,2941.82,82.04,3038.05,6,0.29,,0
2026-04-20 12:03:05,1943,CLOUD,26.24,3175.53,104.36,3306.44,6,0.28,,0
2026-04-20 12:03:09,1944,CLOUD,14.32,6867.92,91.28,6973.88,6,0.26,,0
2026-04-20 12:03:16,1945,CLOUD,25.66,4289.88,85.91,4401.80,6,0.26,,0
2026-04-20 12:03:20,1946,CLOUD,29.70,3723.31,84.63,3838.03,6,0.25,,0
2026-04-20 12:03:24,1947,CLOUD,26.59,2811.48,123.18,2961.65,6,0.24,,0
2026-04-20 12:03:27,1948,CLOUD,29.63,3375.08,82.40,3487.50,6,0.27,,0
2026-04-20 12:03:30,1949,CLOUD,29.63,2937.61,89.31,3056.91,6,0.27,,0
2026-04-20 12:03:33,1950,CLOUD,17.51,3134.46,80.94,3233.31,6,0.28,,0
2026-04-20 12:03:37,1951,CLOUD,13.49,2943.64,87.30,3044.76,6,0.28,,0
2026-04-20 12:03:40,1952,CLOUD,25.70,3075.24,85.82,3187.17,6,0.28,,0
2026-04-20 12:03:43,1953,CLOUD,25.68,2822.07,97.85,2945.95,6,0.28,,0
2026-04-20 12:03:46,1954,CLOUD,25.48,3025.21,103.85,3154.92,6,0.28,,0
2026-04-20 12:03:49,1955,CLOUD,42.17,3276.29,84.42,3403.19,6,0.28,,0
2026-04-20 12:03:52,1956,CLOUD,13.85,4906.71,109.41,5031.56,6,0.28,,0
2026-04-20 12:03:57,1957,CLOUD,17.67,3341.02,146.50,3505.60,6,0.28,LOCAL,1
2026-04-20 12:04:01,1958,CLOUD,21.60,3208.98,96.95,3327.95,6,0.28,,0
2026-04-20 12:04:04,1959,CLOUD,13.49,4959.08,92.40,5065.31,6,0.28,,0
2026-04-20 12:04:09,1960,CLOUD,20.41,3567.99,102.23,3691.00,6,0.27,LOCAL,1
2026-04-20 12:04:13,1961,CLOUD,13.72,3102.14,99.59,3215.80,6,0.27,,0
2026-04-20 12:04:16,1962,CLOUD,30.87,3056.09,93.39,3180.74,6,0.27,,0
2026-04-20 12:04:19,1963,CLOUD,13.36,4533.13,98.80,4645.67,6,0.27,,0
2026-04-20 12:04:24,1964,CLOUD,29.67,5079.82,184.71,5294.70,6,0.27,LOCAL,1
2026-04-20 12:04:29,1965,CLOUD,24.98,3423.59,102.93,3551.84,6,0.27,,0
2026-04-20 12:04:33,1966,CLOUD,29.69,3314.61,96.33,3441.05,6,0.27,,0
2026-04-20 12:04:36,1967,CLOUD,25.58,2854.17,100.41,2980.52,6,0.27,,0
2026-04-20 12:04:39,1968,CLOUD,17.83,3243.59,84.25,3346.04,6,0.27,,0
2026-04-20 12:04:43,1969,CLOUD,15.10,3686.10,105.75,3807.34,6,0.27,,0
2026-04-20 12:04:47,1970,CLOUD,13.32,3097.27,97.37,3208.34,6,0.27,,0
2026-04-20 12:04:50,1971,CLOUD,21.32,3090.72,88.28,3200.67,6,0.27,,0
2026-04-20 12:04:53,1972,CLOUD,13.78,2832.38,98.55,2945.11,6,0.27,,0
2026-04-20 12:04:56,1973,CLOUD,25.74,4226.80,89.14,4342.01,6,0.28,,0
2026-04-20 12:05:00,1974,CLOUD,24.81,3989.61,107.89,4122.72,6,0.28,,0
2026-04-20 12:05:04,1975,CLOUD,29.75,3071.33,111.81,3213.24,6,0.28,LOCAL,1
2026-04-20 12:05:08,1976,LOCAL,0.00,255.01,0.00,255.09,5,0.29,,0
2026-04-20 12:05:08,1977,LOCAL,0.00,177.60,0.00,177.67,5,0.30,,0
2026-04-20 12:05:08,1978,LOCAL,0.00,229.10,0.00,229.16,5,0.31,,0
2026-04-20 12:05:08,1979,LOCAL,0.00,187.38,0.00,187.44,5,0.32,,0
2026-04-20 12:05:09,1980,LOCAL,0.00,186.96,0.00,187.02,5,0.33,,0
2026-04-20 12:05:09,1981,LOCAL,0.00,172.01,0.00,172.07,5,0.34,,0
2026-04-20 12:05:09,1982,LOCAL,0.00,163.06,0.00,163.11,5,0.35,,0
2026-04-20 12:05:09,1983,LOCAL,0.00,162.81,0.00,162.87,5,0.36,,0
2026-04-20 12:05:09,1984,LOCAL,0.00,160.76,0.00,160.85,5,0.38,,0
2026-04-20 12:05:09,1985,LOCAL,0.00,193.87,0.00,193.94,5,0.40,,0
2026-04-20 12:05:10,1986,LOCAL,0.00,249.70,0.00,249.79,5,0.42,,0
2026-04-20 12:05:10,1987,LOCAL,0.00,190.62,0.00,190.70,5,0.44,,0
2026-04-20 12:05:10,1988,LOCAL,0.00,163.86,0.00,163.93,5,0.48,,0
2026-04-20 12:05:10,1989,LOCAL,0.00,164.00,0.00,164.12,5,0.51,,0
2026-04-20 12:05:10,1990,LOCAL,0.00,173.75,0.00,173.82,5,0.53,,0
2026-04-20 12:05:11,1991,LOCAL,0.00,174.83,0.00,174.89,5,0.56,,0
2026-04-20 12:05:11,1992,LOCAL,0.00,175.37,0.00,175.44,5,0.62,,0
2026-04-20 12:05:11,1993,LOCAL,0.00,165.54,0.00,165.62,5,0.69,CLOUD,1
2026-04-20 12:05:11,1994,LOCAL,0.00,157.36,0.00,157.43,5,0.76,CLOUD,1
2026-04-20 12:05:11,1995,LOCAL,0.00,155.09,0.00,155.15,5,0.83,CLOUD,1
2026-04-20 12:05:11,1996,LOCAL,0.00,130.55,0.00,130.61,5,0.90,CLOUD,1
2026-04-20 12:05:12,1997,LOCAL,0.00,151.92,0.00,151.98,5,1.00,CLOUD,1
2026-04-20 12:05:12,1998,LOCAL,0.00,195.61,0.00,195.67,5,1.14,CLOUD,1
2026-04-20 12:05:12,1999,LOCAL,0.00,170.61,0.00,170.68,5,1.30,CLOUD,1
2026-04-20 12:05:12,2000,LOCAL,0.00,174.08,0.00,174.14,5,1.50,CLOUD,1
2026-04-20 12:05:12,2001,LOCAL,0.00,171.36,0.00,171.42,5,1.75,CLOUD,1
2026-04-20 12:05:12,2002,LOCAL,0.00,167.67,0.00,167.73,5,2.34,CLOUD,1
2026-04-20 12:05:13,2003,LOCAL,0.00,179.00,0.00,179.06,5,3.44,CLOUD,1
2026-04-20 12:05:13,2004,LOCAL,0.00,170.06,0.00,170.12,5,5.38,CLOUD,1
2026-04-20 12:05:13,2005,LOCAL,0.00,168.37,0.00,168.43,5,5.45,CLOUD,2
2026-04-20 12:05:13,2006,LOCAL,0.00,150.15,0.00,150.21,5,5.47,CLOUD,2
2026-04-20 12:05:13,2007,LOCAL,0.00,165.60,0.00,165.65,5,5.55,CLOUD,2
2026-04-20 12:05:14,2008,LOCAL,0.00,189.99,0.00,190.05,5,5.53,CLOUD,2
2026-04-20 12:05:14,2009,LOCAL,0.00,196.50,0.00,196.57,5,5.51,CLOUD,2
2026-04-20 12:05:14,2010,LOCAL,0.00,171.56,0.00,171.62,5,5.52,CLOUD,2
2026-04-20 12:05:14,2011,LOCAL,0.00,153.23,0.00,153.30,5,5.52,CLOUD,2
2026-04-20 12:05:14,2012,LOCAL,0.00,160.07,0.00,160.14,5,5.53,CLOUD,2
2026-04-20 12:05:14,2013,LOCAL,0.00,161.80,0.00,161.87,5,5.52,CLOUD,2
2026-04-20 12:05:15,2014,LOCAL,0.00,230.61,0.00,230.68,5,5.50,CLOUD,2
2026-04-20 12:05:15,2015,LOCAL,0.00,183.26,0.00,183.33,5,5.56,,0
2026-04-20 12:05:15,2016,LOCAL,0.00,192.33,0.00,192.47,5,5.46,,0
2026-04-20 12:05:15,2017,CLOUD,25.94,3292.55,105.76,3424.71,6,3.38,,0
2026-04-20 12:05:19,2018,CLOUD,25.40,3728.02,92.75,3846.59,6,2.36,,0
2026-04-20 12:05:23,2019,CLOUD,25.61,2766.28,104.74,2896.99,6,1.93,,0
2026-04-20 12:05:26,2020,CLOUD,25.90,3194.51,91.49,3312.30,6,1.60,,0
2026-04-20 12:05:29,2021,CLOUD,27.55,4393.60,94.36,4515.81,6,1.29,,0
2026-04-20 12:05:33,2022,CLOUD,36.52,10310.70,102.74,10451.06,6,0.89,,0
2026-04-20 12:05:44,2023,CLOUD,13.81,3047.06,91.09,3152.29,6,0.81,,0
2026-04-20 12:05:47,2024,CLOUD,13.62,4187.18,106.90,4308.07,6,0.73,LOCAL,2
2026-04-20 12:05:51,2025,CLOUD,24.28,3970.53,85.35,4080.50,6,0.66,,0
2026-04-20 12:05:55,2026,CLOUD,25.70,4575.53,165.73,4767.45,6,0.60,,0
2026-04-20 12:06:00,2027,CLOUD,30.37,4391.38,102.88,4524.97,6,0.55,LOCAL,1
2026-04-20 12:06:05,2028,CLOUD,26.21,3466.78,107.87,3601.24,6,0.52,,0
2026-04-20 12:06:08,2029,CLOUD,25.78,4627.00,106.10,4759.25,6,0.48,,0
2026-04-20 12:06:13,2030,CLOUD,14.23,3052.93,104.72,3172.28,6,0.45,,0
2026-04-20 12:06:16,2031,CLOUD,25.51,3092.43,102.30,3220.63,6,0.43,,0
2026-04-20 12:06:20,2032,CLOUD,14.96,3762.21,78.42,3856.02,6,0.41,,0
2026-04-20 12:06:23,2033,CLOUD,13.81,4697.72,103.14,4815.05,6,0.39,,0
2026-04-20 12:06:28,2034,CLOUD,25.76,3725.26,203.42,3960.99,6,0.37,,0
2026-04-20 12:06:32,2035,CLOUD,13.51,5378.20,94.05,5486.15,6,0.34,LOCAL,2
2026-04-20 12:06:38,2036,CLOUD,13.64,3813.79,108.37,3936.16,6,0.33,LOCAL,1
2026-04-20 12:06:42,2037,LOCAL,0.00,253.20,0.00,253.32,5,0.33,,0
2026-04-20 12:06:42,2038,LOCAL,0.00,184.09,0.00,184.15,5,0.33,,0
2026-04-20 12:06:42,2039,LOCAL,0.00,183.61,0.00,183.70,5,0.33,,0
2026-04-20 12:06:42,2040,LOCAL,0.00,234.72,0.00,234.82,5,0.33,,0
2026-04-20 12:06:43,2041,LOCAL,0.00,179.66,0.00,179.77,5,0.33,,0
2026-04-20 12:06:43,2042,LOCAL,0.00,160.18,0.00,160.24,5,0.33,,0
2026-04-20 12:06:43,2043,LOCAL,0.00,194.11,0.00,194.18,5,0.33,,0
2026-04-20 12:06:43,2044,LOCAL,0.00,180.18,0.00,180.28,5,0.33,,0
2026-04-20 12:06:43,2045,LOCAL,0.00,183.62,0.00,183.69,5,0.33,,0
2026-04-20 12:06:43,2046,LOCAL,0.00,166.95,0.00,167.02,5,0.34,,0
2026-04-20 12:06:44,2047,LOCAL,0.00,174.26,0.00,174.33,5,0.36,,0
2026-04-20 12:06:44,2048,LOCAL,0.00,202.14,0.00,202.21,5,0.37,,0
2026-04-20 12:06:44,2049,LOCAL,0.00,169.10,0.00,169.16,5,0.39,,0
2026-04-20 12:06:44,2050,LOCAL,0.00,176.49,0.00,176.55,5,0.41,,0
2026-04-20 12:06:44,2051,LOCAL,0.00,138.06,0.00,138.13,5,0.48,CLOUD,1
2026-04-20 12:06:44,2052,LOCAL,0.00,187.11,0.00,187.18,5,0.50,CLOUD,1
2026-04-20 12:06:45,2053,LOCAL,0.00,187.16,0.00,187.23,5,0.54,CLOUD,1
2026-04-20 12:06:45,2054,LOCAL,0.00,175.10,0.00,175.16,5,0.58,CLOUD,1
2026-04-20 12:06:45,2055,LOCAL,0.00,159.87,0.00,159.93,5,0.64,CLOUD,1
2026-04-20 12:06:45,2056,LOCAL,0.00,168.38,0.00,168.45,5,0.71,CLOUD,1
2026-04-20 12:06:45,2057,LOCAL,0.00,229.68,0.00,229.82,5,0.78,CLOUD,1
2026-04-20 12:06:46,2058,LOCAL,0.00,161.93,0.00,162.02,5,0.89,CLOUD,1
2026-04-20 12:06:46,2059,LOCAL,0.00,176.65,0.00,176.71,5,0.98,CLOUD,1
2026-04-20 12:06:46,2060,LOCAL,0.00,163.40,0.00,163.49,5,1.09,CLOUD,1
2026-04-20 12:06:46,2061,LOCAL,0.00,183.31,0.00,183.39,5,1.26,CLOUD,1
2026-04-20 12:06:46,2062,LOCAL,0.00,166.94,0.00,167.01,5,1.58,,0
2026-04-20 12:06:47,2063,LOCAL,0.00,192.33,0.00,192.39,5,1.99,,0
2026-04-20 12:06:47,2064,LOCAL,0.00,187.24,0.00,187.31,5,3.13,,0
2026-04-20 12:06:47,2065,LOCAL,0.00,166.50,0.00,166.56,5,5.30,,0
2026-04-20 12:06:47,2066,LOCAL,0.00,154.98,0.00,155.06,5,5.39,,0
2026-04-20 12:06:47,2067,LOCAL,0.00,161.60,0.00,161.67,5,5.42,,0
2026-04-20 12:06:47,2068,LOCAL,0.00,156.43,0.00,156.48,5,5.45,,0
2026-04-20 12:06:48,2069,LOCAL,0.00,176.70,0.00,176.78,5,5.50,,0
2026-04-20 12:06:48,2070,LOCAL,0.00,178.34,0.00,178.40,5,5.53,,0
2026-04-20 12:06:48,2071,LOCAL,0.00,172.23,0.00,172.29,5,5.50,,0
2026-04-20 12:06:48,2072,LOCAL,0.00,177.98,0.00,178.04,5,5.52,,0
2026-04-20 12:06:48,2073,LOCAL,0.00,174.74,0.00,174.81,5,5.52,,0
2026-04-20 12:06:49,2074,LOCAL,0.00,148.88,0.00,148.94,5,5.55,,0
2026-04-20 12:06:49,2075,LOCAL,0.00,266.25,0.00,266.42,5,5.43,,0
2026-04-20 12:06:49,2076,LOCAL,0.00,136.73,0.00,136.81,5,5.46,,0
2026-04-20 12:06:49,2077,LOCAL,0.00,162.57,0.00,162.66,5,5.50,,0
2026-04-20 12:06:49,2078,LOCAL,0.00,167.92,0.00,167.98,5,5.51,,0
2026-04-20 12:06:49,2079,LOCAL,0.00,194.95,0.00,195.02,5,5.49,,0
2026-04-20 12:06:50,2080,LOCAL,0.00,151.73,0.00,151.79,5,5.45,,0
2026-04-20 12:06:50,2081,LOCAL,0.00,172.33,0.00,172.39,5,5.44,,0
2026-04-20 12:06:50,2082,LOCAL,0.00,170.18,0.00,170.24,5,5.46,,0
2026-04-20 12:06:50,2083,LOCAL,0.00,184.96,0.00,185.03,5,5.46,,0
2026-04-20 12:06:50,2084,LOCAL,0.00,159.99,0.00,160.05,5,5.47,CLOUD,1
2026-04-20 12:06:51,2085,LOCAL,0.00,179.09,0.00,179.15,5,5.45,CLOUD,1
2026-04-20 12:06:51,2086,LOCAL,0.00,175.62,0.00,175.68,5,5.53,CLOUD,1
2026-04-20 12:06:51,2087,LOCAL,0.00,169.56,0.00,169.62,5,5.54,CLOUD,1
2026-04-20 12:06:51,2088,LOCAL,0.00,151.00,0.00,151.06,5,5.57,CLOUD,1
2026-04-20 12:06:51,2089,LOCAL,0.00,166.59,0.00,166.65,5,5.56,CLOUD,1
2026-04-20 12:06:51,2090,LOCAL,0.00,190.78,0.00,190.83,5,5.56,CLOUD,1
2026-04-20 12:06:52,2091,LOCAL,0.00,144.62,0.00,144.70,5,5.57,CLOUD,1
2026-04-20 12:06:52,2092,LOCAL,0.00,306.37,0.00,306.47,5,5.42,CLOUD,1
2026-04-20 12:06:52,2093,LOCAL,0.00,217.72,0.00,217.80,5,5.39,CLOUD,1
2026-04-20 12:06:52,2094,LOCAL,0.00,198.27,0.00,198.33,5,5.35,CLOUD,2
2026-04-20 12:06:53,2095,LOCAL,0.00,176.29,0.00,176.36,5,5.33,CLOUD,2
2026-04-20 12:06:53,2096,LOCAL,0.00,165.37,0.00,165.45,5,5.31,CLOUD,2
2026-04-20 12:06:53,2097,LOCAL,0.00,156.67,0.00,156.73,5,5.30,CLOUD,2
2026-04-20 12:06:53,2098,LOCAL,0.00,170.94,0.00,171.03,5,5.31,CLOUD,2
2026-04-20 12:06:53,2099,LOCAL,0.00,183.31,0.00,183.37,5,5.30,CLOUD,2
2026-04-20 12:06:53,2100,LOCAL,0.00,138.91,0.00,138.99,5,5.33,CLOUD,2
2026-04-20 12:06:54,2101,LOCAL,0.00,123.52,0.00,123.60,5,5.39,CLOUD,2
2026-04-20 12:06:54,2102,LOCAL,0.00,119.42,0.00,119.49,5,5.44,CLOUD,2
2026-04-20 12:06:54,2103,LOCAL,0.00,155.71,0.00,155.79,5,5.44,CLOUD,2
2026-04-20 12:06:54,2104,LOCAL,0.00,159.39,0.00,159.45,5,5.55,CLOUD,2
2026-04-20 12:06:54,2105,LOCAL,0.00,161.84,0.00,161.90,5,5.53,CLOUD,2
2026-04-20 12:06:54,2106,LOCAL,0.00,228.58,0.00,228.66,5,5.46,,0
2026-04-20 12:06:55,2107,CLOUD,25.89,4025.45,77.58,4129.42,6,3.13,,0
2026-04-20 12:06:59,2108,CLOUD,13.95,3468.46,111.71,3594.50,6,2.29,LOCAL,2
2026-04-20 12:07:02,2109,LOCAL,0.00,228.51,0.00,228.60,5,2.28,,0
2026-04-20 12:07:03,2110,LOCAL,0.00,182.69,0.00,182.76,5,2.28,,0
2026-04-20 12:07:03,2111,LOCAL,0.00,164.47,0.00,164.53,5,2.28,CLOUD,1
2026-04-20 12:07:03,2112,LOCAL,0.00,173.76,0.00,173.86,5,2.28,CLOUD,1
2026-04-20 12:07:03,2113,LOCAL,0.00,169.40,0.00,169.47,5,2.27,CLOUD,1
2026-04-20 12:07:03,2114,LOCAL,0.00,170.97,0.00,171.03,5,2.28,CLOUD,1
2026-04-20 12:07:03,2115,LOCAL,0.00,164.69,0.00,164.75,5,2.28,CLOUD,1
2026-04-20 12:07:04,2116,LOCAL,0.00,173.34,0.00,173.40,5,2.28,CLOUD,1
2026-04-20 12:07:04,2117,LOCAL,0.00,146.81,0.00,146.90,5,2.28,CLOUD,1
2026-04-20 12:07:04,2118,LOCAL,0.00,192.96,0.00,193.02,5,2.27,CLOUD,1
2026-04-20 12:07:04,2119,LOCAL,0.00,171.58,0.00,171.64,5,2.27,CLOUD,1
2026-04-20 12:07:04,2120,LOCAL,0.00,175.93,0.00,175.99,5,2.27,CLOUD,1
2026-04-20 12:07:05,2121,LOCAL,0.00,199.33,0.00,199.40,5,2.29,CLOUD,1
2026-04-20 12:07:05,2122,LOCAL,0.00,164.15,0.00,164.22,5,2.30,CLOUD,2
2026-04-20 12:07:05,2123,LOCAL,0.00,172.09,0.00,172.15,5,2.31,CLOUD,2
2026-04-20 12:07:05,2124,LOCAL,0.00,191.87,0.00,191.93,5,2.30,CLOUD,2
2026-04-20 12:07:05,2125,LOCAL,0.00,159.33,0.00,159.39,5,2.31,CLOUD,2
2026-04-20 12:07:05,2126,LOCAL,0.00,165.64,0.00,165.71,5,2.31,CLOUD,2
2026-04-20 12:07:06,2127,LOCAL,0.00,166.48,0.00,166.55,5,2.30,CLOUD,2
2026-04-20 12:07:06,2128,LOCAL,0.00,199.06,0.00,199.12,5,2.30,CLOUD,2
2026-04-20 12:07:06,2129,LOCAL,0.00,146.98,0.00,147.04,5,2.30,CLOUD,2
2026-04-20 12:07:06,2130,LOCAL,0.00,166.14,0.00,166.22,5,2.29,CLOUD,2
2026-04-20 12:07:06,2131,LOCAL,0.00,162.14,0.00,162.20,5,2.28,CLOUD,2
2026-04-20 12:07:07,2132,LOCAL,0.00,164.85,0.00,164.92,5,2.28,CLOUD,2
2026-04-20 12:07:07,2133,LOCAL,0.00,231.32,0.00,231.50,5,2.27,,0
2026-04-20 12:07:07,2134,CLOUD,25.33,4097.61,98.05,4221.44,6,1.72,,0
2026-04-20 12:07:11,2135,CLOUD,28.71,3343.89,98.36,3471.29,6,1.44,,0
2026-04-20 12:07:15,2136,CLOUD,22.13,5352.22,88.52,5463.28,6,1.35,,0
2026-04-20 12:07:20,2137,CLOUD,25.91,4922.19,114.47,5062.89,6,1.26,LOCAL,2
2026-04-20 12:07:25,2138,CLOUD,25.13,6550.85,98.90,6675.25,6,0.99,,0
2026-04-20 12:07:32,2139,CLOUD,25.53,3559.26,110.20,3695.39,6,0.88,LOCAL,2
2026-04-20 12:07:36,2140,LOCAL,0.00,227.07,0.00,227.15,5,0.88,,0
2026-04-20 12:07:36,2141,LOCAL,0.00,179.45,0.00,179.51,5,0.88,,0
2026-04-20 12:07:36,2142,LOCAL,0.00,180.31,0.00,180.37,5,0.88,,0
2026-04-20 12:07:36,2143,LOCAL,0.00,192.92,0.00,192.98,5,0.88,,0
2026-04-20 12:07:36,2144,LOCAL,0.00,169.44,0.00,169.52,5,0.88,CLOUD,1
2026-04-20 12:07:37,2145,LOCAL,0.00,159.74,0.00,159.82,5,0.88,CLOUD,1
2026-04-20 12:07:37,2146,LOCAL,0.00,169.38,0.00,169.44,5,0.88,CLOUD,1
2026-04-20 12:07:37,2147,LOCAL,0.00,162.82,0.00,162.89,5,0.88,CLOUD,1
2026-04-20 12:07:37,2148,LOCAL,0.00,165.41,0.00,165.48,5,0.88,CLOUD,1
2026-04-20 12:07:37,2149,LOCAL,0.00,188.04,0.00,188.11,5,0.88,CLOUD,1
2026-04-20 12:07:38,2150,LOCAL,0.00,296.85,0.00,296.95,5,0.88,CLOUD,1
2026-04-20 12:07:38,2151,LOCAL,0.00,163.59,0.00,163.66,5,0.88,CLOUD,1
2026-04-20 12:07:38,2152,LOCAL,0.00,158.78,0.00,158.84,5,0.88,CLOUD,1
2026-04-20 12:07:38,2153,LOCAL,0.00,162.28,0.00,162.37,5,0.88,CLOUD,1
2026-04-20 12:07:38,2154,LOCAL,0.00,173.34,0.00,173.43,5,0.88,CLOUD,1
2026-04-20 12:07:38,2155,LOCAL,0.00,174.57,0.00,176.17,5,0.88,CLOUD,2
2026-04-20 12:07:39,2156,LOCAL,0.00,150.32,0.00,150.43,5,0.88,CLOUD,2
2026-04-20 12:07:39,2157,LOCAL,0.00,153.86,0.00,153.92,5,0.88,CLOUD,2
2026-04-20 12:07:39,2158,LOCAL,0.00,146.82,0.00,146.88,5,0.88,CLOUD,2
2026-04-20 12:07:39,2159,LOCAL,0.00,166.58,0.00,166.64,5,0.88,CLOUD,2
2026-04-20 12:07:39,2160,LOCAL,0.00,162.50,0.00,162.61,5,0.88,CLOUD,2
2026-04-20 12:07:40,2161,LOCAL,0.00,183.03,0.00,183.11,5,0.88,CLOUD,2
2026-04-20 12:07:40,2162,LOCAL,0.00,162.41,0.00,162.47,5,0.88,CLOUD,2
2026-04-20 12:07:40,2163,LOCAL,0.00,177.59,0.00,177.65,5,1.01,CLOUD,2
2026-04-20 12:07:40,2164,LOCAL,0.00,167.89,0.00,167.95,5,1.14,CLOUD,2
2026-04-20 12:07:40,2165,LOCAL,0.00,157.01,0.00,157.07,5,1.43,CLOUD,2
2026-04-20 12:07:40,2166,LOCAL,0.00,232.67,0.00,232.83,5,1.89,,0
2026-04-20 12:07:41,2167,LOCAL,0.00,243.27,0.00,243.39,5,3.24,,0
2026-04-20 12:07:41,2168,CLOUD,25.62,4683.35,87.33,4796.73,6,2.88,,0
2026-04-20 12:07:46,2169,CLOUD,48.55,3165.20,97.97,3312.07,6,2.21,,0
2026-04-20 12:07:49,2170,CLOUD,33.35,4298.65,87.41,4419.82,6,1.67,,0
2026-04-20 12:07:53,2171,CLOUD,14.38,4352.38,82.46,4449.53,6,1.34,,0
2026-04-20 12:07:58,2172,CLOUD,19.19,3310.57,186.15,3516.40,6,1.16,,0
2026-04-20 12:08:01,2173,CLOUD,29.52,3255.22,90.13,3375.22,6,1.03,,0
2026-04-20 12:08:05,2174,CLOUD,41.69,5065.77,111.23,5219.11,6,0.87,,0
2026-04-20 12:08:10,2175,CLOUD,25.42,3093.87,90.28,3209.91,6,0.80,LOCAL,1
2026-04-20 12:08:13,2176,CLOUD,25.76,3498.19,106.99,3631.34,6,0.73,LOCAL,2
2026-04-20 12:08:17,2177,LOCAL,0.00,272.69,0.00,272.78,5,0.73,CLOUD,1
2026-04-20 12:08:17,2178,LOCAL,0.00,198.37,0.00,198.44,5,0.73,CLOUD,1
2026-04-20 12:08:17,2179,LOCAL,0.00,165.10,0.00,165.16,5,0.73,CLOUD,1
2026-04-20 12:08:18,2180,LOCAL,0.00,183.89,0.00,183.96,5,0.73,CLOUD,1
2026-04-20 12:08:18,2181,LOCAL,0.00,186.58,0.00,186.64,5,0.73,CLOUD,1
2026-04-20 12:08:18,2182,LOCAL,0.00,194.84,0.00,194.90,5,0.73,CLOUD,1
2026-04-20 12:08:18,2183,LOCAL,0.00,185.07,0.00,185.12,5,0.73,CLOUD,2
2026-04-20 12:08:18,2184,LOCAL,0.00,180.89,0.00,180.99,5,0.73,CLOUD,2
2026-04-20 12:08:18,2185,LOCAL,0.00,281.07,0.00,281.22,5,0.73,CLOUD,2
2026-04-20 12:08:19,2186,LOCAL,0.00,176.16,0.00,176.23,5,0.73,CLOUD,2
2026-04-20 12:08:19,2187,LOCAL,0.00,174.61,0.00,174.73,5,0.72,CLOUD,2
2026-04-20 12:08:19,2188,LOCAL,0.00,154.31,0.00,154.37,5,0.73,CLOUD,2
2026-04-20 12:08:19,2189,LOCAL,0.00,156.33,0.00,156.42,5,0.73,CLOUD,2
2026-04-20 12:08:19,2190,LOCAL,0.00,168.73,0.00,168.80,5,0.73,CLOUD,2
2026-04-20 12:08:20,2191,LOCAL,0.00,192.19,0.00,192.25,5,0.73,CLOUD,2
2026-04-20 12:08:20,2192,LOCAL,0.00,167.11,0.00,167.17,5,0.73,CLOUD,2
2026-04-20 12:08:20,2193,LOCAL,0.00,169.57,0.00,169.63,5,0.73,CLOUD,2
2026-04-20 12:08:20,2194,LOCAL,0.00,213.65,0.00,213.72,5,0.72,,0
2026-04-20 12:08:20,2195,CLOUD,24.04,3087.22,96.76,3208.35,6,0.67,,0
2026-04-20 12:08:24,2196,CLOUD,25.57,4402.71,92.91,4521.55,6,0.61,,0
2026-04-20 12:08:28,2197,CLOUD,14.56,3453.82,108.63,3577.44,6,0.63,LOCAL,1
2026-04-20 12:08:32,2198,CLOUD,13.39,3474.37,99.74,3587.86,6,0.63,,0
2026-04-20 12:08:35,2199,CLOUD,25.72,3278.97,96.02,3401.04,6,0.64,LOCAL,1
2026-04-20 12:08:39,2200,CLOUD,26.86,4154.23,90.42,4271.92,6,0.64,,0
2026-04-20 12:08:43,2201,CLOUD,29.57,3272.21,93.69,3395.81,6,0.64,,0
2026-04-20 12:08:46,2202,CLOUD,29.68,3991.34,174.23,4195.74,6,0.63,,0
2026-04-20 12:08:51,2203,CLOUD,25.77,3027.96,177.19,3231.28,6,0.66,,0
2026-04-20 12:08:54,2204,CLOUD,32.62,4158.32,87.52,4278.85,6,0.65,,0
2026-04-20 12:08:58,2205,CLOUD,25.59,2885.01,105.24,3016.18,6,0.65,,0
2026-04-20 12:09:01,2206,CLOUD,25.57,3498.28,84.80,3609.05,6,0.61,,0
2026-04-20 12:09:05,2207,CLOUD,37.45,2885.99,97.52,3021.31,6,0.57,,0
2026-04-20 12:09:08,2208,CLOUD,25.61,3760.86,80.77,3879.69,6,0.54,,0
2026-04-20 12:09:12,2209,CLOUD,29.60,3683.49,84.74,3798.19,6,0.50,,0
2026-04-20 12:09:16,2210,CLOUD,21.62,4673.21,100.56,4795.78,6,0.46,LOCAL,1
2026-04-20 12:09:20,2211,CLOUD,25.52,3365.27,92.74,3483.90,6,0.44,,0
2026-04-20 12:09:24,2212,CLOUD,24.64,4287.98,101.17,4414.18,6,0.41,LOCAL,1
2026-04-20 12:09:28,2213,CLOUD,13.84,3109.14,93.48,3216.83,6,0.40,,0
2026-04-20 12:09:31,2214,CLOUD,26.04,3323.13,100.54,3450.11,6,0.38,,0
2026-04-20 12:09:35,2215,CLOUD,13.36,3120.94,87.36,3222.03,6,0.37,,0
2026-04-20 12:09:38,2216,CLOUD,33.51,3439.33,95.91,3569.17,6,0.35,,0
2026-04-20 12:09:42,2217,CLOUD,24.10,3978.69,88.76,4091.89,6,0.34,,0
2026-04-20 12:09:46,2218,CLOUD,14.89,3033.34,81.96,3130.56,6,0.32,LOCAL,1
2026-04-20 12:09:49,2219,CLOUD,25.77,3020.46,101.49,3148.08,6,0.31,,0
2026-04-20 12:09:52,2220,CLOUD,25.55,3193.62,87.94,3307.49,6,0.30,,0
2026-04-20 12:09:55,2221,CLOUD,25.61,2885.88,102.34,3014.20,6,0.29,,0
2026-04-20 12:09:58,2222,CLOUD,13.96,4035.68,91.59,4141.64,6,0.28,,0
2026-04-20 12:10:03,2223,CLOUD,31.47,2824.72,83.88,2940.41,6,0.28,,0
2026-04-20 12:10:06,2224,CLOUD,51.62,2749.38,103.05,2904.43,6,0.28,,0
2026-04-20 12:10:08,2225,CLOUD,25.72,2854.57,95.83,2976.47,6,0.28,,0
2026-04-20 12:10:11,2226,CLOUD,13.47,2713.22,93.34,2820.40,6,0.28,,0
2026-04-20 12:10:14,2227,CLOUD,26.20,4063.60,95.96,4186.13,6,0.28,,0
2026-04-20 12:10:18,2228,CLOUD,25.55,3164.29,96.78,3287.01,6,0.28,,0
2026-04-20 12:10:22,2229,CLOUD,13.43,3576.65,94.37,3684.83,6,0.28,,0
2026-04-20 12:10:25,2230,CLOUD,25.56,3261.11,88.24,3375.27,6,0.28,,0
2026-04-20 12:10:29,2231,CLOUD,39.69,2827.11,50.15,2917.28,6,0.29,,0
2026-04-20 12:10:32,2232,CLOUD,13.28,2585.88,52.53,2652.22,6,0.29,,0
2026-04-20 12:10:34,2233,CLOUD,13.33,2707.32,50.89,2771.93,6,0.29,LOCAL,1
2026-04-20 12:10:37,2234,LOCAL,0.00,239.20,0.00,239.28,5,0.30,,0
2026-04-20 12:10:37,2235,LOCAL,0.00,118.01,0.00,118.07,5,0.31,,0
2026-04-20 12:10:38,2236,LOCAL,0.00,161.27,0.00,161.33,5,0.32,,0
2026-04-20 12:10:38,2237,LOCAL,0.00,158.97,0.00,159.03,5,0.34,,0
2026-04-20 12:10:38,2238,LOCAL,0.00,100.92,0.00,100.97,5,0.35,,0
2026-04-20 12:10:38,2239,LOCAL,0.00,99.15,0.00,99.20,5,0.37,,0
2026-04-20 12:10:38,2240,LOCAL,0.00,97.50,0.00,97.56,5,0.39,,0
2026-04-20 12:10:38,2241,LOCAL,0.00,97.66,0.00,97.72,5,0.41,,0
2026-04-20 12:10:38,2242,LOCAL,0.00,100.38,0.00,100.44,5,0.43,,0
2026-04-20 12:10:38,2243,LOCAL,0.00,103.95,0.00,104.02,5,0.46,,0
2026-04-20 12:10:38,2244,LOCAL,0.00,104.25,0.00,104.32,5,0.48,,0
2026-04-20 12:10:39,2245,LOCAL,0.00,100.46,0.00,100.52,5,0.51,,0
2026-04-20 12:10:39,2246,LOCAL,0.00,103.44,0.00,103.50,5,0.55,,0
2026-04-20 12:10:39,2247,LOCAL,0.00,102.20,0.00,102.26,5,0.58,,0
2026-04-20 12:10:39,2248,LOCAL,0.00,100.75,0.00,100.81,5,0.62,,0
2026-04-20 12:10:39,2249,LOCAL,0.00,97.28,0.00,97.33,5,0.66,,0
2026-04-20 12:10:39,2250,LOCAL,0.00,97.02,0.00,97.08,5,0.71,,0
2026-04-20 12:10:39,2251,LOCAL,0.00,103.28,0.00,103.35,5,0.79,,0
2026-04-20 12:10:39,2252,LOCAL,0.00,102.50,0.00,102.55,5,0.86,,0
2026-04-20 12:10:39,2253,LOCAL,0.00,97.22,0.00,97.28,5,0.93,,0
2026-04-20 12:10:40,2254,LOCAL,0.00,101.39,0.00,101.45,5,1.03,,0
2026-04-20 12:10:40,2255,LOCAL,0.00,102.44,0.00,102.49,5,1.14,,0
2026-04-20 12:10:40,2256,LOCAL,0.00,102.32,0.00,102.38,5,1.36,,0
2026-04-20 12:10:40,2257,LOCAL,0.00,101.85,0.00,101.91,5,1.59,,0
2026-04-20 12:10:40,2258,LOCAL,0.00,99.97,0.00,100.02,5,1.99,,0
2026-04-20 12:10:40,2259,LOCAL,0.00,103.60,0.00,103.66,5,2.56,,0
2026-04-20 12:10:40,2260,LOCAL,0.00,100.50,0.00,100.55,5,3.41,,0
2026-04-20 12:10:40,2261,LOCAL,0.00,149.65,0.00,149.74,5,4.83,,0
2026-04-20 12:10:40,2262,LOCAL,0.00,103.12,0.00,103.19,5,8.68,,0
2026-04-20 12:10:41,2263,LOCAL,0.00,99.91,0.00,99.97,5,9.06,,0
2026-04-20 12:10:41,2264,LOCAL,0.00,105.35,0.00,105.41,5,9.10,,0
2026-04-20 12:10:41,2265,LOCAL,0.00,101.83,0.00,101.89,5,9.27,,0
2026-04-20 12:10:41,2266,LOCAL,0.00,101.93,0.00,101.99,5,9.48,,0
2026-04-20 12:10:41,2267,LOCAL,0.00,102.55,0.00,102.61,5,9.47,,0
2026-04-20 12:10:41,2268,LOCAL,0.00,97.10,0.00,97.16,5,9.48,,0
2026-04-20 12:10:41,2269,LOCAL,0.00,106.06,0.00,106.19,5,9.45,,0
2026-04-20 12:10:41,2270,LOCAL,0.00,103.21,0.00,103.27,5,9.43,,0
2026-04-20 12:10:41,2271,LOCAL,0.00,99.92,0.00,99.98,5,9.43,,0
2026-04-20 12:10:41,2272,LOCAL,0.00,103.63,0.00,103.69,5,9.44,,0
2026-04-20 12:10:42,2273,LOCAL,0.00,95.75,0.00,95.81,5,9.46,,0
2026-04-20 12:10:42,2274,LOCAL,0.00,104.16,0.00,104.22,5,9.45,,0
2026-04-20 12:10:42,2275,LOCAL,0.00,102.82,0.00,102.88,5,9.45,,0
2026-04-20 12:10:42,2276,LOCAL,0.00,98.15,0.00,98.21,5,9.46,,0
2026-04-20 12:10:42,2277,LOCAL,0.00,99.51,0.00,99.57,5,9.46,,0
2026-04-20 12:10:42,2278,LOCAL,0.00,102.67,0.00,102.73,5,9.44,,0
2026-04-20 12:10:42,2279,LOCAL,0.00,103.13,0.00,103.20,5,9.43,,0
2026-04-20 12:10:42,2280,LOCAL,0.00,100.58,0.00,100.64,5,9.44,,0
2026-04-20 12:10:42,2281,LOCAL,0.00,101.09,0.00,101.15,5,9.45,,0
2026-04-20 12:10:42,2282,LOCAL,0.00,96.31,0.00,96.38,5,9.45,,0
2026-04-20 12:10:43,2283,LOCAL,0.00,101.64,0.00,101.70,5,9.45,,0
2026-04-20 12:10:43,2284,LOCAL,0.00,97.19,0.00,97.24,5,9.46,,0
2026-04-20 12:10:43,2285,LOCAL,0.00,97.73,0.00,97.79,5,9.48,,0
2026-04-20 12:10:43,2286,LOCAL,0.00,96.93,0.00,96.99,5,9.49,,0
2026-04-20 12:10:43,2287,LOCAL,0.00,98.39,0.00,98.44,5,9.50,,0
2026-04-20 12:10:43,2288,LOCAL,0.00,138.41,0.00,138.46,5,9.39,,0
2026-04-20 12:10:43,2289,LOCAL,0.00,152.02,0.00,152.07,5,9.24,,0
2026-04-20 12:10:43,2290,LOCAL,0.00,115.53,0.00,115.59,5,9.32,,0
2026-04-20 12:10:44,2291,LOCAL,0.00,99.68,0.00,99.74,5,9.33,,0
2026-04-20 12:10:44,2292,LOCAL,0.00,155.92,0.00,156.00,5,9.16,,0
2026-04-20 12:10:44,2293,LOCAL,0.00,100.03,0.00,100.10,5,9.17,,0
2026-04-20 12:10:44,2294,LOCAL,0.00,97.98,0.00,98.05,5,9.18,,0
2026-04-20 12:10:44,2295,LOCAL,0.00,99.24,0.00,99.30,5,9.19,,0
2026-04-20 12:10:44,2296,LOCAL,0.00,100.52,0.00,100.58,5,9.20,,0
2026-04-20 12:10:44,2297,LOCAL,0.00,105.15,0.00,105.21,5,9.17,,0
2026-04-20 12:10:44,2298,LOCAL,0.00,102.23,0.00,102.29,5,9.18,,0
2026-04-20 12:10:44,2299,LOCAL,0.00,100.98,0.00,101.04,5,9.19,,0
2026-04-20 12:10:45,2300,LOCAL,0.00,103.42,0.00,103.49,5,9.18,,0
2026-04-20 12:10:45,2301,LOCAL,0.00,98.96,0.00,99.02,5,9.19,,0
2026-04-20 12:10:45,2302,LOCAL,0.00,97.67,0.00,97.73,5,9.19,,0
2026-04-20 12:10:45,2303,LOCAL,0.00,96.49,0.00,96.54,5,9.21,,0
2026-04-20 12:10:45,2304,LOCAL,0.00,97.16,0.00,97.22,5,9.23,,0
2026-04-20 12:10:45,2305,LOCAL,0.00,97.11,0.00,97.17,5,9.23,,0
2026-04-20 12:10:45,2306,LOCAL,0.00,98.48,0.00,98.53,5,9.24,,0
2026-04-20 12:10:45,2307,LOCAL,0.00,96.31,0.00,96.36,5,9.26,,0
2026-04-20 12:10:45,2308,LOCAL,0.00,95.92,0.00,95.97,5,9.28,,0
2026-04-20 12:10:45,2309,LOCAL,0.00,95.59,0.00,95.65,5,9.30,,0
2026-04-20 12:10:46,2310,LOCAL,0.00,96.61,0.00,96.67,5,9.31,,0
2026-04-20 12:10:46,2311,LOCAL,0.00,98.00,0.00,98.05,5,9.31,,0
2026-04-20 12:10:46,2312,LOCAL,0.00,96.43,0.00,96.48,5,9.33,,0
2026-04-20 12:10:46,2313,LOCAL,0.00,98.81,0.00,98.86,5,9.32,,0
2026-04-20 12:10:46,2314,LOCAL,0.00,96.09,0.00,96.15,5,9.33,,0
2026-04-20 12:10:46,2315,LOCAL,0.00,96.85,0.00,96.91,5,9.33,,0
2026-04-20 12:10:46,2316,LOCAL,0.00,96.44,0.00,96.50,5,9.34,,0
2026-04-20 12:10:46,2317,LOCAL,0.00,94.60,0.00,94.65,5,9.47,,0
2026-04-20 12:10:46,2318,LOCAL,0.00,97.46,0.00,97.51,5,9.65,,0
2026-04-20 12:10:46,2319,LOCAL,0.00,94.94,0.00,94.99,5,9.74,,0
2026-04-20 12:10:46,2320,LOCAL,0.00,96.47,0.00,96.52,5,9.75,,0
2026-04-20 12:10:47,2321,LOCAL,0.00,96.27,0.00,96.33,5,9.95,,0
2026-04-20 12:10:47,2322,LOCAL,0.00,95.24,0.00,95.30,5,9.97,,0
2026-04-20 12:10:47,2323,LOCAL,0.00,96.99,0.00,97.04,5,9.97,,0
2026-04-20 12:10:47,2324,LOCAL,0.00,97.25,0.00,97.31,5,9.98,,0
2026-04-20 12:10:47,2325,LOCAL,0.00,97.33,0.00,97.41,5,9.99,,0
2026-04-20 12:10:47,2326,LOCAL,0.00,141.56,0.00,141.63,5,9.87,,0
2026-04-20 12:10:47,2327,LOCAL,0.00,98.46,0.00,98.52,5,9.88,,0
2026-04-20 12:10:47,2328,LOCAL,0.00,101.11,0.00,101.17,5,9.88,,0
2026-04-20 12:10:47,2329,LOCAL,0.00,98.77,0.00,98.82,5,9.90,,0
2026-04-20 12:10:48,2330,LOCAL,0.00,98.60,0.00,98.66,5,9.90,,0
2026-04-20 12:10:48,2331,LOCAL,0.00,96.90,0.00,96.95,5,9.90,,0
2026-04-20 12:10:48,2332,LOCAL,0.00,103.56,0.00,103.61,5,9.88,,0
2026-04-20 12:10:48,2333,LOCAL,0.00,97.26,0.00,97.31,5,9.88,,0
2026-04-20 12:10:48,2334,LOCAL,0.00,96.94,0.00,96.99,5,9.88,,0
2026-04-20 12:10:48,2335,LOCAL,0.00,97.00,0.00,97.06,5,9.88,,0
2026-04-20 12:10:48,2336,LOCAL,0.00,95.96,0.00,96.02,5,9.88,,0
2026-04-20 12:10:48,2337,LOCAL,0.00,97.49,0.00,97.55,5,9.88,,0
2026-04-20 12:10:48,2338,LOCAL,0.00,96.51,0.00,96.56,5,9.87,,0
2026-04-20 12:10:48,2339,LOCAL,0.00,94.67,0.00,94.72,5,9.88,,0
2026-04-20 12:10:49,2340,LOCAL,0.00,97.82,0.00,97.88,5,9.88,,0
2026-04-20 12:10:49,2341,LOCAL,0.00,96.92,0.00,96.98,5,9.88,,0
2026-04-20 12:10:49,2342,LOCAL,0.00,97.66,0.00,97.71,5,9.88,,0
2026-04-20 12:10:49,2343,LOCAL,0.00,96.86,0.00,96.91,5,9.88,,0
2026-04-20 12:10:49,2344,LOCAL,0.00,96.84,0.00,96.90,5,9.88,,0
2026-04-20 12:10:49,2345,LOCAL,0.00,97.94,0.00,97.99,5,9.88,,0
2026-04-20 12:10:49,2346,LOCAL,0.00,96.10,0.00,96.16,5,9.87,,0
2026-04-20 12:10:49,2347,LOCAL,0.00,97.08,0.00,97.14,5,9.87,,0
2026-04-20 12:10:49,2348,LOCAL,0.00,97.59,0.00,97.64,5,9.86,,0
2026-04-20 12:10:49,2349,LOCAL,0.00,95.76,0.00,95.82,5,9.87,,0
2026-04-20 12:10:50,2350,LOCAL,0.00,95.70,0.00,95.75,5,9.87,,0
2026-04-20 12:10:50,2351,LOCAL,0.00,94.96,0.00,95.02,5,9.87,,0
2026-04-20 12:10:50,2352,LOCAL,0.00,97.94,0.00,97.99,5,9.87,,0
2026-04-20 12:10:50,2353,LOCAL,0.00,98.47,0.00,98.52,5,9.87,,0
2026-04-20 12:10:50,2354,LOCAL,0.00,97.77,0.00,97.83,5,9.86,,0
2026-04-20 12:10:50,2355,LOCAL,0.00,96.26,0.00,96.31,5,10.02,,0
2026-04-20 12:10:50,2356,LOCAL,0.00,96.88,0.00,96.94,5,10.03,,0
2026-04-20 12:10:50,2357,LOCAL,0.00,97.28,0.00,97.34,5,10.04,,0
2026-04-20 12:10:50,2358,LOCAL,0.00,98.17,0.00,98.22,5,10.04,,0
2026-04-20 12:10:50,2359,LOCAL,0.00,95.88,0.00,95.95,5,10.05,,0
2026-04-20 12:10:51,2360,LOCAL,0.00,99.22,0.00,99.28,5,10.04,,0
2026-04-20 12:10:51,2361,LOCAL,0.00,100.84,0.00,100.92,5,9.88,,0
2026-04-20 12:10:51,2362,LOCAL,0.00,96.87,0.00,96.92,5,9.88,,0
2026-04-20 12:10:51,2363,LOCAL,0.00,98.22,0.00,98.27,5,9.88,,0
2026-04-20 12:10:51,2364,LOCAL,0.00,95.06,0.00,95.12,5,9.89,,0
2026-04-20 12:10:51,2365,LOCAL,0.00,95.90,0.00,95.95,5,9.89,,0
2026-04-20 12:10:51,2366,LOCAL,0.00,98.65,0.00,98.70,5,9.88,,0
2026-04-20 12:10:51,2367,LOCAL,0.00,98.31,0.00,98.36,5,9.88,,0
2026-04-20 12:10:51,2368,LOCAL,0.00,97.31,0.00,97.37,5,9.87,,0
2026-04-20 12:10:51,2369,LOCAL,0.00,96.02,0.00,96.08,5,9.88,,0
2026-04-20 12:10:52,2370,LOCAL,0.00,96.60,0.00,96.66,5,9.88,,0
2026-04-20 12:10:52,2371,LOCAL,0.00,96.54,0.00,96.60,5,9.88,,0
2026-04-20 12:10:52,2372,LOCAL,0.00,98.22,0.00,98.27,5,9.87,,0
2026-04-20 12:10:52,2373,LOCAL,0.00,97.15,0.00,97.20,5,9.87,,0
2026-04-20 12:10:52,2374,LOCAL,0.00,95.07,0.00,95.13,5,9.88,,0
2026-04-20 12:10:52,2375,LOCAL,0.00,96.43,0.00,96.48,5,9.88,,0
2026-04-20 12:10:52,2376,LOCAL,0.00,97.38,0.00,97.44,5,9.88,,0
2026-04-20 12:10:52,2377,LOCAL,0.00,96.92,0.00,96.98,5,9.88,,0
2026-04-20 12:10:52,2378,LOCAL,0.00,97.82,0.00,97.88,5,9.87,,0
2026-04-20 12:10:52,2379,LOCAL,0.00,96.04,0.00,96.10,5,9.87,,0
2026-04-20 12:10:53,2380,LOCAL,0.00,96.27,0.00,96.33,5,9.87,,0
2026-04-20 12:10:53,2381,LOCAL,0.00,97.94,0.00,97.99,5,9.87,,0
2026-04-20 12:10:53,2382,LOCAL,0.00,96.64,0.00,96.70,5,9.87,,0
2026-04-20 12:10:53,2383,LOCAL,0.00,96.96,0.00,97.01,5,9.87,,0
2026-04-20 12:10:53,2384,LOCAL,0.00,95.72,0.00,95.77,5,9.87,,0
2026-04-20 12:10:53,2385,LOCAL,0.00,97.31,0.00,97.36,5,9.87,,0
2026-04-20 12:10:53,2386,LOCAL,0.00,96.65,0.00,96.70,5,9.88,,0
2026-04-20 12:10:53,2387,LOCAL,0.00,95.07,0.00,95.12,5,9.88,,0
2026-04-20 12:10:53,2388,LOCAL,0.00,96.69,0.00,96.74,5,9.88,,0
2026-04-20 12:10:53,2389,LOCAL,0.00,96.46,0.00,96.52,5,9.89,,0
2026-04-20 12:10:54,2390,LOCAL,0.00,96.63,0.00,96.68,5,10.08,,0
2026-04-20 12:10:54,2391,LOCAL,0.00,97.78,0.00,97.84,5,10.07,,0
2026-04-20 12:10:54,2392,LOCAL,0.00,95.76,0.00,95.82,5,10.08,,0
2026-04-20 12:10:54,2393,LOCAL,0.00,94.99,0.00,95.04,5,10.08,,0
2026-04-20 12:10:54,2394,LOCAL,0.00,141.28,0.00,141.35,5,9.92,,0
2026-04-20 12:10:54,2395,LOCAL,0.00,96.94,0.00,97.01,5,9.92,,0
2026-04-20 12:10:54,2396,LOCAL,0.00,97.29,0.00,97.34,5,9.93,,0
2026-04-20 12:10:54,2397,LOCAL,0.00,94.48,0.00,94.54,5,9.94,,0
2026-04-20 12:10:54,2398,LOCAL,0.00,97.13,0.00,97.18,5,9.93,,0
2026-04-20 12:10:54,2399,LOCAL,0.00,97.86,0.00,97.92,5,9.93,,0
2026-04-20 12:10:55,2400,LOCAL,0.00,95.91,0.00,95.97,5,9.93,,0
2026-04-20 12:10:55,2401,LOCAL,0.00,97.09,0.00,97.15,5,9.93,,0
2026-04-20 12:10:55,2402,LOCAL,0.00,94.83,0.00,94.88,5,9.94,,0
2026-04-20 12:10:55,2403,LOCAL,0.00,97.11,0.00,97.16,5,9.93,,0
2026-04-20 12:10:55,2404,LOCAL,0.00,97.73,0.00,97.79,5,9.93,,0
2026-04-20 12:10:55,2405,LOCAL,0.00,96.38,0.00,96.44,5,9.93,,0
2026-04-20 12:10:55,2406,LOCAL,0.00,102.75,0.00,102.81,5,9.91,,0
2026-04-20 12:10:55,2407,LOCAL,0.00,96.45,0.00,96.50,5,9.91,,0
2026-04-20 12:10:55,2408,LOCAL,0.00,97.09,0.00,97.14,5,9.91,,0
2026-04-20 12:10:55,2409,LOCAL,0.00,97.50,0.00,97.56,5,9.91,,0
2026-04-20 12:10:56,2410,LOCAL,0.00,95.96,0.00,96.01,5,9.91,,0
2026-04-20 12:10:56,2411,LOCAL,0.00,97.91,0.00,97.96,5,9.91,,0
2026-04-20 12:10:56,2412,LOCAL,0.00,98.22,0.00,98.27,5,9.91,,0
2026-04-20 12:10:56,2413,LOCAL,0.00,96.88,0.00,96.94,5,9.91,,0
2026-04-20 12:10:56,2414,LOCAL,0.00,98.13,0.00,98.18,5,9.90,,0
2026-04-20 12:10:56,2415,LOCAL,0.00,94.47,0.00,94.52,5,9.91,,0
2026-04-20 12:10:56,2416,LOCAL,0.00,99.84,0.00,99.90,5,9.90,,0
2026-04-20 12:10:56,2417,LOCAL,0.00,97.60,0.00,97.65,5,9.90,,0
2026-04-20 12:10:56,2418,LOCAL,0.00,96.61,0.00,96.67,5,9.90,,0
2026-04-20 12:10:56,2419,LOCAL,0.00,96.77,0.00,96.82,5,9.90,,0
2026-04-20 12:10:57,2420,LOCAL,0.00,94.74,0.00,94.80,5,9.90,,0
2026-04-20 12:10:57,2421,LOCAL,0.00,96.50,0.00,96.55,5,9.90,,0
2026-04-20 12:10:57,2422,LOCAL,0.00,95.02,0.00,95.07,5,9.90,,0
2026-04-20 12:10:57,2423,LOCAL,0.00,96.75,0.00,96.80,5,10.06,,0
2026-04-20 12:10:57,2424,LOCAL,0.00,97.18,0.00,97.23,5,10.06,,0
2026-04-20 12:10:57,2425,LOCAL,0.00,94.32,0.00,94.38,5,10.07,,0
2026-04-20 12:10:57,2426,LOCAL,0.00,96.37,0.00,96.42,5,10.06,,0
2026-04-20 12:10:57,2427,LOCAL,0.00,95.44,0.00,95.50,5,10.06,,0
2026-04-20 12:10:57,2428,LOCAL,0.00,144.17,0.00,144.24,5,9.91,,0
2026-04-20 12:10:58,2429,LOCAL,0.00,99.56,0.00,99.63,5,9.89,,0
2026-04-20 12:10:58,2430,LOCAL,0.00,97.63,0.00,97.69,5,9.89,,0
2026-04-20 12:10:58,2431,LOCAL,0.00,100.06,0.00,100.12,5,9.87,,0
2026-04-20 12:10:58,2432,LOCAL,0.00,97.78,0.00,97.84,5,9.87,,0
2026-04-20 12:10:58,2433,LOCAL,0.00,97.56,0.00,97.61,5,9.87,,0
2026-04-20 12:10:58,2434,LOCAL,0.00,98.00,0.00,98.06,5,9.87,,0
2026-04-20 12:10:58,2435,LOCAL,0.00,96.25,0.00,96.31,5,9.89,,0
2026-04-20 12:10:58,2436,LOCAL,0.00,99.24,0.00,99.29,5,9.89,,0
2026-04-20 12:10:58,2437,LOCAL,0.00,96.74,0.00,96.80,5,9.89,,0
2026-04-20 12:10:58,2438,LOCAL,0.00,99.16,0.00,99.21,5,9.88,,0
2026-04-20 12:10:59,2439,LOCAL,0.00,98.13,0.00,98.19,5,9.88,,0
2026-04-20 12:10:59,2440,LOCAL,0.00,96.99,0.00,97.04,5,9.88,,0
2026-04-20 12:10:59,2441,LOCAL,0.00,99.32,0.00,99.38,5,9.88,,0
2026-04-20 12:10:59,2442,LOCAL,0.00,96.48,0.00,96.54,5,9.88,,0
2026-04-20 12:10:59,2443,LOCAL,0.00,98.62,0.00,98.67,5,9.87,,0
2026-04-20 12:10:59,2444,LOCAL,0.00,97.43,0.00,97.48,5,9.86,,0
2026-04-20 12:10:59,2445,LOCAL,0.00,97.78,0.00,97.84,5,9.87,,0
2026-04-20 12:10:59,2446,LOCAL,0.00,100.71,0.00,100.76,5,9.86,,0
2026-04-20 12:10:59,2447,LOCAL,0.00,99.59,0.00,99.64,5,9.85,,0
2026-04-20 12:10:59,2448,LOCAL,0.00,97.87,0.00,97.92,5,9.85,,0
2026-04-20 12:11:00,2449,LOCAL,0.00,98.29,0.00,98.35,5,9.84,,0
2026-04-20 12:11:00,2450,LOCAL,0.00,98.72,0.00,98.78,5,9.83,,0
2026-04-20 12:11:00,2451,LOCAL,0.00,100.56,0.00,100.62,5,9.81,,0
2026-04-20 12:11:00,2452,LOCAL,0.00,96.76,0.00,96.82,5,9.81,,0
2026-04-20 12:11:00,2453,LOCAL,0.00,98.00,0.00,98.06,5,9.81,,0
2026-04-20 12:11:00,2454,LOCAL,0.00,99.85,0.00,99.90,5,9.79,,0
2026-04-20 12:11:00,2455,LOCAL,0.00,98.36,0.00,98.42,5,9.79,,0
2026-04-20 12:11:00,2456,LOCAL,0.00,98.60,0.00,98.65,5,9.78,,0
2026-04-20 12:11:00,2457,LOCAL,0.00,94.66,0.00,94.71,5,9.95,,0
2026-04-20 12:11:00,2458,LOCAL,0.00,98.66,0.00,98.71,5,9.95,,0
2026-04-20 12:11:01,2459,LOCAL,0.00,99.24,0.00,99.29,5,9.95,,0
2026-04-20 12:11:01,2460,LOCAL,0.00,99.49,0.00,99.58,5,9.95,,0
2026-04-20 12:11:01,2461,LOCAL,0.00,98.21,0.00,98.32,5,9.95,,0
2026-04-20 12:11:01,2462,LOCAL,0.00,97.10,0.00,97.16,5,9.95,,0
2026-04-20 12:11:01,2463,LOCAL,0.00,100.44,0.00,100.55,5,9.78,,0
2026-04-20 12:11:01,2464,LOCAL,0.00,95.97,0.00,96.02,5,9.78,,0
2026-04-20 12:11:01,2465,LOCAL,0.00,96.76,0.00,96.82,5,9.78,,0
2026-04-20 12:11:01,2466,LOCAL,0.00,98.60,0.00,98.66,5,9.78,,0
2026-04-20 12:11:01,2467,LOCAL,0.00,94.23,0.00,94.28,5,9.79,,0
2026-04-20 12:11:01,2468,LOCAL,0.00,96.60,0.00,96.65,5,9.79,,0
2026-04-20 12:11:02,2469,LOCAL,0.00,95.79,0.00,95.85,5,9.80,,0
2026-04-20 12:11:02,2470,LOCAL,0.00,95.60,0.00,95.65,5,9.81,,0
2026-04-20 12:11:02,2471,LOCAL,0.00,95.77,0.00,95.83,5,9.81,,0
2026-04-20 12:11:02,2472,LOCAL,0.00,95.76,0.00,95.81,5,9.82,,0
2026-04-20 12:11:02,2473,LOCAL,0.00,96.86,0.00,96.92,5,9.82,,0
2026-04-20 12:11:02,2474,LOCAL,0.00,95.89,0.00,95.94,5,9.82,,0
2026-04-20 12:11:02,2475,LOCAL,0.00,95.21,0.00,95.27,5,9.84,,0
2026-04-20 12:11:02,2476,LOCAL,0.00,96.46,0.00,96.51,5,9.85,,0
2026-04-20 12:11:02,2477,LOCAL,0.00,95.51,0.00,95.56,5,9.86,,0
2026-04-20 12:11:02,2478,LOCAL,0.00,96.22,0.00,96.27,5,9.87,,0
2026-04-20 12:11:03,2479,LOCAL,0.00,95.13,0.00,95.19,5,9.88,,0
2026-04-20 12:11:03,2480,LOCAL,0.00,96.30,0.00,96.36,5,9.89,,0
2026-04-20 12:11:03,2481,LOCAL,0.00,97.99,0.00,98.04,5,9.89,,0
2026-04-20 12:11:03,2482,LOCAL,0.00,96.39,0.00,96.44,5,9.89,,0
2026-04-20 12:11:03,2483,LOCAL,0.00,98.05,0.00,98.11,5,9.90,,0
2026-04-20 12:11:03,2484,LOCAL,0.00,95.49,0.00,95.54,5,9.91,,0
2026-04-20 12:11:03,2485,LOCAL,0.00,95.77,0.00,95.83,5,9.92,,0
2026-04-20 12:11:03,2486,LOCAL,0.00,96.58,0.00,96.63,5,9.91,,0
2026-04-20 12:11:03,2487,LOCAL,0.00,96.87,0.00,96.92,5,9.91,,0
2026-04-20 12:11:03,2488,LOCAL,0.00,97.94,0.00,98.00,5,9.92,,0
2026-04-20 12:11:04,2489,LOCAL,0.00,98.64,0.00,98.70,5,9.92,,0
2026-04-20 12:11:04,2490,LOCAL,0.00,95.08,0.00,95.14,5,9.93,,0
2026-04-20 12:11:04,2491,LOCAL,0.00,95.97,0.00,96.03,5,9.93,,0
2026-04-20 12:11:04,2492,LOCAL,0.00,95.03,0.00,95.08,5,10.12,,0
2026-04-20 12:11:04,2493,LOCAL,0.00,98.66,0.00,98.71,5,10.11,,0
2026-04-20 12:11:04,2494,LOCAL,0.00,94.57,0.00,94.62,5,10.12,,0
2026-04-20 12:11:04,2495,LOCAL,0.00,97.08,0.00,97.13,5,10.12,,0
2026-04-20 12:11:04,2496,LOCAL,0.00,145.54,0.00,145.61,5,9.95,,0
2026-04-20 12:11:04,2497,LOCAL,0.00,100.39,0.00,100.46,5,9.93,,0
2026-04-20 12:11:05,2498,LOCAL,0.00,98.18,0.00,98.27,5,9.92,,0
2026-04-20 12:11:05,2499,LOCAL,0.00,95.90,0.00,95.95,5,9.93,,0
2026-04-20 12:11:05,2500,LOCAL,0.00,98.81,0.00,98.87,5,9.91,,0
2026-04-20 12:11:05,2501,LOCAL,0.00,96.13,0.00,96.18,5,9.91,,0
2026-04-20 12:11:05,2502,LOCAL,0.00,97.24,0.00,97.32,5,9.91,,0
2026-04-20 12:11:05,2503,LOCAL,0.00,96.66,0.00,96.71,5,9.91,,0
2026-04-20 12:11:05,2504,LOCAL,0.00,97.10,0.00,97.15,5,9.90,,0
2026-04-20 12:11:05,2505,LOCAL,0.00,98.66,0.00,98.72,5,9.90,,0
2026-04-20 12:11:05,2506,LOCAL,0.00,98.27,0.00,98.33,5,9.89,,0
2026-04-20 12:11:05,2507,LOCAL,0.00,100.36,0.00,100.42,5,9.87,,0
2026-04-20 12:11:06,2508,LOCAL,0.00,97.73,0.00,97.78,5,9.86,,0
2026-04-20 12:11:06,2509,LOCAL,0.00,99.05,0.00,99.11,5,9.86,,0
2026-04-20 12:11:06,2510,LOCAL,0.00,98.45,0.00,98.51,5,9.85,,0
2026-04-20 12:11:06,2511,LOCAL,0.00,95.74,0.00,95.83,5,9.86,,0
2026-04-20 12:11:06,2512,LOCAL,0.00,96.58,0.00,96.64,5,9.86,,0
2026-04-20 12:11:06,2513,LOCAL,0.00,97.56,0.00,97.62,5,9.85,,0
2026-04-20 12:11:06,2514,LOCAL,0.00,96.98,0.00,97.03,5,9.85,,0
2026-04-20 12:11:06,2515,LOCAL,0.00,97.40,0.00,97.45,5,9.85,,0
2026-04-20 12:11:06,2516,LOCAL,0.00,96.72,0.00,96.77,5,9.85,,0
2026-04-20 12:11:06,2517,LOCAL,0.00,97.47,0.00,97.53,5,9.85,,0
2026-04-20 12:11:07,2518,LOCAL,0.00,98.41,0.00,98.47,5,9.85,,0
2026-04-20 12:11:07,2519,LOCAL,0.00,97.69,0.00,97.75,5,9.84,,0
2026-04-20 12:11:07,2520,LOCAL,0.00,99.17,0.00,99.22,5,9.83,,0
2026-04-20 12:11:07,2521,LOCAL,0.00,97.65,0.00,97.71,5,9.82,,0
2026-04-20 12:11:07,2522,LOCAL,0.00,97.77,0.00,97.82,5,9.82,,0
2026-04-20 12:11:07,2523,LOCAL,0.00,96.45,0.00,96.51,5,9.82,,0
2026-04-20 12:11:07,2524,LOCAL,0.00,95.41,0.00,95.46,5,9.83,,0
2026-04-20 12:11:07,2525,LOCAL,0.00,97.77,0.00,97.83,5,9.99,,0
2026-04-20 12:11:07,2526,LOCAL,0.00,97.26,0.00,97.32,5,10.00,,0
2026-04-20 12:11:07,2527,LOCAL,0.00,97.10,0.00,97.16,5,10.00,,0
2026-04-20 12:11:08,2528,LOCAL,0.00,96.90,0.00,96.96,5,10.00,,0
2026-04-20 12:11:08,2529,LOCAL,0.00,98.79,0.00,98.85,5,10.00,,0
2026-04-20 12:11:08,2530,LOCAL,0.00,147.13,0.00,147.21,5,9.82,,0
2026-04-20 12:11:08,2531,LOCAL,0.00,99.00,0.00,99.06,5,9.82,,0
2026-04-20 12:11:08,2532,LOCAL,0.00,96.75,0.00,96.80,5,9.82,,0
2026-04-20 12:11:08,2533,LOCAL,0.00,97.17,0.00,97.23,5,9.82,,0
2026-04-20 12:11:08,2534,LOCAL,0.00,96.79,0.00,96.85,5,9.83,,0
2026-04-20 12:11:08,2535,LOCAL,0.00,95.56,0.00,95.61,5,9.83,,0
2026-04-20 12:11:08,2536,LOCAL,0.00,96.59,0.00,96.64,5,9.85,,0
2026-04-20 12:11:08,2537,LOCAL,0.00,95.50,0.00,95.55,5,9.85,,0
2026-04-20 12:11:09,2538,LOCAL,0.00,95.91,0.00,95.97,5,9.86,,0
2026-04-20 12:11:09,2539,LOCAL,0.00,96.44,0.00,96.50,5,9.87,,0
2026-04-20 12:11:09,2540,LOCAL,0.00,95.63,0.00,95.68,5,9.87,,0
2026-04-20 12:11:09,2541,LOCAL,0.00,101.45,0.00,101.51,5,9.85,,0
2026-04-20 12:11:09,2542,LOCAL,0.00,95.26,0.00,95.31,5,9.86,,0
2026-04-20 12:11:09,2543,LOCAL,0.00,95.02,0.00,95.07,5,9.87,,0
2026-04-20 12:11:09,2544,LOCAL,0.00,96.34,0.00,96.40,5,9.87,,0
2026-04-20 12:11:09,2545,LOCAL,0.00,99.92,0.00,99.97,5,9.86,,0
2026-04-20 12:11:09,2546,LOCAL,0.00,99.67,0.00,99.73,5,9.85,,0
2026-04-20 12:11:09,2547,LOCAL,0.00,95.64,0.00,95.70,5,9.86,,0
2026-04-20 12:11:10,2548,LOCAL,0.00,95.36,0.00,95.41,5,9.87,,0
2026-04-20 12:11:10,2549,LOCAL,0.00,95.34,0.00,95.39,5,9.88,,0
2026-04-20 12:11:10,2550,LOCAL,0.00,94.59,0.00,94.64,5,9.89,,0
2026-04-20 12:11:10,2551,LOCAL,0.00,97.53,0.00,97.59,5,9.89,,0
2026-04-20 12:11:10,2552,LOCAL,0.00,96.15,0.00,96.21,5,9.89,,0
2026-04-20 12:11:10,2553,LOCAL,0.00,98.03,0.00,98.09,5,9.88,,0
2026-04-20 12:11:10,2554,LOCAL,0.00,95.89,0.00,95.96,5,9.89,,0
2026-04-20 12:11:10,2555,LOCAL,0.00,95.61,0.00,95.66,5,9.89,,0
2026-04-20 12:11:10,2556,LOCAL,0.00,96.74,0.00,96.79,5,9.89,,0
2026-04-20 12:11:10,2557,LOCAL,0.00,95.40,0.00,95.45,5,9.90,,0
2026-04-20 12:11:11,2558,LOCAL,0.00,95.65,0.00,95.70,5,9.91,,0
2026-04-20 12:11:11,2559,LOCAL,0.00,96.51,0.00,96.56,5,10.08,,0
2026-04-20 12:11:11,2560,LOCAL,0.00,94.86,0.00,94.91,5,10.10,,0
2026-04-20 12:11:11,2561,LOCAL,0.00,97.80,0.00,97.85,5,10.09,,0
2026-04-20 12:11:11,2562,LOCAL,0.00,94.79,0.00,94.85,5,10.10,,0
2026-04-20 12:11:11,2563,LOCAL,0.00,144.11,0.00,144.18,5,9.94,,0
2026-04-20 12:11:11,2564,LOCAL,0.00,99.45,0.00,99.52,5,9.92,,0
2026-04-20 12:11:11,2565,LOCAL,0.00,102.91,0.00,102.97,5,9.90,,0
2026-04-20 12:11:11,2566,LOCAL,0.00,97.96,0.00,98.02,5,9.89,,0
2026-04-20 12:11:11,2567,LOCAL,0.00,95.98,0.00,96.03,5,9.89,,0
2026-04-20 12:11:12,2568,LOCAL,0.00,97.95,0.00,98.00,5,9.89,,0
2026-04-20 12:11:12,2569,LOCAL,0.00,96.90,0.00,96.96,5,9.89,,0
2026-04-20 12:11:12,2570,LOCAL,0.00,96.14,0.00,96.19,5,9.91,,0
2026-04-20 12:11:12,2571,LOCAL,0.00,96.87,0.00,96.93,5,9.90,,0
2026-04-20 12:11:12,2572,LOCAL,0.00,96.90,0.00,96.95,5,9.89,,0
2026-04-20 12:11:12,2573,LOCAL,0.00,123.07,0.00,123.12,5,9.80,,0
2026-04-20 12:11:12,2574,LOCAL,0.00,97.11,0.00,97.17,5,9.78,,0
2026-04-20 12:11:12,2575,LOCAL,0.00,95.25,0.00,95.31,5,9.80,,0
2026-04-20 12:11:12,2576,LOCAL,0.00,99.71,0.00,99.77,5,9.78,,0
2026-04-20 12:11:13,2577,LOCAL,0.00,169.75,0.00,169.81,5,9.54,,0
2026-04-20 12:11:13,2578,LOCAL,0.00,150.89,0.00,150.98,5,9.35,,0
2026-04-20 12:11:13,2579,LOCAL,0.00,152.67,0.00,152.74,5,9.14,,0
2026-04-20 12:11:13,2580,LOCAL,0.00,158.15,0.00,158.24,5,8.96,,0
2026-04-20 12:11:13,2581,LOCAL,0.00,161.07,0.00,161.13,5,8.78,,0
2026-04-20 12:11:13,2582,LOCAL,0.00,168.54,0.00,168.60,5,8.56,,0
2026-04-20 12:11:14,2583,LOCAL,0.00,158.34,0.00,158.40,5,8.40,,0
2026-04-20 12:11:14,2584,LOCAL,0.00,184.03,0.00,184.10,5,8.19,,0
2026-04-20 12:11:14,2585,LOCAL,0.00,164.55,0.00,164.62,5,8.04,,0
2026-04-20 12:11:14,2586,LOCAL,0.00,165.21,0.00,165.28,5,7.88,,0
2026-04-20 12:11:14,2587,LOCAL,0.00,163.45,0.00,163.50,5,7.74,,0
2026-04-20 12:11:14,2588,LOCAL,0.00,247.04,0.00,247.11,5,7.44,,0
2026-04-20 12:11:15,2589,LOCAL,0.00,172.19,0.00,172.27,5,7.30,,0
2026-04-20 12:11:15,2590,LOCAL,0.00,139.96,0.00,140.02,5,7.22,,0
2026-04-20 12:11:15,2591,LOCAL,0.00,154.25,0.00,154.31,5,7.11,,0
2026-04-20 12:11:15,2592,LOCAL,0.00,170.91,0.00,170.99,5,7.07,,0
2026-04-20 12:11:15,2593,LOCAL,0.00,150.89,0.00,150.95,5,6.98,,0
2026-04-20 12:11:15,2594,LOCAL,0.00,155.84,0.00,155.96,5,6.89,,0
2026-04-20 12:11:16,2595,LOCAL,0.00,171.23,0.00,171.29,5,6.75,,0
2026-04-20 12:11:16,2596,LOCAL,0.00,148.66,0.00,148.71,5,6.65,,0
2026-04-20 12:11:16,2597,LOCAL,0.00,178.80,0.00,178.86,5,6.53,,0
2026-04-20 12:11:16,2598,LOCAL,0.00,161.54,0.00,161.60,5,6.44,,0
2026-04-20 12:11:16,2599,LOCAL,0.00,168.33,0.00,168.44,5,6.33,,0
2026-04-20 12:11:16,2600,LOCAL,0.00,165.33,0.00,165.40,5,6.24,,0
2026-04-20 12:11:17,2601,LOCAL,0.00,166.30,0.00,166.41,5,6.15,,0
2026-04-20 12:11:17,2602,LOCAL,0.00,148.29,0.00,148.35,5,6.11,,0
2026-04-20 12:11:17,2603,LOCAL,0.00,154.08,0.00,154.15,5,6.02,,0
2026-04-20 12:11:17,2604,LOCAL,0.00,145.87,0.00,145.95,5,5.96,,0
2026-04-20 12:11:17,2605,LOCAL,0.00,188.16,0.00,188.22,5,5.85,,0
2026-04-20 12:11:17,2606,LOCAL,0.00,174.66,0.00,174.71,5,5.84,,0
2026-04-20 12:11:18,2607,LOCAL,0.00,160.08,0.00,160.15,5,5.83,,0
2026-04-20 12:11:18,2608,LOCAL,0.00,167.42,0.00,167.47,5,5.82,,0
2026-04-20 12:11:18,2609,LOCAL,0.00,258.14,0.00,258.22,5,5.70,,0
2026-04-20 12:11:18,2610,LOCAL,0.00,113.60,0.00,113.67,5,5.75,,0
2026-04-20 12:11:18,2611,LOCAL,0.00,170.71,0.00,170.79,5,5.75,,0
2026-04-20 12:11:19,2612,LOCAL,0.00,169.12,0.00,169.18,5,5.74,,0
2026-04-20 12:11:19,2613,LOCAL,0.00,150.24,0.00,150.31,5,5.78,,0
2026-04-20 12:11:19,2614,LOCAL,0.00,157.10,0.00,157.15,5,5.78,,0
2026-04-20 12:11:19,2615,LOCAL,0.00,201.48,0.00,201.57,5,5.74,,0
2026-04-20 12:11:19,2616,LOCAL,0.00,151.64,0.00,151.71,5,5.74,,0
2026-04-20 12:11:19,2617,LOCAL,0.00,162.78,0.00,162.85,5,5.84,,0
2026-04-20 12:11:20,2618,LOCAL,0.00,154.33,0.00,154.39,5,5.86,,0
2026-04-20 12:11:20,2619,LOCAL,0.00,148.15,0.00,148.22,5,5.83,,0
2026-04-20 12:11:20,2620,LOCAL,0.00,180.34,0.00,180.40,5,5.80,,0
2026-04-20 12:11:20,2621,LOCAL,0.00,157.06,0.00,157.23,5,5.81,,0
2026-04-20 12:11:20,2622,LOCAL,0.00,131.01,0.00,131.07,5,5.84,,0
2026-04-20 12:11:20,2623,LOCAL,0.00,154.30,0.00,154.36,5,5.84,,0
2026-04-20 12:11:21,2624,LOCAL,0.00,183.91,0.00,183.97,5,5.84,,0
2026-04-20 12:11:21,2625,LOCAL,0.00,181.99,0.00,182.05,5,5.81,,0
2026-04-20 12:11:21,2626,LOCAL,0.00,179.52,0.00,179.58,5,5.81,,0
2026-04-20 12:11:21,2627,LOCAL,0.00,157.43,0.00,157.51,5,5.82,,0
2026-04-20 12:11:21,2628,LOCAL,0.00,218.11,0.00,218.32,5,5.76,,0
2026-04-20 12:11:22,2629,LOCAL,0.00,138.92,0.00,138.98,5,5.78,,0
2026-04-20 12:11:22,2630,LOCAL,0.00,164.27,0.00,164.40,5,5.77,,0
2026-04-20 12:11:22,2631,LOCAL,0.00,175.82,0.00,175.88,5,5.74,,0
2026-04-20 12:11:22,2632,LOCAL,0.00,169.96,0.00,170.03,5,5.74,,0
2026-04-20 12:11:22,2633,LOCAL,0.00,166.34,0.00,166.42,5,5.70,,0
2026-04-20 12:11:22,2634,LOCAL,0.00,174.12,0.00,174.18,5,5.72,,0
2026-04-20 12:11:23,2635,LOCAL,0.00,180.36,0.00,180.42,5,5.72,,0
2026-04-20 12:11:23,2636,LOCAL,0.00,181.37,0.00,181.43,5,5.71,,0
2026-04-20 12:11:23,2637,LOCAL,0.00,153.34,0.00,153.41,5,5.70,,0
2026-04-20 12:11:23,2638,LOCAL,0.00,135.70,0.00,135.76,5,5.86,,0
2026-04-20 12:11:23,2639,LOCAL,0.00,165.60,0.00,165.66,5,5.80,,0
2026-04-20 12:11:23,2640,LOCAL,0.00,151.70,0.00,151.76,5,5.82,,0
2026-04-20 12:11:24,2641,LOCAL,0.00,161.84,0.00,161.90,5,5.83,,0
2026-04-20 12:11:24,2642,LOCAL,0.00,162.00,0.00,162.06,5,5.81,,0
2026-04-20 12:11:24,2643,LOCAL,0.00,175.83,0.00,175.89,5,5.79,,0
2026-04-20 12:11:24,2644,LOCAL,0.00,165.67,0.00,165.72,5,5.84,,0
2026-04-20 12:11:24,2645,LOCAL,0.00,157.50,0.00,157.55,5,5.85,,0
2026-04-20 12:11:24,2646,LOCAL,0.00,152.17,0.00,152.24,5,5.86,,0
2026-04-20 12:11:25,2647,LOCAL,0.00,162.51,0.00,162.57,5,5.84,,0
2026-04-20 12:11:25,2648,LOCAL,0.00,262.39,0.00,262.49,5,5.71,,0
2026-04-20 12:11:25,2649,LOCAL,0.00,156.81,0.00,156.90,5,5.72,,0
2026-04-20 12:11:25,2650,LOCAL,0.00,161.43,0.00,161.50,5,5.73,,0
2026-04-20 12:11:25,2651,LOCAL,0.00,141.33,0.00,141.38,5,5.70,,0
2026-04-20 12:11:26,2652,LOCAL,0.00,144.59,0.00,144.65,5,5.70,,0
2026-04-20 12:11:26,2653,LOCAL,0.00,154.23,0.00,154.29,5,5.72,,0
2026-04-20 12:11:26,2654,LOCAL,0.00,147.63,0.00,147.69,5,5.75,,0
2026-04-20 12:11:26,2655,LOCAL,0.00,168.85,0.00,168.91,5,5.75,,0
2026-04-20 12:11:26,2656,LOCAL,0.00,162.75,0.00,162.84,5,5.75,,0
2026-04-20 12:11:26,2657,LOCAL,0.00,177.89,0.00,177.96,5,5.80,,0
2026-04-20 12:11:27,2658,LOCAL,0.00,150.83,0.00,150.89,5,5.79,,0
2026-04-20 12:11:27,2659,LOCAL,0.00,178.20,0.00,178.27,5,5.77,,0
2026-04-20 12:11:27,2660,LOCAL,0.00,146.06,0.00,146.13,5,5.81,,0
2026-04-20 12:11:27,2661,LOCAL,0.00,149.20,0.00,149.27,5,5.83,,0
2026-04-20 12:11:27,2662,LOCAL,0.00,149.50,0.00,149.57,5,5.85,,0
2026-04-20 12:11:27,2663,LOCAL,0.00,166.86,0.00,166.92,5,5.85,,0
2026-04-20 12:11:28,2664,LOCAL,0.00,174.11,0.00,174.18,5,5.86,,0
2026-04-20 12:11:28,2665,LOCAL,0.00,175.37,0.00,175.43,5,5.86,,0
2026-04-20 12:11:28,2666,LOCAL,0.00,152.31,0.00,152.37,5,5.88,,0
2026-04-20 12:11:28,2667,LOCAL,0.00,181.79,0.00,181.85,5,5.82,,0
2026-04-20 12:11:28,2668,LOCAL,0.00,178.65,0.00,178.71,5,5.81,,0
2026-04-20 12:11:28,2669,LOCAL,0.00,198.91,0.00,199.07,5,5.67,,0
2026-04-20 12:11:29,2670,LOCAL,0.00,182.87,0.00,182.93,5,5.64,,0
2026-04-20 12:11:29,2671,LOCAL,0.00,118.78,0.00,118.84,5,5.70,,0
2026-04-20 12:11:29,2672,LOCAL,0.00,117.07,0.00,117.14,5,5.77,,0
2026-04-20 12:11:29,2673,LOCAL,0.00,154.91,0.00,154.98,5,5.78,,0
2026-04-20 12:11:29,2674,LOCAL,0.00,163.95,0.00,164.01,5,5.77,,0
2026-04-20 12:11:29,2675,LOCAL,0.00,156.45,0.00,156.50,5,5.75,,0
2026-04-20 12:11:30,2676,LOCAL,0.00,168.73,0.00,168.80,5,5.75,,0
2026-04-20 12:11:30,2677,LOCAL,0.00,142.39,0.00,142.46,5,5.91,,0
2026-04-20 12:11:30,2678,LOCAL,0.00,160.45,0.00,160.51,5,5.91,,0
2026-04-20 12:11:30,2679,LOCAL,0.00,163.12,0.00,163.28,5,5.89,,0
2026-04-20 12:11:30,2680,LOCAL,0.00,172.83,0.00,172.89,5,5.87,,0
2026-04-20 12:11:30,2681,LOCAL,0.00,163.71,0.00,163.77,5,5.84,,0
2026-04-20 12:11:31,2682,LOCAL,0.00,144.37,0.00,144.43,5,5.87,,0
2026-04-20 12:11:31,2683,LOCAL,0.00,178.86,0.00,178.94,5,5.83,,0
2026-04-20 12:11:31,2684,LOCAL,0.00,169.85,0.00,169.92,5,5.83,,0
2026-04-20 12:11:31,2685,LOCAL,0.00,158.53,0.00,158.59,5,5.84,,0
2026-04-20 12:11:31,2686,LOCAL,0.00,155.53,0.00,155.60,5,5.86,,0
2026-04-20 12:11:31,2687,LOCAL,0.00,152.73,0.00,152.79,5,5.85,,0
2026-04-20 12:11:32,2688,LOCAL,0.00,163.58,0.00,163.64,5,5.88,,0
2026-04-20 12:11:32,2689,LOCAL,0.00,264.75,0.00,264.83,5,5.74,,0
2026-04-20 12:11:32,2690,LOCAL,0.00,159.41,0.00,159.48,5,5.75,,0
2026-04-20 12:11:32,2691,LOCAL,0.00,159.57,0.00,159.62,5,5.75,,0
2026-04-20 12:11:32,2692,LOCAL,0.00,182.94,0.00,183.05,5,5.73,,0
2026-04-20 12:11:33,2693,LOCAL,0.00,166.53,0.00,166.58,5,5.73,,0
2026-04-20 12:11:33,2694,LOCAL,0.00,175.67,0.00,175.74,5,5.74,,0
2026-04-20 12:11:33,2695,LOCAL,0.00,148.70,0.00,148.77,5,5.73,,0
2026-04-20 12:11:33,2696,LOCAL,0.00,173.64,0.00,173.71,5,5.74,,0
2026-04-20 12:11:33,2697,LOCAL,0.00,160.98,0.00,161.03,5,5.76,,0
2026-04-20 12:11:33,2698,LOCAL,0.00,182.80,0.00,182.86,5,5.88,,0
2026-04-20 12:11:34,2699,LOCAL,0.00,176.71,0.00,176.77,5,5.88,,0
2026-04-20 12:11:34,2700,LOCAL,0.00,136.14,0.00,136.21,5,5.86,,0
2026-04-20 12:11:34,2701,LOCAL,0.00,157.02,0.00,157.08,5,5.82,,0
2026-04-20 12:11:34,2702,LOCAL,0.00,164.92,0.00,164.98,5,5.80,,0
2026-04-20 12:11:34,2703,LOCAL,0.00,161.84,0.00,161.90,5,5.81,,0
2026-04-20 12:11:34,2704,LOCAL,0.00,133.91,0.00,133.97,5,5.82,,0
2026-04-20 12:11:35,2705,LOCAL,0.00,160.36,0.00,160.43,5,5.81,,0
2026-04-20 12:11:35,2706,LOCAL,0.00,168.05,0.00,168.11,5,5.76,,0
2026-04-20 12:11:35,2707,LOCAL,0.00,230.09,0.00,230.21,5,5.69,,0
2026-04-20 12:11:35,2708,LOCAL,0.00,154.67,0.00,154.77,5,5.71,,0
2026-04-20 12:11:35,2709,LOCAL,0.00,204.95,0.00,205.01,5,5.67,,0
2026-04-20 12:11:36,2710,LOCAL,0.00,172.70,0.00,172.76,5,5.67,CLOUD,1
2026-04-20 12:11:36,2711,LOCAL,0.00,167.96,0.00,168.02,5,5.64,CLOUD,1
2026-04-20 12:11:36,2712,LOCAL,0.00,170.10,0.00,170.17,5,5.66,CLOUD,1
2026-04-20 12:11:36,2713,LOCAL,0.00,141.88,0.00,141.94,5,5.67,CLOUD,1
2026-04-20 12:11:36,2714,LOCAL,0.00,153.31,0.00,153.38,5,5.65,CLOUD,1
2026-04-20 12:11:36,2715,LOCAL,0.00,159.90,0.00,159.97,5,5.65,CLOUD,1
2026-04-20 12:11:37,2716,LOCAL,0.00,165.68,0.00,165.75,5,5.62,CLOUD,1
2026-04-20 12:11:37,2717,LOCAL,0.00,152.85,0.00,152.91,5,5.63,CLOUD,1
2026-04-20 12:11:37,2718,LOCAL,0.00,155.85,0.00,155.92,5,5.74,CLOUD,1
2026-04-20 12:11:37,2719,LOCAL,0.00,179.36,0.00,179.42,5,5.72,CLOUD,1
2026-04-20 12:11:37,2720,LOCAL,0.00,166.18,0.00,166.27,5,5.71,CLOUD,1
2026-04-20 12:11:37,2721,LOCAL,0.00,163.34,0.00,163.40,5,5.74,CLOUD,1
2026-04-20 12:11:38,2722,LOCAL,0.00,172.15,0.00,172.21,5,5.74,CLOUD,2
2026-04-20 12:11:38,2723,LOCAL,0.00,164.43,0.00,164.49,5,5.74,CLOUD,2
2026-04-20 12:11:38,2724,LOCAL,0.00,258.25,0.00,258.34,5,5.61,CLOUD,2
2026-04-20 12:11:38,2725,LOCAL,0.00,187.84,0.00,187.93,5,5.59,CLOUD,2
2026-04-20 12:11:38,2726,LOCAL,0.00,164.24,0.00,164.30,5,5.59,CLOUD,2
2026-04-20 12:11:39,2727,LOCAL,0.00,160.00,0.00,160.06,5,5.62,CLOUD,2
2026-04-20 12:11:39,2728,LOCAL,0.00,166.82,0.00,166.89,5,5.61,CLOUD,2
2026-04-20 12:11:39,2729,LOCAL,0.00,164.54,0.00,164.60,5,5.58,CLOUD,2
2026-04-20 12:11:39,2730,LOCAL,0.00,158.75,0.00,158.82,5,5.58,CLOUD,2
2026-04-20 12:11:39,2731,LOCAL,0.00,170.50,0.00,170.56,5,5.58,CLOUD,2
2026-04-20 12:11:39,2732,LOCAL,0.00,246.11,0.00,246.18,5,5.49,CLOUD,2
2026-04-20 12:11:40,2733,CLOUD,25.67,4323.86,98.86,4448.80,6,3.03,,0
2026-04-20 12:11:44,2734,CLOUD,23.80,4127.36,99.31,4250.82,6,2.12,,0
2026-04-20 12:21:59,1,LOCAL,0.00,8265.48,0.00,8265.57,5,0.00,,0
2026-04-20 12:22:07,2,CLOUD,13.78,3912.43,105.37,4031.94,6,0.25,,0
2026-04-20 12:22:11,3,CLOUD,30.28,3160.09,117.50,3308.31,6,0.27,,0
2026-04-20 12:22:15,4,CLOUD,34.59,3230.71,104.14,3371.02,6,0.28,,0
2026-04-20 12:22:18,5,CLOUD,23.86,3105.30,101.12,3230.70,6,0.29,,0
2026-04-20 12:22:21,6,CLOUD,21.39,3839.21,128.42,3989.45,6,0.28,,0
2026-04-20 12:22:25,7,CLOUD,28.31,2936.73,106.31,3071.75,6,0.28,,0
2026-04-20 12:22:28,8,CLOUD,29.17,3520.90,123.84,3674.38,6,0.28,,0
2026-04-20 12:22:32,9,CLOUD,31.20,4006.63,95.87,4134.10,6,0.28,,0
2026-04-20 12:22:36,10,CLOUD,25.60,3230.68,94.75,3351.44,6,0.28,,0
2026-04-20 12:22:40,11,CLOUD,13.45,4141.69,113.37,4268.95,6,0.27,,0
2026-04-20 12:22:44,12,CLOUD,33.64,3170.33,95.54,3300.00,6,0.28,,0
2026-04-20 12:22:47,13,CLOUD,33.46,4599.48,118.75,4752.14,6,0.27,,0
2026-04-20 12:22:52,14,CLOUD,21.50,3821.30,109.11,3952.38,6,0.27,LOCAL,1
2026-04-20 12:22:56,15,CLOUD,27.78,4164.96,96.41,4289.56,6,0.26,,0
2026-04-20 12:23:00,16,CLOUD,21.57,3098.18,101.65,3221.84,6,0.27,,0
2026-04-20 12:23:04,17,CLOUD,25.42,3821.17,112.01,3959.01,6,0.27,,0
2026-04-20 12:23:07,18,CLOUD,27.12,4271.58,108.02,4407.11,6,0.26,,0
2026-04-20 12:23:12,19,CLOUD,29.94,3061.75,97.77,3189.86,6,0.27,LOCAL,1
2026-04-20 12:23:15,20,CLOUD,31.88,3438.18,98.34,3568.79,6,0.27,,0
2026-04-20 12:23:19,21,CLOUD,21.79,3218.94,107.89,3349.10,6,0.27,,0
2026-04-20 12:23:22,22,CLOUD,23.63,3093.48,93.05,3210.59,6,0.27,,0
2026-04-20 12:23:25,23,CLOUD,28.83,3990.34,102.46,4122.03,6,0.27,,0
2026-04-20 12:23:29,24,CLOUD,14.16,3025.30,102.67,3142.58,6,0.27,LOCAL,1
2026-04-20 12:23:33,25,LOCAL,0.00,234.63,0.00,234.70,5,0.28,,0
2026-04-20 12:23:33,26,LOCAL,0.00,181.98,0.00,182.05,5,0.29,,0
2026-04-20 12:23:33,27,LOCAL,0.00,176.95,0.00,177.03,5,0.30,,0
2026-04-20 12:23:33,28,LOCAL,0.00,174.04,0.00,174.11,5,0.31,,0
2026-04-20 12:23:33,29,LOCAL,0.00,187.34,0.00,187.40,5,0.33,,0
2026-04-20 12:23:34,30,LOCAL,0.00,224.78,0.00,224.84,5,0.34,,0
2026-04-20 12:23:34,31,LOCAL,0.00,219.20,0.00,219.27,5,0.35,,0
2026-04-20 12:23:34,32,LOCAL,0.00,193.93,0.00,193.99,5,0.37,,0
2026-04-20 12:23:34,33,LOCAL,0.00,193.89,0.00,193.96,5,0.38,,0
2026-04-20 12:23:34,34,LOCAL,0.00,262.82,0.00,262.92,5,0.40,,0
2026-04-20 12:23:35,35,LOCAL,0.00,229.81,0.00,229.94,5,0.42,,0
2026-04-20 12:23:35,36,LOCAL,0.00,184.96,0.00,193.24,5,0.44,,0
2026-04-20 12:23:35,37,LOCAL,0.00,175.33,0.00,175.39,5,0.46,,0
2026-04-20 12:23:35,38,LOCAL,0.00,175.29,0.00,175.36,5,0.49,,0
2026-04-20 12:23:35,39,LOCAL,0.00,176.70,0.00,176.77,5,0.52,,0
2026-04-20 12:23:36,40,LOCAL,0.00,153.19,0.00,153.24,5,0.56,,0
2026-04-20 12:23:36,41,LOCAL,0.00,143.06,0.00,143.14,5,0.60,,0
2026-04-20 12:23:36,42,LOCAL,0.00,172.25,0.00,172.32,5,0.66,,0
2026-04-20 12:23:36,43,LOCAL,0.00,189.78,0.00,189.88,5,0.72,,0
2026-04-20 12:23:36,44,LOCAL,0.00,200.45,0.00,200.52,5,0.80,,0
2026-04-20 12:23:37,45,LOCAL,0.00,177.99,0.00,178.06,5,0.87,CLOUD,1
2026-04-20 12:23:37,46,LOCAL,0.00,168.69,0.00,168.75,5,0.99,CLOUD,1
2026-04-20 12:23:37,47,LOCAL,0.00,166.73,0.00,166.80,5,1.15,CLOUD,1
2026-04-20 12:23:37,48,LOCAL,0.00,156.78,0.00,156.84,5,1.31,CLOUD,1
2026-04-20 12:23:37,49,LOCAL,0.00,171.27,0.00,171.33,5,1.55,CLOUD,1
2026-04-20 12:23:37,50,LOCAL,0.00,203.01,0.00,203.07,5,1.86,CLOUD,1
2026-04-20 12:23:38,51,LOCAL,0.00,256.39,0.00,256.47,5,2.29,CLOUD,1
2026-04-20 12:23:38,52,LOCAL,0.00,171.26,0.00,171.34,5,3.33,CLOUD,1
2026-04-20 12:23:38,53,LOCAL,0.00,196.64,0.00,196.73,5,5.03,CLOUD,1
2026-04-20 12:23:38,54,LOCAL,0.00,176.94,0.00,177.03,5,5.08,CLOUD,1
2026-04-20 12:23:38,55,LOCAL,0.00,185.93,0.00,185.99,5,5.09,CLOUD,2
2026-04-20 12:23:39,56,LOCAL,0.00,182.42,0.00,182.48,5,5.08,CLOUD,2
2026-04-20 12:23:39,57,LOCAL,0.00,185.46,0.00,185.53,5,5.08,CLOUD,2
2026-04-20 12:23:39,58,LOCAL,0.00,190.85,0.00,190.92,5,5.09,CLOUD,2
2026-04-20 12:23:39,59,LOCAL,0.00,185.70,0.00,185.77,5,5.14,CLOUD,2
2026-04-20 12:23:39,60,LOCAL,0.00,200.68,0.00,200.75,5,5.15,CLOUD,2
2026-04-20 12:23:40,61,LOCAL,0.00,182.28,0.00,182.35,5,5.17,CLOUD,2
2026-04-20 12:23:40,62,LOCAL,0.00,177.88,0.00,177.95,5,5.20,CLOUD,2
2026-04-20 12:23:40,63,LOCAL,0.00,172.37,0.00,172.45,5,5.27,CLOUD,2
2026-04-20 12:23:40,64,LOCAL,0.00,197.55,0.00,197.72,5,5.31,CLOUD,2
2026-04-20 12:23:40,65,LOCAL,0.00,169.63,0.00,169.80,5,5.34,CLOUD,2
2026-04-20 12:23:41,66,LOCAL,0.00,134.39,0.00,134.49,5,5.38,,0
2026-04-20 12:23:41,67,LOCAL,0.00,159.19,0.00,159.26,5,5.39,,0
2026-04-20 12:23:41,68,LOCAL,0.00,260.88,0.00,260.96,5,5.31,,0
2026-04-20 12:23:41,69,CLOUD,14.13,3104.72,146.57,3265.84,6,3.38,,0
2026-04-20 12:23:44,70,CLOUD,27.29,4307.54,95.83,4431.06,6,2.25,LOCAL,1
2026-04-20 12:23:49,71,CLOUD,24.27,3672.67,96.62,3793.95,6,1.76,,0
2026-04-20 12:23:53,72,CLOUD,43.58,3049.14,102.92,3196.12,6,1.49,LOCAL,2
2026-04-20 12:23:56,73,CLOUD,29.92,5559.17,122.56,5712.07,6,1.16,,0
2026-04-20 12:24:02,74,CLOUD,30.04,6701.24,149.68,6881.35,6,0.91,LOCAL,1
2026-04-20 12:24:08,75,LOCAL,0.00,275.17,0.00,275.26,5,0.91,,0
2026-04-20 12:24:09,76,LOCAL,0.00,194.37,0.00,194.44,5,0.91,,0
2026-04-20 12:24:09,77,LOCAL,0.00,189.11,0.00,189.17,5,0.91,,0
2026-04-20 12:24:09,78,LOCAL,0.00,188.67,0.00,188.73,5,0.91,,0
2026-04-20 12:24:09,79,LOCAL,0.00,155.95,0.00,156.01,5,0.91,CLOUD,1
2026-04-20 12:24:10,80,LOCAL,0.00,205.67,0.00,205.74,5,0.91,CLOUD,1
2026-04-20 12:24:10,81,LOCAL,0.00,119.92,0.00,119.99,5,0.91,CLOUD,1
2026-04-20 12:24:10,82,LOCAL,0.00,195.96,0.00,196.04,5,0.91,CLOUD,1
2026-04-20 12:24:10,83,LOCAL,0.00,181.44,0.00,181.50,5,0.91,CLOUD,1
2026-04-20 12:24:10,84,LOCAL,0.00,164.71,0.00,164.77,5,0.91,CLOUD,1
2026-04-20 12:24:10,85,LOCAL,0.00,195.53,0.00,195.60,5,0.91,CLOUD,1
2026-04-20 12:24:11,86,LOCAL,0.00,225.53,0.00,225.76,5,0.91,CLOUD,1
2026-04-20 12:24:11,87,LOCAL,0.00,177.07,0.00,177.18,5,0.91,CLOUD,1
2026-04-20 12:24:11,88,LOCAL,0.00,190.32,0.00,190.39,5,0.91,CLOUD,1
2026-04-20 12:24:11,89,LOCAL,0.00,213.38,0.00,213.45,5,0.91,CLOUD,1
2026-04-20 12:24:11,90,LOCAL,0.00,154.40,0.00,154.47,5,0.91,CLOUD,2
2026-04-20 12:24:12,91,LOCAL,0.00,168.78,0.00,168.85,5,0.91,CLOUD,2
2026-04-20 12:24:12,92,LOCAL,0.00,181.81,0.00,181.88,5,0.91,CLOUD,2
2026-04-20 12:24:12,93,LOCAL,0.00,179.91,0.00,179.98,5,0.91,CLOUD,2
2026-04-20 12:24:12,94,LOCAL,0.00,149.38,0.00,149.44,5,0.91,CLOUD,2
2026-04-20 12:24:12,95,LOCAL,0.00,167.53,0.00,167.59,5,0.91,CLOUD,2
2026-04-20 12:24:13,96,LOCAL,0.00,153.98,0.00,154.04,5,0.91,CLOUD,2
2026-04-20 12:24:13,97,LOCAL,0.00,142.79,0.00,142.86,5,0.91,CLOUD,2
2026-04-20 12:24:13,98,LOCAL,0.00,171.61,0.00,171.68,5,1.01,CLOUD,2
2026-04-20 12:24:13,99,LOCAL,0.00,212.51,0.00,212.57,5,1.19,CLOUD,2
2026-04-20 12:24:13,100,LOCAL,0.00,177.19,0.00,177.26,5,1.40,CLOUD,2
2026-04-20 12:24:13,101,LOCAL,0.00,216.61,0.00,216.69,5,1.63,,0
2026-04-20 12:24:14,102,CLOUD,33.16,5540.70,126.13,5700.40,6,1.63,,0
2026-04-20 12:24:19,103,CLOUD,13.59,3367.37,88.16,3469.51,6,2.02,,0
2026-04-20 12:24:23,104,CLOUD,23.59,4159.80,108.29,4292.10,6,1.58,LOCAL,2
2026-04-20 12:24:27,105,LOCAL,0.00,252.81,0.00,252.90,5,1.57,CLOUD,1
2026-04-20 12:24:27,106,LOCAL,0.00,186.16,0.00,186.22,5,1.57,CLOUD,1
2026-04-20 12:24:28,107,LOCAL,0.00,280.85,0.00,280.93,5,1.57,CLOUD,1
2026-04-20 12:24:28,108,LOCAL,0.00,187.31,0.00,187.38,5,1.56,CLOUD,2
2026-04-20 12:24:28,109,LOCAL,0.00,182.21,0.00,182.27,5,1.56,CLOUD,2
2026-04-20 12:24:28,110,LOCAL,0.00,158.56,0.00,158.68,5,1.56,CLOUD,2
2026-04-20 12:24:29,111,LOCAL,0.00,169.40,0.00,169.50,5,1.56,CLOUD,2
2026-04-20 12:24:29,112,LOCAL,0.00,150.16,0.00,150.23,5,1.56,CLOUD,2
2026-04-20 12:24:29,113,LOCAL,0.00,133.90,0.00,133.96,5,1.56,CLOUD,2
2026-04-20 12:24:29,114,LOCAL,0.00,182.30,0.00,182.36,5,1.57,CLOUD,2
2026-04-20 12:24:29,115,LOCAL,0.00,167.54,0.00,167.60,5,1.57,CLOUD,2
2026-04-20 12:24:29,116,LOCAL,0.00,159.33,0.00,159.40,5,1.57,CLOUD,2
2026-04-20 12:24:30,117,LOCAL,0.00,180.43,0.00,180.49,5,1.57,CLOUD,2
2026-04-20 12:24:30,118,LOCAL,0.00,192.25,0.00,192.31,5,1.57,CLOUD,2
2026-04-20 12:24:30,119,LOCAL,0.00,193.97,0.00,194.07,5,1.57,,0
2026-04-20 12:24:30,120,CLOUD,15.44,4880.36,173.16,5069.42,6,1.24,,0
2026-04-20 12:24:35,121,CLOUD,22.07,3301.44,106.20,3430.18,6,1.09,LOCAL,2
2026-04-20 12:24:39,122,LOCAL,0.00,245.58,0.00,245.66,5,1.09,,0
2026-04-20 12:24:39,123,LOCAL,0.00,198.18,0.00,198.24,5,1.08,,0
2026-04-20 12:24:39,124,LOCAL,0.00,195.42,0.00,195.48,5,1.08,,0
2026-04-20 12:24:39,125,LOCAL,0.00,189.43,0.00,189.50,5,1.08,,0
2026-04-20 12:24:40,126,LOCAL,0.00,137.63,0.00,137.74,5,1.08,,0
2026-04-20 12:24:40,127,LOCAL,0.00,163.84,0.00,163.91,5,1.08,,0
2026-04-20 12:24:40,128,LOCAL,0.00,197.05,0.00,197.11,5,1.08,,0
2026-04-20 12:24:40,129,LOCAL,0.00,189.34,0.00,189.40,5,1.08,,0
2026-04-20 12:24:40,130,LOCAL,0.00,165.82,0.00,165.88,5,1.08,,0
2026-04-20 12:24:40,131,LOCAL,0.00,172.48,0.00,172.54,5,1.37,CLOUD,1
2026-04-20 12:24:41,132,LOCAL,0.00,193.96,0.00,194.02,5,1.62,CLOUD,1
2026-04-20 12:24:41,133,LOCAL,0.00,179.64,0.00,179.80,5,2.10,CLOUD,1
2026-04-20 12:24:41,134,LOCAL,0.00,170.49,0.00,170.55,5,2.11,CLOUD,1
2026-04-20 12:24:41,135,LOCAL,0.00,174.17,0.00,174.24,5,2.12,CLOUD,1
2026-04-20 12:24:41,136,LOCAL,0.00,263.27,0.00,263.38,5,2.12,CLOUD,1
2026-04-20 12:24:42,137,LOCAL,0.00,180.46,0.00,180.53,5,2.12,CLOUD,1
2026-04-20 12:24:42,138,LOCAL,0.00,181.65,0.00,181.71,5,2.12,CLOUD,1
2026-04-20 12:24:42,139,LOCAL,0.00,206.56,0.00,206.62,5,2.11,CLOUD,1
2026-04-20 12:24:42,140,LOCAL,0.00,180.27,0.00,180.35,5,2.11,CLOUD,1
2026-04-20 12:24:42,141,LOCAL,0.00,206.14,0.00,206.21,5,2.11,CLOUD,2
2026-04-20 12:24:43,142,LOCAL,0.00,172.06,0.00,172.12,5,2.10,CLOUD,2
2026-04-20 12:24:43,143,LOCAL,0.00,162.13,0.00,162.20,5,2.11,CLOUD,2
2026-04-20 12:24:43,144,LOCAL,0.00,180.23,0.00,180.30,5,2.10,CLOUD,2
2026-04-20 12:24:43,145,LOCAL,0.00,184.34,0.00,184.40,5,2.10,CLOUD,2
2026-04-20 12:24:43,146,LOCAL,0.00,195.47,0.00,195.54,5,2.10,CLOUD,2
2026-04-20 12:24:44,147,LOCAL,0.00,205.06,0.00,205.13,5,2.10,CLOUD,2
2026-04-20 12:24:44,148,LOCAL,0.00,191.72,0.00,191.79,5,2.10,CLOUD,2
2026-04-20 12:24:44,149,LOCAL,0.00,150.13,0.00,150.20,5,3.26,CLOUD,2
2026-04-20 12:24:44,150,LOCAL,0.00,163.49,0.00,163.57,5,5.15,CLOUD,2
2026-04-20 12:24:44,151,LOCAL,0.00,183.93,0.00,184.00,5,5.22,CLOUD,2
2026-04-20 12:24:44,152,LOCAL,0.00,198.90,0.00,199.02,5,5.23,,0
2026-04-20 12:24:45,153,CLOUD,28.34,3580.77,110.68,3720.18,6,3.20,,0
2026-04-20 12:24:48,154,CLOUD,41.88,4186.52,110.52,4339.34,6,2.19,,0
2026-04-20 12:24:53,155,CLOUD,15.73,3927.57,73.02,4016.72,6,1.70,,0
2026-04-20 12:24:57,156,CLOUD,14.07,3300.67,115.49,3430.62,6,1.42,LOCAL,2
2026-04-20 12:25:00,157,CLOUD,25.68,4615.78,100.98,4742.82,6,1.16,,0
2026-04-20 12:25:05,158,CLOUD,27.70,4905.18,109.66,5042.94,6,0.97,,0
2026-04-20 12:25:10,159,CLOUD,26.37,3340.63,113.16,3480.61,6,0.88,LOCAL,2
2026-04-20 12:25:14,160,CLOUD,27.86,3306.48,97.69,3432.53,6,0.80,,0
2026-04-20 12:25:17,161,CLOUD,21.55,4222.42,101.42,4345.79,6,0.72,,0
2026-04-20 12:25:21,162,CLOUD,37.40,3807.45,95.86,3941.15,6,0.65,,0
2026-04-20 12:25:25,163,CLOUD,25.69,3398.94,99.05,3524.10,6,0.61,,0
2026-04-20 12:25:29,164,CLOUD,13.47,4589.34,113.51,4716.80,6,0.56,,0
2026-04-20 12:25:34,165,CLOUD,14.85,4967.02,103.53,5085.91,6,0.51,LOCAL,1
2026-04-20 12:25:39,166,CLOUD,25.58,4136.85,111.58,4274.47,6,0.47,,0
2026-04-20 12:25:43,167,CLOUD,36.06,4154.06,107.96,4298.55,6,0.44,LOCAL,1
2026-04-20 12:25:47,168,LOCAL,0.00,317.10,0.00,317.18,5,0.44,CLOUD,1
2026-04-20 12:25:48,169,LOCAL,0.00,208.96,0.00,209.02,5,0.44,CLOUD,1
2026-04-20 12:25:48,170,LOCAL,0.00,188.22,0.00,188.28,5,0.44,CLOUD,1
2026-04-20 12:25:48,171,LOCAL,0.00,174.02,0.00,174.08,5,0.44,CLOUD,1
2026-04-20 12:25:48,172,LOCAL,0.00,160.23,0.00,160.29,5,0.44,CLOUD,1
2026-04-20 12:25:48,173,LOCAL,0.00,163.25,0.00,163.31,5,0.44,CLOUD,1
2026-04-20 12:25:48,174,LOCAL,0.00,146.98,0.00,147.05,5,0.44,CLOUD,1
2026-04-20 12:25:49,175,LOCAL,0.00,176.61,0.00,176.67,5,0.44,CLOUD,1
2026-04-20 12:25:49,176,LOCAL,0.00,181.71,0.00,181.78,5,0.44,CLOUD,1
2026-04-20 12:25:49,177,LOCAL,0.00,176.93,0.00,177.04,5,0.44,CLOUD,1
2026-04-20 12:25:49,178,LOCAL,0.00,190.31,0.00,190.37,5,0.44,CLOUD,2
2026-04-20 12:25:49,179,LOCAL,0.00,170.95,0.00,171.01,5,0.44,CLOUD,2
2026-04-20 12:25:50,180,LOCAL,0.00,191.04,0.00,191.10,5,0.44,CLOUD,2
2026-04-20 12:25:50,181,LOCAL,0.00,185.14,0.00,185.23,5,0.44,CLOUD,2
2026-04-20 12:25:50,182,LOCAL,0.00,238.62,0.00,238.70,5,0.47,CLOUD,2
2026-04-20 12:25:50,183,LOCAL,0.00,184.43,0.00,184.51,5,0.50,CLOUD,2
2026-04-20 12:25:50,184,LOCAL,0.00,174.05,0.00,174.11,5,0.54,CLOUD,2
2026-04-20 12:25:51,185,LOCAL,0.00,177.88,0.00,177.95,5,0.57,CLOUD,2
2026-04-20 12:25:51,186,LOCAL,0.00,165.78,0.00,165.88,5,0.63,CLOUD,2
2026-04-20 12:25:51,187,LOCAL,0.00,159.05,0.00,159.12,5,0.71,CLOUD,2
2026-04-20 12:25:51,188,LOCAL,0.00,178.16,0.00,178.22,5,0.77,CLOUD,2
2026-04-20 12:25:51,189,LOCAL,0.00,205.41,0.00,205.56,5,0.84,,0
2026-04-20 12:25:52,190,CLOUD,45.45,3588.85,115.56,3750.30,6,0.85,,0
2026-04-20 12:25:55,191,CLOUD,32.72,3674.58,92.88,3800.67,6,0.86,,0
2026-04-20 12:25:59,192,CLOUD,15.30,3256.04,81.00,3353.96,6,0.86,,0
2026-04-20 12:26:03,193,CLOUD,15.03,4233.80,129.90,4380.33,6,0.87,LOCAL,1
2026-04-20 12:26:07,194,CLOUD,14.12,3167.44,104.49,3286.47,6,0.92,,0
2026-04-20 12:26:10,195,CLOUD,34.00,3342.98,97.91,3475.35,6,0.94,LOCAL,2
2026-04-20 12:26:14,196,CLOUD,35.31,3533.71,103.78,3673.20,6,0.96,,0
2026-04-20 12:26:17,197,CLOUD,28.93,3118.68,106.58,3254.59,6,0.88,,0
2026-04-20 12:26:21,198,CLOUD,21.60,3472.09,155.55,3649.74,6,0.79,LOCAL,1
2026-04-20 12:26:24,199,CLOUD,23.86,4063.62,95.37,4183.29,6,0.72,,0
2026-04-20 12:26:28,200,LOCAL,0.00,263.37,0.00,263.44,5,0.71,CLOUD,2
2026-04-20 12:26:29,201,LOCAL,0.00,203.86,0.00,203.96,5,0.71,CLOUD,2
2026-04-20 12:26:29,202,LOCAL,0.00,287.71,0.00,287.80,5,0.71,CLOUD,2
2026-04-20 12:26:29,203,LOCAL,0.00,216.81,0.00,216.89,5,0.71,CLOUD,2
2026-04-20 12:26:29,204,LOCAL,0.00,175.20,0.00,175.28,5,0.71,CLOUD,2
2026-04-20 12:26:30,205,LOCAL,0.00,168.42,0.00,168.48,5,0.71,CLOUD,2
2026-04-20 12:26:30,206,LOCAL,0.00,194.12,0.00,194.18,5,0.71,CLOUD,2
2026-04-20 12:26:30,207,LOCAL,0.00,198.27,0.00,198.34,5,0.71,CLOUD,2
2026-04-20 12:26:30,208,LOCAL,0.00,261.94,0.00,262.14,5,0.71,CLOUD,2
2026-04-20 12:26:31,209,LOCAL,0.00,191.41,0.00,191.62,5,0.71,,0
2026-04-20 12:26:31,210,CLOUD,25.95,3930.38,99.29,4068.06,6,0.65,,0
2026-04-20 12:26:35,211,CLOUD,18.01,4650.00,106.40,4774.84,6,0.59,,0
2026-04-20 12:26:40,212,CLOUD,14.47,4606.08,111.02,4732.07,6,0.54,LOCAL,2
2026-04-20 12:26:44,213,CLOUD,23.94,3942.97,98.61,4065.99,6,0.50,LOCAL,1
2026-04-20 12:26:48,214,CLOUD,25.68,3327.88,106.17,3460.14,6,0.47,,0
2026-04-20 12:26:52,215,CLOUD,25.83,3529.35,115.83,3671.52,6,0.45,,0
2026-04-20 12:26:56,216,CLOUD,44.00,3774.42,100.04,3918.87,6,0.42,,0
2026-04-20 12:26:59,217,CLOUD,29.13,3573.23,104.21,3707.01,6,0.40,,0
2026-04-20 12:27:03,218,CLOUD,25.95,3466.17,100.90,3593.41,6,0.39,,0
2026-04-20 12:27:07,219,CLOUD,37.21,4927.49,134.14,5099.42,6,0.38,,0
2026-04-20 12:27:12,220,CLOUD,13.92,3650.16,103.10,3767.57,6,0.38,,0
2026-04-20 12:27:16,221,CLOUD,25.67,3984.50,108.98,4119.56,6,0.38,,0
2026-04-20 12:27:20,222,CLOUD,33.82,3381.33,96.16,3511.79,6,0.38,,0
2026-04-20 12:27:23,223,CLOUD,20.20,5144.43,114.47,5279.53,6,0.37,,0
2026-04-20 12:27:29,224,CLOUD,25.88,7921.23,99.99,8047.53,6,0.35,LOCAL,2
2026-04-20 12:27:37,225,LOCAL,0.00,260.44,0.00,260.51,5,0.36,,0
2026-04-20 12:27:37,226,LOCAL,0.00,203.61,0.00,203.68,5,0.38,,0
2026-04-20 12:27:37,227,LOCAL,0.00,130.01,0.00,130.07,5,0.40,,0
2026-04-20 12:27:37,228,LOCAL,0.00,164.84,0.00,164.91,5,0.42,,0
2026-04-20 12:27:37,229,LOCAL,0.00,157.11,0.00,157.18,5,0.42,,0
2026-04-20 12:27:38,230,LOCAL,0.00,153.68,0.00,153.74,5,0.42,,0
2026-04-20 12:27:38,231,LOCAL,0.00,186.20,0.00,186.26,5,0.42,,0
2026-04-20 12:27:38,232,LOCAL,0.00,175.24,0.00,175.31,5,0.42,,0
2026-04-20 12:27:38,233,LOCAL,0.00,146.98,0.00,147.05,5,0.42,,0
2026-04-20 12:27:38,234,LOCAL,0.00,216.65,0.00,216.76,5,0.42,,0
2026-04-20 12:27:39,235,LOCAL,0.00,186.75,0.00,186.82,5,0.42,,0
2026-04-20 12:27:39,236,LOCAL,0.00,159.42,0.00,159.49,5,0.42,,0
2026-04-20 12:27:39,237,LOCAL,0.00,178.61,0.00,178.67,5,0.42,,0
2026-04-20 12:27:39,238,LOCAL,0.00,176.09,0.00,176.16,5,0.42,CLOUD,1
2026-04-20 12:27:39,239,LOCAL,0.00,186.76,0.00,186.83,5,0.45,CLOUD,1
2026-04-20 12:27:40,240,LOCAL,0.00,161.19,0.00,161.27,5,0.48,CLOUD,1
2026-04-20 12:27:40,241,LOCAL,0.00,184.41,0.00,184.49,5,0.52,CLOUD,1
2026-04-20 12:27:40,242,LOCAL,0.00,190.36,0.00,190.42,5,0.56,CLOUD,1
2026-04-20 12:27:40,243,LOCAL,0.00,182.97,0.00,183.03,5,0.60,CLOUD,1
2026-04-20 12:27:40,244,LOCAL,0.00,167.13,0.00,167.19,5,0.65,CLOUD,1
2026-04-20 12:27:40,245,LOCAL,0.00,123.74,0.00,123.81,5,0.71,CLOUD,1
2026-04-20 12:27:41,246,LOCAL,0.00,172.85,0.00,172.91,5,0.77,CLOUD,1
2026-04-20 12:27:41,247,LOCAL,0.00,208.32,0.00,208.38,5,0.85,CLOUD,1
2026-04-20 12:27:41,248,LOCAL,0.00,209.86,0.00,209.96,5,0.99,CLOUD,1
2026-04-20 12:27:41,249,LOCAL,0.00,172.67,0.00,172.75,5,1.13,CLOUD,2
2026-04-20 12:27:41,250,LOCAL,0.00,160.35,0.00,160.41,5,1.33,CLOUD,2
2026-04-20 12:27:42,251,LOCAL,0.00,260.31,0.00,260.40,5,1.56,CLOUD,2
2026-04-20 12:27:42,252,LOCAL,0.00,195.81,0.00,195.89,5,2.16,CLOUD,2
2026-04-20 12:27:42,253,LOCAL,0.00,185.77,0.00,185.85,5,5.20,CLOUD,2
2026-04-20 12:27:42,254,LOCAL,0.00,199.03,0.00,199.09,5,5.27,CLOUD,2
2026-04-20 12:27:42,255,LOCAL,0.00,206.79,0.00,206.87,5,5.27,CLOUD,2
2026-04-20 12:27:43,256,LOCAL,0.00,163.46,0.00,163.52,5,5.24,CLOUD,2
2026-04-20 12:27:43,257,LOCAL,0.00,174.21,0.00,174.27,5,5.23,CLOUD,2
2026-04-20 12:27:43,258,LOCAL,0.00,170.07,0.00,170.14,5,5.21,CLOUD,2
2026-04-20 12:27:43,259,LOCAL,0.00,154.41,0.00,154.48,5,5.21,,0
2026-04-20 12:27:43,260,LOCAL,0.00,178.13,0.00,178.19,5,5.23,,0
2026-04-20 12:27:44,261,LOCAL,0.00,192.93,0.00,193.01,5,5.20,,0
2026-04-20 12:27:44,262,CLOUD,29.82,3922.09,109.32,4061.63,6,3.06,,0
2026-04-20 12:27:48,263,CLOUD,43.06,3985.71,125.70,4154.87,6,2.16,,0
2026-04-20 12:27:52,264,CLOUD,25.88,7395.80,104.35,7526.44,6,1.40,,0
2026-04-20 12:28:00,265,CLOUD,31.92,4039.75,111.84,4183.91,6,1.17,LOCAL,2
2026-04-20 12:28:04,266,LOCAL,0.00,227.96,0.00,228.05,5,1.17,,0
2026-04-20 12:28:04,267,LOCAL,0.00,180.11,0.00,180.18,5,1.17,,0
2026-04-20 12:28:04,268,LOCAL,0.00,197.68,0.00,197.74,5,1.17,,0
2026-04-20 12:28:04,269,LOCAL,0.00,170.40,0.00,170.46,5,1.17,,0
2026-04-20 12:28:04,270,LOCAL,0.00,201.93,0.00,201.99,5,1.17,,0
2026-04-20 12:28:05,271,LOCAL,0.00,165.99,0.00,166.06,5,1.17,,0
2026-04-20 12:28:05,272,LOCAL,0.00,174.61,0.00,174.68,5,1.17,,0
2026-04-20 12:28:05,273,LOCAL,0.00,176.76,0.00,176.82,5,1.17,,0
2026-04-20 12:28:05,274,LOCAL,0.00,169.80,0.00,169.87,5,1.17,,0
2026-04-20 12:28:05,275,LOCAL,0.00,171.78,0.00,171.85,5,1.17,,0
2026-04-20 12:28:06,276,LOCAL,0.00,166.60,0.00,166.66,5,1.17,,0
2026-04-20 12:28:06,277,LOCAL,0.00,157.90,0.00,157.95,5,1.17,,0
2026-04-20 12:28:06,278,LOCAL,0.00,164.84,0.00,164.91,5,1.17,,0
2026-04-20 12:28:06,279,LOCAL,0.00,267.12,0.00,267.20,5,1.17,,0
2026-04-20 12:28:06,280,LOCAL,0.00,202.95,0.00,203.03,5,1.17,CLOUD,1
2026-04-20 12:28:07,281,LOCAL,0.00,162.38,0.00,162.46,5,1.17,CLOUD,1
2026-04-20 12:28:07,282,LOCAL,0.00,192.77,0.00,192.83,5,1.17,CLOUD,1
2026-04-20 12:28:07,283,LOCAL,0.00,134.52,0.00,134.59,5,1.17,CLOUD,1
2026-04-20 12:28:07,284,LOCAL,0.00,164.29,0.00,164.37,5,1.18,CLOUD,1
2026-04-20 12:28:07,285,LOCAL,0.00,180.46,0.00,180.52,5,1.17,CLOUD,1
2026-04-20 12:28:08,286,LOCAL,0.00,153.19,0.00,153.30,5,1.18,CLOUD,1
2026-04-20 12:28:08,287,LOCAL,0.00,184.78,0.00,184.85,5,1.18,CLOUD,1
2026-04-20 12:28:08,288,LOCAL,0.00,172.34,0.00,172.40,5,1.17,CLOUD,1
2026-04-20 12:28:08,289,LOCAL,0.00,149.74,0.00,149.79,5,1.18,CLOUD,1
2026-04-20 12:28:08,290,LOCAL,0.00,174.31,0.00,174.37,5,1.18,CLOUD,1
2026-04-20 12:28:08,291,LOCAL,0.00,164.57,0.00,164.63,5,1.40,CLOUD,2
2026-04-20 12:28:09,292,LOCAL,0.00,165.58,0.00,165.64,5,1.73,CLOUD,2
2026-04-20 12:28:09,293,LOCAL,0.00,177.94,0.00,178.00,5,3.09,CLOUD,2
2026-04-20 12:28:09,294,LOCAL,0.00,163.51,0.00,163.58,5,5.40,CLOUD,2
2026-04-20 12:28:09,295,LOCAL,0.00,194.18,0.00,194.24,5,5.43,CLOUD,2
2026-04-20 12:28:09,296,LOCAL,0.00,156.77,0.00,156.87,5,5.46,CLOUD,2
2026-04-20 12:28:09,297,LOCAL,0.00,222.33,0.00,222.42,5,5.43,CLOUD,2
2026-04-20 12:28:10,298,LOCAL,0.00,184.15,0.00,184.26,5,5.42,CLOUD,2
2026-04-20 12:28:10,299,LOCAL,0.00,163.07,0.00,163.17,5,5.44,CLOUD,2
2026-04-20 12:28:10,300,LOCAL,0.00,177.94,0.00,178.06,5,5.45,CLOUD,2
2026-04-20 12:28:10,301,LOCAL,0.00,170.81,0.00,170.88,5,5.47,CLOUD,2
2026-04-20 12:28:10,302,LOCAL,0.00,171.13,0.00,171.19,5,5.47,,0
2026-04-20 12:28:11,303,LOCAL,0.00,169.31,0.00,169.40,5,5.47,,0
2026-04-20 12:28:11,304,LOCAL,0.00,191.65,0.00,191.72,5,5.47,,0
2026-04-20 12:28:11,305,LOCAL,0.00,181.30,0.00,181.36,5,5.47,,0
2026-04-20 12:28:11,306,LOCAL,0.00,170.28,0.00,170.35,5,5.46,,0
2026-04-20 12:28:11,307,LOCAL,0.00,182.11,0.00,182.18,5,5.45,,0
2026-04-20 12:28:11,308,LOCAL,0.00,178.24,0.00,178.30,5,5.55,,0
2026-04-20 12:28:12,309,LOCAL,0.00,176.72,0.00,176.79,5,5.57,,0
2026-04-20 12:28:12,310,LOCAL,0.00,173.33,0.00,173.40,5,5.54,,0
2026-04-20 12:28:12,311,LOCAL,0.00,198.58,0.00,198.65,5,5.53,,0
2026-04-20 12:28:12,312,LOCAL,0.00,191.70,0.00,191.81,5,5.48,,0
2026-04-20 12:28:12,313,LOCAL,0.00,169.10,0.00,169.16,5,5.48,,0
2026-04-20 12:28:13,314,LOCAL,0.00,262.99,0.00,263.09,5,5.40,,0
2026-04-20 12:28:13,315,LOCAL,0.00,201.10,0.00,201.18,5,5.35,,0
2026-04-20 12:28:13,316,LOCAL,0.00,196.98,0.00,197.05,5,5.34,,0
2026-04-20 12:28:13,317,LOCAL,0.00,184.32,0.00,184.39,5,5.31,,0
2026-04-20 12:28:14,318,LOCAL,0.00,196.15,0.00,196.21,5,5.25,,0
2026-04-20 12:28:14,319,LOCAL,0.00,195.32,0.00,195.39,5,5.22,,0
2026-04-20 12:28:14,320,LOCAL,0.00,188.20,0.00,188.26,5,5.20,,0
2026-04-20 12:28:14,321,LOCAL,0.00,171.18,0.00,171.24,5,5.18,,0
2026-04-20 12:28:14,322,LOCAL,0.00,189.37,0.00,189.43,5,5.16,,0
2026-04-20 12:28:15,323,LOCAL,0.00,187.35,0.00,187.42,5,5.13,CLOUD,1
2026-04-20 12:28:15,324,LOCAL,0.00,158.52,0.00,158.60,5,5.17,CLOUD,1
2026-04-20 12:28:15,325,LOCAL,0.00,176.15,0.00,176.21,5,5.14,CLOUD,1
2026-04-20 12:28:15,326,LOCAL,0.00,187.42,0.00,187.48,5,5.17,CLOUD,1
2026-04-20 12:28:15,327,LOCAL,0.00,185.32,0.00,185.39,5,5.18,CLOUD,1
2026-04-20 12:28:15,328,LOCAL,0.00,202.00,0.00,202.06,5,5.15,CLOUD,1
2026-04-20 12:28:16,329,LOCAL,0.00,196.04,0.00,196.11,5,5.14,CLOUD,1
2026-04-20 12:28:16,330,LOCAL,0.00,259.94,0.00,260.03,5,5.06,CLOUD,1
2026-04-20 12:28:16,331,LOCAL,0.00,213.00,0.00,213.07,5,5.02,CLOUD,1
2026-04-20 12:28:16,332,LOCAL,0.00,154.25,0.00,154.31,5,5.04,CLOUD,1
2026-04-20 12:28:16,333,LOCAL,0.00,145.50,0.00,145.56,5,5.08,CLOUD,2
2026-04-20 12:28:17,334,LOCAL,0.00,151.38,0.00,151.45,5,5.10,CLOUD,2
2026-04-20 12:28:17,335,LOCAL,0.00,146.05,0.00,146.11,5,5.11,CLOUD,2
2026-04-20 12:28:17,336,LOCAL,0.00,173.25,0.00,173.31,5,5.12,CLOUD,2
2026-04-20 12:28:17,337,LOCAL,0.00,174.44,0.00,174.50,5,5.11,CLOUD,2
2026-04-20 12:28:17,338,LOCAL,0.00,137.64,0.00,137.71,5,5.15,CLOUD,2
2026-04-20 12:28:17,339,LOCAL,0.00,143.02,0.00,143.09,5,5.19,CLOUD,2
2026-04-20 12:28:18,340,LOCAL,0.00,121.01,0.00,121.07,5,5.26,CLOUD,2
2026-04-20 12:28:18,341,LOCAL,0.00,135.53,0.00,135.59,5,5.33,CLOUD,2
2026-04-20 12:28:18,342,LOCAL,0.00,131.73,0.00,131.80,5,5.36,CLOUD,2
2026-04-20 12:28:18,343,LOCAL,0.00,178.66,0.00,178.73,5,5.44,CLOUD,2
2026-04-20 12:28:18,344,LOCAL,0.00,172.59,0.00,172.65,5,5.47,CLOUD,2
2026-04-20 12:28:18,345,LOCAL,0.00,277.05,0.00,277.16,5,5.39,CLOUD,2
2026-04-20 12:28:19,346,CLOUD,15.74,4173.71,107.36,4297.19,6,3.05,,0
2026-04-20 12:28:23,347,CLOUD,17.52,5327.32,120.99,5466.24,6,1.96,LOCAL,1
2026-04-20 12:28:28,348,LOCAL,0.00,258.63,0.00,258.70,5,1.96,,0
2026-04-20 12:28:29,349,LOCAL,0.00,182.49,0.00,182.56,5,1.95,,0
2026-04-20 12:28:29,350,LOCAL,0.00,181.40,0.00,181.47,5,1.96,,0
2026-04-20 12:28:29,351,LOCAL,0.00,171.53,0.00,171.59,5,1.96,,0
2026-04-20 12:28:29,352,LOCAL,0.00,185.57,0.00,185.64,5,1.96,,0
2026-04-20 12:28:30,353,LOCAL,0.00,226.68,0.00,226.73,5,1.95,,0
2026-04-20 12:28:30,354,LOCAL,0.00,285.16,0.00,285.25,5,1.93,,0
2026-04-20 12:28:30,355,LOCAL,0.00,217.62,0.00,217.70,5,1.93,,0
2026-04-20 12:28:30,356,LOCAL,0.00,186.84,0.00,186.91,5,1.93,,0
2026-04-20 12:28:31,357,LOCAL,0.00,173.85,0.00,173.91,5,1.93,,0
2026-04-20 12:28:31,358,LOCAL,0.00,163.52,0.00,163.60,5,1.93,,0
2026-04-20 12:28:31,359,LOCAL,0.00,178.97,0.00,179.04,5,1.95,,0
2026-04-20 12:28:31,360,LOCAL,0.00,188.29,0.00,188.36,5,1.95,CLOUD,1
2026-04-20 12:28:31,361,LOCAL,0.00,217.22,0.00,217.29,5,1.94,CLOUD,1
2026-04-20 12:28:31,362,LOCAL,0.00,196.48,0.00,196.54,5,1.93,CLOUD,1
2026-04-20 12:28:32,363,LOCAL,0.00,178.79,0.00,178.87,5,1.93,CLOUD,1
2026-04-20 12:28:32,364,LOCAL,0.00,179.43,0.00,179.49,5,1.93,CLOUD,1
2026-04-20 12:28:32,365,LOCAL,0.00,182.80,0.00,182.86,5,1.92,CLOUD,1
2026-04-20 12:28:32,366,LOCAL,0.00,180.93,0.00,181.00,5,1.92,CLOUD,1
2026-04-20 12:28:32,367,LOCAL,0.00,152.22,0.00,152.28,5,1.92,CLOUD,1
2026-04-20 12:28:33,368,LOCAL,0.00,172.70,0.00,172.76,5,1.92,CLOUD,1
2026-04-20 12:28:33,369,LOCAL,0.00,169.75,0.00,169.82,5,1.91,CLOUD,1
2026-04-20 12:28:33,370,LOCAL,0.00,175.81,0.00,175.88,5,1.91,CLOUD,1
2026-04-20 12:28:33,371,LOCAL,0.00,343.72,0.00,343.80,5,1.88,CLOUD,2
2026-04-20 12:28:33,372,LOCAL,0.00,195.64,0.00,195.71,5,1.88,CLOUD,2
2026-04-20 12:28:34,373,LOCAL,0.00,190.52,0.00,190.58,5,1.87,CLOUD,2
2026-04-20 12:28:34,374,LOCAL,0.00,181.06,0.00,181.12,5,1.89,CLOUD,2
2026-04-20 12:28:34,375,LOCAL,0.00,194.40,0.00,194.46,5,2.58,CLOUD,2
2026-04-20 12:28:34,376,LOCAL,0.00,186.78,0.00,186.85,5,4.86,CLOUD,2
2026-04-20 12:28:34,377,LOCAL,0.00,165.35,0.00,165.41,5,4.94,CLOUD,2
2026-04-20 12:28:35,378,LOCAL,0.00,183.10,0.00,183.16,5,4.96,CLOUD,2
2026-04-20 12:28:35,379,LOCAL,0.00,196.32,0.00,196.38,5,4.95,CLOUD,2
2026-04-20 12:28:35,380,LOCAL,0.00,165.85,0.00,165.94,5,4.96,,0
2026-04-20 12:28:35,381,LOCAL,0.00,202.50,0.00,202.66,5,4.90,,0
2026-04-20 12:28:35,382,CLOUD,28.05,5855.22,102.69,5986.41,6,2.49,,0
2026-04-20 12:28:41,383,CLOUD,25.59,5175.44,107.53,5325.95,6,1.74,,0
2026-04-20 12:28:47,384,CLOUD,14.27,3736.55,112.45,3863.75,6,1.43,,0
2026-04-20 12:28:51,385,CLOUD,29.37,3790.04,118.10,3937.97,6,1.20,LOCAL,1
2026-04-20 12:28:55,386,CLOUD,24.78,4165.41,107.81,4298.40,6,1.03,,0
2026-04-20 12:28:59,387,CLOUD,30.15,4101.57,94.65,4226.83,6,0.90,,0
2026-04-20 12:29:03,388,CLOUD,13.47,4093.73,104.52,4212.11,6,0.80,,0
2026-04-20 12:29:07,389,CLOUD,14.62,3884.75,114.82,4014.83,6,0.72,,0
2026-04-20 12:29:11,390,CLOUD,25.56,4373.69,93.28,4492.94,6,0.65,,0
2026-04-20 12:29:16,391,CLOUD,13.84,5154.86,131.75,5301.10,6,0.59,,0
2026-04-20 12:29:21,392,CLOUD,25.83,4005.19,131.68,4163.10,6,0.54,LOCAL,1
2026-04-20 12:29:25,393,LOCAL,0.00,249.78,0.00,249.86,5,0.54,,0
2026-04-20 12:29:26,394,LOCAL,0.00,174.55,0.00,174.61,5,0.54,,0
2026-04-20 12:29:26,395,LOCAL,0.00,192.12,0.00,192.19,5,0.54,CLOUD,1
2026-04-20 12:29:26,396,LOCAL,0.00,200.81,0.00,200.88,5,0.54,CLOUD,1
2026-04-20 12:29:26,397,LOCAL,0.00,178.53,0.00,178.59,5,0.54,CLOUD,1
2026-04-20 12:29:26,398,LOCAL,0.00,192.23,0.00,192.29,5,0.54,CLOUD,1
2026-04-20 12:29:27,399,LOCAL,0.00,154.19,0.00,154.26,5,0.54,CLOUD,1
2026-04-20 12:29:27,400,LOCAL,0.00,151.94,0.00,152.00,5,0.54,CLOUD,1
2026-04-20 12:29:27,401,LOCAL,0.00,170.45,0.00,170.51,5,0.54,CLOUD,1
2026-04-20 12:29:27,402,LOCAL,0.00,174.26,0.00,174.32,5,0.54,CLOUD,1
2026-04-20 12:29:27,403,LOCAL,0.00,182.07,0.00,182.13,5,0.54,CLOUD,1
2026-04-20 12:29:28,404,LOCAL,0.00,260.58,0.00,260.67,5,0.54,CLOUD,1
2026-04-20 12:29:28,405,LOCAL,0.00,206.60,0.00,206.67,5,0.54,CLOUD,2
2026-04-20 12:29:28,406,LOCAL,0.00,200.68,0.00,200.74,5,0.54,CLOUD,2
2026-04-20 12:29:28,407,LOCAL,0.00,181.26,0.00,181.33,5,0.54,CLOUD,2
2026-04-20 12:29:28,408,LOCAL,0.00,181.48,0.00,181.59,5,0.54,CLOUD,2
2026-04-20 12:29:29,409,LOCAL,0.00,156.81,0.00,156.87,5,0.54,CLOUD,2
2026-04-20 12:29:29,410,LOCAL,0.00,177.08,0.00,177.15,5,0.54,CLOUD,2
2026-04-20 12:29:29,411,LOCAL,0.00,169.17,0.00,169.24,5,0.61,CLOUD,2
2026-04-20 12:29:29,412,LOCAL,0.00,162.14,0.00,162.22,5,0.68,CLOUD,2
2026-04-20 12:29:29,413,LOCAL,0.00,182.59,0.00,182.65,5,0.75,CLOUD,2
2026-04-20 12:29:29,414,LOCAL,0.00,148.14,0.00,148.22,5,0.83,CLOUD,2
2026-04-20 12:29:30,415,LOCAL,0.00,169.86,0.00,169.91,5,0.94,CLOUD,2
2026-04-20 12:29:30,416,LOCAL,0.00,182.71,0.00,182.76,5,1.08,,0
2026-04-20 12:29:30,417,LOCAL,0.00,194.39,0.00,194.44,5,1.27,,0
2026-04-20 12:29:30,418,LOCAL,0.00,221.06,0.00,221.14,5,1.52,,0
2026-04-20 12:29:30,419,CLOUD,47.06,13038.39,95.58,13181.97,6,1.05,,0
2026-04-20 12:29:44,420,CLOUD,27.18,5235.98,105.85,5369.43,6,1.04,,0
2026-04-20 12:29:49,421,CLOUD,41.57,3934.87,110.61,4087.46,6,1.05,,0
2026-04-20 12:29:53,422,CLOUD,22.08,4310.17,143.11,4475.82,6,0.91,LOCAL,2
2026-04-20 12:29:58,423,LOCAL,0.00,337.68,0.00,337.75,5,0.90,,0
2026-04-20 12:29:58,424,LOCAL,0.00,221.30,0.00,221.36,5,0.90,,0
2026-04-20 12:29:58,425,LOCAL,0.00,188.51,0.00,188.60,5,0.91,,0
2026-04-20 12:29:58,426,LOCAL,0.00,176.48,0.00,176.54,5,0.91,,0
2026-04-20 12:29:59,427,LOCAL,0.00,169.17,0.00,169.24,5,0.91,,0
2026-04-20 12:29:59,428,LOCAL,0.00,163.59,0.00,163.66,5,0.91,,0
2026-04-20 12:29:59,429,LOCAL,0.00,223.22,0.00,223.46,5,0.90,,0
2026-04-20 12:29:59,430,LOCAL,0.00,209.86,0.00,209.97,5,0.90,,0
2026-04-20 12:29:59,431,LOCAL,0.00,171.87,0.00,171.97,5,0.90,,0
2026-04-20 12:30:00,432,LOCAL,0.00,171.17,0.00,171.24,5,0.90,,0
2026-04-20 12:30:00,433,LOCAL,0.00,175.10,0.00,175.18,5,0.90,,0
2026-04-20 12:30:00,434,LOCAL,0.00,174.70,0.00,174.77,5,0.90,,0
2026-04-20 12:30:00,435,LOCAL,0.00,177.91,0.00,177.98,5,0.90,,0
2026-04-20 12:30:00,436,LOCAL,0.00,172.05,0.00,172.12,5,0.90,,0
2026-04-20 12:30:00,437,LOCAL,0.00,165.24,0.00,165.30,5,0.90,,0
2026-04-20 12:30:01,438,LOCAL,0.00,200.78,0.00,200.85,5,0.90,CLOUD,1
2026-04-20 12:30:01,439,LOCAL,0.00,176.99,0.00,177.05,5,0.90,CLOUD,1
2026-04-20 12:30:01,440,LOCAL,0.00,177.49,0.00,177.55,5,0.90,CLOUD,1
2026-04-20 12:30:01,441,LOCAL,0.00,190.83,0.00,190.90,5,0.90,CLOUD,1
2026-04-20 12:30:01,442,LOCAL,0.00,176.79,0.00,176.85,5,0.90,CLOUD,1
2026-04-20 12:30:02,443,LOCAL,0.00,172.66,0.00,172.72,5,0.90,CLOUD,1
2026-04-20 12:30:02,444,LOCAL,0.00,197.22,0.00,197.29,5,0.90,CLOUD,1
2026-04-20 12:30:02,445,LOCAL,0.00,186.30,0.00,186.44,5,0.90,CLOUD,1
2026-04-20 12:30:02,446,LOCAL,0.00,191.30,0.00,191.79,5,0.90,CLOUD,1
2026-04-20 12:30:02,447,LOCAL,0.00,200.93,0.00,201.02,5,0.90,CLOUD,1
2026-04-20 12:30:03,448,LOCAL,0.00,192.35,0.00,192.41,5,1.51,CLOUD,2
2026-04-20 12:30:03,449,LOCAL,0.00,183.73,0.00,183.83,5,2.06,CLOUD,2
2026-04-20 12:30:03,450,LOCAL,0.00,181.53,0.00,181.60,5,2.86,CLOUD,2
2026-04-20 12:30:03,451,LOCAL,0.00,173.30,0.00,173.36,5,4.95,CLOUD,2
2026-04-20 12:30:03,452,LOCAL,0.00,212.89,0.00,212.95,5,5.05,CLOUD,2
2026-04-20 12:30:04,453,LOCAL,0.00,202.25,0.00,202.30,5,5.07,CLOUD,2
2026-04-20 12:30:04,454,LOCAL,0.00,170.11,0.00,170.20,5,5.09,CLOUD,2
2026-04-20 12:30:04,455,LOCAL,0.00,206.59,0.00,206.66,5,5.05,CLOUD,2
2026-04-20 12:30:04,456,LOCAL,0.00,194.30,0.00,194.38,5,5.03,CLOUD,2
2026-04-20 12:30:04,457,LOCAL,0.00,181.58,0.00,181.64,5,5.03,CLOUD,2
2026-04-20 12:30:05,458,LOCAL,0.00,175.43,0.00,175.50,5,5.08,CLOUD,2
2026-04-20 12:30:05,459,LOCAL,0.00,203.19,0.00,203.29,5,5.09,,0
2026-04-20 12:30:05,460,CLOUD,25.76,3660.78,105.93,3792.86,6,3.11,,0
2026-04-20 12:30:09,461,CLOUD,37.55,3803.19,85.78,3926.91,6,2.22,,0
2026-04-20 12:30:13,462,CLOUD,27.36,3926.28,104.81,4058.89,6,1.72,,0
2026-04-20 12:30:17,463,CLOUD,15.18,5224.13,159.31,5399.13,6,1.31,LOCAL,1
2026-04-20 12:30:22,464,CLOUD,18.81,3550.63,126.03,3695.93,6,1.13,,0
2026-04-20 12:30:26,465,CLOUD,13.49,4021.46,89.87,4125.21,6,0.98,,0
2026-04-20 12:30:30,466,CLOUD,23.36,5314.52,106.73,5445.26,6,0.83,LOCAL,1
2026-04-20 12:30:36,467,LOCAL,0.00,241.12,0.00,241.22,5,0.83,,0
2026-04-20 12:30:36,468,LOCAL,0.00,184.94,0.00,185.00,5,0.83,,0
2026-04-20 12:30:36,469,LOCAL,0.00,210.95,0.00,211.01,5,0.83,,0
2026-04-20 12:30:36,470,LOCAL,0.00,182.48,0.00,182.55,5,0.83,,0
2026-04-20 12:30:36,471,LOCAL,0.00,164.71,0.00,164.81,5,0.83,,0
2026-04-20 12:30:37,472,LOCAL,0.00,192.08,0.00,192.15,5,0.83,,0
2026-04-20 12:30:37,473,LOCAL,0.00,169.18,0.00,169.37,5,0.83,,0
2026-04-20 12:30:37,474,LOCAL,0.00,188.07,0.00,188.13,5,0.83,,0
2026-04-20 12:30:37,475,LOCAL,0.00,202.26,0.00,202.32,5,0.83,,0
2026-04-20 12:30:37,476,LOCAL,0.00,187.13,0.00,187.20,5,0.83,,0
2026-04-20 12:30:38,477,LOCAL,0.00,161.87,0.00,161.94,5,0.83,,0
2026-04-20 12:30:38,478,LOCAL,0.00,176.01,0.00,176.07,5,0.83,,0
2026-04-20 12:30:38,479,LOCAL,0.00,167.33,0.00,167.40,5,0.83,,0
2026-04-20 12:30:38,480,LOCAL,0.00,180.95,0.00,181.01,5,0.83,,0
2026-04-20 12:30:38,481,LOCAL,0.00,201.03,0.00,201.09,5,0.83,,0
2026-04-20 12:30:38,482,LOCAL,0.00,239.66,0.00,239.75,5,0.83,,0
2026-04-20 12:30:39,483,LOCAL,0.00,198.51,0.00,198.60,5,0.83,,0
2026-04-20 12:30:39,484,LOCAL,0.00,171.79,0.00,171.85,5,0.83,,0
2026-04-20 12:30:39,485,LOCAL,0.00,181.03,0.00,181.10,5,0.83,,0
2026-04-20 12:30:39,486,LOCAL,0.00,186.72,0.00,186.78,5,0.83,,0
2026-04-20 12:30:39,487,LOCAL,0.00,162.66,0.00,162.73,5,0.83,,0
2026-04-20 12:30:40,488,LOCAL,0.00,185.05,0.00,185.12,5,0.83,CLOUD,1
2026-04-20 12:30:40,489,LOCAL,0.00,175.14,0.00,175.20,5,0.93,CLOUD,1
2026-04-20 12:30:40,490,LOCAL,0.00,187.11,0.00,187.18,5,1.06,CLOUD,1
2026-04-20 12:30:40,491,LOCAL,0.00,214.04,0.00,214.13,5,1.23,CLOUD,1
2026-04-20 12:30:40,492,LOCAL,0.00,195.77,0.00,195.84,5,1.57,CLOUD,1
2026-04-20 12:30:41,493,LOCAL,0.00,177.17,0.00,177.23,5,1.94,CLOUD,1
2026-04-20 12:30:41,494,LOCAL,0.00,212.50,0.00,212.60,5,2.63,CLOUD,1
2026-04-20 12:30:41,495,LOCAL,0.00,194.60,0.00,194.66,5,5.03,CLOUD,1
2026-04-20 12:30:41,496,LOCAL,0.00,170.64,0.00,170.70,5,5.11,CLOUD,1
2026-04-20 12:30:41,497,LOCAL,0.00,169.97,0.00,170.03,5,5.14,CLOUD,1
2026-04-20 12:30:42,498,LOCAL,0.00,195.28,0.00,195.34,5,5.15,CLOUD,2
2026-04-20 12:30:42,499,LOCAL,0.00,173.93,0.00,173.99,5,5.16,CLOUD,2
2026-04-20 12:30:42,500,LOCAL,0.00,192.10,0.00,192.17,5,5.14,CLOUD,2
2026-04-20 12:30:42,501,LOCAL,0.00,200.98,0.00,201.07,5,5.13,CLOUD,2
2026-04-20 12:30:42,502,LOCAL,0.00,196.07,0.00,196.16,5,5.11,CLOUD,2
2026-04-20 12:30:43,503,LOCAL,0.00,166.11,0.00,166.18,5,5.13,CLOUD,2
2026-04-20 12:30:43,504,LOCAL,0.00,203.66,0.00,203.75,5,5.13,CLOUD,2
2026-04-20 12:30:43,505,LOCAL,0.00,213.48,0.00,213.55,5,5.11,CLOUD,2
2026-04-20 12:30:43,506,LOCAL,0.00,173.37,0.00,173.43,5,5.10,CLOUD,2
2026-04-20 12:30:43,507,LOCAL,0.00,172.53,0.00,172.60,5,5.10,CLOUD,2
2026-04-20 12:30:44,508,LOCAL,0.00,166.58,0.00,166.64,5,5.10,CLOUD,2
2026-04-20 12:30:44,509,LOCAL,0.00,155.28,0.00,155.34,5,5.12,,0
2026-04-20 12:30:44,510,LOCAL,0.00,167.61,0.00,167.67,5,5.14,,0
2026-04-20 12:30:44,511,LOCAL,0.00,193.16,0.00,193.23,5,5.18,,0
2026-04-20 12:30:44,512,LOCAL,0.00,179.35,0.00,179.42,5,5.20,,0
2026-04-20 12:30:44,513,LOCAL,0.00,177.89,0.00,177.96,5,5.20,,0
2026-04-20 12:30:45,514,LOCAL,0.00,223.79,0.00,223.85,5,5.16,,0
2026-04-20 12:30:45,515,LOCAL,0.00,185.55,0.00,185.61,5,5.17,,0
2026-04-20 12:30:45,516,LOCAL,0.00,184.73,0.00,188.86,5,5.15,,0
2026-04-20 12:30:45,517,LOCAL,0.00,175.32,0.00,175.38,5,5.16,,0
2026-04-20 12:30:45,518,LOCAL,0.00,206.70,0.00,206.84,5,5.15,,0
2026-04-20 12:30:46,519,LOCAL,0.00,220.09,0.00,220.18,5,5.10,,0
2026-04-20 12:30:46,520,LOCAL,0.00,199.84,0.00,199.90,5,5.13,,0
2026-04-20 12:30:46,521,LOCAL,0.00,165.97,0.00,166.03,5,5.16,,0
2026-04-20 12:30:46,522,LOCAL,0.00,190.63,0.00,190.72,5,5.15,,0
2026-04-20 12:30:46,523,LOCAL,0.00,172.85,0.00,172.91,5,5.20,,0
2026-04-20 12:30:47,524,LOCAL,0.00,172.48,0.00,172.54,5,5.23,,0
2026-04-20 12:30:47,525,LOCAL,0.00,179.04,0.00,179.10,5,5.22,,0
2026-04-20 12:30:47,526,LOCAL,0.00,197.61,0.00,197.67,5,5.19,,0
2026-04-20 12:30:47,527,LOCAL,0.00,162.64,0.00,162.70,5,5.23,,0
2026-04-20 12:30:47,528,LOCAL,0.00,170.52,0.00,170.59,5,5.23,,0
2026-04-20 12:30:48,529,LOCAL,0.00,139.56,0.00,139.63,5,5.28,,0
2026-04-20 12:30:48,530,LOCAL,0.00,132.74,0.00,132.81,5,5.34,,0
2026-04-20 12:30:48,531,LOCAL,0.00,121.71,0.00,121.79,5,5.42,,0
2026-04-20 12:30:48,532,LOCAL,0.00,161.85,0.00,161.92,5,5.42,,0
2026-04-20 12:30:48,533,LOCAL,0.00,129.04,0.00,129.11,5,5.50,,0
2026-04-20 12:30:48,534,LOCAL,0.00,194.89,0.00,194.94,5,5.52,,0
2026-04-20 12:30:48,535,LOCAL,0.00,151.15,0.00,151.22,5,5.53,,0
2026-04-20 12:30:49,536,LOCAL,0.00,223.13,0.00,223.31,5,5.46,,0
2026-04-20 12:30:49,537,LOCAL,0.00,181.31,0.00,181.41,5,5.44,,0
2026-04-20 12:30:49,538,LOCAL,0.00,157.88,0.00,157.95,5,5.43,,0
2026-04-20 12:30:49,539,LOCAL,0.00,173.65,0.00,173.71,5,5.43,,0
2026-04-20 12:30:49,540,LOCAL,0.00,162.30,0.00,162.38,5,5.45,,0
2026-04-20 12:30:50,541,LOCAL,0.00,156.93,0.00,156.99,5,5.49,,0
2026-04-20 12:30:50,542,LOCAL,0.00,218.85,0.00,218.92,5,5.43,CLOUD,1
2026-04-20 12:30:50,543,LOCAL,0.00,170.26,0.00,170.36,5,5.49,CLOUD,1
2026-04-20 12:30:50,544,LOCAL,0.00,182.70,0.00,182.77,5,5.48,CLOUD,1
2026-04-20 12:30:50,545,LOCAL,0.00,157.12,0.00,157.19,5,5.52,CLOUD,1
2026-04-20 12:30:51,546,LOCAL,0.00,150.55,0.00,150.61,5,5.54,CLOUD,1
2026-04-20 12:30:51,547,LOCAL,0.00,179.12,0.00,179.18,5,5.57,CLOUD,1
2026-04-20 12:30:51,548,LOCAL,0.00,186.05,0.00,186.11,5,5.63,CLOUD,1
2026-04-20 12:30:51,549,LOCAL,0.00,202.40,0.00,202.50,5,5.62,CLOUD,1
2026-04-20 12:30:51,550,LOCAL,0.00,183.66,0.00,183.73,5,5.60,CLOUD,1
2026-04-20 12:30:51,551,LOCAL,0.00,175.02,0.00,175.08,5,5.63,CLOUD,1
2026-04-20 12:30:52,552,LOCAL,0.00,188.36,0.00,188.41,5,5.62,CLOUD,1
2026-04-20 12:30:52,553,LOCAL,0.00,142.95,0.00,143.01,5,5.65,CLOUD,2
2026-04-20 12:30:52,554,LOCAL,0.00,164.28,0.00,164.34,5,5.65,CLOUD,2
2026-04-20 12:30:52,555,LOCAL,0.00,197.70,0.00,197.77,5,5.65,CLOUD,2
2026-04-20 12:30:52,556,LOCAL,0.00,179.55,0.00,179.61,5,5.63,CLOUD,2
2026-04-20 12:30:53,557,LOCAL,0.00,159.89,0.00,159.95,5,5.64,CLOUD,2
2026-04-20 12:30:53,558,LOCAL,0.00,179.62,0.00,179.68,5,5.60,CLOUD,2
2026-04-20 12:30:53,559,LOCAL,0.00,165.28,0.00,165.34,5,5.56,CLOUD,2
2026-04-20 12:30:53,560,LOCAL,0.00,181.68,0.00,181.75,5,5.49,CLOUD,2
2026-04-20 12:30:53,561,LOCAL,0.00,183.73,0.00,183.79,5,5.47,CLOUD,2
2026-04-20 12:30:53,562,LOCAL,0.00,217.93,0.00,218.01,5,5.38,CLOUD,2
2026-04-20 12:30:54,563,LOCAL,0.00,252.31,0.00,252.43,5,5.31,CLOUD,2
2026-04-20 12:30:54,564,CLOUD,26.13,4235.32,104.69,4366.58,6,3.00,,0
2026-04-20 12:30:58,565,CLOUD,38.97,3895.82,97.51,4032.68,6,2.15,,0
2026-04-20 12:31:02,566,CLOUD,14.88,3966.99,100.60,4082.96,6,1.67,LOCAL,1
2026-04-20 12:31:06,567,CLOUD,29.89,4325.59,106.21,4462.12,6,1.34,,0
2026-04-20 12:31:11,568,CLOUD,25.61,4023.08,105.29,4154.58,6,1.13,LOCAL,1
2026-04-20 12:31:15,569,CLOUD,15.21,3901.68,134.15,4051.47,6,0.98,LOCAL,2
2026-04-20 12:31:19,570,LOCAL,0.00,256.37,0.00,256.45,5,0.98,,0
2026-04-20 12:31:19,571,LOCAL,0.00,193.16,0.00,193.23,5,0.98,,0
2026-04-20 12:31:20,572,LOCAL,0.00,188.40,0.00,188.46,5,0.98,,0
2026-04-20 12:31:20,573,LOCAL,0.00,246.45,0.00,246.65,5,0.98,,0
2026-04-20 12:31:20,574,LOCAL,0.00,170.91,0.00,171.01,5,0.98,,0
2026-04-20 12:31:20,575,LOCAL,0.00,176.16,0.00,176.22,5,0.98,,0
2026-04-20 12:31:20,576,LOCAL,0.00,168.58,0.00,168.65,5,0.98,,0
2026-04-20 12:31:21,577,LOCAL,0.00,167.62,0.00,167.70,5,0.98,,0
2026-04-20 12:31:21,578,LOCAL,0.00,157.32,0.00,157.39,5,0.98,,0
2026-04-20 12:31:21,579,LOCAL,0.00,183.95,0.00,184.03,5,0.98,,0
2026-04-20 12:31:21,580,LOCAL,0.00,168.59,0.00,168.67,5,0.98,,0
2026-04-20 12:31:21,581,LOCAL,0.00,175.79,0.00,175.87,5,0.98,,0
2026-04-20 12:31:22,582,LOCAL,0.00,177.36,0.00,177.43,5,0.98,,0
2026-04-20 12:31:22,583,LOCAL,0.00,167.03,0.00,167.10,5,0.98,CLOUD,1
2026-04-20 12:31:22,584,LOCAL,0.00,167.69,0.00,167.76,5,0.98,CLOUD,1
2026-04-20 12:31:22,585,LOCAL,0.00,179.40,0.00,179.47,5,0.98,CLOUD,1
2026-04-20 12:31:22,586,LOCAL,0.00,185.77,0.00,185.84,5,0.98,CLOUD,1
2026-04-20 12:31:22,587,LOCAL,0.00,194.82,0.00,194.89,5,0.97,CLOUD,1
2026-04-20 12:31:23,588,LOCAL,0.00,173.71,0.00,173.78,5,0.97,CLOUD,1
2026-04-20 12:31:23,589,LOCAL,0.00,178.39,0.00,178.46,5,0.97,CLOUD,1
2026-04-20 12:31:23,590,LOCAL,0.00,168.50,0.00,168.57,5,0.97,CLOUD,1
2026-04-20 12:31:23,591,LOCAL,0.00,200.13,0.00,200.37,5,0.97,CLOUD,1
2026-04-20 12:31:23,592,LOCAL,0.00,187.69,0.00,187.76,5,0.97,CLOUD,1
2026-04-20 12:31:24,593,LOCAL,0.00,213.74,0.00,213.80,5,1.13,CLOUD,2
2026-04-20 12:31:24,594,LOCAL,0.00,193.54,0.00,193.60,5,1.33,CLOUD,2
2026-04-20 12:31:24,595,LOCAL,0.00,177.18,0.00,177.26,5,1.63,CLOUD,2
2026-04-20 12:31:24,596,LOCAL,0.00,188.61,0.00,188.67,5,2.14,CLOUD,2
2026-04-20 12:31:24,597,LOCAL,0.00,190.64,0.00,190.71,5,3.02,CLOUD,2
2026-04-20 12:31:25,598,LOCAL,0.00,201.88,0.00,201.95,5,5.04,CLOUD,2
2026-04-20 12:31:25,599,LOCAL,0.00,201.75,0.00,201.82,5,5.09,CLOUD,2
2026-04-20 12:31:25,600,LOCAL,0.00,202.42,0.00,202.49,5,5.08,CLOUD,2
2026-04-20 12:31:25,601,LOCAL,0.00,202.56,0.00,202.63,5,5.05,CLOUD,2
2026-04-20 12:31:26,602,LOCAL,0.00,166.76,0.00,166.81,5,5.13,,0
2026-04-20 12:31:26,603,LOCAL,0.00,168.48,0.00,168.64,5,5.15,,0
2026-04-20 12:31:26,604,LOCAL,0.00,129.82,0.00,129.95,5,5.20,,0
2026-04-20 12:31:26,605,CLOUD,24.21,3866.18,100.38,3991.18,6,3.09,,0
2026-04-20 12:31:30,606,CLOUD,37.99,4045.16,101.37,4184.95,6,2.16,LOCAL,1
2026-04-20 12:31:34,607,CLOUD,28.41,4934.76,109.69,5073.31,6,1.58,,0
2026-04-20 12:31:39,608,CLOUD,26.01,4640.36,123.66,4790.48,6,1.26,LOCAL,1
2026-04-20 12:31:44,609,CLOUD,14.02,3482.26,149.00,3663.54,6,1.10,,0
2026-04-20 12:31:48,610,CLOUD,13.88,4002.96,98.32,4115.61,6,0.95,,0
2026-04-20 12:31:52,611,CLOUD,13.91,4752.57,104.72,4871.60,6,0.83,,0
2026-04-20 12:31:57,612,CLOUD,13.71,6016.58,103.38,6134.09,6,0.71,LOCAL,2
2026-04-20 12:32:03,613,LOCAL,0.00,236.23,0.00,236.31,5,0.71,,0
2026-04-20 12:32:03,614,LOCAL,0.00,181.05,0.00,181.12,5,0.71,,0
2026-04-20 12:32:03,615,LOCAL,0.00,196.89,0.00,196.96,5,0.70,,0
2026-04-20 12:32:04,616,LOCAL,0.00,187.67,0.00,187.72,5,0.70,,0
2026-04-20 12:32:04,617,LOCAL,0.00,198.83,0.00,198.89,5,0.70,,0
2026-04-20 12:32:04,618,LOCAL,0.00,181.61,0.00,181.69,5,0.70,,0
2026-04-20 12:32:04,619,LOCAL,0.00,197.00,0.00,197.06,5,0.70,,0
2026-04-20 12:32:04,620,LOCAL,0.00,275.92,0.00,276.03,5,0.70,,0
2026-04-20 12:32:05,621,LOCAL,0.00,121.81,0.00,121.93,5,0.70,,0
2026-04-20 12:32:05,622,LOCAL,0.00,148.01,0.00,148.11,5,0.71,,0
2026-04-20 12:32:05,623,LOCAL,0.00,193.09,0.00,193.18,5,0.71,,0
2026-04-20 12:32:05,624,LOCAL,0.00,187.42,0.00,187.52,5,0.71,,0
2026-04-20 12:32:05,625,LOCAL,0.00,167.52,0.00,167.59,5,0.71,,0
2026-04-20 12:32:06,626,LOCAL,0.00,190.13,0.00,190.20,5,0.71,,0
2026-04-20 12:32:06,627,LOCAL,0.00,207.87,0.00,207.93,5,0.71,,0
2026-04-20 12:32:06,628,LOCAL,0.00,182.80,0.00,182.96,5,0.71,,0
2026-04-20 12:32:06,629,LOCAL,0.00,185.20,0.00,185.27,5,0.71,,0
2026-04-20 12:32:06,630,LOCAL,0.00,182.19,0.00,182.25,5,0.71,CLOUD,1
2026-04-20 12:32:07,631,LOCAL,0.00,213.50,0.00,213.57,5,0.71,CLOUD,1
2026-04-20 12:32:07,632,LOCAL,0.00,177.00,0.00,177.07,5,0.71,CLOUD,1
2026-04-20 12:32:07,633,LOCAL,0.00,162.37,0.00,162.44,5,0.71,CLOUD,1
2026-04-20 12:32:07,634,LOCAL,0.00,135.34,0.00,135.44,5,0.78,CLOUD,1
2026-04-20 12:32:07,635,LOCAL,0.00,172.77,0.00,172.85,5,0.87,CLOUD,1
2026-04-20 12:32:07,636,LOCAL,0.00,260.78,0.00,260.92,5,1.02,CLOUD,1
2026-04-20 12:32:08,637,LOCAL,0.00,186.71,0.00,187.27,5,1.22,CLOUD,1
2026-04-20 12:32:08,638,LOCAL,0.00,205.81,0.00,205.86,5,1.42,CLOUD,1
2026-04-20 12:32:08,639,LOCAL,0.00,184.96,0.00,185.06,5,1.77,CLOUD,1
2026-04-20 12:32:08,640,LOCAL,0.00,206.68,0.00,206.75,5,2.47,CLOUD,1
2026-04-20 12:32:09,641,LOCAL,0.00,156.12,0.00,156.19,5,5.03,CLOUD,2
2026-04-20 12:32:09,642,LOCAL,0.00,217.86,0.00,217.93,5,5.05,CLOUD,2
2026-04-20 12:32:09,643,LOCAL,0.00,172.06,0.00,172.12,5,5.08,CLOUD,2
2026-04-20 12:32:09,644,LOCAL,0.00,189.91,0.00,189.97,5,5.10,CLOUD,2
2026-04-20 12:32:09,645,LOCAL,0.00,156.15,0.00,156.21,5,5.14,CLOUD,2
2026-04-20 12:32:09,646,LOCAL,0.00,201.49,0.00,201.55,5,5.14,CLOUD,2
2026-04-20 12:32:10,647,LOCAL,0.00,180.37,0.00,180.43,5,5.15,CLOUD,2
2026-04-20 12:32:10,648,LOCAL,0.00,162.52,0.00,178.64,5,5.16,CLOUD,2
2026-04-20 12:32:10,649,LOCAL,0.00,159.05,0.00,159.12,5,5.28,CLOUD,2
2026-04-20 12:32:10,650,LOCAL,0.00,202.11,0.00,202.18,5,5.21,CLOUD,2
2026-04-20 12:32:10,651,LOCAL,0.00,183.91,0.00,183.97,5,5.19,,0
2026-04-20 12:32:11,652,LOCAL,0.00,310.57,0.00,330.85,5,5.06,,0
2026-04-20 12:32:11,653,CLOUD,21.60,8348.80,107.92,8479.09,6,2.07,,0
2026-04-20 12:32:19,654,CLOUD,33.93,4196.24,109.60,4340.17,6,1.59,LOCAL,2
2026-04-20 12:32:24,655,LOCAL,0.00,258.42,0.00,258.49,5,1.59,,0
2026-04-20 12:32:24,656,LOCAL,0.00,159.38,0.00,159.45,5,1.59,,0
2026-04-20 12:32:24,657,LOCAL,0.00,139.49,0.00,139.59,5,1.59,,0
2026-04-20 12:32:24,658,LOCAL,0.00,179.23,0.00,179.30,5,1.59,,0
2026-04-20 12:32:25,659,LOCAL,0.00,186.21,0.00,186.28,5,1.59,,0
2026-04-20 12:32:25,660,LOCAL,0.00,188.03,0.00,188.12,5,1.60,,0
2026-04-20 12:32:25,661,LOCAL,0.00,191.64,0.00,191.70,5,1.59,,0
2026-04-20 12:32:25,662,LOCAL,0.00,241.48,0.00,241.69,5,1.59,,0
2026-04-20 12:32:25,663,LOCAL,0.00,190.50,0.00,190.59,5,1.58,,0
2026-04-20 12:32:26,664,LOCAL,0.00,209.96,0.00,210.03,5,1.58,,0
2026-04-20 12:32:26,665,LOCAL,0.00,185.76,0.00,185.82,5,1.59,,0
2026-04-20 12:32:26,666,LOCAL,0.00,220.69,0.00,220.76,5,1.58,,0
2026-04-20 12:32:26,667,LOCAL,0.00,172.73,0.00,172.79,5,1.59,CLOUD,1
2026-04-20 12:32:26,668,LOCAL,0.00,193.48,0.00,193.55,5,1.59,CLOUD,1
2026-04-20 12:32:27,669,LOCAL,0.00,184.96,0.00,185.02,5,1.59,CLOUD,1
2026-04-20 12:32:27,670,LOCAL,0.00,186.23,0.00,186.30,5,1.58,CLOUD,1
2026-04-20 12:32:27,671,LOCAL,0.00,178.80,0.00,178.90,5,1.59,CLOUD,1
2026-04-20 12:32:27,672,LOCAL,0.00,166.20,0.00,166.27,5,1.59,CLOUD,1
2026-04-20 12:32:27,673,LOCAL,0.00,165.77,0.00,165.83,5,1.59,CLOUD,1
2026-04-20 12:32:28,674,LOCAL,0.00,179.63,0.00,179.71,5,1.59,CLOUD,1
2026-04-20 12:32:28,675,LOCAL,0.00,174.93,0.00,174.99,5,1.59,CLOUD,1
2026-04-20 12:32:28,676,LOCAL,0.00,168.36,0.00,168.43,5,1.59,CLOUD,1
2026-04-20 12:32:28,677,LOCAL,0.00,175.69,0.00,175.75,5,1.59,CLOUD,1
2026-04-20 12:32:28,678,LOCAL,0.00,181.61,0.00,181.67,5,1.59,CLOUD,2
2026-04-20 12:32:28,679,LOCAL,0.00,202.93,0.00,203.01,5,1.59,CLOUD,2
2026-04-20 12:32:29,680,LOCAL,0.00,207.00,0.00,207.06,5,1.58,CLOUD,2
2026-04-20 12:32:29,681,LOCAL,0.00,192.76,0.00,192.83,5,1.60,CLOUD,2
2026-04-20 12:32:29,682,LOCAL,0.00,181.47,0.00,181.52,5,2.94,CLOUD,2
2026-04-20 12:32:29,683,LOCAL,0.00,209.32,0.00,209.39,5,5.04,CLOUD,2
2026-04-20 12:32:30,684,LOCAL,0.00,221.05,0.00,221.20,5,5.02,CLOUD,2
2026-04-20 12:32:30,685,LOCAL,0.00,177.44,0.00,177.50,5,5.00,CLOUD,2
2026-04-20 12:32:30,686,LOCAL,0.00,182.17,0.00,182.24,5,4.97,CLOUD,2
2026-04-20 12:32:30,687,LOCAL,0.00,239.61,0.00,239.83,5,4.91,,0
2026-04-20 12:32:30,688,LOCAL,0.00,190.38,0.00,190.50,5,4.90,,0
2026-04-20 12:32:31,689,CLOUD,13.61,3721.16,107.32,3842.49,6,3.02,,0
2026-04-20 12:32:35,690,CLOUD,25.56,4094.85,111.35,4232.19,6,2.12,,0
2026-04-20 12:32:39,691,CLOUD,25.73,3699.53,110.05,3835.79,6,1.68,,0
2026-04-20 12:32:43,692,CLOUD,28.60,3422.77,97.83,3549.60,6,1.41,,0
2026-04-20 12:32:46,693,CLOUD,34.06,3448.54,99.02,3582.03,6,1.21,,0
2026-04-20 12:32:50,694,CLOUD,37.49,3484.32,123.01,3645.35,6,1.06,LOCAL,1
2026-04-20 12:32:53,695,CLOUD,25.85,3522.85,112.91,3662.03,6,0.94,,0
2026-04-20 12:32:57,696,CLOUD,17.48,5420.72,97.87,5536.52,6,0.80,,0
2026-04-20 12:33:03,697,CLOUD,14.26,4402.76,98.93,4516.37,6,0.72,LOCAL,2
2026-04-20 12:33:07,698,CLOUD,25.94,4500.30,114.10,4640.80,6,0.64,,0
2026-04-20 12:33:12,699,LOCAL,0.00,257.85,0.00,257.92,5,0.64,,0
2026-04-20 12:33:12,700,LOCAL,0.00,233.87,0.00,233.96,5,0.64,,0
2026-04-20 12:33:12,701,LOCAL,0.00,221.79,0.00,221.87,5,0.64,,0
2026-04-20 12:33:13,702,LOCAL,0.00,228.10,0.00,228.16,5,0.64,,0
2026-04-20 12:33:13,703,LOCAL,0.00,200.88,0.00,200.95,5,0.64,,0
2026-04-20 12:33:13,704,LOCAL,0.00,177.69,0.00,177.76,5,0.64,,0
2026-04-20 12:33:13,705,LOCAL,0.00,192.19,0.00,192.25,5,0.64,,0
2026-04-20 12:33:13,706,LOCAL,0.00,197.05,0.00,197.11,5,0.64,CLOUD,1
2026-04-20 12:33:14,707,LOCAL,0.00,192.33,0.00,192.38,5,0.64,CLOUD,1
2026-04-20 12:33:14,708,LOCAL,0.00,189.12,0.00,189.18,5,0.64,CLOUD,1
2026-04-20 12:33:14,709,LOCAL,0.00,218.26,0.00,218.32,5,0.64,CLOUD,1
2026-04-20 12:33:14,710,LOCAL,0.00,191.87,0.00,191.93,5,0.64,CLOUD,1
2026-04-20 12:33:14,711,LOCAL,0.00,184.19,0.00,184.25,5,0.64,CLOUD,1
2026-04-20 12:33:15,712,LOCAL,0.00,175.88,0.00,175.94,5,0.64,CLOUD,1
2026-04-20 12:33:15,713,LOCAL,0.00,177.41,0.00,177.47,5,0.64,CLOUD,1
2026-04-20 12:33:15,714,LOCAL,0.00,141.85,0.00,141.91,5,0.64,CLOUD,1
2026-04-20 12:33:15,715,LOCAL,0.00,160.06,0.00,160.13,5,0.64,CLOUD,1
2026-04-20 12:33:15,716,LOCAL,0.00,170.53,0.00,170.60,5,0.64,CLOUD,1
2026-04-20 12:33:15,717,LOCAL,0.00,197.33,0.00,197.39,5,0.64,CLOUD,2
2026-04-20 12:33:16,718,LOCAL,0.00,173.63,0.00,173.70,5,0.70,CLOUD,2
2026-04-20 12:33:16,719,LOCAL,0.00,174.49,0.00,174.56,5,0.78,CLOUD,2
2026-04-20 12:33:16,720,LOCAL,0.00,175.63,0.00,175.69,5,0.86,CLOUD,2
2026-04-20 12:33:16,721,LOCAL,0.00,190.75,0.00,190.82,5,0.96,CLOUD,2
2026-04-20 12:33:16,722,LOCAL,0.00,193.04,0.00,193.10,5,1.08,CLOUD,2
2026-04-20 12:33:17,723,LOCAL,0.00,189.97,0.00,190.02,5,1.24,CLOUD,2
2026-04-20 12:33:17,724,LOCAL,0.00,183.20,0.00,183.27,5,1.46,CLOUD,2
2026-04-20 12:33:17,725,LOCAL,0.00,192.35,0.00,192.42,5,1.99,CLOUD,2
2026-04-20 12:33:17,726,LOCAL,0.00,168.52,0.00,168.60,5,2.84,CLOUD,2
2026-04-20 12:33:17,727,LOCAL,0.00,173.77,0.00,173.84,5,5.04,,0
2026-04-20 12:33:18,728,LOCAL,0.00,167.16,0.00,167.22,5,5.12,,0
2026-04-20 12:33:18,729,LOCAL,0.00,164.62,0.00,164.68,5,5.17,,0
2026-04-20 12:33:18,730,LOCAL,0.00,159.25,0.00,159.31,5,5.24,,0
2026-04-20 12:33:18,731,LOCAL,0.00,210.83,0.00,210.91,5,5.26,,0
2026-04-20 12:33:18,732,CLOUD,26.36,3949.11,91.84,4067.71,6,3.09,,0
2026-04-20 12:33:22,733,CLOUD,24.28,3922.86,77.73,4025.30,6,2.19,,0
2026-04-20 12:33:26,734,CLOUD,27.74,5357.70,105.19,5491.07,6,1.57,,0
2026-04-20 12:33:32,735,CLOUD,23.24,4133.29,102.55,4259.48,6,1.28,,0
2026-04-20 12:33:36,736,CLOUD,21.93,4959.57,101.10,5083.14,6,1.06,LOCAL,1
2026-04-20 12:33:41,737,CLOUD,17.62,5103.45,104.05,5225.57,6,0.89,,0
2026-04-20 12:33:47,738,CLOUD,38.37,4995.61,89.52,5123.91,6,0.77,LOCAL,2
2026-04-20 12:33:52,739,CLOUD,26.14,3322.19,77.34,3426.12,6,0.71,LOCAL,1
2026-04-20 12:33:55,740,CLOUD,13.47,4084.37,91.94,4190.16,6,0.65,LOCAL,2
2026-04-20 12:33:59,741,CLOUD,33.94,4780.43,115.10,4929.86,6,0.59,,0
2026-04-20 12:34:04,742,CLOUD,25.85,3448.96,72.36,3547.57,6,0.55,,0
2026-04-20 12:34:08,743,CLOUD,13.79,4191.56,106.65,4312.38,6,0.51,LOCAL,1
2026-04-20 12:34:12,744,CLOUD,25.67,3866.00,84.60,3993.93,6,0.48,,0
2026-04-20 12:34:16,745,CLOUD,25.67,4543.60,123.19,4692.91,6,0.44,,0
2026-04-20 12:34:21,746,CLOUD,15.37,3959.44,169.31,4144.78,6,0.42,,0
2026-04-20 12:34:25,747,CLOUD,25.80,4396.20,68.97,4491.44,6,0.39,LOCAL,2
2026-04-20 12:34:29,748,CLOUD,15.26,4757.15,107.82,4880.67,6,0.37,,0
2026-04-20 12:34:34,749,CLOUD,25.83,5333.82,131.58,5491.63,6,0.35,,0
2026-04-20 12:34:40,750,CLOUD,27.64,4677.60,92.82,4798.46,6,0.33,,0
2026-04-20 12:34:45,751,CLOUD,26.56,3644.80,109.13,3780.91,6,0.32,,0
2026-04-20 12:34:48,752,CLOUD,14.39,4523.21,107.56,4645.63,6,0.30,,0
2026-04-20 12:34:53,753,CLOUD,18.03,4908.24,119.34,5046.27,6,0.29,,0
2026-04-20 12:34:58,754,CLOUD,25.82,8506.31,111.64,8644.55,6,0.26,,0
2026-04-20 12:35:07,755,LOCAL,0.00,259.25,0.00,259.33,5,0.26,,0
2026-04-20 12:35:07,756,LOCAL,0.00,223.01,0.00,223.07,5,0.26,,0
2026-04-20 12:35:07,757,LOCAL,0.00,187.25,0.00,194.03,5,0.26,,0
2026-04-20 12:35:08,758,LOCAL,0.00,161.39,0.00,161.48,5,0.26,,0
2026-04-20 12:35:08,759,LOCAL,0.00,191.68,0.00,191.76,5,0.26,,0
2026-04-20 12:35:08,760,LOCAL,0.00,248.19,0.00,248.35,5,0.26,,0
2026-04-20 12:35:08,761,LOCAL,0.00,175.82,0.00,175.90,5,0.27,CLOUD,1
2026-04-20 12:35:08,762,LOCAL,0.00,182.20,0.00,182.26,5,0.28,CLOUD,1
2026-04-20 12:35:09,763,LOCAL,0.00,188.25,0.00,188.32,5,0.30,CLOUD,1
2026-04-20 12:35:09,764,LOCAL,0.00,170.19,0.00,170.30,5,0.31,CLOUD,1
2026-04-20 12:35:09,765,LOCAL,0.00,188.40,0.00,188.47,5,0.33,CLOUD,1
2026-04-20 12:35:09,766,LOCAL,0.00,168.72,0.00,168.79,5,0.35,CLOUD,1
2026-04-20 12:35:09,767,LOCAL,0.00,158.69,0.00,158.76,5,0.37,CLOUD,1
2026-04-20 12:35:10,768,LOCAL,0.00,180.28,0.00,180.35,5,0.39,CLOUD,1
2026-04-20 12:35:10,769,LOCAL,0.00,181.27,0.00,181.33,5,0.41,CLOUD,1
2026-04-20 12:35:10,770,LOCAL,0.00,180.09,0.00,180.16,5,0.44,CLOUD,1
2026-04-20 12:35:10,771,LOCAL,0.00,179.46,0.00,179.53,5,0.46,CLOUD,1
2026-04-20 12:35:10,772,LOCAL,0.00,176.56,0.00,176.63,5,0.50,CLOUD,2
2026-04-20 12:35:10,773,LOCAL,0.00,214.58,0.00,214.64,5,0.53,CLOUD,2
2026-04-20 12:35:11,774,LOCAL,0.00,176.90,0.00,176.97,5,0.58,CLOUD,2
2026-04-20 12:35:11,775,LOCAL,0.00,180.84,0.00,180.92,5,0.63,CLOUD,2
2026-04-20 12:35:11,776,LOCAL,0.00,234.65,0.00,234.75,5,0.69,CLOUD,2
2026-04-20 12:35:11,777,LOCAL,0.00,188.16,0.00,188.24,5,0.78,CLOUD,2
2026-04-20 12:35:12,778,LOCAL,0.00,200.22,0.00,200.28,5,0.91,CLOUD,2
2026-04-20 12:35:12,779,LOCAL,0.00,184.10,0.00,184.16,5,1.07,CLOUD,2
2026-04-20 12:35:12,780,LOCAL,0.00,185.72,0.00,185.78,5,1.23,CLOUD,2
2026-04-20 12:35:12,781,LOCAL,0.00,216.28,0.00,216.34,5,1.51,CLOUD,2
2026-04-20 12:35:12,782,LOCAL,0.00,228.94,0.00,229.03,5,2.02,,0
2026-04-20 12:35:13,783,CLOUD,14.10,3700.87,123.50,3838.86,6,3.02,,0
2026-04-20 12:35:16,784,CLOUD,17.66,6570.41,109.63,6698.11,6,1.81,,0
2026-04-20 12:35:23,785,CLOUD,40.28,3952.97,98.51,4092.16,6,1.46,LOCAL,1
2026-04-20 12:35:27,786,CLOUD,38.74,3845.72,100.40,3985.33,6,1.22,LOCAL,2
2026-04-20 12:35:31,787,LOCAL,0.00,276.42,0.00,276.49,5,1.22,CLOUD,1
2026-04-20 12:35:31,788,LOCAL,0.00,216.04,0.00,216.10,5,1.22,CLOUD,1
2026-04-20 12:35:32,789,LOCAL,0.00,226.55,0.00,226.61,5,1.22,CLOUD,1
2026-04-20 12:35:32,790,LOCAL,0.00,183.59,0.00,183.65,5,1.22,CLOUD,1
2026-04-20 12:35:32,791,LOCAL,0.00,173.22,0.00,173.30,5,1.22,CLOUD,2
2026-04-20 12:35:32,792,LOCAL,0.00,174.46,0.00,174.52,5,1.22,CLOUD,2
2026-04-20 12:35:32,793,LOCAL,0.00,201.38,0.00,203.37,5,1.22,CLOUD,2
2026-04-20 12:35:33,794,LOCAL,0.00,234.89,0.00,235.11,5,1.22,CLOUD,2
2026-04-20 12:35:33,795,LOCAL,0.00,201.98,0.00,202.09,5,1.22,CLOUD,2
2026-04-20 12:35:33,796,LOCAL,0.00,191.56,0.00,191.63,5,1.22,CLOUD,2
2026-04-20 12:35:33,797,LOCAL,0.00,173.39,0.00,173.45,5,1.22,CLOUD,2
2026-04-20 12:35:34,798,LOCAL,0.00,219.17,0.00,219.23,5,1.21,CLOUD,2
2026-04-20 12:35:34,799,LOCAL,0.00,232.09,0.00,232.15,5,1.21,CLOUD,2
2026-04-20 12:35:34,800,LOCAL,0.00,184.31,0.00,184.38,5,1.21,CLOUD,2
2026-04-20 12:35:34,801,LOCAL,0.00,234.45,0.00,234.54,5,1.21,,0
2026-04-20 12:35:34,802,LOCAL,0.00,176.72,0.00,176.80,5,1.21,,0
2026-04-20 12:35:35,803,CLOUD,25.42,5593.61,101.56,5721.01,6,0.98,,0
2026-04-20 12:35:40,804,CLOUD,14.36,5888.95,103.82,6007.52,6,0.82,LOCAL,2
2026-04-20 12:35:46,805,CLOUD,31.95,4007.06,115.83,4155.27,6,0.74,LOCAL,1
2026-04-20 12:35:51,806,LOCAL,0.00,270.33,0.00,270.39,5,0.74,,0
2026-04-20 12:35:51,807,LOCAL,0.00,185.86,0.00,185.93,5,0.74,,0
2026-04-20 12:35:51,808,LOCAL,0.00,241.73,0.00,241.91,5,0.74,,0
2026-04-20 12:35:51,809,LOCAL,0.00,224.90,0.00,224.99,5,0.74,,0
2026-04-20 12:35:52,810,LOCAL,0.00,221.03,0.00,221.10,5,0.74,,0
2026-04-20 12:35:52,811,LOCAL,0.00,195.95,0.00,196.02,5,0.74,,0
2026-04-20 12:35:52,812,LOCAL,0.00,186.02,0.00,186.09,5,0.81,,0
2026-04-20 12:35:52,813,LOCAL,0.00,187.50,0.00,187.57,5,0.99,,0
2026-04-20 12:35:52,814,LOCAL,0.00,192.68,0.00,192.74,5,1.15,,0
2026-04-20 12:35:53,815,LOCAL,0.00,188.42,0.00,188.49,5,1.35,,0
2026-04-20 12:35:53,816,LOCAL,0.00,181.20,0.00,181.26,5,1.35,,0
2026-04-20 12:35:53,817,LOCAL,0.00,153.59,0.00,153.67,5,1.36,CLOUD,1
2026-04-20 12:35:53,818,LOCAL,0.00,164.08,0.00,164.15,5,1.36,CLOUD,1
2026-04-20 12:35:53,819,LOCAL,0.00,193.26,0.00,193.33,5,1.36,CLOUD,1
2026-04-20 12:35:53,820,LOCAL,0.00,209.14,0.00,209.20,5,1.36,CLOUD,1
2026-04-20 12:35:54,821,LOCAL,0.00,191.93,0.00,191.99,5,1.36,CLOUD,1
2026-04-20 12:35:54,822,LOCAL,0.00,183.95,0.00,184.08,5,1.36,CLOUD,1
2026-04-20 12:35:54,823,LOCAL,0.00,208.41,0.00,208.47,5,1.36,CLOUD,1
2026-04-20 12:35:54,824,LOCAL,0.00,226.37,0.00,226.47,5,1.36,CLOUD,1
2026-04-20 12:35:55,825,LOCAL,0.00,169.12,0.00,169.47,5,1.36,CLOUD,1
2026-04-20 12:35:55,826,LOCAL,0.00,162.15,0.00,162.22,5,1.36,CLOUD,1
2026-04-20 12:35:55,827,LOCAL,0.00,175.32,0.00,175.39,5,1.36,CLOUD,2
2026-04-20 12:35:55,828,LOCAL,0.00,164.59,0.00,164.70,5,1.37,CLOUD,2
2026-04-20 12:35:55,829,LOCAL,0.00,176.21,0.00,176.28,5,1.37,CLOUD,2
2026-04-20 12:35:55,830,LOCAL,0.00,182.35,0.00,182.41,5,1.37,CLOUD,2
2026-04-20 12:35:56,831,LOCAL,0.00,185.12,0.00,185.19,5,1.37,CLOUD,2
2026-04-20 12:35:56,832,LOCAL,0.00,188.61,0.00,188.68,5,1.86,CLOUD,2
2026-04-20 12:35:56,833,LOCAL,0.00,198.04,0.00,198.11,5,2.96,CLOUD,2
2026-04-20 12:35:56,834,LOCAL,0.00,200.74,0.00,200.80,5,4.96,CLOUD,2
2026-04-20 12:35:56,835,LOCAL,0.00,181.89,0.00,181.95,5,5.03,CLOUD,2
2026-04-20 12:35:57,836,LOCAL,0.00,175.23,0.00,175.31,5,5.04,CLOUD,2
2026-04-20 12:35:57,837,LOCAL,0.00,197.57,0.00,197.64,5,5.08,CLOUD,2
2026-04-20 12:35:57,838,LOCAL,0.00,212.08,0.00,212.30,5,5.10,,0
2026-04-20 12:35:57,839,LOCAL,0.00,144.05,0.00,144.15,5,5.15,,0
2026-04-20 12:35:57,840,CLOUD,26.17,3737.51,126.61,3890.73,6,3.11,,0
2026-04-20 12:36:01,841,CLOUD,40.54,3807.57,117.11,3965.62,6,2.21,,0
2026-04-20 12:36:05,842,CLOUD,25.48,4249.84,136.15,4411.86,6,1.67,,0
2026-04-20 12:36:10,843,CLOUD,30.25,3524.63,122.31,3677.59,6,1.39,,0
2026-04-20 12:36:13,844,CLOUD,18.67,4564.83,92.62,4676.53,6,1.15,,0
2026-04-20 12:36:18,845,CLOUD,14.90,3287.69,112.16,3415.20,6,1.02,,0
2026-04-20 12:36:21,846,CLOUD,25.69,3908.04,120.75,4054.91,6,0.89,,0
2026-04-20 12:36:26,847,CLOUD,35.17,4202.11,120.44,4358.21,6,0.79,,0
2026-04-20 12:36:30,848,CLOUD,14.04,3556.91,91.65,3663.09,6,0.72,LOCAL,1
2026-04-20 12:36:34,849,CLOUD,21.61,5240.36,90.60,5352.97,6,0.64,,0
2026-04-20 12:36:39,850,CLOUD,25.18,9049.62,142.20,9217.95,6,0.53,,0
2026-04-20 12:36:48,851,LOCAL,0.00,261.82,0.00,261.89,5,0.53,,0
2026-04-20 12:36:48,852,LOCAL,0.00,212.14,0.00,212.21,5,0.53,,0
2026-04-20 12:36:49,853,LOCAL,0.00,247.35,0.00,247.42,5,0.53,,0
2026-04-20 12:36:49,854,LOCAL,0.00,197.53,0.00,197.61,5,0.53,,0
2026-04-20 12:36:49,855,LOCAL,0.00,136.48,0.00,136.55,5,0.53,,0
2026-04-20 12:36:49,856,LOCAL,0.00,235.57,0.00,235.64,5,0.53,,0
2026-04-20 12:36:49,857,LOCAL,0.00,208.85,0.00,208.92,5,0.53,,0
2026-04-20 12:36:50,858,LOCAL,0.00,182.03,0.00,182.09,5,0.53,,0
2026-04-20 12:36:50,859,LOCAL,0.00,175.22,0.00,175.29,5,0.53,,0
2026-04-20 12:36:50,860,LOCAL,0.00,184.04,0.00,184.11,5,0.53,,0
2026-04-20 12:36:50,861,LOCAL,0.00,179.25,0.00,179.31,5,0.53,,0
2026-04-20 12:36:50,862,LOCAL,0.00,198.70,0.00,198.77,5,0.53,,0
2026-04-20 12:36:51,863,LOCAL,0.00,193.46,0.00,199.22,5,0.53,CLOUD,1
2026-04-20 12:36:51,864,LOCAL,0.00,148.68,0.00,148.75,5,0.53,CLOUD,1
2026-04-20 12:36:51,865,LOCAL,0.00,174.24,0.00,174.31,5,0.53,CLOUD,1
2026-04-20 12:36:51,866,LOCAL,0.00,163.53,0.00,163.60,5,0.53,CLOUD,1
2026-04-20 12:36:51,867,LOCAL,0.00,167.73,0.00,167.80,5,0.53,CLOUD,1
2026-04-20 12:36:52,868,LOCAL,0.00,169.20,0.00,169.27,5,0.53,CLOUD,1
2026-04-20 12:36:52,869,LOCAL,0.00,226.97,0.00,227.16,5,0.57,CLOUD,1
2026-04-20 12:36:52,870,LOCAL,0.00,203.74,0.00,203.84,5,0.62,CLOUD,1
2026-04-20 12:36:52,871,LOCAL,0.00,193.33,0.00,193.40,5,0.68,CLOUD,1
2026-04-20 12:36:52,872,LOCAL,0.00,152.44,0.00,152.57,5,0.74,CLOUD,1
2026-04-20 12:36:53,873,LOCAL,0.00,187.93,0.00,188.00,5,0.84,CLOUD,2
2026-04-20 12:36:53,874,LOCAL,0.00,185.95,0.00,186.04,5,0.92,CLOUD,2
2026-04-20 12:36:53,875,LOCAL,0.00,201.09,0.00,201.15,5,1.05,CLOUD,2
2026-04-20 12:36:53,876,LOCAL,0.00,179.04,0.00,179.10,5,1.24,CLOUD,2
2026-04-20 12:36:53,877,LOCAL,0.00,184.92,0.00,185.00,5,1.45,CLOUD,2
2026-04-20 12:36:53,878,LOCAL,0.00,185.75,0.00,185.82,5,1.96,CLOUD,2
2026-04-20 12:36:54,879,LOCAL,0.00,175.00,0.00,175.08,5,5.05,CLOUD,2
2026-04-20 12:36:54,880,LOCAL,0.00,159.54,0.00,159.62,5,5.13,CLOUD,2
2026-04-20 12:36:54,881,LOCAL,0.00,190.68,0.00,190.75,5,5.15,CLOUD,2
2026-04-20 12:36:54,882,LOCAL,0.00,160.06,0.00,160.12,5,5.23,CLOUD,2
2026-04-20 12:36:54,883,LOCAL,0.00,177.55,0.00,177.62,5,5.25,CLOUD,2
2026-04-20 12:36:55,884,LOCAL,0.00,196.37,0.00,196.55,5,5.20,,0
2026-04-20 12:36:55,885,LOCAL,0.00,193.31,0.00,193.41,5,5.21,,0
2026-04-20 12:36:55,886,CLOUD,30.31,6958.51,118.79,7108.02,6,2.33,,0
2026-04-20 12:37:02,887,CLOUD,31.74,6541.64,96.88,6670.68,6,1.53,,0
2026-04-20 12:37:09,888,LOCAL,0.00,243.47,0.00,243.55,5,1.52,,0
2026-04-20 12:37:09,889,LOCAL,0.00,197.64,0.00,197.70,5,1.52,CLOUD,1
2026-04-20 12:37:09,890,LOCAL,0.00,185.79,0.00,185.85,5,1.52,CLOUD,1
2026-04-20 12:37:09,891,LOCAL,0.00,177.80,0.00,177.88,5,1.52,CLOUD,1
2026-04-20 12:37:10,892,LOCAL,0.00,181.19,0.00,181.26,5,1.52,CLOUD,1
2026-04-20 12:37:10,893,LOCAL,0.00,178.29,0.00,178.35,5,1.52,CLOUD,1
2026-04-20 12:37:10,894,LOCAL,0.00,183.07,0.00,183.15,5,1.52,CLOUD,1
2026-04-20 12:37:10,895,LOCAL,0.00,169.11,0.00,169.18,5,1.52,CLOUD,1
2026-04-20 12:37:10,896,LOCAL,0.00,170.12,0.00,170.18,5,1.52,CLOUD,1
2026-04-20 12:37:11,897,LOCAL,0.00,157.94,0.00,158.01,5,1.52,CLOUD,1
2026-04-20 12:37:11,898,LOCAL,0.00,185.43,0.00,185.51,5,1.52,CLOUD,1
2026-04-20 12:37:11,899,LOCAL,0.00,187.01,0.00,187.08,5,1.53,CLOUD,1
2026-04-20 12:37:11,900,LOCAL,0.00,210.14,0.00,210.20,5,1.53,CLOUD,2
2026-04-20 12:37:11,901,LOCAL,0.00,242.70,0.00,242.91,5,1.52,CLOUD,2
2026-04-20 12:37:12,902,LOCAL,0.00,194.94,0.00,195.07,5,1.51,CLOUD,2
2026-04-20 12:37:12,903,LOCAL,0.00,164.14,0.00,164.23,5,1.52,CLOUD,2
2026-04-20 12:37:12,904,LOCAL,0.00,180.34,0.00,180.40,5,1.52,CLOUD,2
2026-04-20 12:37:12,905,LOCAL,0.00,178.42,0.00,178.49,5,1.52,CLOUD,2
2026-04-20 12:37:12,906,LOCAL,0.00,173.36,0.00,173.43,5,1.52,CLOUD,2
2026-04-20 12:37:13,907,LOCAL,0.00,210.12,0.00,210.19,5,1.52,CLOUD,2
2026-04-20 12:37:13,908,LOCAL,0.00,202.36,0.00,202.42,5,1.52,CLOUD,2
2026-04-20 12:37:13,909,LOCAL,0.00,172.98,0.00,173.04,5,1.52,,0
2026-04-20 12:37:13,910,LOCAL,0.00,211.57,0.00,211.64,5,1.51,,0
2026-04-20 12:37:13,911,LOCAL,0.00,196.47,0.00,196.54,5,1.51,,0
2026-04-20 12:37:14,912,LOCAL,0.00,195.79,0.00,195.86,5,1.51,,0
2026-04-20 12:37:14,913,LOCAL,0.00,185.62,0.00,185.69,5,1.51,,0
2026-04-20 12:37:14,914,LOCAL,0.00,197.60,0.00,197.67,5,1.51,,0
2026-04-20 12:37:14,915,LOCAL,0.00,222.15,0.00,222.26,5,2.36,,0
2026-04-20 12:37:14,916,LOCAL,0.00,204.32,0.00,204.38,5,4.96,,0
2026-04-20 12:37:15,917,LOCAL,0.00,254.00,0.00,254.09,5,4.96,,0
2026-04-20 12:37:15,918,LOCAL,0.00,178.30,0.00,178.38,5,4.97,,0
2026-04-20 12:37:15,919,LOCAL,0.00,176.08,0.00,176.19,5,4.97,CLOUD,1
2026-04-20 12:37:15,920,LOCAL,0.00,171.39,0.00,171.45,5,4.99,CLOUD,1
2026-04-20 12:37:15,921,LOCAL,0.00,212.77,0.00,212.83,5,4.95,CLOUD,1
2026-04-20 12:37:16,922,LOCAL,0.00,170.72,0.00,170.79,5,4.96,CLOUD,1
2026-04-20 12:37:16,923,LOCAL,0.00,169.19,0.00,169.26,5,4.97,CLOUD,1
2026-04-20 12:37:16,924,LOCAL,0.00,197.00,0.00,197.07,5,4.94,CLOUD,1
2026-04-20 12:37:16,925,LOCAL,0.00,211.52,0.00,211.58,5,4.92,CLOUD,1
2026-04-20 12:37:16,926,LOCAL,0.00,182.60,0.00,182.67,5,4.90,CLOUD,1
2026-04-20 12:37:17,927,LOCAL,0.00,188.11,0.00,188.18,5,4.90,CLOUD,1
2026-04-20 12:37:17,928,LOCAL,0.00,185.29,0.00,185.36,5,4.90,CLOUD,1
2026-04-20 12:37:17,929,LOCAL,0.00,125.68,0.00,125.74,5,4.97,CLOUD,2
2026-04-20 12:37:17,930,LOCAL,0.00,173.76,0.00,173.83,5,5.02,CLOUD,2
2026-04-20 12:37:17,931,LOCAL,0.00,176.14,0.00,176.21,5,5.06,CLOUD,2
2026-04-20 12:37:18,932,LOCAL,0.00,173.37,0.00,173.44,5,5.06,CLOUD,2
2026-04-20 12:37:18,933,LOCAL,0.00,166.26,0.00,166.32,5,5.07,CLOUD,2
2026-04-20 12:37:18,934,LOCAL,0.00,181.18,0.00,181.24,5,5.08,CLOUD,2
2026-04-20 12:37:18,935,LOCAL,0.00,195.55,0.00,195.62,5,5.06,CLOUD,2
2026-04-20 12:37:18,936,LOCAL,0.00,214.68,0.00,214.75,5,5.04,CLOUD,2
2026-04-20 12:37:19,937,LOCAL,0.00,197.05,0.00,197.10,5,5.05,CLOUD,2
2026-04-20 12:37:19,938,LOCAL,0.00,196.66,0.00,196.73,5,5.04,CLOUD,2
2026-04-20 12:37:19,939,LOCAL,0.00,230.25,0.00,230.41,5,4.93,CLOUD,2
2026-04-20 12:37:19,940,LOCAL,0.00,236.35,0.00,236.62,5,4.91,,0
2026-04-20 12:37:20,941,LOCAL,0.00,175.55,0.00,175.64,5,4.92,,0
2026-04-20 12:37:20,942,CLOUD,21.79,4800.27,110.76,4933.24,6,2.73,,0
2026-04-20 12:37:25,943,CLOUD,40.82,4758.30,84.86,4884.39,6,1.89,,0
2026-04-20 12:37:30,944,CLOUD,13.56,9276.51,166.66,9458.37,6,1.18,LOCAL,1
2026-04-20 12:37:39,945,LOCAL,0.00,275.22,0.00,275.31,5,1.18,,0
2026-04-20 12:37:39,946,LOCAL,0.00,220.02,0.00,220.08,5,1.18,,0
2026-04-20 12:37:40,947,LOCAL,0.00,171.83,0.00,171.91,5,1.18,,0
2026-04-20 12:37:40,948,LOCAL,0.00,200.38,0.00,200.48,5,1.18,,0
2026-04-20 12:37:40,949,LOCAL,0.00,163.35,0.00,163.41,5,1.18,,0
2026-04-20 12:37:40,950,LOCAL,0.00,187.76,0.00,187.86,5,1.18,,0
2026-04-20 12:37:40,951,LOCAL,0.00,194.14,0.00,194.21,5,1.18,,0
2026-04-20 12:37:41,952,LOCAL,0.00,169.52,0.00,169.58,5,1.18,,0
2026-04-20 12:37:41,953,LOCAL,0.00,156.79,0.00,156.87,5,1.18,,0
2026-04-20 12:37:41,954,LOCAL,0.00,178.62,0.00,178.69,5,1.18,,0
2026-04-20 12:37:41,955,LOCAL,0.00,148.33,0.00,148.39,5,1.18,,0
2026-04-20 12:37:41,956,LOCAL,0.00,190.07,0.00,193.83,5,1.18,,0
2026-04-20 12:37:41,957,LOCAL,0.00,167.03,0.00,167.09,5,1.18,,0
2026-04-20 12:37:42,958,LOCAL,0.00,203.91,0.00,203.97,5,1.18,,0
2026-04-20 12:37:42,959,LOCAL,0.00,191.17,0.00,191.23,5,1.18,,0
2026-04-20 12:37:42,960,LOCAL,0.00,170.81,0.00,170.87,5,1.18,,0
2026-04-20 12:37:42,961,LOCAL,0.00,157.47,0.00,157.54,5,1.18,,0
2026-04-20 12:37:42,962,LOCAL,0.00,158.59,0.00,158.66,5,1.18,,0
2026-04-20 12:37:43,963,LOCAL,0.00,192.31,0.00,192.38,5,1.18,,0
2026-04-20 12:37:43,964,LOCAL,0.00,125.34,0.00,125.40,5,1.18,,0
2026-04-20 12:37:43,965,LOCAL,0.00,185.71,0.00,185.77,5,1.18,,0
2026-04-20 12:37:43,966,LOCAL,0.00,191.92,0.00,191.98,5,1.18,,0
2026-04-20 12:37:43,967,LOCAL,0.00,189.42,0.00,189.49,5,1.18,,0
2026-04-20 12:37:43,968,LOCAL,0.00,178.74,0.00,178.81,5,1.19,,0
2026-04-20 12:37:44,969,LOCAL,0.00,168.15,0.00,168.21,5,1.19,,0
2026-04-20 12:37:44,970,LOCAL,0.00,191.00,0.00,191.06,5,1.19,,0
2026-04-20 12:37:44,971,LOCAL,0.00,194.05,0.00,194.12,5,1.48,,0
2026-04-20 12:37:44,972,LOCAL,0.00,160.46,0.00,160.52,5,1.95,,0
2026-04-20 12:37:44,973,LOCAL,0.00,230.83,0.00,230.91,5,5.17,,0
2026-04-20 12:37:45,974,LOCAL,0.00,188.59,0.00,188.67,5,5.26,,0
2026-04-20 12:37:45,975,LOCAL,0.00,180.19,0.00,180.25,5,5.32,,0
2026-04-20 12:37:45,976,LOCAL,0.00,180.42,0.00,180.49,5,5.32,,0
2026-04-20 12:37:45,977,LOCAL,0.00,181.11,0.00,181.19,5,5.33,,0
2026-04-20 12:37:45,978,LOCAL,0.00,202.22,0.00,202.29,5,5.29,,0
2026-04-20 12:37:46,979,LOCAL,0.00,177.39,0.00,177.45,5,5.31,CLOUD,1
2026-04-20 12:37:46,980,LOCAL,0.00,183.34,0.00,183.40,5,5.32,CLOUD,1
2026-04-20 12:37:46,981,LOCAL,0.00,203.61,0.00,203.66,5,5.29,CLOUD,1
2026-04-20 12:37:46,982,LOCAL,0.00,191.94,0.00,192.00,5,5.27,CLOUD,1
2026-04-20 12:37:46,983,LOCAL,0.00,186.98,0.00,187.05,5,5.25,CLOUD,1
2026-04-20 12:37:47,984,LOCAL,0.00,205.03,0.00,205.10,5,5.19,CLOUD,1
2026-04-20 12:37:47,985,LOCAL,0.00,193.50,0.00,193.56,5,5.20,CLOUD,1
2026-04-20 12:37:47,986,LOCAL,0.00,216.14,0.00,216.21,5,5.16,CLOUD,1
2026-04-20 12:37:47,987,LOCAL,0.00,173.81,0.00,173.87,5,5.19,CLOUD,1
2026-04-20 12:37:47,988,LOCAL,0.00,172.12,0.00,172.18,5,5.21,CLOUD,1
2026-04-20 12:37:48,989,LOCAL,0.00,134.04,0.00,134.10,5,5.24,CLOUD,2
2026-04-20 12:37:48,990,LOCAL,0.00,121.37,0.00,121.43,5,5.28,CLOUD,2
2026-04-20 12:37:48,991,LOCAL,0.00,136.53,0.00,136.59,5,5.32,CLOUD,2
2026-04-20 12:37:48,992,LOCAL,0.00,121.70,0.00,121.77,5,5.40,CLOUD,2
2026-04-20 12:37:48,993,LOCAL,0.00,141.81,0.00,141.87,5,5.39,CLOUD,2
2026-04-20 12:37:48,994,LOCAL,0.00,174.89,0.00,174.95,5,5.40,CLOUD,2
2026-04-20 12:37:48,995,LOCAL,0.00,247.42,0.00,247.54,5,5.35,CLOUD,2
2026-04-20 12:37:49,996,LOCAL,0.00,206.72,0.00,206.80,5,5.33,CLOUD,2
2026-04-20 12:37:49,997,LOCAL,0.00,139.97,0.00,140.04,5,5.37,CLOUD,2
2026-04-20 12:37:49,998,LOCAL,0.00,175.84,0.00,175.92,5,5.35,CLOUD,2
2026-04-20 12:37:49,999,LOCAL,0.00,169.40,0.00,169.47,5,5.38,CLOUD,2
2026-04-20 12:37:49,1000,LOCAL,0.00,171.48,0.00,171.54,5,5.40,CLOUD,2
2026-04-20 12:37:50,1001,LOCAL,0.00,178.75,0.00,178.81,5,5.39,,0
2026-04-20 12:37:50,1002,LOCAL,0.00,162.28,0.00,162.34,5,5.46,,0
2026-04-20 12:37:50,1003,LOCAL,0.00,190.39,0.00,190.45,5,5.44,,0
2026-04-20 12:37:50,1004,LOCAL,0.00,172.86,0.00,172.92,5,5.44,,0
2026-04-20 12:37:50,1005,LOCAL,0.00,173.71,0.00,173.77,5,5.45,,0
2026-04-20 12:37:51,1006,LOCAL,0.00,175.73,0.00,175.79,5,5.46,,0
2026-04-20 12:37:51,1007,LOCAL,0.00,173.28,0.00,173.34,5,5.49,,0
2026-04-20 12:37:51,1008,LOCAL,0.00,187.02,0.00,187.08,5,5.48,,0
2026-04-20 12:37:51,1009,LOCAL,0.00,177.61,0.00,177.70,5,5.48,,0
2026-04-20 12:37:51,1010,LOCAL,0.00,175.80,0.00,175.86,5,5.53,,0
2026-04-20 12:37:51,1011,LOCAL,0.00,163.06,0.00,163.12,5,5.56,,0
2026-04-20 12:37:52,1012,LOCAL,0.00,156.14,0.00,156.20,5,5.59,,0
2026-04-20 12:37:52,1013,LOCAL,0.00,125.36,0.00,125.42,5,5.69,,0
2026-04-20 12:37:52,1014,LOCAL,0.00,195.42,0.00,195.49,5,5.69,,0
2026-04-20 12:37:52,1015,LOCAL,0.00,170.14,0.00,170.21,5,5.75,,0
2026-04-20 12:37:52,1016,LOCAL,0.00,165.17,0.00,165.24,5,5.76,,0
2026-04-20 12:37:52,1017,LOCAL,0.00,175.98,0.00,176.04,5,5.76,,0
2026-04-20 12:37:53,1018,LOCAL,0.00,158.68,0.00,158.74,5,5.73,,0
2026-04-20 12:37:53,1019,LOCAL,0.00,192.57,0.00,192.62,5,5.65,,0
2026-04-20 12:37:53,1020,LOCAL,0.00,156.32,0.00,156.38,5,5.63,,0
2026-04-20 12:37:53,1021,LOCAL,0.00,154.48,0.00,154.55,5,5.59,,0
2026-04-20 12:37:53,1022,LOCAL,0.00,154.10,0.00,154.18,5,5.56,,0
2026-04-20 12:37:53,1023,LOCAL,0.00,172.56,0.00,172.62,5,5.56,,0
2026-04-20 12:37:54,1024,LOCAL,0.00,213.82,0.00,214.03,5,5.60,,0
2026-04-20 12:37:54,1025,LOCAL,0.00,206.86,0.00,206.98,5,5.60,,0
2026-04-20 12:37:54,1026,LOCAL,0.00,168.82,0.00,168.89,5,5.55,,0
2026-04-20 12:37:54,1027,LOCAL,0.00,186.25,0.00,186.31,5,5.55,,0
2026-04-20 12:37:54,1028,LOCAL,0.00,186.12,0.00,186.18,5,5.53,,0
2026-04-20 12:37:55,1029,LOCAL,0.00,169.79,0.00,169.89,5,5.53,,0
2026-04-20 12:37:55,1030,LOCAL,0.00,168.91,0.00,168.97,5,5.54,,0
2026-04-20 12:37:55,1031,LOCAL,0.00,175.37,0.00,175.49,5,5.51,,0
2026-04-20 12:37:55,1032,LOCAL,0.00,155.49,0.00,155.55,5,5.56,,0
2026-04-20 12:37:55,1033,LOCAL,0.00,186.17,0.00,186.23,5,5.55,,0
2026-04-20 12:37:56,1034,LOCAL,0.00,193.55,0.00,193.61,5,5.53,,0
2026-04-20 12:37:56,1035,LOCAL,0.00,166.77,0.00,166.83,5,5.54,,0
2026-04-20 12:37:56,1036,LOCAL,0.00,178.73,0.00,178.78,5,5.54,,0
2026-04-20 12:37:56,1037,LOCAL,0.00,192.71,0.00,192.76,5,5.53,,0
2026-04-20 12:37:56,1038,LOCAL,0.00,186.14,0.00,186.20,5,5.52,,0
2026-04-20 12:37:56,1039,LOCAL,0.00,172.90,0.00,172.97,5,5.52,,0
2026-04-20 12:37:57,1040,LOCAL,0.00,209.14,0.00,209.20,5,5.48,,0
2026-04-20 12:37:57,1041,LOCAL,0.00,161.36,0.00,161.42,5,5.49,,0
2026-04-20 12:37:57,1042,LOCAL,0.00,238.75,0.00,239.04,5,5.31,,0
2026-04-20 12:37:57,1043,LOCAL,0.00,148.28,0.00,148.33,5,5.35,,0
2026-04-20 12:37:58,1044,LOCAL,0.00,174.61,0.00,174.67,5,5.34,,0
2026-04-20 12:37:58,1045,LOCAL,0.00,155.01,0.00,155.07,5,5.35,,0
2026-04-20 12:37:58,1046,LOCAL,0.00,182.69,0.00,182.75,5,5.34,,0
2026-04-20 12:37:58,1047,LOCAL,0.00,166.54,0.00,166.59,5,5.33,,0
2026-04-20 12:37:58,1048,LOCAL,0.00,145.06,0.00,145.13,5,5.38,,0
2026-04-20 12:37:58,1049,LOCAL,0.00,198.99,0.00,199.05,5,5.33,,0
2026-04-20 12:37:59,1050,LOCAL,0.00,153.37,0.00,153.43,5,5.34,,0
2026-04-20 12:37:59,1051,LOCAL,0.00,156.81,0.00,156.87,5,5.35,,0
2026-04-20 12:37:59,1052,LOCAL,0.00,202.74,0.00,202.80,5,5.32,,0
2026-04-20 12:37:59,1053,LOCAL,0.00,171.32,0.00,171.38,5,5.37,,0
2026-04-20 12:37:59,1054,LOCAL,0.00,192.54,0.00,192.60,5,5.40,,0
2026-04-20 12:37:59,1055,LOCAL,0.00,147.69,0.00,147.75,5,5.41,,0
2026-04-20 12:38:00,1056,LOCAL,0.00,165.76,0.00,165.83,5,5.43,,0
2026-04-20 12:38:00,1057,LOCAL,0.00,163.90,0.00,163.98,5,5.45,,0
2026-04-20 12:38:00,1058,LOCAL,0.00,157.51,0.00,157.59,5,5.45,,0
2026-04-20 12:38:00,1059,LOCAL,0.00,213.81,0.00,213.91,5,5.40,,0
2026-04-20 12:38:00,1060,LOCAL,0.00,204.33,0.00,204.41,5,5.39,,0
2026-04-20 12:38:01,1061,LOCAL,0.00,174.99,0.00,175.04,5,5.37,,0
2026-04-20 12:38:01,1062,LOCAL,0.00,155.41,0.00,155.48,5,5.40,,0
2026-04-20 12:38:01,1063,LOCAL,0.00,177.99,0.00,178.06,5,5.42,,0
2026-04-20 12:38:01,1064,LOCAL,0.00,176.93,0.00,177.02,5,5.41,,0
2026-04-20 12:38:01,1065,LOCAL,0.00,135.86,0.00,135.92,5,5.45,,0
2026-04-20 12:38:01,1066,LOCAL,0.00,170.30,0.00,170.37,5,5.47,,0
2026-04-20 12:38:02,1067,LOCAL,0.00,161.70,0.00,161.76,5,5.49,,0
2026-04-20 12:38:02,1068,LOCAL,0.00,173.64,0.00,173.71,5,5.46,CLOUD,1
2026-04-20 12:38:02,1069,LOCAL,0.00,179.81,0.00,179.88,5,5.49,CLOUD,1
2026-04-20 12:38:02,1070,LOCAL,0.00,159.22,0.00,159.28,5,5.49,CLOUD,1
2026-04-20 12:38:02,1071,LOCAL,0.00,169.30,0.00,169.35,5,5.64,CLOUD,1
2026-04-20 12:38:02,1072,LOCAL,0.00,188.76,0.00,188.83,5,5.60,CLOUD,1
2026-04-20 12:38:03,1073,LOCAL,0.00,183.19,0.00,183.30,5,5.60,CLOUD,1
2026-04-20 12:38:03,1074,LOCAL,0.00,160.32,0.00,160.38,5,5.59,CLOUD,1
2026-04-20 12:38:03,1075,LOCAL,0.00,171.82,0.00,171.88,5,5.58,CLOUD,1
2026-04-20 12:38:03,1076,LOCAL,0.00,238.75,0.00,238.97,5,5.52,CLOUD,1
2026-04-20 12:38:03,1077,LOCAL,0.00,206.70,0.00,206.84,5,5.42,CLOUD,1
2026-04-20 12:38:04,1078,LOCAL,0.00,189.26,0.00,189.33,5,5.42,CLOUD,2
2026-04-20 12:38:04,1079,LOCAL,0.00,179.34,0.00,179.39,5,5.39,CLOUD,2
2026-04-20 12:38:04,1080,LOCAL,0.00,162.93,0.00,163.00,5,5.39,CLOUD,2
2026-04-20 12:38:04,1081,LOCAL,0.00,195.82,0.00,195.89,5,5.38,CLOUD,2
2026-04-20 12:38:04,1082,LOCAL,0.00,171.30,0.00,171.36,5,5.38,CLOUD,2
2026-04-20 12:38:05,1083,LOCAL,0.00,177.82,0.00,177.88,5,5.39,CLOUD,2
2026-04-20 12:38:05,1084,LOCAL,0.00,168.17,0.00,168.23,5,5.39,CLOUD,2
2026-04-20 12:38:05,1085,LOCAL,0.00,151.33,0.00,151.39,5,5.42,CLOUD,2
2026-04-20 12:38:05,1086,LOCAL,0.00,165.84,0.00,165.92,5,5.40,CLOUD,2
2026-04-20 12:38:05,1087,LOCAL,0.00,147.69,0.00,147.77,5,5.42,CLOUD,2
2026-04-20 12:38:06,1088,LOCAL,0.00,218.18,0.00,218.36,5,5.41,CLOUD,2
2026-04-20 12:38:06,1089,LOCAL,0.00,169.08,0.00,169.18,5,5.42,,0
2026-04-20 12:38:06,1090,CLOUD,29.85,7052.58,127.92,7210.81,6,2.34,,0
2026-04-20 12:38:13,1091,CLOUD,28.64,4968.87,152.56,5150.51,6,1.67,,0
2026-04-20 12:38:18,1092,CLOUD,26.07,6183.72,95.55,6316.28,6,1.23,LOCAL,2
2026-04-20 12:38:25,1093,CLOUD,13.61,4072.21,126.78,4213.07,6,1.05,LOCAL,2
2026-04-20 12:38:29,1094,LOCAL,0.00,216.56,0.00,216.63,5,1.05,,0
2026-04-20 12:38:29,1095,LOCAL,0.00,188.97,0.00,189.04,5,1.05,,0
2026-04-20 12:38:29,1096,LOCAL,0.00,206.04,0.00,206.13,5,1.04,,0
2026-04-20 12:38:30,1097,LOCAL,0.00,159.11,0.00,159.17,5,1.05,,0
2026-04-20 12:38:30,1098,LOCAL,0.00,178.79,0.00,178.85,5,1.05,,0
2026-04-20 12:38:30,1099,LOCAL,0.00,177.98,0.00,178.05,5,1.04,,0
2026-04-20 12:38:30,1100,LOCAL,0.00,169.98,0.00,170.07,5,1.04,,0
2026-04-20 12:38:30,1101,LOCAL,0.00,151.46,0.00,151.56,5,1.05,,0
2026-04-20 12:38:30,1102,LOCAL,0.00,182.30,0.00,182.39,5,1.04,,0
2026-04-20 12:38:31,1103,LOCAL,0.00,189.84,0.00,189.95,5,1.04,,0
2026-04-20 12:38:31,1104,LOCAL,0.00,183.67,0.00,183.76,5,1.04,,0
2026-04-20 12:38:31,1105,LOCAL,0.00,182.79,0.00,182.87,5,1.05,,0
2026-04-20 12:38:31,1106,LOCAL,0.00,246.01,0.00,246.11,5,1.05,,0
2026-04-20 12:38:31,1107,LOCAL,0.00,157.44,0.00,157.52,5,1.05,,0
2026-04-20 12:38:32,1108,LOCAL,0.00,151.31,0.00,151.40,5,1.05,,0
2026-04-20 12:38:32,1109,LOCAL,0.00,129.71,0.00,129.77,5,1.05,,0
2026-04-20 12:38:32,1110,LOCAL,0.00,176.55,0.00,176.63,5,1.05,CLOUD,1
2026-04-20 12:38:32,1111,LOCAL,0.00,166.91,0.00,166.98,5,1.05,CLOUD,1
2026-04-20 12:38:32,1112,LOCAL,0.00,179.65,0.00,179.71,5,1.05,CLOUD,1
2026-04-20 12:38:32,1113,LOCAL,0.00,148.77,0.00,148.87,5,1.05,CLOUD,1
2026-04-20 12:38:33,1114,LOCAL,0.00,192.77,0.00,192.83,5,1.05,CLOUD,1
2026-04-20 12:38:33,1115,LOCAL,0.00,169.87,0.00,169.93,5,1.05,CLOUD,1
2026-04-20 12:38:33,1116,LOCAL,0.00,181.85,0.00,181.92,5,1.05,CLOUD,1
2026-04-20 12:38:33,1117,LOCAL,0.00,168.77,0.00,168.84,5,1.05,CLOUD,1
2026-04-20 12:38:33,1118,LOCAL,0.00,146.27,0.00,146.33,5,1.05,CLOUD,1
2026-04-20 12:38:34,1119,LOCAL,0.00,159.31,0.00,159.38,5,1.41,CLOUD,1
2026-04-20 12:38:34,1120,LOCAL,0.00,181.12,0.00,181.18,5,1.86,CLOUD,1
2026-04-20 12:38:34,1121,LOCAL,0.00,184.17,0.00,184.24,5,3.08,CLOUD,2
2026-04-20 12:38:34,1122,LOCAL,0.00,183.19,0.00,183.27,5,5.38,CLOUD,2
2026-04-20 12:38:34,1123,LOCAL,0.00,170.89,0.00,170.95,5,5.43,CLOUD,2
2026-04-20 12:38:34,1124,LOCAL,0.00,283.56,0.00,283.64,5,5.34,CLOUD,2
2026-04-20 12:38:35,1125,LOCAL,0.00,175.74,0.00,175.82,5,5.37,CLOUD,2
2026-04-20 12:38:35,1126,LOCAL,0.00,183.43,0.00,183.50,5,5.34,CLOUD,2
2026-04-20 12:38:35,1127,LOCAL,0.00,170.87,0.00,170.93,5,5.31,CLOUD,2
2026-04-20 12:38:35,1128,LOCAL,0.00,180.78,0.00,180.85,5,5.30,CLOUD,2
2026-04-20 12:38:36,1129,LOCAL,0.00,208.88,0.00,208.95,5,5.26,CLOUD,2
2026-04-20 12:38:36,1130,LOCAL,0.00,196.27,0.00,196.34,5,5.23,CLOUD,2
2026-04-20 12:38:36,1131,LOCAL,0.00,226.98,0.00,227.07,5,5.19,,0
2026-04-20 12:38:36,1132,CLOUD,26.14,4313.18,90.54,4430.26,6,2.95,,0
2026-04-20 12:38:41,1133,CLOUD,26.53,4030.55,102.59,4160.12,6,2.10,,0
2026-04-20 12:38:45,1134,CLOUD,17.26,5601.07,128.09,5746.90,6,1.50,LOCAL,2
2026-04-20 12:38:51,1135,LOCAL,0.00,233.80,0.00,233.88,5,1.50,,0
2026-04-20 12:38:51,1136,LOCAL,0.00,181.22,0.00,181.29,5,1.49,,0
2026-04-20 12:38:51,1137,LOCAL,0.00,202.56,0.00,202.62,5,1.49,,0
2026-04-20 12:38:51,1138,LOCAL,0.00,155.50,0.00,155.57,5,1.49,,0
2026-04-20 12:38:51,1139,LOCAL,0.00,207.13,0.00,207.20,5,1.49,,0
2026-04-20 12:38:52,1140,LOCAL,0.00,252.70,0.00,252.90,5,1.48,,0
2026-04-20 12:38:52,1141,LOCAL,0.00,245.78,0.00,245.93,5,1.47,,0
2026-04-20 12:38:52,1142,LOCAL,0.00,174.63,0.00,174.69,5,1.47,,0
2026-04-20 12:38:52,1143,LOCAL,0.00,161.80,0.00,161.88,5,1.47,,0
2026-04-20 12:38:53,1144,LOCAL,0.00,173.60,0.00,173.68,5,1.47,CLOUD,1
2026-04-20 12:38:53,1145,LOCAL,0.00,185.52,0.00,185.60,5,1.47,CLOUD,1
2026-04-20 12:38:53,1146,LOCAL,0.00,171.56,0.00,171.63,5,1.47,CLOUD,1
2026-04-20 12:38:53,1147,LOCAL,0.00,167.99,0.00,168.06,5,1.47,CLOUD,1
2026-04-20 12:38:53,1148,LOCAL,0.00,176.30,0.00,176.37,5,1.47,CLOUD,1
2026-04-20 12:38:53,1149,LOCAL,0.00,166.97,0.00,167.04,5,1.47,CLOUD,1
2026-04-20 12:38:54,1150,LOCAL,0.00,158.84,0.00,158.91,5,1.47,CLOUD,1
2026-04-20 12:38:54,1151,LOCAL,0.00,174.69,0.00,174.75,5,1.47,CLOUD,1
2026-04-20 12:38:54,1152,LOCAL,0.00,180.96,0.00,181.02,5,1.47,CLOUD,1
2026-04-20 12:38:54,1153,LOCAL,0.00,168.12,0.00,168.19,5,1.48,CLOUD,1
2026-04-20 12:38:54,1154,LOCAL,0.00,180.63,0.00,180.69,5,1.48,CLOUD,1
2026-04-20 12:38:55,1155,LOCAL,0.00,178.56,0.00,178.63,5,1.48,CLOUD,2
2026-04-20 12:38:55,1156,LOCAL,0.00,151.85,0.00,151.92,5,1.48,CLOUD,2
2026-04-20 12:38:55,1157,LOCAL,0.00,192.12,0.00,192.19,5,1.48,CLOUD,2
2026-04-20 12:38:55,1158,LOCAL,0.00,199.51,0.00,199.57,5,1.48,CLOUD,2
2026-04-20 12:38:55,1159,LOCAL,0.00,190.22,0.00,190.28,5,1.48,CLOUD,2
2026-04-20 12:38:56,1160,LOCAL,0.00,183.21,0.00,183.28,5,1.49,CLOUD,2
2026-04-20 12:38:56,1161,LOCAL,0.00,172.61,0.00,172.68,5,1.90,CLOUD,2
2026-04-20 12:38:56,1162,LOCAL,0.00,181.66,0.00,181.72,5,2.58,CLOUD,2
2026-04-20 12:38:56,1163,LOCAL,0.00,181.23,0.00,181.29,5,5.09,CLOUD,2
2026-04-20 12:38:56,1164,LOCAL,0.00,172.84,0.00,172.96,5,5.14,CLOUD,2
2026-04-20 12:38:56,1165,LOCAL,0.00,164.36,0.00,164.42,5,5.16,CLOUD,2
2026-04-20 12:38:57,1166,LOCAL,0.00,197.24,0.00,197.32,5,5.15,,0
2026-04-20 12:38:57,1167,CLOUD,33.04,3987.57,100.03,4121.03,6,3.02,,0
2026-04-20 12:39:01,1168,CLOUD,19.52,4164.52,93.91,4278.37,6,2.12,,0
2026-04-20 12:39:05,1169,CLOUD,25.61,3997.19,79.18,4102.38,6,1.65,,0
2026-04-20 12:39:09,1170,CLOUD,26.70,3434.04,106.34,3567.49,6,1.39,,0
2026-04-20 12:39:13,1171,CLOUD,28.27,6426.05,88.26,6543.03,6,1.07,,0
2026-04-20 12:39:20,1172,CLOUD,34.14,3913.87,126.26,4074.68,6,0.93,,0
2026-04-20 12:39:24,1173,CLOUD,25.74,3726.58,100.38,3853.14,6,0.83,LOCAL,1
2026-04-20 12:39:27,1174,LOCAL,0.00,224.53,0.00,224.60,5,0.83,,0
2026-04-20 12:39:28,1175,LOCAL,0.00,211.64,0.00,211.71,5,0.83,,0
2026-04-20 12:39:28,1176,LOCAL,0.00,193.01,0.00,193.09,5,0.83,,0
2026-04-20 12:39:28,1177,LOCAL,0.00,174.82,0.00,174.88,5,0.83,,0
2026-04-20 12:39:28,1178,LOCAL,0.00,173.36,0.00,173.43,5,0.83,,0
2026-04-20 12:39:29,1179,LOCAL,0.00,171.83,0.00,171.91,5,0.83,,0
2026-04-20 12:39:29,1180,LOCAL,0.00,206.82,0.00,206.94,5,0.83,,0
2026-04-20 12:39:29,1181,LOCAL,0.00,227.40,0.00,227.60,5,0.83,,0
2026-04-20 12:39:29,1182,LOCAL,0.00,212.31,0.00,212.43,5,0.83,,0
2026-04-20 12:39:29,1183,LOCAL,0.00,184.37,0.00,184.43,5,0.83,,0
2026-04-20 12:39:30,1184,LOCAL,0.00,188.69,0.00,188.76,5,0.83,,0
2026-04-20 12:39:30,1185,LOCAL,0.00,161.57,0.00,161.63,5,0.83,,0
2026-04-20 12:39:30,1186,LOCAL,0.00,176.29,0.00,176.35,5,0.83,,0
2026-04-20 12:39:30,1187,LOCAL,0.00,182.17,0.00,182.24,5,0.83,,0
2026-04-20 12:39:30,1188,LOCAL,0.00,178.84,0.00,178.91,5,0.83,CLOUD,1
2026-04-20 12:39:31,1189,LOCAL,0.00,169.33,0.00,169.39,5,0.83,CLOUD,1
2026-04-20 12:39:31,1190,LOCAL,0.00,203.84,0.00,203.90,5,0.83,CLOUD,1
2026-04-20 12:39:31,1191,LOCAL,0.00,172.38,0.00,172.44,5,0.83,CLOUD,1
2026-04-20 12:39:31,1192,LOCAL,0.00,173.62,0.00,173.70,5,0.83,CLOUD,1
2026-04-20 12:39:31,1193,LOCAL,0.00,165.91,0.00,165.99,5,0.83,CLOUD,1
2026-04-20 12:39:31,1194,LOCAL,0.00,181.19,0.00,181.27,5,0.83,CLOUD,1
2026-04-20 12:39:32,1195,LOCAL,0.00,175.20,0.00,175.27,5,0.83,CLOUD,1
2026-04-20 12:39:32,1196,LOCAL,0.00,179.82,0.00,179.91,5,0.94,CLOUD,1
2026-04-20 12:39:32,1197,LOCAL,0.00,174.69,0.00,174.79,5,1.08,CLOUD,1
2026-04-20 12:39:32,1198,LOCAL,0.00,264.23,0.00,264.32,5,1.26,CLOUD,2
2026-04-20 12:39:32,1199,LOCAL,0.00,189.56,0.00,189.64,5,1.47,CLOUD,2
2026-04-20 12:39:33,1200,LOCAL,0.00,182.88,0.00,182.94,5,2.18,CLOUD,2
2026-04-20 12:39:33,1201,LOCAL,0.00,183.32,0.00,183.38,5,3.08,CLOUD,2
2026-04-20 12:39:33,1202,LOCAL,0.00,188.85,0.00,188.93,5,5.03,CLOUD,2
2026-04-20 12:39:33,1203,LOCAL,0.00,190.28,0.00,190.42,5,5.08,CLOUD,2
2026-04-20 12:39:33,1204,LOCAL,0.00,182.22,0.00,182.31,5,5.11,CLOUD,2
2026-04-20 12:39:34,1205,LOCAL,0.00,172.67,0.00,172.73,5,5.14,CLOUD,2
2026-04-20 12:39:34,1206,LOCAL,0.00,175.96,0.00,176.03,5,5.14,CLOUD,2
2026-04-20 12:39:34,1207,LOCAL,0.00,209.39,0.00,209.46,5,5.11,CLOUD,2
2026-04-20 12:39:34,1208,LOCAL,0.00,189.63,0.00,189.70,5,5.09,,0
2026-04-20 12:39:34,1209,LOCAL,0.00,225.15,0.00,225.23,5,5.07,,0
2026-04-20 12:39:35,1210,CLOUD,38.14,3854.77,128.52,4021.83,6,3.05,,0
2026-04-20 12:39:39,1211,CLOUD,38.40,4470.62,78.09,4587.56,6,2.09,LOCAL,1
2026-04-20 12:39:43,1212,CLOUD,25.06,6390.00,107.37,6522.89,6,1.44,,0
2026-04-20 12:39:50,1213,CLOUD,25.45,4463.34,91.57,4580.84,6,1.18,,0
2026-04-20 12:39:54,1214,CLOUD,65.36,3640.67,106.26,3814.43,6,1.03,LOCAL,2
2026-04-20 12:39:58,1215,CLOUD,21.53,4069.00,97.51,4188.40,6,0.90,,0
2026-04-20 12:40:02,1216,CLOUD,36.78,3245.22,102.32,3384.89,6,0.82,,0
2026-04-20 12:40:06,1217,CLOUD,25.88,5063.79,91.35,5181.84,6,0.72,,0
2026-04-20 12:40:11,1218,CLOUD,14.07,3657.81,97.60,3769.87,6,0.66,LOCAL,2
2026-04-20 12:40:15,1219,CLOUD,38.60,3626.53,114.40,3779.91,6,0.61,,0
2026-04-20 12:40:19,1220,CLOUD,34.50,5449.20,101.05,5585.20,6,0.55,,0
2026-04-20 12:40:24,1221,CLOUD,13.65,3466.40,95.30,3575.80,6,0.51,,0
2026-04-20 12:40:28,1222,CLOUD,13.71,4034.97,96.04,4145.14,6,0.48,,0
2026-04-20 12:40:32,1223,CLOUD,13.80,3525.61,110.01,3649.86,6,0.45,,0
2026-04-20 12:40:36,1224,CLOUD,25.81,3458.32,94.34,3578.90,6,0.43,,0
2026-04-20 12:40:39,1225,CLOUD,25.81,3745.05,108.98,3880.31,6,0.41,LOCAL,1
2026-04-20 12:40:43,1226,CLOUD,38.35,3397.68,92.33,3528.76,6,0.39,,0
2026-04-20 12:40:47,1227,CLOUD,25.58,4167.77,123.57,4317.38,6,0.37,LOCAL,2
2026-04-20 12:40:51,1228,LOCAL,0.00,256.15,0.00,256.23,5,0.37,CLOUD,1
2026-04-20 12:40:51,1229,LOCAL,0.00,213.09,0.00,213.15,5,0.37,CLOUD,1
2026-04-20 12:40:51,1230,LOCAL,0.00,214.22,0.00,215.06,5,0.37,CLOUD,1
2026-04-20 12:40:52,1231,LOCAL,0.00,191.66,0.00,191.74,5,0.37,CLOUD,1
2026-04-20 12:40:52,1232,LOCAL,0.00,160.08,0.00,160.18,5,0.37,CLOUD,1
2026-04-20 12:40:52,1233,LOCAL,0.00,182.55,0.00,182.61,5,0.37,CLOUD,1
2026-04-20 12:40:52,1234,LOCAL,0.00,171.54,0.00,171.61,5,0.37,CLOUD,1
2026-04-20 12:40:52,1235,LOCAL,0.00,163.20,0.00,163.27,5,0.37,CLOUD,2
2026-04-20 12:40:53,1236,LOCAL,0.00,165.19,0.00,165.26,5,0.37,CLOUD,2
2026-04-20 12:40:53,1237,LOCAL,0.00,160.92,0.00,160.98,5,0.37,CLOUD,2
2026-04-20 12:40:53,1238,LOCAL,0.00,208.80,0.00,208.86,5,0.37,CLOUD,2
2026-04-20 12:40:53,1239,LOCAL,0.00,195.62,0.00,195.69,5,0.39,CLOUD,2
2026-04-20 12:40:53,1240,LOCAL,0.00,173.36,0.00,173.42,5,0.41,CLOUD,2
2026-04-20 12:40:53,1241,LOCAL,0.00,162.10,0.00,162.17,5,0.45,CLOUD,2
2026-04-20 12:40:54,1242,LOCAL,0.00,167.64,0.00,167.75,5,0.49,CLOUD,2
2026-04-20 12:40:54,1243,LOCAL,0.00,220.10,0.00,220.26,5,0.52,CLOUD,2
2026-04-20 12:40:54,1244,LOCAL,0.00,217.67,0.00,217.75,5,0.56,CLOUD,2
2026-04-20 12:40:54,1245,LOCAL,0.00,176.84,0.00,176.91,5,0.59,,0
2026-04-20 12:40:55,1246,LOCAL,0.00,217.15,0.00,217.24,5,0.66,,0
2026-04-20 12:40:55,1247,CLOUD,14.36,4097.42,109.08,4221.33,6,0.66,,0
2026-04-20 12:40:59,1248,CLOUD,13.61,3539.70,122.15,3675.89,6,0.66,LOCAL,1
2026-04-20 12:41:03,1249,CLOUD,17.85,3731.75,109.45,3859.49,6,0.68,,0
2026-04-20 12:41:07,1250,CLOUD,33.61,7173.57,114.05,7321.63,6,0.63,LOCAL,1
2026-04-20 12:41:14,1251,LOCAL,0.00,269.53,0.00,269.65,5,0.69,,0
2026-04-20 12:41:14,1252,LOCAL,0.00,225.69,0.00,225.75,5,0.75,,0
2026-04-20 12:41:14,1253,LOCAL,0.00,171.49,0.00,171.56,5,0.82,,0
2026-04-20 12:41:15,1254,LOCAL,0.00,169.06,0.00,169.13,5,0.91,,0
2026-04-20 12:41:15,1255,LOCAL,0.00,322.20,0.00,322.29,5,1.02,,0
2026-04-20 12:41:15,1256,LOCAL,0.00,187.59,0.00,187.67,5,1.19,,0
2026-04-20 12:41:15,1257,LOCAL,0.00,188.64,0.00,188.70,5,1.19,CLOUD,1
2026-04-20 12:41:15,1258,LOCAL,0.00,167.65,0.00,167.71,5,1.20,CLOUD,1
2026-04-20 12:41:16,1259,LOCAL,0.00,198.66,0.00,198.72,5,1.20,CLOUD,1
2026-04-20 12:41:16,1260,LOCAL,0.00,203.36,0.00,203.42,5,1.20,CLOUD,1
2026-04-20 12:41:16,1261,LOCAL,0.00,197.83,0.00,197.89,5,1.19,CLOUD,1
2026-04-20 12:41:16,1262,LOCAL,0.00,192.71,0.00,192.77,5,1.19,CLOUD,1
2026-04-20 12:41:16,1263,LOCAL,0.00,170.05,0.00,170.11,5,1.19,CLOUD,1
2026-04-20 12:41:17,1264,LOCAL,0.00,166.36,0.00,166.42,5,1.19,CLOUD,1
2026-04-20 12:41:17,1265,LOCAL,0.00,142.20,0.00,142.28,5,1.19,CLOUD,1
2026-04-20 12:41:17,1266,LOCAL,0.00,181.20,0.00,181.26,5,1.19,CLOUD,1
2026-04-20 12:41:17,1267,LOCAL,0.00,178.44,0.00,178.51,5,1.19,CLOUD,1
2026-04-20 12:41:17,1268,LOCAL,0.00,181.45,0.00,181.52,5,1.19,CLOUD,2
2026-04-20 12:41:18,1269,LOCAL,0.00,188.50,0.00,188.56,5,1.19,CLOUD,2
2026-04-20 12:41:18,1270,LOCAL,0.00,174.78,0.00,174.84,5,1.19,CLOUD,2
2026-04-20 12:41:18,1271,LOCAL,0.00,261.41,0.00,261.49,5,1.19,CLOUD,2
2026-04-20 12:41:18,1272,LOCAL,0.00,176.97,0.00,177.05,5,1.19,CLOUD,2
2026-04-20 12:41:18,1273,LOCAL,0.00,179.41,0.00,179.48,5,1.20,CLOUD,2
2026-04-20 12:41:19,1274,LOCAL,0.00,175.13,0.00,175.20,5,1.20,CLOUD,2
2026-04-20 12:41:19,1275,LOCAL,0.00,197.47,0.00,197.53,5,1.20,CLOUD,2
2026-04-20 12:41:19,1276,LOCAL,0.00,179.23,0.00,179.29,5,1.44,CLOUD,2
2026-04-20 12:41:19,1277,LOCAL,0.00,163.71,0.00,163.89,5,1.74,CLOUD,2
2026-04-20 12:41:19,1278,LOCAL,0.00,164.30,0.00,164.38,5,2.23,,0
2026-04-20 12:41:20,1279,LOCAL,0.00,197.68,0.00,197.74,5,4.94,,0
2026-04-20 12:41:20,1280,LOCAL,0.00,171.28,0.00,171.35,5,5.02,,0
2026-04-20 12:41:20,1281,LOCAL,0.00,191.42,0.00,191.49,5,5.05,,0
2026-04-20 12:41:20,1282,LOCAL,0.00,224.79,0.00,224.85,5,5.00,,0
2026-04-20 12:41:20,1283,LOCAL,0.00,177.35,0.00,177.41,5,4.98,,0
2026-04-20 12:41:21,1284,LOCAL,0.00,173.94,0.00,174.01,5,5.11,,0
2026-04-20 12:41:21,1285,LOCAL,0.00,180.00,0.00,180.07,5,5.12,,0
2026-04-20 12:41:21,1286,LOCAL,0.00,166.47,0.00,166.55,5,5.14,,0
2026-04-20 12:41:21,1287,LOCAL,0.00,235.94,0.00,236.15,5,5.07,,0
2026-04-20 12:41:21,1288,LOCAL,0.00,174.91,0.00,175.02,5,5.08,,0
2026-04-20 12:41:22,1289,LOCAL,0.00,174.31,0.00,174.37,5,5.11,,0
2026-04-20 12:41:22,1290,LOCAL,0.00,171.69,0.00,171.75,5,5.14,,0
2026-04-20 12:41:22,1291,LOCAL,0.00,180.08,0.00,180.14,5,5.16,,0
2026-04-20 12:41:22,1292,LOCAL,0.00,172.74,0.00,172.80,5,5.16,,0
2026-04-20 12:41:22,1293,LOCAL,0.00,156.38,0.00,156.46,5,5.18,,0
2026-04-20 12:41:22,1294,LOCAL,0.00,171.09,0.00,171.15,5,5.16,,0
2026-04-20 12:41:23,1295,LOCAL,0.00,167.59,0.00,167.65,5,5.17,,0
2026-04-20 12:41:23,1296,LOCAL,0.00,160.39,0.00,160.45,5,5.20,,0
2026-04-20 12:41:23,1297,LOCAL,0.00,208.17,0.00,208.24,5,5.17,,0
2026-04-20 12:41:23,1298,LOCAL,0.00,135.68,0.00,135.74,5,5.23,,0
2026-04-20 12:41:23,1299,LOCAL,0.00,182.02,0.00,182.08,5,5.23,CLOUD,1
2026-04-20 12:41:23,1300,LOCAL,0.00,168.13,0.00,180.24,5,5.33,CLOUD,1
2026-04-20 12:41:24,1301,LOCAL,0.00,173.98,0.00,174.04,5,5.35,CLOUD,1
2026-04-20 12:41:24,1302,LOCAL,0.00,167.91,0.00,167.97,5,5.37,CLOUD,1
2026-04-20 12:41:24,1303,LOCAL,0.00,168.73,0.00,168.79,5,5.37,CLOUD,1
2026-04-20 12:41:24,1304,LOCAL,0.00,196.48,0.00,196.54,5,5.37,CLOUD,1
2026-04-20 12:41:24,1305,LOCAL,0.00,188.07,0.00,188.13,5,5.36,CLOUD,1
2026-04-20 12:41:25,1306,LOCAL,0.00,154.53,0.00,154.61,5,5.38,CLOUD,1
2026-04-20 12:41:25,1307,LOCAL,0.00,165.86,0.00,165.93,5,5.38,CLOUD,1
2026-04-20 12:41:25,1308,LOCAL,0.00,284.67,0.00,284.75,5,5.30,CLOUD,1
2026-04-20 12:41:25,1309,LOCAL,0.00,200.08,0.00,200.15,5,5.28,CLOUD,1
2026-04-20 12:41:25,1310,LOCAL,0.00,155.67,0.00,155.75,5,5.30,,0
2026-04-20 12:41:26,1311,LOCAL,0.00,165.58,0.00,165.65,5,5.36,,0
2026-04-20 12:41:26,1312,LOCAL,0.00,159.34,0.00,159.41,5,5.41,,0
2026-04-20 12:41:26,1313,LOCAL,0.00,191.67,0.00,191.74,5,5.39,,0
2026-04-20 12:41:26,1314,LOCAL,0.00,154.36,0.00,154.43,5,5.42,,0
2026-04-20 12:41:26,1315,LOCAL,0.00,153.71,0.00,153.77,5,5.44,,0
2026-04-20 12:41:26,1316,LOCAL,0.00,143.96,0.00,144.02,5,5.54,,0
2026-04-20 12:41:27,1317,LOCAL,0.00,160.05,0.00,160.11,5,5.58,,0
2026-04-20 12:41:27,1318,LOCAL,0.00,135.39,0.00,135.45,5,5.62,,0
2026-04-20 12:41:27,1319,LOCAL,0.00,131.37,0.00,131.43,5,5.67,,0
2026-04-20 12:41:27,1320,LOCAL,0.00,153.35,0.00,153.43,5,5.69,,0
2026-04-20 12:41:27,1321,LOCAL,0.00,185.18,0.00,185.23,5,5.69,,0
2026-04-20 12:41:27,1322,LOCAL,0.00,177.63,0.00,177.69,5,5.67,,0
2026-04-20 12:41:28,1323,LOCAL,0.00,182.72,0.00,182.78,5,5.65,,0
2026-04-20 12:41:28,1324,LOCAL,0.00,145.86,0.00,145.92,5,5.67,,0
2026-04-20 12:41:28,1325,LOCAL,0.00,154.01,0.00,154.07,5,5.67,,0
2026-04-20 12:41:28,1326,LOCAL,0.00,206.25,0.00,206.33,5,5.67,,0
2026-04-20 12:41:28,1327,LOCAL,0.00,178.84,0.00,178.90,5,5.62,,0
2026-04-20 12:41:28,1328,LOCAL,0.00,156.03,0.00,156.09,5,5.65,,0
2026-04-20 12:41:29,1329,LOCAL,0.00,172.54,0.00,172.59,5,5.66,,0
2026-04-20 12:41:29,1330,LOCAL,0.00,141.23,0.00,141.29,5,5.67,,0
2026-04-20 12:41:29,1331,LOCAL,0.00,162.69,0.00,162.75,5,5.68,,0
2026-04-20 12:41:29,1332,LOCAL,0.00,179.98,0.00,180.04,5,5.67,,0
2026-04-20 12:41:29,1333,LOCAL,0.00,166.92,0.00,166.97,5,5.71,,0
2026-04-20 12:41:29,1334,LOCAL,0.00,186.39,0.00,186.45,5,5.71,,0
2026-04-20 12:41:30,1335,LOCAL,0.00,141.95,0.00,142.01,5,5.74,,0
2026-04-20 12:41:30,1336,LOCAL,0.00,199.92,0.00,199.97,5,5.72,,0
2026-04-20 12:41:30,1337,LOCAL,0.00,135.80,0.00,135.86,5,5.89,,0
2026-04-20 12:41:30,1338,LOCAL,0.00,288.17,0.00,288.25,5,5.79,,0
2026-04-20 12:41:30,1339,LOCAL,0.00,192.97,0.00,193.03,5,5.75,,0
2026-04-20 12:41:31,1340,LOCAL,0.00,133.25,0.00,133.31,5,5.79,,0
2026-04-20 12:41:31,1341,LOCAL,0.00,146.21,0.00,146.27,5,5.80,,0
2026-04-20 12:41:31,1342,LOCAL,0.00,158.24,0.00,158.30,5,5.81,,0
2026-04-20 12:41:31,1343,LOCAL,0.00,156.80,0.00,156.86,5,5.81,,0
2026-04-20 12:41:31,1344,LOCAL,0.00,176.26,0.00,176.32,5,5.77,,0
2026-04-20 12:41:31,1345,LOCAL,0.00,163.50,0.00,163.56,5,5.74,,0
2026-04-20 12:41:32,1346,LOCAL,0.00,148.48,0.00,148.54,5,5.76,,0
2026-04-20 12:41:32,1347,LOCAL,0.00,173.74,0.00,173.81,5,5.71,,0
2026-04-20 12:41:32,1348,LOCAL,0.00,165.59,0.00,165.66,5,5.67,,0
2026-04-20 12:41:32,1349,LOCAL,0.00,153.02,0.00,153.10,5,5.66,,0
2026-04-20 12:41:32,1350,LOCAL,0.00,165.25,0.00,165.31,5,5.69,,0
2026-04-20 12:41:32,1351,LOCAL,0.00,163.61,0.00,163.68,5,5.70,,0
2026-04-20 12:41:33,1352,LOCAL,0.00,150.49,0.00,150.55,5,5.73,,0
2026-04-20 12:41:33,1353,LOCAL,0.00,164.72,0.00,164.79,5,5.70,,0
2026-04-20 12:41:33,1354,LOCAL,0.00,170.85,0.00,170.92,5,5.69,,0
2026-04-20 12:41:33,1355,LOCAL,0.00,188.06,0.00,188.12,5,5.72,,0
2026-04-20 12:41:33,1356,LOCAL,0.00,288.64,0.00,288.72,5,5.59,,0
2026-04-20 12:41:34,1357,LOCAL,0.00,164.90,0.00,164.97,5,5.57,,0
2026-04-20 12:41:34,1358,LOCAL,0.00,159.51,0.00,159.57,5,5.57,,0
2026-04-20 12:41:34,1359,LOCAL,0.00,172.06,0.00,172.13,5,5.54,,0
2026-04-20 12:41:34,1360,LOCAL,0.00,165.29,0.00,165.37,5,5.53,,0
2026-04-20 12:41:34,1361,LOCAL,0.00,170.85,0.00,170.93,5,5.53,,0
2026-04-20 12:41:35,1362,LOCAL,0.00,167.73,0.00,167.79,5,5.53,,0
2026-04-20 12:41:35,1363,LOCAL,0.00,159.53,0.00,159.60,5,5.56,,0
2026-04-20 12:41:35,1364,LOCAL,0.00,156.91,0.00,156.98,5,5.54,,0
2026-04-20 12:41:35,1365,LOCAL,0.00,174.19,0.00,174.25,5,5.56,,0
2026-04-20 12:41:35,1366,LOCAL,0.00,159.92,0.00,160.00,5,5.53,,0
2026-04-20 12:41:35,1367,LOCAL,0.00,172.78,0.00,172.85,5,5.64,,0
2026-04-20 12:41:36,1368,LOCAL,0.00,168.39,0.00,168.45,5,5.68,,0
2026-04-20 12:41:36,1369,LOCAL,0.00,162.22,0.00,162.29,5,5.64,,0
2026-04-20 12:41:36,1370,LOCAL,0.00,164.18,0.00,164.25,5,5.62,,0
2026-04-20 12:41:36,1371,LOCAL,0.00,172.06,0.00,172.12,5,5.63,,0
2026-04-20 12:41:36,1372,LOCAL,0.00,176.49,0.00,176.55,5,5.61,,0
2026-04-20 12:41:36,1373,LOCAL,0.00,242.13,0.00,242.22,5,5.56,,0
2026-04-20 12:41:37,1374,LOCAL,0.00,159.67,0.00,159.74,5,5.56,,0
2026-04-20 12:41:37,1375,LOCAL,0.00,175.87,0.00,175.93,5,5.53,,0
2026-04-20 12:41:37,1376,LOCAL,0.00,171.28,0.00,171.34,5,5.54,,0
2026-04-20 12:41:37,1377,LOCAL,0.00,165.99,0.00,166.04,5,5.54,,0
2026-04-20 12:41:37,1378,LOCAL,0.00,185.51,0.00,185.57,5,5.51,,0
2026-04-20 12:41:38,1379,LOCAL,0.00,191.95,0.00,192.01,5,5.49,,0
2026-04-20 12:41:38,1380,LOCAL,0.00,175.65,0.00,175.72,5,5.47,,0
2026-04-20 12:41:38,1381,LOCAL,0.00,175.63,0.00,175.68,5,5.46,,0
2026-04-20 12:41:38,1382,LOCAL,0.00,192.09,0.00,192.16,5,5.44,,0
2026-04-20 12:41:38,1383,LOCAL,0.00,156.73,0.00,156.79,5,5.44,,0
2026-04-20 12:41:38,1384,LOCAL,0.00,132.98,0.00,133.04,5,5.50,,0
2026-04-20 12:41:39,1385,LOCAL,0.00,161.47,0.00,161.53,5,5.63,,0
2026-04-20 12:41:39,1386,LOCAL,0.00,185.86,0.00,185.92,5,5.63,,0
2026-04-20 12:41:39,1387,LOCAL,0.00,154.59,0.00,154.65,5,5.63,,0
2026-04-20 12:41:39,1388,LOCAL,0.00,175.74,0.00,175.79,5,5.64,,0
2026-04-20 12:41:39,1389,LOCAL,0.00,180.56,0.00,180.62,5,5.62,,0
2026-04-20 12:41:40,1390,LOCAL,0.00,175.68,0.00,175.74,5,5.61,,0
2026-04-20 12:41:40,1391,LOCAL,0.00,241.90,0.00,241.98,5,5.51,,0
2026-04-20 12:41:40,1392,LOCAL,0.00,164.76,0.00,164.83,5,5.50,,0
2026-04-20 12:41:40,1393,LOCAL,0.00,181.20,0.00,181.26,5,5.48,,0
2026-04-20 12:41:40,1394,LOCAL,0.00,196.63,0.00,196.69,5,5.46,,0
2026-04-20 12:41:41,1395,LOCAL,0.00,159.50,0.00,159.56,5,5.47,,0
2026-04-20 12:41:41,1396,LOCAL,0.00,160.30,0.00,160.36,5,5.50,,0
2026-04-20 12:41:41,1397,LOCAL,0.00,187.49,0.00,187.55,5,5.48,,0
2026-04-20 12:41:41,1398,LOCAL,0.00,153.59,0.00,153.65,5,5.48,,0
2026-04-20 12:41:41,1399,LOCAL,0.00,182.69,0.00,182.79,5,5.46,,0
2026-04-20 12:41:41,1400,LOCAL,0.00,162.27,0.00,162.33,5,5.47,CLOUD,1
2026-04-20 12:41:42,1401,LOCAL,0.00,183.27,0.00,183.33,5,5.46,CLOUD,1
2026-04-20 12:41:42,1402,LOCAL,0.00,177.34,0.00,177.40,5,5.52,CLOUD,1
2026-04-20 12:41:42,1403,LOCAL,0.00,167.31,0.00,167.37,5,5.52,CLOUD,1
2026-04-20 12:41:42,1404,LOCAL,0.00,152.42,0.00,152.48,5,5.54,CLOUD,1
2026-04-20 12:41:42,1405,LOCAL,0.00,159.35,0.00,159.42,5,5.55,CLOUD,1
2026-04-20 12:41:42,1406,LOCAL,0.00,179.01,0.00,179.07,5,5.51,CLOUD,1
2026-04-20 12:41:43,1407,LOCAL,0.00,164.79,0.00,164.86,5,5.53,CLOUD,1
2026-04-20 12:41:43,1408,LOCAL,0.00,164.09,0.00,164.15,5,5.55,CLOUD,1
2026-04-20 12:41:43,1409,LOCAL,0.00,182.81,0.00,182.87,5,5.53,CLOUD,1
2026-04-20 12:41:43,1410,LOCAL,0.00,149.14,0.00,149.20,5,5.56,CLOUD,1
2026-04-20 12:41:43,1411,LOCAL,0.00,134.15,0.00,134.22,5,5.63,CLOUD,1
2026-04-20 12:41:43,1412,LOCAL,0.00,150.45,0.00,150.51,5,5.64,CLOUD,2
2026-04-20 12:41:44,1413,LOCAL,0.00,143.12,0.00,143.18,5,5.63,CLOUD,2
2026-04-20 12:41:44,1414,LOCAL,0.00,162.80,0.00,162.86,5,5.62,CLOUD,2
2026-04-20 12:41:44,1415,LOCAL,0.00,179.37,0.00,179.43,5,5.62,CLOUD,2
2026-04-20 12:41:44,1416,LOCAL,0.00,163.49,0.00,163.54,5,5.62,CLOUD,2
2026-04-20 12:41:44,1417,LOCAL,0.00,167.82,0.00,167.91,5,5.61,CLOUD,2
2026-04-20 12:41:44,1418,LOCAL,0.00,232.89,0.00,232.99,5,5.56,CLOUD,2
2026-04-20 12:41:45,1419,LOCAL,0.00,143.40,0.00,143.47,5,5.59,CLOUD,2
2026-04-20 12:41:45,1420,LOCAL,0.00,149.26,0.00,149.34,5,5.70,CLOUD,2
2026-04-20 12:41:45,1421,LOCAL,0.00,191.45,0.00,191.50,5,5.68,CLOUD,2
2026-04-20 12:41:45,1422,LOCAL,0.00,259.86,0.00,260.01,5,5.58,CLOUD,2
2026-04-20 12:41:46,1423,LOCAL,0.00,195.98,0.00,196.07,5,5.56,,0
2026-04-20 12:41:46,1424,CLOUD,22.87,5718.43,115.65,5857.38,6,2.66,,0
2026-04-20 12:41:52,1425,CLOUD,14.76,8419.45,98.00,8533.24,6,1.50,,0
2026-04-20 12:42:00,1426,CLOUD,25.28,4141.59,103.84,4271.12,6,1.24,LOCAL,1
2026-04-20 12:42:04,1427,CLOUD,25.80,5759.42,112.48,5898.16,6,1.00,,0
2026-04-20 12:42:10,1428,CLOUD,13.38,6380.44,108.52,6502.75,6,0.82,LOCAL,1
2026-04-20 12:42:17,1429,CLOUD,28.76,4389.55,96.00,4514.81,6,0.73,LOCAL,1
2026-04-20 12:42:21,1430,CLOUD,37.81,3792.00,104.96,3935.27,6,0.67,,0
2026-04-20 12:42:25,1431,CLOUD,26.00,5871.77,95.37,5993.57,6,0.59,,0
2026-04-20 12:42:31,1432,CLOUD,25.91,4294.44,109.49,4430.30,6,0.54,LOCAL,1
2026-04-20 12:42:36,1433,LOCAL,0.00,254.59,0.00,254.66,5,0.54,,0
2026-04-20 12:42:36,1434,LOCAL,0.00,194.44,0.00,194.50,5,0.54,CLOUD,1
2026-04-20 12:42:36,1435,LOCAL,0.00,202.80,0.00,202.87,5,0.54,CLOUD,1
2026-04-20 12:42:36,1436,LOCAL,0.00,188.05,0.00,188.12,5,0.54,CLOUD,1
2026-04-20 12:42:37,1437,LOCAL,0.00,174.99,0.00,175.05,5,0.54,CLOUD,1
2026-04-20 12:42:37,1438,LOCAL,0.00,200.88,0.00,200.95,5,0.54,CLOUD,1
2026-04-20 12:42:37,1439,LOCAL,0.00,182.77,0.00,182.84,5,0.54,CLOUD,1
2026-04-20 12:42:37,1440,LOCAL,0.00,187.26,0.00,187.33,5,0.54,CLOUD,1
2026-04-20 12:42:37,1441,LOCAL,0.00,221.74,0.00,221.84,5,0.54,CLOUD,1
2026-04-20 12:42:38,1442,LOCAL,0.00,189.63,0.00,189.68,5,0.54,CLOUD,1
2026-04-20 12:42:38,1443,LOCAL,0.00,163.28,0.00,163.35,5,0.54,CLOUD,2
2026-04-20 12:42:38,1444,LOCAL,0.00,257.06,0.00,257.23,5,0.54,CLOUD,2
2026-04-20 12:42:38,1445,LOCAL,0.00,214.14,0.00,214.24,5,0.54,CLOUD,2
2026-04-20 12:42:39,1446,LOCAL,0.00,195.53,0.00,195.59,5,0.53,CLOUD,2
2026-04-20 12:42:39,1447,LOCAL,0.00,135.81,0.00,135.87,5,0.54,CLOUD,2
2026-04-20 12:42:39,1448,LOCAL,0.00,174.60,0.00,174.70,5,0.54,CLOUD,2
2026-04-20 12:42:39,1449,LOCAL,0.00,155.86,0.00,155.98,5,0.54,CLOUD,2
2026-04-20 12:42:39,1450,LOCAL,0.00,173.02,0.00,173.09,5,0.54,CLOUD,2
2026-04-20 12:42:39,1451,LOCAL,0.00,180.87,0.00,180.93,5,0.54,CLOUD,2
2026-04-20 12:42:40,1452,LOCAL,0.00,199.10,0.00,199.20,5,0.54,CLOUD,2
2026-04-20 12:42:40,1453,LOCAL,0.00,203.74,0.00,203.93,5,0.60,CLOUD,2
2026-04-20 12:42:40,1454,LOCAL,0.00,200.96,0.00,201.01,5,0.72,,0
2026-04-20 12:42:40,1455,LOCAL,0.00,190.43,0.00,190.50,5,0.81,,0
2026-04-20 12:42:40,1456,LOCAL,0.00,220.70,0.00,220.86,5,0.96,,0
2026-04-20 12:42:41,1457,CLOUD,14.60,4030.92,194.74,4240.78,6,1.04,,0
2026-04-20 12:42:45,1458,CLOUD,13.73,4464.94,116.29,4595.33,6,1.03,,0
2026-04-20 12:42:49,1459,CLOUD,25.57,7671.45,99.18,7796.64,6,0.91,,0
2026-04-20 12:42:57,1460,LOCAL,0.00,241.96,0.00,242.03,5,1.11,,0
2026-04-20 12:42:58,1461,LOCAL,0.00,241.58,0.00,241.64,5,1.32,,0
2026-04-20 12:42:58,1462,LOCAL,0.00,205.70,0.00,205.86,5,1.32,,0
2026-04-20 12:42:58,1463,LOCAL,0.00,171.65,0.00,171.72,5,1.32,,0
2026-04-20 12:42:58,1464,LOCAL,0.00,195.35,0.00,195.41,5,1.32,,0
2026-04-20 12:42:58,1465,LOCAL,0.00,164.51,0.00,164.58,5,1.32,,0
2026-04-20 12:42:59,1466,LOCAL,0.00,158.76,0.00,158.83,5,1.32,,0
2026-04-20 12:42:59,1467,LOCAL,0.00,226.28,0.00,226.33,5,1.32,,0
2026-04-20 12:42:59,1468,LOCAL,0.00,188.22,0.00,188.35,5,1.32,CLOUD,1
2026-04-20 12:42:59,1469,LOCAL,0.00,196.99,0.00,197.06,5,1.32,CLOUD,1
2026-04-20 12:42:59,1470,LOCAL,0.00,197.31,0.00,197.37,5,1.32,CLOUD,1
2026-04-20 12:43:00,1471,LOCAL,0.00,171.05,0.00,171.12,5,1.32,CLOUD,1
2026-04-20 12:43:00,1472,LOCAL,0.00,176.10,0.00,176.16,5,1.32,CLOUD,1
2026-04-20 12:43:00,1473,LOCAL,0.00,201.96,0.00,202.02,5,1.33,CLOUD,1
2026-04-20 12:43:00,1474,LOCAL,0.00,187.34,0.00,187.40,5,1.33,CLOUD,1
2026-04-20 12:43:00,1475,LOCAL,0.00,192.64,0.00,209.62,5,1.33,CLOUD,1
2026-04-20 12:43:01,1476,LOCAL,0.00,169.20,0.00,169.27,5,1.33,CLOUD,1
2026-04-20 12:43:01,1477,LOCAL,0.00,188.68,0.00,188.74,5,1.32,CLOUD,1
2026-04-20 12:43:01,1478,LOCAL,0.00,170.86,0.00,170.92,5,1.32,CLOUD,2
2026-04-20 12:43:01,1479,LOCAL,0.00,296.65,0.00,296.75,5,1.32,CLOUD,2
2026-04-20 12:43:01,1480,LOCAL,0.00,162.05,0.00,162.11,5,1.32,CLOUD,2
2026-04-20 12:43:02,1481,LOCAL,0.00,168.53,0.00,168.59,5,1.32,CLOUD,2
2026-04-20 12:43:02,1482,LOCAL,0.00,184.90,0.00,184.96,5,1.32,CLOUD,2
2026-04-20 12:43:02,1483,LOCAL,0.00,204.59,0.00,204.66,5,1.32,CLOUD,2
2026-04-20 12:43:02,1484,LOCAL,0.00,174.12,0.00,174.20,5,1.32,CLOUD,2
2026-04-20 12:43:02,1485,LOCAL,0.00,174.61,0.00,174.68,5,1.33,CLOUD,2
2026-04-20 12:43:03,1486,LOCAL,0.00,176.12,0.00,176.19,5,1.63,CLOUD,2
2026-04-20 12:43:03,1487,LOCAL,0.00,229.22,0.00,229.28,5,2.16,CLOUD,2
2026-04-20 12:43:03,1488,LOCAL,0.00,213.13,0.00,213.22,5,4.93,,0
2026-04-20 12:43:03,1489,CLOUD,21.85,5369.68,102.82,5494.82,6,2.60,,0
2026-04-20 12:43:09,1490,CLOUD,26.18,6264.49,116.98,6408.04,6,1.68,,0
2026-04-20 12:43:15,1491,CLOUD,29.26,3923.34,104.68,4057.81,6,1.37,,0
2026-04-20 12:43:19,1492,CLOUD,29.88,3643.19,99.43,3772.92,6,1.17,,0
2026-04-20 12:43:23,1493,CLOUD,29.53,3692.95,109.53,3832.46,6,1.02,,0
2026-04-20 12:43:27,1494,CLOUD,21.71,3506.07,100.31,3628.50,6,0.91,,0
2026-04-20 12:43:30,1495,CLOUD,28.79,4798.11,116.89,4944.25,6,0.79,,0
2026-04-20 12:43:35,1496,CLOUD,13.97,3998.46,127.05,4139.88,6,0.72,LOCAL,1
2026-04-20 12:43:39,1497,CLOUD,29.22,3572.25,109.30,3711.18,6,0.66,,0
2026-04-20 12:43:43,1498,CLOUD,25.96,4233.99,104.56,4364.93,6,0.60,,0
2026-04-20 12:43:48,1499,CLOUD,17.82,3984.57,75.68,4095.50,6,0.56,,0
2026-04-20 12:43:52,1500,CLOUD,16.72,4127.06,104.38,4248.58,6,0.52,,0
2026-04-20 12:43:56,1501,CLOUD,13.63,4397.57,100.16,4511.84,6,0.48,,0
2026-04-20 12:44:00,1502,CLOUD,13.89,4521.18,116.00,4651.46,6,0.45,LOCAL,1
2026-04-20 12:44:05,1503,CLOUD,21.91,3357.31,112.10,3491.76,6,0.42,,0
2026-04-20 12:44:09,1504,CLOUD,25.58,3721.74,94.22,3841.93,6,0.40,,0
2026-04-20 12:44:12,1505,CLOUD,13.93,3887.46,87.41,3989.27,6,0.38,,0
2026-04-20 12:44:16,1506,CLOUD,29.31,3744.60,106.01,3880.34,6,0.37,,0
2026-04-20 12:44:20,1507,CLOUD,25.49,3665.02,97.32,3788.28,6,0.35,,0
2026-04-20 12:44:24,1508,CLOUD,25.60,4183.55,102.02,4311.55,6,0.33,,0
2026-04-20 12:44:28,1509,CLOUD,16.56,4185.60,115.37,4317.94,6,0.32,,0
2026-04-20 12:44:33,1510,CLOUD,25.74,5119.74,102.52,5248.41,6,0.30,LOCAL,1
2026-04-20 12:44:38,1511,CLOUD,29.81,3665.12,94.67,3790.04,6,0.29,LOCAL,1
2026-04-20 12:44:42,1512,LOCAL,0.00,234.64,0.00,234.72,5,0.29,,0
2026-04-20 12:44:42,1513,LOCAL,0.00,250.58,0.00,250.64,5,0.29,,0
2026-04-20 12:44:42,1514,LOCAL,0.00,236.55,0.00,236.61,5,0.29,,0
2026-04-20 12:44:43,1515,LOCAL,0.00,206.04,0.00,206.10,5,0.29,,0
2026-04-20 12:44:43,1516,LOCAL,0.00,148.76,0.00,148.82,5,0.29,,0
2026-04-20 12:44:43,1517,LOCAL,0.00,156.46,0.00,156.53,5,0.29,,0
2026-04-20 12:44:43,1518,LOCAL,0.00,184.87,0.00,184.93,5,0.31,CLOUD,1
2026-04-20 12:44:43,1519,LOCAL,0.00,171.49,0.00,171.56,5,0.33,CLOUD,1
2026-04-20 12:44:44,1520,LOCAL,0.00,158.13,0.00,158.20,5,0.34,CLOUD,1
2026-04-20 12:44:44,1521,LOCAL,0.00,164.96,0.00,165.02,5,0.36,CLOUD,1
2026-04-20 12:44:44,1522,LOCAL,0.00,173.95,0.00,174.01,5,0.38,CLOUD,1
2026-04-20 12:44:44,1523,LOCAL,0.00,252.25,0.00,252.44,5,0.39,CLOUD,1
2026-04-20 12:44:44,1524,LOCAL,0.00,188.94,0.00,189.05,5,0.42,CLOUD,1
2026-04-20 12:44:45,1525,LOCAL,0.00,164.07,0.00,164.15,5,0.44,CLOUD,1
2026-04-20 12:44:45,1526,LOCAL,0.00,182.90,0.00,182.95,5,0.47,CLOUD,1
2026-04-20 12:44:45,1527,LOCAL,0.00,151.14,0.00,151.20,5,0.50,CLOUD,1
2026-04-20 12:44:45,1528,LOCAL,0.00,180.18,0.00,180.29,5,0.54,CLOUD,1
2026-04-20 12:44:45,1529,LOCAL,0.00,143.61,0.00,143.68,5,0.59,CLOUD,2
2026-04-20 12:44:45,1530,LOCAL,0.00,173.63,0.00,173.70,5,0.64,CLOUD,2
2026-04-20 12:44:46,1531,LOCAL,0.00,173.48,0.00,173.55,5,0.71,CLOUD,2
2026-04-20 12:44:46,1532,LOCAL,0.00,174.27,0.00,174.34,5,0.78,CLOUD,2
2026-04-20 12:44:46,1533,LOCAL,0.00,189.27,0.00,189.33,5,0.86,CLOUD,2
2026-04-20 12:44:46,1534,LOCAL,0.00,182.17,0.00,182.22,5,0.97,CLOUD,2
2026-04-20 12:44:46,1535,LOCAL,0.00,176.51,0.00,176.57,5,1.11,CLOUD,2
2026-04-20 12:44:47,1536,LOCAL,0.00,147.58,0.00,147.64,5,1.29,CLOUD,2
2026-04-20 12:44:47,1537,LOCAL,0.00,171.38,0.00,171.45,5,1.58,CLOUD,2
2026-04-20 12:44:47,1538,LOCAL,0.00,191.57,0.00,191.63,5,2.03,CLOUD,2
2026-04-20 12:44:47,1539,LOCAL,0.00,192.23,0.00,192.29,5,3.16,CLOUD,2
2026-04-20 12:44:47,1540,LOCAL,0.00,186.83,0.00,186.89,5,5.19,,0
2026-04-20 12:44:47,1541,LOCAL,0.00,236.86,0.00,236.94,5,5.20,,0
2026-04-20 12:44:48,1542,CLOUD,25.95,5284.36,78.32,5389.04,6,2.71,,0
2026-04-20 12:44:53,1543,CLOUD,21.97,3401.16,112.03,3535.68,6,2.07,,0
2026-04-20 12:44:57,1544,CLOUD,34.78,5150.47,100.70,5286.31,6,1.52,,0
2026-04-20 12:45:02,1545,CLOUD,31.54,4080.21,95.92,4208.14,6,1.25,,0
2026-04-20 12:45:06,1546,CLOUD,34.72,5092.17,110.37,5237.67,6,1.03,,0
2026-04-20 12:45:11,1547,CLOUD,25.61,5411.57,96.94,5534.56,6,0.86,LOCAL,1
2026-04-20 12:45:17,1548,LOCAL,0.00,240.64,0.00,240.72,5,0.86,,0
2026-04-20 12:45:17,1549,LOCAL,0.00,206.69,0.00,206.76,5,0.86,,0
2026-04-20 12:45:17,1550,LOCAL,0.00,171.91,0.00,171.97,5,0.86,,0
2026-04-20 12:45:18,1551,LOCAL,0.00,150.83,0.00,150.91,5,0.86,CLOUD,1
2026-04-20 12:45:18,1552,LOCAL,0.00,170.59,0.00,170.65,5,0.86,CLOUD,1
2026-04-20 12:45:18,1553,LOCAL,0.00,191.71,0.00,191.77,5,0.86,CLOUD,1
2026-04-20 12:45:18,1554,LOCAL,0.00,197.86,0.00,197.91,5,0.86,CLOUD,1
2026-04-20 12:45:18,1555,LOCAL,0.00,168.83,0.00,168.92,5,0.86,CLOUD,1
2026-04-20 12:45:19,1556,LOCAL,0.00,170.12,0.00,170.19,5,0.86,CLOUD,1
2026-04-20 12:45:19,1557,LOCAL,0.00,164.83,0.00,164.89,5,0.86,CLOUD,1
2026-04-20 12:45:19,1558,LOCAL,0.00,187.42,0.00,187.48,5,0.86,CLOUD,1
2026-04-20 12:45:19,1559,LOCAL,0.00,171.33,0.00,171.40,5,0.86,CLOUD,1
2026-04-20 12:45:19,1560,LOCAL,0.00,191.65,0.00,191.71,5,0.86,CLOUD,1
2026-04-20 12:45:19,1561,LOCAL,0.00,240.30,0.00,240.41,5,0.86,CLOUD,1
2026-04-20 12:45:20,1562,LOCAL,0.00,142.32,0.00,142.41,5,0.86,CLOUD,2
2026-04-20 12:45:20,1563,LOCAL,0.00,181.49,0.00,181.57,5,0.86,CLOUD,2
2026-04-20 12:45:20,1564,LOCAL,0.00,163.79,0.00,163.90,5,0.86,CLOUD,2
2026-04-20 12:45:20,1565,LOCAL,0.00,164.55,0.00,164.61,5,0.86,CLOUD,2
2026-04-20 12:45:20,1566,LOCAL,0.00,185.38,0.00,185.44,5,0.86,CLOUD,2
2026-04-20 12:45:21,1567,LOCAL,0.00,179.95,0.00,180.02,5,0.86,CLOUD,2
2026-04-20 12:45:21,1568,LOCAL,0.00,178.17,0.00,178.23,5,0.86,CLOUD,2
2026-04-20 12:45:21,1569,LOCAL,0.00,198.97,0.00,199.04,5,0.86,CLOUD,2
2026-04-20 12:45:21,1570,LOCAL,0.00,157.32,0.00,157.39,5,0.86,CLOUD,2
2026-04-20 12:45:21,1571,LOCAL,0.00,146.88,0.00,146.94,5,1.02,CLOUD,2
2026-04-20 12:45:21,1572,LOCAL,0.00,173.90,0.00,173.98,5,1.16,CLOUD,2
2026-04-20 12:45:22,1573,LOCAL,0.00,211.05,0.00,211.15,5,1.45,,0
2026-04-20 12:45:22,1574,CLOUD,26.44,4635.82,98.87,4761.55,6,1.42,,0
2026-04-20 12:45:27,1575,CLOUD,30.14,4311.55,98.25,4440.38,6,1.47,,0
2026-04-20 12:45:31,1576,CLOUD,29.02,4455.47,94.10,4578.98,6,1.55,,0
2026-04-20 12:45:36,1577,CLOUD,25.33,6855.53,89.14,6970.46,6,1.14,,0
2026-04-20 12:45:43,1578,CLOUD,45.95,6619.96,104.26,6770.61,6,0.91,LOCAL,2
2026-04-20 12:45:49,1579,LOCAL,0.00,255.30,0.00,255.36,5,0.90,,0
2026-04-20 12:45:50,1580,LOCAL,0.00,187.53,0.00,187.59,5,0.90,,0
2026-04-20 12:45:50,1581,LOCAL,0.00,220.82,0.00,220.89,5,0.90,,0
2026-04-20 12:45:50,1582,LOCAL,0.00,180.59,0.00,180.65,5,0.90,,0
2026-04-20 12:45:50,1583,LOCAL,0.00,191.94,0.00,191.99,5,0.90,,0
2026-04-20 12:45:51,1584,LOCAL,0.00,184.00,0.00,184.08,5,0.90,,0
2026-04-20 12:45:51,1585,LOCAL,0.00,180.45,0.00,180.51,5,0.90,,0
2026-04-20 12:45:51,1586,LOCAL,0.00,253.69,0.00,253.77,5,0.90,,0
2026-04-20 12:45:51,1587,LOCAL,0.00,178.37,0.00,178.49,5,0.90,,0
2026-04-20 12:45:51,1588,LOCAL,0.00,133.51,0.00,133.61,5,0.90,,0
2026-04-20 12:45:51,1589,LOCAL,0.00,184.21,0.00,184.28,5,0.90,,0
2026-04-20 12:45:52,1590,LOCAL,0.00,183.27,0.00,183.33,5,0.90,,0
2026-04-20 12:45:52,1591,LOCAL,0.00,176.93,0.00,176.99,5,0.90,CLOUD,1
2026-04-20 12:45:52,1592,LOCAL,0.00,200.56,0.00,200.62,5,0.90,CLOUD,1
2026-04-20 12:45:52,1593,LOCAL,0.00,186.97,0.00,187.02,5,0.90,CLOUD,1
2026-04-20 12:45:52,1594,LOCAL,0.00,180.04,0.00,180.11,5,0.90,CLOUD,1
2026-04-20 12:45:53,1595,LOCAL,0.00,178.01,0.00,178.07,5,0.90,CLOUD,1
2026-04-20 12:45:53,1596,LOCAL,0.00,172.19,0.00,172.25,5,0.90,CLOUD,1
2026-04-20 12:45:53,1597,LOCAL,0.00,139.45,0.00,139.51,5,0.90,CLOUD,1
2026-04-20 12:45:53,1598,LOCAL,0.00,181.31,0.00,181.37,5,0.90,CLOUD,1
2026-04-20 12:45:53,1599,LOCAL,0.00,186.71,0.00,186.77,5,0.90,CLOUD,1
2026-04-20 12:45:54,1600,LOCAL,0.00,197.74,0.00,197.81,5,0.90,CLOUD,1
2026-04-20 12:45:54,1601,LOCAL,0.00,171.87,0.00,171.93,5,0.90,CLOUD,1
2026-04-20 12:45:54,1602,LOCAL,0.00,155.70,0.00,155.76,5,0.90,CLOUD,2
2026-04-20 12:45:54,1603,LOCAL,0.00,229.60,0.00,229.69,5,1.05,CLOUD,2
2026-04-20 12:45:54,1604,LOCAL,0.00,168.08,0.00,181.96,5,1.24,CLOUD,2
2026-04-20 12:45:55,1605,LOCAL,0.00,180.26,0.00,180.32,5,1.52,CLOUD,2
2026-04-20 12:45:55,1606,LOCAL,0.00,221.37,0.00,221.45,5,2.36,CLOUD,2
2026-04-20 12:45:55,1607,LOCAL,0.00,202.25,0.00,202.32,5,5.06,CLOUD,2
2026-04-20 12:45:55,1608,LOCAL,0.00,199.61,0.00,199.68,5,5.12,CLOUD,2
2026-04-20 12:45:55,1609,LOCAL,0.00,175.14,0.00,175.20,5,5.12,CLOUD,2
2026-04-20 12:45:56,1610,LOCAL,0.00,154.28,0.00,154.36,5,5.18,CLOUD,2
2026-04-20 12:45:56,1611,LOCAL,0.00,182.08,0.00,182.15,5,5.18,CLOUD,2
2026-04-20 12:45:56,1612,LOCAL,0.00,262.51,0.00,262.69,5,5.11,,0
2026-04-20 12:45:56,1613,LOCAL,0.00,200.51,0.00,200.62,5,5.10,,0
2026-04-20 12:45:56,1614,CLOUD,33.83,6320.96,104.72,6459.90,6,2.42,,0
2026-04-20 12:46:03,1615,CLOUD,25.58,8870.46,114.90,9011.74,6,1.40,LOCAL,1
2026-04-20 12:46:12,1616,LOCAL,0.00,261.02,0.00,261.08,5,1.39,,0
2026-04-20 12:46:12,1617,LOCAL,0.00,184.39,0.00,184.45,5,1.39,,0
2026-04-20 12:46:12,1618,LOCAL,0.00,216.39,0.00,216.45,5,1.39,,0
2026-04-20 12:46:13,1619,LOCAL,0.00,217.04,0.00,217.10,5,1.39,,0
2026-04-20 12:46:13,1620,LOCAL,0.00,156.42,0.00,156.48,5,1.39,,0
2026-04-20 12:46:13,1621,LOCAL,0.00,153.49,0.00,153.55,5,1.39,,0
2026-04-20 12:46:13,1622,LOCAL,0.00,180.82,0.00,180.88,5,1.39,,0
2026-04-20 12:46:13,1623,LOCAL,0.00,202.98,0.00,203.04,5,1.39,,0
2026-04-20 12:46:14,1624,LOCAL,0.00,144.25,0.00,144.32,5,1.39,,0
2026-04-20 12:46:14,1625,LOCAL,0.00,200.27,0.00,200.35,5,1.39,,0
2026-04-20 12:46:14,1626,LOCAL,0.00,179.34,0.00,179.40,5,1.39,,0
2026-04-20 12:46:14,1627,LOCAL,0.00,174.98,0.00,175.04,5,1.39,,0
2026-04-20 12:46:14,1628,LOCAL,0.00,222.72,0.00,222.81,5,1.38,,0
2026-04-20 12:46:14,1629,LOCAL,0.00,173.28,0.00,173.35,5,1.39,,0
2026-04-20 12:46:15,1630,LOCAL,0.00,149.63,0.00,149.70,5,1.39,,0
2026-04-20 12:46:15,1631,LOCAL,0.00,246.52,0.00,246.71,5,1.38,,0
2026-04-20 12:46:15,1632,LOCAL,0.00,224.20,0.00,224.31,5,1.38,,0
2026-04-20 12:46:15,1633,LOCAL,0.00,190.97,0.00,191.04,5,1.38,,0
2026-04-20 12:46:16,1634,LOCAL,0.00,177.82,0.00,177.88,5,1.38,,0
2026-04-20 12:46:16,1635,LOCAL,0.00,166.10,0.00,166.16,5,1.39,,0
2026-04-20 12:46:16,1636,LOCAL,0.00,164.43,0.00,164.50,5,1.39,,0
2026-04-20 12:46:16,1637,LOCAL,0.00,165.22,0.00,165.28,5,1.39,,0
2026-04-20 12:46:16,1638,LOCAL,0.00,187.30,0.00,188.14,5,1.39,,0
2026-04-20 12:46:16,1639,LOCAL,0.00,143.76,0.00,143.83,5,1.39,,0
2026-04-20 12:46:17,1640,LOCAL,0.00,182.42,0.00,182.53,5,1.39,,0
2026-04-20 12:46:17,1641,LOCAL,0.00,173.30,0.00,173.38,5,1.39,,0
2026-04-20 12:46:17,1642,LOCAL,0.00,155.60,0.00,155.67,5,1.40,,0
2026-04-20 12:46:17,1643,LOCAL,0.00,182.70,0.00,182.77,5,2.00,,0
2026-04-20 12:46:17,1644,LOCAL,0.00,174.31,0.00,174.37,5,5.12,,0
2026-04-20 12:46:18,1645,LOCAL,0.00,186.89,0.00,186.95,5,5.19,,0
2026-04-20 12:46:18,1646,LOCAL,0.00,175.64,0.00,175.70,5,5.21,,0
2026-04-20 12:46:18,1647,LOCAL,0.00,180.75,0.00,180.81,5,5.23,,0
2026-04-20 12:46:18,1648,LOCAL,0.00,280.43,0.00,280.62,5,5.18,,0
2026-04-20 12:46:18,1649,LOCAL,0.00,196.25,0.00,196.46,5,5.14,,0
2026-04-20 12:46:19,1650,LOCAL,0.00,222.59,0.00,222.71,5,5.07,,0
2026-04-20 12:46:19,1651,LOCAL,0.00,187.82,0.00,187.91,5,5.05,,0
2026-04-20 12:46:19,1652,LOCAL,0.00,172.48,0.00,172.57,5,5.08,,0
2026-04-20 12:46:19,1653,LOCAL,0.00,195.21,0.00,195.27,5,5.05,CLOUD,1
2026-04-20 12:46:19,1654,LOCAL,0.00,183.67,0.00,183.72,5,5.09,CLOUD,1
2026-04-20 12:46:20,1655,LOCAL,0.00,179.55,0.00,179.63,5,5.10,CLOUD,1
2026-04-20 12:46:20,1656,LOCAL,0.00,120.23,0.00,120.31,5,5.14,CLOUD,1
2026-04-20 12:46:20,1657,LOCAL,0.00,172.64,0.00,172.75,5,5.17,CLOUD,1
2026-04-20 12:46:20,1658,LOCAL,0.00,149.43,0.00,149.50,5,5.20,CLOUD,1
2026-04-20 12:46:20,1659,LOCAL,0.00,179.51,0.00,179.57,5,5.17,CLOUD,1
2026-04-20 12:46:20,1660,LOCAL,0.00,174.19,0.00,174.25,5,5.25,CLOUD,1
2026-04-20 12:46:21,1661,LOCAL,0.00,176.99,0.00,177.05,5,5.30,CLOUD,1
2026-04-20 12:46:21,1662,LOCAL,0.00,168.67,0.00,168.74,5,5.32,CLOUD,1
2026-04-20 12:46:21,1663,LOCAL,0.00,175.31,0.00,175.38,5,5.32,CLOUD,1
2026-04-20 12:46:21,1664,LOCAL,0.00,160.78,0.00,160.86,5,5.32,CLOUD,1
2026-04-20 12:46:21,1665,LOCAL,0.00,273.21,0.00,273.32,5,5.22,CLOUD,2
2026-04-20 12:46:22,1666,LOCAL,0.00,170.91,0.00,187.06,5,5.21,CLOUD,2
2026-04-20 12:46:22,1667,LOCAL,0.00,144.37,0.00,144.44,5,5.26,CLOUD,2
2026-04-20 12:46:22,1668,LOCAL,0.00,152.59,0.00,152.66,5,5.25,CLOUD,2
2026-04-20 12:46:22,1669,LOCAL,0.00,181.98,0.00,182.04,5,5.26,CLOUD,2
2026-04-20 12:46:22,1670,LOCAL,0.00,160.89,0.00,160.95,5,5.28,CLOUD,2
2026-04-20 12:46:22,1671,LOCAL,0.00,183.11,0.00,183.17,5,5.26,CLOUD,2
2026-04-20 12:46:23,1672,LOCAL,0.00,171.18,0.00,171.24,5,5.26,CLOUD,2
2026-04-20 12:46:23,1673,LOCAL,0.00,161.22,0.00,161.28,5,5.27,CLOUD,2
2026-04-20 12:46:23,1674,LOCAL,0.00,283.31,0.00,283.50,5,5.18,CLOUD,2
2026-04-20 12:46:23,1675,LOCAL,0.00,181.30,0.00,181.51,5,5.16,,0
2026-04-20 12:46:24,1676,CLOUD,25.82,20132.77,110.65,20270.08,6,1.13,,0
2026-04-20 12:46:44,1677,CLOUD,14.07,4251.46,91.49,4357.52,6,0.97,LOCAL,1
2026-04-20 12:46:48,1678,LOCAL,0.00,231.71,0.00,231.79,5,0.97,,0
2026-04-20 12:46:48,1679,LOCAL,0.00,175.59,0.00,175.66,5,0.97,,0
2026-04-20 12:46:49,1680,LOCAL,0.00,192.45,0.00,192.51,5,0.97,,0
2026-04-20 12:46:49,1681,LOCAL,0.00,205.06,0.00,205.13,5,0.97,,0
2026-04-20 12:46:49,1682,LOCAL,0.00,173.01,0.00,173.07,5,0.97,,0
2026-04-20 12:46:49,1683,LOCAL,0.00,288.37,0.00,288.46,5,0.97,,0
2026-04-20 12:46:50,1684,LOCAL,0.00,190.80,0.00,190.86,5,0.97,,0
2026-04-20 12:46:50,1685,LOCAL,0.00,193.35,0.00,193.41,5,0.97,CLOUD,1
2026-04-20 12:46:50,1686,LOCAL,0.00,159.55,0.00,159.61,5,0.97,CLOUD,1
2026-04-20 12:46:50,1687,LOCAL,0.00,194.46,0.00,194.53,5,0.96,CLOUD,1
2026-04-20 12:46:50,1688,LOCAL,0.00,143.58,0.00,143.65,5,0.97,CLOUD,1
2026-04-20 12:46:50,1689,LOCAL,0.00,176.56,0.00,176.64,5,0.97,CLOUD,1
2026-04-20 12:46:51,1690,LOCAL,0.00,169.13,0.00,169.20,5,0.97,CLOUD,1
2026-04-20 12:46:51,1691,LOCAL,0.00,193.25,0.00,193.31,5,0.97,CLOUD,1
2026-04-20 12:46:51,1692,LOCAL,0.00,161.97,0.00,162.03,5,0.97,CLOUD,1
2026-04-20 12:46:51,1693,LOCAL,0.00,181.59,0.00,181.65,5,0.97,CLOUD,1
2026-04-20 12:46:51,1694,LOCAL,0.00,189.32,0.00,189.38,5,0.97,CLOUD,1
2026-04-20 12:46:52,1695,LOCAL,0.00,182.77,0.00,182.85,5,0.97,CLOUD,1
2026-04-20 12:46:52,1696,LOCAL,0.00,186.34,0.00,186.41,5,0.97,CLOUD,2
2026-04-20 12:46:52,1697,LOCAL,0.00,197.06,0.00,197.12,5,0.97,CLOUD,2
2026-04-20 12:46:52,1698,LOCAL,0.00,199.04,0.00,199.13,5,0.97,CLOUD,2
2026-04-20 12:46:52,1699,LOCAL,0.00,270.83,0.00,270.91,5,0.96,CLOUD,2
2026-04-20 12:46:53,1700,LOCAL,0.00,165.98,0.00,166.05,5,0.96,CLOUD,2
2026-04-20 12:46:53,1701,LOCAL,0.00,160.58,0.00,160.68,5,0.96,CLOUD,2
2026-04-20 12:46:53,1702,LOCAL,0.00,191.60,0.00,191.67,5,0.96,CLOUD,2
2026-04-20 12:46:53,1703,LOCAL,0.00,172.89,0.00,172.95,5,0.96,CLOUD,2
2026-04-20 12:46:53,1704,LOCAL,0.00,191.32,0.00,191.40,5,0.96,CLOUD,2
2026-04-20 12:46:54,1705,LOCAL,0.00,164.92,0.00,164.99,5,2.91,CLOUD,2
2026-04-20 12:46:54,1706,LOCAL,0.00,267.62,0.00,267.81,5,4.96,,0
2026-04-20 12:46:54,1707,LOCAL,0.00,187.42,0.00,187.50,5,5.00,,0
2026-04-20 12:46:54,1708,CLOUD,22.65,5018.93,101.76,5143.73,6,2.69,,0
2026-04-20 12:46:59,1709,CLOUD,30.84,4567.24,100.19,4698.70,6,1.90,,0
2026-04-20 12:47:04,1710,CLOUD,13.31,4452.00,94.78,4560.46,6,1.48,,0
2026-04-20 12:47:09,1711,CLOUD,18.42,4335.23,170.80,4537.52,6,1.21,,0
2026-04-20 12:47:13,1712,CLOUD,37.83,6214.90,104.93,6358.07,6,0.96,,0
2026-04-20 12:47:20,1713,CLOUD,37.61,4829.24,104.54,4971.84,6,0.83,LOCAL,2
2026-04-20 12:47:25,1714,CLOUD,21.41,3930.43,97.54,4049.78,6,0.75,,0
2026-04-20 12:47:29,1715,CLOUD,35.49,4656.53,104.09,4796.60,6,0.67,,0
2026-04-20 12:47:33,1716,CLOUD,25.97,4174.12,106.46,4306.95,6,0.61,,0
2026-04-20 12:47:38,1717,CLOUD,24.20,5698.30,95.27,5818.43,6,0.55,,0
2026-04-20 12:47:44,1718,CLOUD,25.41,6147.33,80.50,6253.63,6,0.49,LOCAL,1
2026-04-20 12:47:50,1719,LOCAL,0.00,262.37,0.00,262.46,5,0.49,,0
2026-04-20 12:47:50,1720,LOCAL,0.00,183.94,0.00,184.01,5,0.49,CLOUD,1
2026-04-20 12:47:50,1721,LOCAL,0.00,184.54,0.00,184.61,5,0.49,CLOUD,1
2026-04-20 12:47:50,1722,LOCAL,0.00,185.38,0.00,185.60,5,0.49,CLOUD,1
2026-04-20 12:47:51,1723,LOCAL,0.00,177.93,0.00,177.99,5,0.49,CLOUD,1
2026-04-20 12:47:51,1724,LOCAL,0.00,167.48,0.00,167.54,5,0.49,CLOUD,1
2026-04-20 12:47:51,1725,LOCAL,0.00,209.33,0.00,209.39,5,0.49,CLOUD,1
2026-04-20 12:47:51,1726,LOCAL,0.00,184.14,0.00,184.20,5,0.49,CLOUD,1
2026-04-20 12:47:51,1727,LOCAL,0.00,172.05,0.00,172.12,5,0.49,CLOUD,1
2026-04-20 12:47:52,1728,LOCAL,0.00,281.30,0.00,281.39,5,0.49,CLOUD,1
2026-04-20 12:47:52,1729,LOCAL,0.00,183.16,0.00,183.25,5,0.49,CLOUD,1
2026-04-20 12:47:52,1730,LOCAL,0.00,156.55,0.00,156.61,5,0.49,CLOUD,2
2026-04-20 12:47:52,1731,LOCAL,0.00,178.50,0.00,178.57,5,0.49,CLOUD,2
2026-04-20 12:47:52,1732,LOCAL,0.00,210.73,0.00,210.78,5,0.49,CLOUD,2
2026-04-20 12:47:53,1733,LOCAL,0.00,166.55,0.00,166.61,5,0.49,CLOUD,2
2026-04-20 12:47:53,1734,LOCAL,0.00,192.91,0.00,192.98,5,0.49,CLOUD,2
2026-04-20 12:47:53,1735,LOCAL,0.00,187.51,0.00,187.57,5,0.49,CLOUD,2
2026-04-20 12:47:53,1736,LOCAL,0.00,181.68,0.00,181.75,5,0.49,CLOUD,2
2026-04-20 12:47:53,1737,LOCAL,0.00,175.85,0.00,175.98,5,0.53,CLOUD,2
2026-04-20 12:47:54,1738,LOCAL,0.00,164.32,0.00,164.38,5,0.58,CLOUD,2
2026-04-20 12:47:54,1739,LOCAL,0.00,160.61,0.00,160.70,5,0.64,CLOUD,2
2026-04-20 12:47:54,1740,LOCAL,0.00,176.84,0.00,176.93,5,0.71,CLOUD,2
2026-04-20 12:47:54,1741,LOCAL,0.00,189.79,0.00,189.85,5,0.83,,0
2026-04-20 12:47:54,1742,LOCAL,0.00,193.01,0.00,193.09,5,0.97,,0
2026-04-20 12:47:55,1743,LOCAL,0.00,189.77,0.00,189.87,5,1.11,,0
2026-04-20 12:47:55,1744,LOCAL,0.00,364.11,0.00,364.19,5,1.34,,0
2026-04-20 12:47:55,1745,CLOUD,29.57,4065.06,104.99,4200.12,6,1.34,,0
2026-04-20 12:47:59,1746,CLOUD,22.97,4753.93,87.88,4865.26,6,1.40,,0
2026-04-20 12:48:04,1747,CLOUD,25.56,4572.21,102.08,4700.37,6,1.52,,0
2026-04-20 12:48:09,1748,CLOUD,29.42,5637.85,77.90,5745.55,6,1.18,,0
2026-04-20 12:48:15,1749,CLOUD,17.58,7298.15,114.56,7430.74,6,0.91,,0
2026-04-20 12:48:22,1750,CLOUD,25.57,4341.71,94.80,4462.49,6,0.80,LOCAL,2
2026-04-20 12:48:27,1751,LOCAL,0.00,223.59,0.00,223.66,5,0.80,,0
2026-04-20 12:48:27,1752,LOCAL,0.00,198.13,0.00,198.19,5,0.80,,0
2026-04-20 12:48:27,1753,LOCAL,0.00,191.84,0.00,191.91,5,0.80,CLOUD,1
2026-04-20 12:48:27,1754,LOCAL,0.00,203.60,0.00,203.66,5,0.80,CLOUD,1
2026-04-20 12:48:27,1755,LOCAL,0.00,192.13,0.00,192.20,5,0.80,CLOUD,1
2026-04-20 12:48:28,1756,LOCAL,0.00,139.31,0.00,139.38,5,0.80,CLOUD,1
2026-04-20 12:48:28,1757,LOCAL,0.00,145.53,0.00,145.61,5,0.80,CLOUD,1
2026-04-20 12:48:28,1758,LOCAL,0.00,299.96,0.00,300.05,5,0.80,CLOUD,1
2026-04-20 12:48:28,1759,LOCAL,0.00,180.91,0.00,181.01,5,0.80,CLOUD,1
2026-04-20 12:48:28,1760,LOCAL,0.00,170.77,0.00,170.84,5,0.80,CLOUD,1
2026-04-20 12:48:29,1761,LOCAL,0.00,186.78,0.00,186.84,5,0.80,CLOUD,1
2026-04-20 12:48:29,1762,LOCAL,0.00,196.83,0.00,196.89,5,0.80,CLOUD,1
2026-04-20 12:48:29,1763,LOCAL,0.00,164.21,0.00,164.27,5,0.80,CLOUD,2
2026-04-20 12:48:29,1764,LOCAL,0.00,160.89,0.00,160.96,5,0.80,CLOUD,2
2026-04-20 12:48:29,1765,LOCAL,0.00,179.22,0.00,179.28,5,0.80,CLOUD,2
2026-04-20 12:48:30,1766,LOCAL,0.00,196.56,0.00,196.62,5,0.80,CLOUD,2
2026-04-20 12:48:30,1767,LOCAL,0.00,194.88,0.00,194.94,5,0.80,CLOUD,2
2026-04-20 12:48:30,1768,LOCAL,0.00,170.58,0.00,170.65,5,0.80,CLOUD,2
2026-04-20 12:48:30,1769,LOCAL,0.00,185.02,0.00,185.09,5,0.80,CLOUD,2
2026-04-20 12:48:30,1770,LOCAL,0.00,188.54,0.00,188.60,5,0.80,CLOUD,2
2026-04-20 12:48:30,1771,LOCAL,0.00,131.10,0.00,131.24,5,0.80,CLOUD,2
2026-04-20 12:48:31,1772,LOCAL,0.00,150.36,0.00,150.48,5,0.80,CLOUD,2
2026-04-20 12:48:31,1773,LOCAL,0.00,165.48,0.00,165.54,5,0.81,CLOUD,2
2026-04-20 12:48:31,1774,LOCAL,0.00,289.77,0.00,289.95,5,0.91,,0
2026-04-20 12:48:31,1775,CLOUD,33.73,3866.98,104.95,4006.07,6,0.93,,0
2026-04-20 12:48:35,1776,CLOUD,26.51,4071.38,94.37,4192.57,6,0.95,,0
2026-04-20 12:48:40,1777,CLOUD,29.47,3898.85,97.12,4025.81,6,1.00,LOCAL,1
2026-04-20 12:48:44,1778,CLOUD,24.92,4237.06,97.89,4360.24,6,1.12,LOCAL,2
2026-04-20 12:48:48,1779,LOCAL,0.00,241.34,0.00,241.42,5,1.34,CLOUD,1
2026-04-20 12:48:48,1780,LOCAL,0.00,200.69,0.00,200.75,5,1.34,CLOUD,2
2026-04-20 12:48:48,1781,LOCAL,0.00,257.65,0.00,257.74,5,1.34,CLOUD,2
2026-04-20 12:48:49,1782,LOCAL,0.00,189.05,0.00,189.12,5,1.34,CLOUD,2
2026-04-20 12:48:49,1783,LOCAL,0.00,170.70,0.00,170.76,5,1.34,CLOUD,2
2026-04-20 12:48:49,1784,LOCAL,0.00,186.91,0.00,186.97,5,1.34,CLOUD,2
2026-04-20 12:48:49,1785,LOCAL,0.00,163.83,0.00,163.91,5,1.34,CLOUD,2
2026-04-20 12:48:50,1786,LOCAL,0.00,184.80,0.00,184.87,5,1.33,CLOUD,2
2026-04-20 12:48:50,1787,LOCAL,0.00,168.76,0.00,168.82,5,1.34,CLOUD,2
2026-04-20 12:48:50,1788,LOCAL,0.00,206.87,0.00,206.93,5,1.34,CLOUD,2
2026-04-20 12:48:50,1789,LOCAL,0.00,171.04,0.00,171.10,5,1.34,CLOUD,2
2026-04-20 12:48:50,1790,LOCAL,0.00,264.48,0.00,264.58,5,1.33,,0
2026-04-20 12:48:51,1791,LOCAL,0.00,179.69,0.00,179.77,5,1.33,,0
2026-04-20 12:48:51,1792,CLOUD,29.36,5202.68,109.99,5342.36,6,1.08,,0
2026-04-20 12:48:56,1793,CLOUD,30.15,3615.32,98.75,3744.62,6,0.95,LOCAL,2
2026-04-20 12:49:00,1794,CLOUD,13.51,3824.35,124.08,3962.27,6,0.85,,0
2026-04-20 12:49:04,1795,CLOUD,38.20,3599.65,94.54,3732.78,6,0.77,,0
2026-04-20 12:49:08,1796,CLOUD,37.29,4539.00,104.94,4681.56,6,0.69,LOCAL,1
2026-04-20 12:49:12,1797,CLOUD,26.58,3547.91,94.73,3669.58,6,0.63,,0
2026-04-20 12:49:16,1798,CLOUD,23.19,3711.30,95.41,3830.22,6,0.59,,0
2026-04-20 12:49:20,1799,CLOUD,25.64,6614.76,111.61,6752.45,6,0.52,,0
2026-04-20 12:49:27,1800,LOCAL,0.00,253.44,0.00,253.52,5,0.52,,0
2026-04-20 12:49:27,1801,LOCAL,0.00,190.46,0.00,190.57,5,0.52,,0
2026-04-20 12:49:27,1802,LOCAL,0.00,163.53,0.00,163.59,5,0.52,,0
2026-04-20 12:49:27,1803,LOCAL,0.00,218.94,0.00,219.01,5,0.52,,0
2026-04-20 12:49:27,1804,LOCAL,0.00,227.91,0.00,227.97,5,0.56,,0
2026-04-20 12:49:28,1805,LOCAL,0.00,205.50,0.00,205.59,5,0.60,,0
2026-04-20 12:49:28,1806,LOCAL,0.00,181.71,0.00,181.80,5,0.65,,0
2026-04-20 12:49:28,1807,LOCAL,0.00,204.90,0.00,204.99,5,0.72,,0
2026-04-20 12:49:28,1808,LOCAL,0.00,142.22,0.00,142.32,5,0.72,,0
2026-04-20 12:49:28,1809,LOCAL,0.00,174.98,0.00,175.12,5,0.72,CLOUD,1
2026-04-20 12:49:29,1810,LOCAL,0.00,182.50,0.00,182.56,5,0.72,CLOUD,1
2026-04-20 12:49:29,1811,LOCAL,0.00,154.68,0.00,154.77,5,0.72,CLOUD,1
2026-04-20 12:49:29,1812,LOCAL,0.00,200.61,0.00,200.68,5,0.72,CLOUD,1
2026-04-20 12:49:29,1813,LOCAL,0.00,180.64,0.00,180.70,5,0.72,CLOUD,1
2026-04-20 12:49:29,1814,LOCAL,0.00,171.10,0.00,171.18,5,0.72,CLOUD,1
2026-04-20 12:49:30,1815,LOCAL,0.00,163.96,0.00,164.03,5,0.72,CLOUD,1
2026-04-20 12:49:30,1816,LOCAL,0.00,159.41,0.00,159.49,5,0.72,CLOUD,1
2026-04-20 12:49:30,1817,LOCAL,0.00,203.28,0.00,203.34,5,0.72,CLOUD,1
2026-04-20 12:49:30,1818,LOCAL,0.00,184.55,0.00,184.62,5,0.72,CLOUD,1
2026-04-20 12:49:30,1819,LOCAL,0.00,196.43,0.00,196.49,5,0.73,CLOUD,1
2026-04-20 12:49:31,1820,LOCAL,0.00,181.44,0.00,181.49,5,0.73,CLOUD,2
2026-04-20 12:49:31,1821,LOCAL,0.00,173.92,0.00,173.98,5,0.83,CLOUD,2
2026-04-20 12:49:31,1822,LOCAL,0.00,147.47,0.00,147.54,5,0.93,CLOUD,2
2026-04-20 12:49:31,1823,LOCAL,0.00,169.06,0.00,169.12,5,1.06,CLOUD,2
2026-04-20 12:49:31,1824,LOCAL,0.00,163.92,0.00,163.99,5,1.22,CLOUD,2
2026-04-20 12:49:31,1825,LOCAL,0.00,148.89,0.00,148.95,5,1.50,CLOUD,2
2026-04-20 12:49:32,1826,LOCAL,0.00,289.69,0.00,289.77,5,1.82,CLOUD,2
2026-04-20 12:49:32,1827,LOCAL,0.00,182.74,0.00,182.82,5,2.36,CLOUD,2
2026-04-20 12:49:32,1828,LOCAL,0.00,186.67,0.00,186.74,5,5.06,CLOUD,2
2026-04-20 12:49:32,1829,LOCAL,0.00,161.40,0.00,161.49,5,5.13,CLOUD,2
2026-04-20 12:49:32,1830,LOCAL,0.00,190.77,0.00,190.84,5,5.15,CLOUD,2
2026-04-20 12:49:33,1831,LOCAL,0.00,232.93,0.00,233.01,5,5.08,,0
2026-04-20 12:49:33,1832,CLOUD,40.40,4325.26,122.20,4488.15,6,2.91,,0
2026-04-20 12:49:37,1833,CLOUD,22.76,8314.41,112.49,8450.44,6,1.59,LOCAL,1
2026-04-20 12:49:46,1834,CLOUD,25.30,3958.42,104.64,4088.66,6,1.31,,0
2026-04-20 12:49:50,1835,CLOUD,25.41,5731.41,102.49,5859.66,6,1.05,LOCAL,1
2026-04-20 12:49:56,1836,CLOUD,26.72,5554.45,109.33,5690.82,6,0.87,,0
2026-04-20 12:50:01,1837,CLOUD,25.37,4333.95,71.12,4430.79,6,0.77,,0
2026-04-20 12:50:06,1838,CLOUD,35.58,4053.19,88.87,4177.95,6,0.70,LOCAL,2
2026-04-20 12:50:10,1839,CLOUD,25.57,4216.11,108.37,4350.42,6,0.64,,0
2026-04-20 12:50:14,1840,CLOUD,21.81,4586.93,97.23,4706.27,6,0.58,LOCAL,1
2026-04-20 12:50:19,1841,CLOUD,25.34,3567.12,92.38,3685.18,6,0.54,,0
2026-04-20 12:50:23,1842,CLOUD,25.34,4616.21,182.63,4824.60,6,0.50,,0
2026-04-20 12:50:28,1843,CLOUD,25.64,3486.30,106.27,3618.61,6,0.47,LOCAL,1
2026-04-20 12:50:31,1844,CLOUD,13.51,4184.04,116.69,4314.63,6,0.44,LOCAL,2
2026-04-20 12:50:36,1845,CLOUD,30.65,4071.85,89.23,4192.09,6,0.41,,0
2026-04-20 12:50:40,1846,CLOUD,25.10,3731.97,89.82,3847.20,6,0.39,,0
2026-04-20 12:50:44,1847,CLOUD,31.53,4431.31,97.09,4560.30,6,0.37,,0
2026-04-20 12:50:48,1848,CLOUD,24.73,4304.98,98.65,4428.66,6,0.35,LOCAL,1
2026-04-20 12:50:53,1849,CLOUD,25.40,5536.04,116.55,5678.35,6,0.33,,0
2026-04-20 12:50:58,1850,CLOUD,41.54,3663.94,140.63,3846.39,6,0.32,LOCAL,2
2026-04-20 12:51:02,1851,LOCAL,0.00,263.27,0.00,263.33,5,0.32,,0
2026-04-20 12:51:03,1852,LOCAL,0.00,192.10,0.00,192.16,5,0.32,,0
2026-04-20 12:51:03,1853,LOCAL,0.00,189.86,0.00,189.93,5,0.32,,0
2026-04-20 12:51:03,1854,LOCAL,0.00,210.41,0.00,210.48,5,0.32,,0
2026-04-20 12:51:03,1855,LOCAL,0.00,177.12,0.00,177.18,5,0.32,,0
2026-04-20 12:51:03,1856,LOCAL,0.00,153.37,0.00,153.43,5,0.32,,0
2026-04-20 12:51:03,1857,LOCAL,0.00,209.36,0.00,209.42,5,0.32,,0
2026-04-20 12:51:04,1858,LOCAL,0.00,171.88,0.00,171.94,5,0.32,,0
2026-04-20 12:51:04,1859,LOCAL,0.00,285.97,0.00,286.13,5,0.32,,0
2026-04-20 12:51:04,1860,LOCAL,0.00,191.29,0.00,191.37,5,0.32,,0
2026-04-20 12:51:04,1861,LOCAL,0.00,158.83,0.00,158.90,5,0.33,,0
2026-04-20 12:51:05,1862,LOCAL,0.00,173.59,0.00,173.69,5,0.37,,0
2026-04-20 12:51:05,1863,LOCAL,0.00,173.39,0.00,173.45,5,0.39,,0
2026-04-20 12:51:05,1864,LOCAL,0.00,197.05,0.00,197.11,5,0.42,,0
2026-04-20 12:51:05,1865,LOCAL,0.00,202.84,0.00,202.90,5,0.45,CLOUD,1
2026-04-20 12:51:05,1866,LOCAL,0.00,181.28,0.00,181.37,5,0.49,CLOUD,1
2026-04-20 12:51:05,1867,LOCAL,0.00,170.09,0.00,171.25,5,0.52,CLOUD,1
2026-04-20 12:51:06,1868,LOCAL,0.00,139.87,0.00,139.93,5,0.56,CLOUD,1
2026-04-20 12:51:06,1869,LOCAL,0.00,169.98,0.00,170.04,5,0.62,CLOUD,1
2026-04-20 12:51:06,1870,LOCAL,0.00,177.20,0.00,177.26,5,0.67,CLOUD,1
2026-04-20 12:51:06,1871,LOCAL,0.00,166.57,0.00,166.63,5,0.75,CLOUD,1
2026-04-20 12:51:06,1872,LOCAL,0.00,170.55,0.00,170.63,5,0.82,CLOUD,1
2026-04-20 12:51:07,1873,LOCAL,0.00,169.43,0.00,169.50,5,0.93,CLOUD,1
2026-04-20 12:51:07,1874,LOCAL,0.00,190.67,0.00,190.73,5,1.07,CLOUD,1
2026-04-20 12:51:07,1875,LOCAL,0.00,182.53,0.00,182.61,5,1.24,CLOUD,1
2026-04-20 12:51:07,1876,LOCAL,0.00,154.42,0.00,154.49,5,1.53,CLOUD,2
2026-04-20 12:51:07,1877,LOCAL,0.00,191.99,0.00,192.05,5,1.97,CLOUD,2
2026-04-20 12:51:07,1878,LOCAL,0.00,187.63,0.00,187.69,5,3.14,CLOUD,2
2026-04-20 12:51:08,1879,LOCAL,0.00,183.05,0.00,183.11,5,5.18,CLOUD,2
2026-04-20 12:51:08,1880,LOCAL,0.00,187.07,0.00,187.12,5,5.26,CLOUD,2
2026-04-20 12:51:08,1881,LOCAL,0.00,190.79,0.00,190.85,5,5.28,CLOUD,2
2026-04-20 12:51:08,1882,LOCAL,0.00,273.76,0.00,273.85,5,5.20,CLOUD,2
2026-04-20 12:51:09,1883,LOCAL,0.00,149.65,0.00,149.71,5,5.25,CLOUD,2
2026-04-20 12:51:09,1884,LOCAL,0.00,161.15,0.00,161.22,5,5.26,CLOUD,2
2026-04-20 12:51:09,1885,LOCAL,0.00,187.98,0.00,188.05,5,5.23,CLOUD,2
2026-04-20 12:51:09,1886,LOCAL,0.00,167.71,0.00,167.77,5,5.27,CLOUD,2
2026-04-20 12:51:09,1887,LOCAL,0.00,221.75,0.00,221.90,5,5.20,,0
2026-04-20 12:51:09,1888,LOCAL,0.00,159.11,0.00,159.19,5,5.33,,0
2026-04-20 12:51:10,1889,CLOUD,25.62,4108.67,98.09,4232.74,6,3.06,,0
2026-04-20 12:51:14,1890,CLOUD,25.24,3543.51,94.43,3663.48,6,2.23,,0
2026-04-20 12:51:18,1891,CLOUD,25.39,3863.51,139.95,4029.20,6,1.72,LOCAL,1
2026-04-20 12:51:22,1892,LOCAL,0.00,235.04,0.00,235.10,5,1.72,,0
2026-04-20 12:51:22,1893,LOCAL,0.00,191.97,0.00,192.02,5,1.72,,0
2026-04-20 12:51:22,1894,LOCAL,0.00,184.30,0.00,184.35,5,1.72,,0
2026-04-20 12:51:22,1895,LOCAL,0.00,186.57,0.00,186.64,5,1.72,,0
2026-04-20 12:51:22,1896,LOCAL,0.00,180.84,0.00,180.91,5,1.72,CLOUD,1
2026-04-20 12:51:23,1897,LOCAL,0.00,164.78,0.00,164.85,5,1.71,CLOUD,1
2026-04-20 12:51:23,1898,LOCAL,0.00,178.78,0.00,178.84,5,1.71,CLOUD,1
2026-04-20 12:51:23,1899,LOCAL,0.00,263.16,0.00,263.31,5,1.70,CLOUD,1
2026-04-20 12:51:23,1900,LOCAL,0.00,167.59,0.00,167.70,5,1.70,CLOUD,1
2026-04-20 12:51:23,1901,LOCAL,0.00,166.75,0.00,166.86,5,1.70,CLOUD,1
2026-04-20 12:51:24,1902,LOCAL,0.00,160.82,0.00,160.88,5,1.70,CLOUD,1
2026-04-20 12:51:24,1903,LOCAL,0.00,175.30,0.00,175.36,5,1.70,CLOUD,1
2026-04-20 12:51:24,1904,LOCAL,0.00,198.40,0.00,198.48,5,1.70,CLOUD,1
2026-04-20 12:51:24,1905,LOCAL,0.00,169.77,0.00,169.84,5,1.70,CLOUD,1
2026-04-20 12:51:24,1906,LOCAL,0.00,192.28,0.00,192.33,5,1.70,CLOUD,1
2026-04-20 12:51:24,1907,LOCAL,0.00,155.84,0.00,155.90,5,1.71,CLOUD,2
2026-04-20 12:51:25,1908,LOCAL,0.00,176.07,0.00,176.13,5,1.71,CLOUD,2
2026-04-20 12:51:25,1909,LOCAL,0.00,190.21,0.00,190.27,5,1.71,CLOUD,2
2026-04-20 12:51:25,1910,LOCAL,0.00,179.41,0.00,179.46,5,1.71,CLOUD,2
2026-04-20 12:51:25,1911,LOCAL,0.00,192.57,0.00,192.63,5,1.72,CLOUD,2
2026-04-20 12:51:25,1912,LOCAL,0.00,183.47,0.00,183.54,5,1.72,CLOUD,2
2026-04-20 12:51:26,1913,LOCAL,0.00,182.02,0.00,182.08,5,1.71,CLOUD,2
2026-04-20 12:51:26,1914,LOCAL,0.00,185.13,0.00,185.19,5,1.71,CLOUD,2
2026-04-20 12:51:26,1915,LOCAL,0.00,173.79,0.00,173.86,5,1.71,CLOUD,2
2026-04-20 12:51:26,1916,LOCAL,0.00,382.87,0.00,385.89,5,1.69,CLOUD,2
2026-04-20 12:51:27,1917,CLOUD,30.80,6062.60,173.31,6267.10,6,1.25,,0
2026-04-20 12:51:33,1918,CLOUD,19.96,3740.21,95.68,3856.16,6,1.27,LOCAL,2
2026-04-20 12:51:37,1919,CLOUD,14.56,5125.37,107.24,5247.52,6,1.19,,0
2026-04-20 12:51:42,1920,CLOUD,29.20,3773.41,125.16,3929.29,6,1.19,LOCAL,1
2026-04-20 12:51:46,1921,CLOUD,25.49,4374.68,109.88,4510.41,6,1.01,LOCAL,2
2026-04-20 12:51:50,1922,LOCAL,0.00,261.55,0.00,261.64,5,1.01,CLOUD,1
2026-04-20 12:51:51,1923,LOCAL,0.00,187.53,0.00,187.61,5,1.01,CLOUD,1
2026-04-20 12:51:51,1924,LOCAL,0.00,192.66,0.00,192.72,5,1.01,CLOUD,1
2026-04-20 12:51:51,1925,LOCAL,0.00,176.66,0.00,176.73,5,1.01,CLOUD,2
2026-04-20 12:51:51,1926,LOCAL,0.00,182.38,0.00,182.46,5,1.01,CLOUD,2
2026-04-20 12:51:51,1927,LOCAL,0.00,165.18,0.00,165.24,5,1.01,CLOUD,2
2026-04-20 12:51:52,1928,LOCAL,0.00,169.67,0.00,169.75,5,1.01,CLOUD,2
2026-04-20 12:51:52,1929,LOCAL,0.00,199.47,0.00,199.54,5,1.01,CLOUD,2
2026-04-20 12:51:52,1930,LOCAL,0.00,216.26,0.00,216.49,5,1.01,CLOUD,2
2026-04-20 12:51:52,1931,LOCAL,0.00,168.30,0.00,168.37,5,1.01,CLOUD,2
2026-04-20 12:51:52,1932,LOCAL,0.00,170.26,0.00,170.33,5,1.01,CLOUD,2
2026-04-20 12:51:53,1933,LOCAL,0.00,178.60,0.00,178.68,5,1.01,CLOUD,2
2026-04-20 12:51:53,1934,LOCAL,0.00,199.44,0.00,199.51,5,1.01,CLOUD,2
2026-04-20 12:51:53,1935,LOCAL,0.00,287.33,0.00,287.41,5,1.01,,0
2026-04-20 12:51:53,1936,CLOUD,17.74,4212.95,78.47,4309.47,6,0.88,,0
2026-04-20 12:51:58,1937,CLOUD,14.97,5182.16,104.72,5302.23,6,0.76,,0
2026-04-20 12:52:03,1938,CLOUD,14.49,3951.33,103.51,4069.65,6,0.69,LOCAL,1
2026-04-20 12:52:07,1939,CLOUD,42.18,3603.70,105.01,3751.26,6,0.64,,0
2026-04-20 12:52:11,1940,CLOUD,13.90,3716.15,106.21,3836.57,6,0.59,LOCAL,1
2026-04-20 12:52:15,1941,CLOUD,29.81,4064.47,98.17,4192.79,6,0.54,,0
2026-04-20 12:52:19,1942,CLOUD,35.27,4062.82,111.05,4209.51,6,0.51,,0
2026-04-20 12:52:23,1943,CLOUD,41.24,4058.14,99.22,4198.98,6,0.47,,0
2026-04-20 12:52:27,1944,CLOUD,14.69,4419.26,98.14,4532.38,6,0.44,,0
2026-04-20 12:52:32,1945,CLOUD,25.30,4146.06,100.92,4272.62,6,0.42,,0
2026-04-20 12:52:36,1946,CLOUD,29.26,3738.07,93.95,3861.60,6,0.43,LOCAL,1
2026-04-20 12:52:40,1947,CLOUD,25.19,4473.68,67.69,4566.89,6,0.43,,0
2026-04-20 12:52:44,1948,CLOUD,13.73,4694.82,103.06,4811.94,6,0.43,LOCAL,1
2026-04-20 12:52:49,1949,CLOUD,17.59,5657.93,105.58,5781.47,6,0.42,,0
2026-04-20 12:52:55,1950,CLOUD,25.34,10210.65,111.58,10348.28,6,0.39,LOCAL,2
2026-04-20 12:53:05,1951,LOCAL,0.00,278.15,0.00,278.21,5,0.39,,0
2026-04-20 12:53:06,1952,LOCAL,0.00,231.18,0.00,231.23,5,0.39,,0
2026-04-20 12:53:06,1953,LOCAL,0.00,196.87,0.00,196.94,5,0.39,,0
2026-04-20 12:53:06,1954,LOCAL,0.00,209.46,0.00,209.57,5,0.39,,0
2026-04-20 12:53:07,1955,LOCAL,0.00,155.43,0.00,155.49,5,0.39,,0
2026-04-20 12:53:07,1956,LOCAL,0.00,162.67,0.00,162.74,5,0.39,,0
2026-04-20 12:53:07,1957,LOCAL,0.00,174.86,0.00,174.93,5,0.39,,0
2026-04-20 12:53:07,1958,LOCAL,0.00,173.48,0.00,173.58,5,0.39,,0
2026-04-20 12:53:07,1959,LOCAL,0.00,184.36,0.00,184.43,5,0.39,,0
2026-04-20 12:53:07,1960,LOCAL,0.00,183.19,0.00,183.28,5,0.39,,0
2026-04-20 12:53:08,1961,LOCAL,0.00,179.45,0.00,179.51,5,0.39,,0
2026-04-20 12:53:08,1962,LOCAL,0.00,177.80,0.00,177.86,5,0.39,,0
2026-04-20 12:53:08,1963,LOCAL,0.00,201.03,0.00,201.10,5,0.39,,0
2026-04-20 12:53:08,1964,LOCAL,0.00,172.11,0.00,172.17,5,0.39,,0
2026-04-20 12:53:08,1965,LOCAL,0.00,165.33,0.00,165.40,5,0.41,,0
2026-04-20 12:53:09,1966,LOCAL,0.00,185.21,0.00,185.27,5,0.44,,0
2026-04-20 12:53:09,1967,LOCAL,0.00,164.93,0.00,165.00,5,0.47,,0
2026-04-20 12:53:09,1968,LOCAL,0.00,208.08,0.00,208.14,5,0.50,,0
2026-04-20 12:53:09,1969,LOCAL,0.00,191.34,0.00,191.40,5,0.53,,0
2026-04-20 12:53:09,1970,LOCAL,0.00,295.07,0.00,295.16,5,0.57,,0
2026-04-20 12:53:10,1971,LOCAL,0.00,186.68,0.00,186.75,5,0.62,,0
2026-04-20 12:53:10,1972,LOCAL,0.00,188.19,0.00,188.25,5,0.68,,0
2026-04-20 12:53:10,1973,LOCAL,0.00,187.34,0.00,187.40,5,0.75,,0
2026-04-20 12:53:10,1974,LOCAL,0.00,170.41,0.00,170.46,5,0.84,,0
2026-04-20 12:53:10,1975,LOCAL,0.00,246.94,0.00,247.00,5,0.94,,0
2026-04-20 12:53:11,1976,LOCAL,0.00,139.70,0.00,139.76,5,1.10,,0
2026-04-20 12:53:11,1977,LOCAL,0.00,178.58,0.00,178.65,5,1.34,CLOUD,1
2026-04-20 12:53:11,1978,LOCAL,0.00,162.64,0.00,162.70,5,1.81,CLOUD,1
2026-04-20 12:53:11,1979,LOCAL,0.00,173.79,0.00,173.85,5,4.95,CLOUD,1
2026-04-20 12:53:11,1980,LOCAL,0.00,160.77,0.00,160.83,5,5.05,CLOUD,1
2026-04-20 12:53:11,1981,LOCAL,0.00,167.11,0.00,167.17,5,5.10,CLOUD,1
2026-04-20 12:53:12,1982,LOCAL,0.00,149.26,0.00,149.32,5,5.15,CLOUD,1
2026-04-20 12:53:12,1983,LOCAL,0.00,119.34,0.00,119.41,5,5.36,CLOUD,1
2026-04-20 12:53:12,1984,LOCAL,0.00,136.64,0.00,136.71,5,5.38,CLOUD,1
2026-04-20 12:53:12,1985,LOCAL,0.00,178.04,0.00,178.10,5,5.37,CLOUD,1
2026-04-20 12:53:12,1986,LOCAL,0.00,157.10,0.00,157.15,5,5.38,CLOUD,1
2026-04-20 12:53:12,1987,LOCAL,0.00,167.15,0.00,167.21,5,5.39,CLOUD,1
2026-04-20 12:53:13,1988,LOCAL,0.00,199.33,0.00,199.39,5,5.37,CLOUD,1
2026-04-20 12:53:13,1989,LOCAL,0.00,176.42,0.00,176.49,5,5.37,CLOUD,2
2026-04-20 12:53:13,1990,LOCAL,0.00,160.31,0.00,160.36,5,5.40,CLOUD,2
2026-04-20 12:53:13,1991,LOCAL,0.00,186.17,0.00,186.23,5,5.39,CLOUD,2
2026-04-20 12:53:13,1992,LOCAL,0.00,166.18,0.00,166.24,5,5.43,CLOUD,2
2026-04-20 12:53:14,1993,LOCAL,0.00,292.76,0.00,295.95,5,5.33,CLOUD,2
2026-04-20 12:53:14,1994,LOCAL,0.00,199.94,0.00,200.01,5,5.27,CLOUD,2
2026-04-20 12:53:14,1995,LOCAL,0.00,196.21,0.00,196.27,5,5.27,CLOUD,2
2026-04-20 12:53:14,1996,LOCAL,0.00,176.42,0.00,176.47,5,5.26,CLOUD,2
2026-04-20 12:53:14,1997,LOCAL,0.00,188.03,0.00,188.09,5,5.28,CLOUD,2
2026-04-20 12:53:15,1998,LOCAL,0.00,200.59,0.00,200.66,5,5.26,CLOUD,2
2026-04-20 12:53:15,1999,LOCAL,0.00,186.73,0.00,186.80,5,5.37,,0
2026-04-20 12:53:15,2000,LOCAL,0.00,276.77,0.00,276.86,5,5.28,,0
2026-04-20 12:53:15,2001,CLOUD,40.69,5582.08,96.89,5720.01,6,2.63,,0
2026-04-20 12:53:21,2002,CLOUD,21.40,6673.59,99.18,6794.48,6,1.65,,0
2026-04-20 12:53:28,2003,CLOUD,27.22,4641.01,91.99,4760.65,6,1.30,LOCAL,2
2026-04-20 12:53:33,2004,CLOUD,32.19,6866.80,99.79,6999.18,6,1.00,,0
2026-04-20 12:53:40,2005,CLOUD,13.39,5533.48,190.44,5737.71,6,0.84,LOCAL,2
2026-04-20 12:53:45,2006,LOCAL,0.00,221.89,0.00,221.97,5,0.84,CLOUD,1
2026-04-20 12:53:46,2007,LOCAL,0.00,204.94,0.00,205.00,5,0.84,CLOUD,1
2026-04-20 12:53:46,2008,LOCAL,0.00,238.35,0.00,238.41,5,0.83,CLOUD,1
2026-04-20 12:53:46,2009,LOCAL,0.00,174.02,0.00,174.10,5,0.83,,0
2026-04-20 12:53:46,2010,LOCAL,0.00,171.68,0.00,171.73,5,0.83,,0
2026-04-20 12:53:46,2011,LOCAL,0.00,144.73,0.00,144.79,5,0.83,,0
2026-04-20 12:53:47,2012,LOCAL,0.00,184.17,0.00,184.32,5,0.83,,0
2026-04-20 12:53:47,2013,LOCAL,0.00,168.20,0.00,168.27,5,0.83,,0
2026-04-20 12:53:47,2014,LOCAL,0.00,181.90,0.00,181.96,5,0.83,,0
2026-04-20 12:53:47,2015,LOCAL,0.00,168.12,0.00,168.18,5,0.83,,0
2026-04-20 12:53:47,2016,LOCAL,0.00,163.56,0.00,163.64,5,0.83,,0
2026-04-20 12:53:47,2017,LOCAL,0.00,190.22,0.00,190.28,5,0.83,,0
2026-04-20 12:53:48,2018,LOCAL,0.00,166.26,0.00,166.32,5,0.83,,0
2026-04-20 12:53:48,2019,LOCAL,0.00,178.06,0.00,178.11,5,0.83,,0
2026-04-20 12:53:48,2020,LOCAL,0.00,170.20,0.00,170.27,5,0.83,,0
2026-04-20 12:53:48,2021,LOCAL,0.00,171.28,0.00,171.35,5,0.83,,0
2026-04-20 12:53:48,2022,LOCAL,0.00,193.30,0.00,193.36,5,0.83,,0
2026-04-20 12:53:49,2023,LOCAL,0.00,177.11,0.00,177.18,5,0.84,,0
2026-04-20 12:53:49,2024,LOCAL,0.00,154.78,0.00,154.84,5,0.84,,0
2026-04-20 12:53:49,2025,LOCAL,0.00,263.61,0.00,263.82,5,0.83,,0
2026-04-20 12:53:49,2026,LOCAL,0.00,178.30,0.00,178.37,5,0.83,,0
2026-04-20 12:53:49,2027,LOCAL,0.00,163.27,0.00,163.33,5,0.83,,0
2026-04-20 12:53:50,2028,LOCAL,0.00,177.99,0.00,178.06,5,0.83,,0
2026-04-20 12:53:50,2029,LOCAL,0.00,179.84,0.00,180.06,5,0.84,,0
2026-04-20 12:53:50,2030,LOCAL,0.00,176.12,0.00,176.18,5,1.00,,0
2026-04-20 12:53:50,2031,LOCAL,0.00,163.29,0.00,163.35,5,1.29,,0
2026-04-20 12:53:50,2032,LOCAL,0.00,181.06,0.00,181.12,5,1.62,,0
2026-04-20 12:53:51,2033,LOCAL,0.00,172.36,0.00,172.46,5,2.62,,0
2026-04-20 12:53:51,2034,LOCAL,0.00,182.36,0.00,182.42,5,5.27,,0
2026-04-20 12:53:51,2035,LOCAL,0.00,147.04,0.00,147.10,5,5.33,,0
2026-04-20 12:53:51,2036,LOCAL,0.00,157.22,0.00,157.28,5,5.38,,0
2026-04-20 12:53:51,2037,LOCAL,0.00,164.67,0.00,164.73,5,5.45,,0
2026-04-20 12:53:51,2038,LOCAL,0.00,220.69,0.00,220.76,5,5.41,,0
2026-04-20 12:53:52,2039,LOCAL,0.00,209.96,0.00,210.02,5,5.39,,0
2026-04-20 12:53:52,2040,LOCAL,0.00,177.09,0.00,177.15,5,5.36,,0
2026-04-20 12:53:52,2041,LOCAL,0.00,160.74,0.00,160.84,5,5.38,,0
2026-04-20 12:53:52,2042,LOCAL,0.00,234.99,0.00,235.13,5,5.30,,0
2026-04-20 12:53:52,2043,LOCAL,0.00,176.20,0.00,176.27,5,5.31,,0
2026-04-20 12:53:53,2044,LOCAL,0.00,153.66,0.00,153.72,5,5.32,,0
2026-04-20 12:53:53,2045,LOCAL,0.00,137.99,0.00,138.06,5,5.35,,0
2026-04-20 12:53:53,2046,LOCAL,0.00,124.86,0.00,124.93,5,5.41,,0
2026-04-20 12:53:53,2047,LOCAL,0.00,177.98,0.00,178.05,5,5.40,,0
2026-04-20 12:53:53,2048,LOCAL,0.00,159.18,0.00,159.25,5,5.41,,0
2026-04-20 12:53:53,2049,LOCAL,0.00,168.02,0.00,168.09,5,5.41,,0
2026-04-20 12:53:54,2050,LOCAL,0.00,168.49,0.00,168.55,5,5.40,,0
2026-04-20 12:53:54,2051,LOCAL,0.00,181.96,0.00,182.02,5,5.42,,0
2026-04-20 12:53:54,2052,LOCAL,0.00,182.37,0.00,182.47,5,5.42,CLOUD,1
2026-04-20 12:53:54,2053,LOCAL,0.00,128.65,0.00,128.73,5,5.45,CLOUD,1
2026-04-20 12:53:54,2054,LOCAL,0.00,174.12,0.00,174.20,5,5.56,CLOUD,1
2026-04-20 12:53:54,2055,LOCAL,0.00,139.80,0.00,139.86,5,5.60,CLOUD,1
2026-04-20 12:53:55,2056,LOCAL,0.00,171.91,0.00,171.98,5,5.60,CLOUD,1
2026-04-20 12:53:55,2057,LOCAL,0.00,179.43,0.00,179.49,5,5.59,CLOUD,1
2026-04-20 12:53:55,2058,LOCAL,0.00,165.51,0.00,165.57,5,5.61,CLOUD,1
2026-04-20 12:53:55,2059,LOCAL,0.00,177.95,0.00,178.01,5,5.61,CLOUD,1
2026-04-20 12:53:55,2060,LOCAL,0.00,184.32,0.00,184.38,5,5.61,CLOUD,1
2026-04-20 12:53:55,2061,LOCAL,0.00,232.08,0.00,232.22,5,5.55,CLOUD,1
2026-04-20 12:53:56,2062,LOCAL,0.00,166.26,0.00,166.33,5,5.57,CLOUD,1
2026-04-20 12:53:56,2063,LOCAL,0.00,174.21,0.00,174.28,5,5.57,CLOUD,2
2026-04-20 12:53:56,2064,LOCAL,0.00,172.95,0.00,173.01,5,5.56,CLOUD,2
2026-04-20 12:53:56,2065,LOCAL,0.00,146.17,0.00,146.23,5,5.55,CLOUD,2
2026-04-20 12:53:56,2066,LOCAL,0.00,187.57,0.00,187.62,5,5.55,CLOUD,2
2026-04-20 12:53:57,2067,LOCAL,0.00,186.29,0.00,186.54,5,5.59,CLOUD,2
2026-04-20 12:53:57,2068,LOCAL,0.00,176.48,0.00,176.55,5,5.62,CLOUD,2
2026-04-20 12:53:57,2069,LOCAL,0.00,168.21,0.00,168.29,5,5.64,CLOUD,2
2026-04-20 12:53:57,2070,LOCAL,0.00,198.35,0.00,198.43,5,5.59,CLOUD,2
2026-04-20 12:53:57,2071,LOCAL,0.00,159.21,0.00,159.27,5,5.69,CLOUD,2
2026-04-20 12:53:58,2072,LOCAL,0.00,137.26,0.00,137.31,5,5.74,CLOUD,2
2026-04-20 12:53:58,2073,LOCAL,0.00,164.59,0.00,164.65,5,5.72,CLOUD,2
2026-04-20 12:53:58,2074,LOCAL,0.00,240.35,0.00,240.43,5,5.61,CLOUD,2
2026-04-20 12:53:58,2075,CLOUD,25.54,4257.82,102.47,4386.17,6,3.08,,0
2026-04-20 12:54:02,2076,CLOUD,17.39,4647.45,124.49,4789.61,6,2.06,,0
2026-04-20 12:54:07,2077,CLOUD,25.79,4452.56,98.09,4576.79,6,1.57,,0
2026-04-20 12:54:12,2078,CLOUD,13.36,6068.10,106.40,6188.14,6,1.18,LOCAL,1
2026-04-20 12:54:18,2079,CLOUD,13.63,4306.86,117.92,4438.75,6,1.01,,0
2026-04-20 12:54:22,2080,LOCAL,0.00,268.73,0.00,268.79,5,1.01,,0
2026-04-20 12:54:23,2081,LOCAL,0.00,211.11,0.00,211.17,5,1.00,,0
2026-04-20 12:54:23,2082,LOCAL,0.00,315.85,0.00,316.01,5,1.00,,0
2026-04-20 12:54:23,2083,LOCAL,0.00,238.46,0.00,238.52,5,1.00,,0
2026-04-20 12:54:24,2084,LOCAL,0.00,192.35,0.00,192.42,5,0.99,,0
2026-04-20 12:54:24,2085,LOCAL,0.00,167.88,0.00,167.95,5,0.99,,0
2026-04-20 12:54:24,2086,LOCAL,0.00,185.41,0.00,185.47,5,0.99,,0
2026-04-20 12:54:24,2087,LOCAL,0.00,181.01,0.00,181.07,5,0.99,,0
2026-04-20 12:54:24,2088,LOCAL,0.00,185.62,0.00,185.68,5,0.99,,0
2026-04-20 12:54:24,2089,LOCAL,0.00,197.44,0.00,197.51,5,0.99,CLOUD,1
2026-04-20 12:54:25,2090,LOCAL,0.00,197.42,0.00,197.48,5,0.99,CLOUD,1
2026-04-20 12:54:25,2091,LOCAL,0.00,160.74,0.00,160.80,5,0.99,CLOUD,1
2026-04-20 12:54:25,2092,LOCAL,0.00,162.26,0.00,162.36,5,0.99,CLOUD,1
2026-04-20 12:54:25,2093,LOCAL,0.00,190.01,0.00,190.08,5,0.99,CLOUD,1
2026-04-20 12:54:25,2094,LOCAL,0.00,182.67,0.00,182.75,5,0.99,CLOUD,1
2026-04-20 12:54:26,2095,LOCAL,0.00,171.13,0.00,171.19,5,0.99,CLOUD,1
2026-04-20 12:54:26,2096,LOCAL,0.00,174.68,0.00,174.75,5,0.99,CLOUD,1
2026-04-20 12:54:26,2097,LOCAL,0.00,177.06,0.00,177.15,5,0.99,CLOUD,1
2026-04-20 12:54:26,2098,LOCAL,0.00,189.96,0.00,190.03,5,0.99,CLOUD,1
2026-04-20 12:54:27,2099,LOCAL,0.00,173.42,0.00,173.50,5,0.99,CLOUD,2
2026-04-20 12:54:27,2100,LOCAL,0.00,181.06,0.00,181.13,5,0.99,CLOUD,2
2026-04-20 12:54:27,2101,LOCAL,0.00,178.75,0.00,178.83,5,0.99,CLOUD,2
2026-04-20 12:54:27,2102,LOCAL,0.00,198.65,0.00,198.73,5,0.99,CLOUD,2
2026-04-20 12:54:27,2103,LOCAL,0.00,202.10,0.00,202.20,5,0.99,CLOUD,2
2026-04-20 12:54:28,2104,LOCAL,0.00,193.79,0.00,206.06,5,1.15,CLOUD,2
2026-04-20 12:54:28,2105,LOCAL,0.00,160.76,0.00,160.83,5,1.41,CLOUD,2
2026-04-20 12:54:28,2106,LOCAL,0.00,166.35,0.00,166.41,5,1.79,CLOUD,2
2026-04-20 12:54:28,2107,LOCAL,0.00,198.01,0.00,198.07,5,2.84,CLOUD,2
2026-04-20 12:54:28,2108,LOCAL,0.00,192.57,0.00,192.63,5,4.87,CLOUD,2
2026-04-20 12:54:28,2109,LOCAL,0.00,175.83,0.00,175.89,5,4.94,CLOUD,2
2026-04-20 12:54:29,2110,LOCAL,0.00,229.58,0.00,229.66,5,4.91,,0
2026-04-20 12:54:29,2111,CLOUD,13.73,11599.40,91.88,11705.69,6,1.68,,0
2026-04-20 12:54:41,2112,CLOUD,22.72,5182.04,111.74,5323.74,6,1.30,,0
2026-04-20 12:54:46,2113,CLOUD,37.51,7175.00,85.79,7298.65,6,0.98,LOCAL,2
2026-04-20 12:54:53,2114,CLOUD,25.30,10512.57,108.02,10646.86,6,0.73,,0
2026-04-20 12:55:04,2115,LOCAL,0.00,240.34,0.00,240.41,5,0.72,,0
2026-04-20 12:55:04,2116,LOCAL,0.00,253.99,0.00,254.12,5,0.72,,0
2026-04-20 12:55:04,2117,LOCAL,0.00,185.62,0.00,185.71,5,0.72,,0
2026-04-20 12:55:05,2118,LOCAL,0.00,184.59,0.00,184.69,5,0.72,,0
2026-04-20 12:55:05,2119,LOCAL,0.00,173.58,0.00,173.69,5,0.72,,0
2026-04-20 12:55:05,2120,LOCAL,0.00,187.79,0.00,187.88,5,0.72,,0
2026-04-20 12:55:05,2121,LOCAL,0.00,171.62,0.00,171.71,5,0.72,,0
2026-04-20 12:55:05,2122,LOCAL,0.00,159.24,0.00,159.31,5,0.72,,0
2026-04-20 12:55:06,2123,LOCAL,0.00,187.29,0.00,187.36,5,0.72,CLOUD,1
2026-04-20 12:55:06,2124,LOCAL,0.00,162.51,0.00,162.60,5,0.72,CLOUD,1
2026-04-20 12:55:06,2125,LOCAL,0.00,183.47,0.00,183.54,5,0.72,CLOUD,1
2026-04-20 12:55:06,2126,LOCAL,0.00,184.58,0.00,184.64,5,0.72,CLOUD,1
2026-04-20 12:55:06,2127,LOCAL,0.00,158.16,0.00,158.23,5,0.72,CLOUD,1
2026-04-20 12:55:06,2128,LOCAL,0.00,160.36,0.00,160.42,5,0.73,CLOUD,1
2026-04-20 12:55:07,2129,LOCAL,0.00,156.73,0.00,156.80,5,0.73,CLOUD,1
2026-04-20 12:55:07,2130,LOCAL,0.00,174.89,0.00,174.95,5,0.73,CLOUD,1
2026-04-20 12:55:07,2131,LOCAL,0.00,215.89,0.00,215.95,5,0.73,CLOUD,1
2026-04-20 12:55:07,2132,LOCAL,0.00,183.72,0.00,183.77,5,0.73,CLOUD,1
2026-04-20 12:55:07,2133,LOCAL,0.00,260.29,0.00,260.44,5,0.73,CLOUD,1
2026-04-20 12:55:08,2134,LOCAL,0.00,133.98,0.00,134.05,5,0.73,CLOUD,2
2026-04-20 12:55:08,2135,LOCAL,0.00,191.43,0.00,209.80,5,0.73,CLOUD,2
2026-04-20 12:55:08,2136,LOCAL,0.00,175.15,0.00,175.21,5,0.73,CLOUD,2
2026-04-20 12:55:08,2137,LOCAL,0.00,187.78,0.00,187.84,5,0.73,CLOUD,2
2026-04-20 12:55:08,2138,LOCAL,0.00,186.78,0.00,186.85,5,0.73,CLOUD,2
2026-04-20 12:55:09,2139,LOCAL,0.00,184.51,0.00,184.57,5,0.73,CLOUD,2
2026-04-20 12:55:09,2140,LOCAL,0.00,201.56,0.00,201.63,5,1.02,CLOUD,2
2026-04-20 12:55:09,2141,LOCAL,0.00,190.81,0.00,190.87,5,1.25,CLOUD,2
2026-04-20 12:55:09,2142,LOCAL,0.00,173.36,0.00,173.44,5,1.80,CLOUD,2
2026-04-20 12:55:09,2143,LOCAL,0.00,178.75,0.00,178.82,5,5.15,CLOUD,2
2026-04-20 12:55:10,2144,LOCAL,0.00,155.24,0.00,155.31,5,5.23,,0
2026-04-20 12:55:10,2145,LOCAL,0.00,183.38,0.00,183.44,5,5.31,,0
2026-04-20 12:55:10,2146,LOCAL,0.00,208.93,0.00,209.00,5,5.30,,0
2026-04-20 12:55:10,2147,CLOUD,13.77,4257.06,106.31,4377.52,6,3.00,,0
2026-04-20 12:55:14,2148,CLOUD,14.31,3592.60,104.39,3711.64,6,2.20,,0
2026-04-20 12:55:18,2149,CLOUD,26.34,5774.19,113.35,5916.84,6,1.53,,0
2026-04-20 12:55:24,2150,CLOUD,32.46,7032.24,103.63,7168.78,6,1.12,,0
2026-04-20 12:55:31,2151,CLOUD,25.33,5880.54,102.51,6008.73,6,0.91,,0
2026-04-20 12:55:37,2152,CLOUD,25.38,5597.68,100.86,5724.22,6,0.78,LOCAL,1
2026-04-20 12:55:43,2153,CLOUD,25.63,5837.95,128.21,5992.14,6,0.67,,0
2026-04-20 12:55:49,2154,LOCAL,0.00,229.72,0.00,231.29,5,0.67,,0
2026-04-20 12:55:49,2155,LOCAL,0.00,174.34,0.00,174.40,5,0.67,,0
2026-04-20 12:55:49,2156,LOCAL,0.00,189.79,0.00,189.87,5,0.67,,0
2026-04-20 12:55:50,2157,LOCAL,0.00,172.99,0.00,173.09,5,0.67,,0
2026-04-20 12:55:50,2158,LOCAL,0.00,184.19,0.00,184.33,5,0.67,CLOUD,1
2026-04-20 12:55:50,2159,LOCAL,0.00,205.33,0.00,205.42,5,0.67,CLOUD,1
2026-04-20 12:55:50,2160,LOCAL,0.00,166.25,0.00,166.36,5,0.67,CLOUD,1
2026-04-20 12:55:50,2161,LOCAL,0.00,190.32,0.00,190.38,5,0.67,CLOUD,1
2026-04-20 12:55:51,2162,LOCAL,0.00,161.68,0.00,161.78,5,0.67,CLOUD,1
2026-04-20 12:55:51,2163,LOCAL,0.00,214.05,0.00,214.13,5,0.67,CLOUD,1
2026-04-20 12:55:51,2164,LOCAL,0.00,184.84,0.00,184.92,5,0.67,CLOUD,1
2026-04-20 12:55:51,2165,LOCAL,0.00,159.69,0.00,159.75,5,0.67,CLOUD,1
2026-04-20 12:55:51,2166,LOCAL,0.00,169.97,0.00,170.03,5,0.67,CLOUD,1
2026-04-20 12:55:52,2167,LOCAL,0.00,186.60,0.00,186.66,5,0.67,CLOUD,1
2026-04-20 12:55:52,2168,LOCAL,0.00,161.20,0.00,161.27,5,0.67,CLOUD,1
2026-04-20 12:55:52,2169,LOCAL,0.00,137.70,0.00,137.76,5,0.67,CLOUD,2
2026-04-20 12:55:52,2170,LOCAL,0.00,168.20,0.00,168.27,5,0.67,CLOUD,2
2026-04-20 12:55:52,2171,LOCAL,0.00,210.79,0.00,210.85,5,0.67,CLOUD,2
2026-04-20 12:55:52,2172,LOCAL,0.00,145.87,0.00,145.93,5,0.67,CLOUD,2
2026-04-20 12:55:53,2173,LOCAL,0.00,160.66,0.00,160.72,5,0.67,CLOUD,2
2026-04-20 12:55:53,2174,LOCAL,0.00,172.25,0.00,172.31,5,0.67,CLOUD,2
2026-04-20 12:55:53,2175,LOCAL,0.00,168.82,0.00,168.87,5,0.67,CLOUD,2
2026-04-20 12:55:53,2176,LOCAL,0.00,185.93,0.00,185.99,5,0.75,CLOUD,2
2026-04-20 12:55:53,2177,LOCAL,0.00,178.22,0.00,178.28,5,0.82,CLOUD,2
2026-04-20 12:55:54,2178,LOCAL,0.00,182.27,0.00,182.34,5,0.98,CLOUD,2
2026-04-20 12:55:54,2179,LOCAL,0.00,288.13,0.00,288.24,5,1.28,CLOUD,2
2026-04-20 12:55:54,2180,LOCAL,0.00,249.98,0.00,250.06,5,1.71,,0
2026-04-20 12:55:54,2181,CLOUD,14.05,4828.05,112.21,4954.71,6,1.79,,0
2026-04-20 12:55:59,2182,CLOUD,14.57,4080.94,200.28,4296.18,6,1.99,,0
2026-04-20 12:56:04,2183,CLOUD,25.91,7314.96,101.33,7442.56,6,1.33,,0
2026-04-20 12:56:11,2184,CLOUD,27.35,5464.52,101.64,5593.80,6,1.07,LOCAL,1
2026-04-20 12:56:17,2185,CLOUD,28.73,4720.17,98.23,4848.03,6,0.91,,0
2026-04-20 12:56:21,2186,CLOUD,33.52,5993.62,98.37,6125.81,6,0.77,,0
2026-04-20 12:56:28,2187,CLOUD,51.52,5607.97,101.35,5761.18,6,0.67,,0
2026-04-20 12:56:33,2188,CLOUD,25.40,4169.38,107.35,4302.45,6,0.61,,0
2026-04-20 12:56:38,2189,CLOUD,37.46,4163.67,103.37,4304.84,6,0.56,,0
2026-04-20 12:56:42,2190,CLOUD,13.19,5195.19,83.49,5292.18,6,0.51,,0
2026-04-20 12:56:47,2191,CLOUD,23.29,4353.89,80.81,4458.32,6,0.48,,0
2026-04-20 12:56:52,2192,CLOUD,13.28,4705.49,96.46,4815.52,6,0.44,,0
2026-04-20 12:56:57,2193,CLOUD,39.10,4276.51,88.72,4404.70,6,0.42,LOCAL,1
2026-04-20 12:57:01,2194,CLOUD,39.46,4477.01,100.09,4616.86,6,0.39,,0
2026-04-20 12:57:06,2195,CLOUD,25.45,4159.63,98.09,4283.53,6,0.37,LOCAL,2
2026-04-20 12:57:10,2196,CLOUD,21.43,4295.64,95.91,4413.28,6,0.35,,0
2026-04-20 12:57:14,2197,CLOUD,30.06,5217.79,91.58,5339.76,6,0.33,,0
2026-04-20 12:57:20,2198,CLOUD,14.98,3940.92,85.91,4042.11,6,0.32,LOCAL,1
2026-04-20 12:57:24,2199,CLOUD,22.89,4797.32,106.23,4926.79,6,0.30,,0
2026-04-20 12:57:29,2200,CLOUD,25.30,4041.66,108.11,4175.35,6,0.29,,0
2026-04-20 12:57:33,2201,CLOUD,46.42,8452.63,109.32,8609.17,6,0.27,,0
2026-04-20 12:57:41,2202,CLOUD,17.45,4413.56,96.73,4528.03,6,0.26,LOCAL,1
2026-04-20 12:57:46,2203,CLOUD,22.96,9040.09,100.82,9164.79,6,0.24,,0
2026-04-20 12:57:55,2204,CLOUD,25.53,10876.08,100.11,11002.61,6,0.22,LOCAL,2
2026-04-20 12:58:06,2205,CLOUD,25.40,8655.17,97.47,8792.36,6,0.20,,0
2026-04-20 12:58:15,2206,LOCAL,0.00,231.12,0.00,231.19,5,0.20,,0
2026-04-20 12:58:15,2207,LOCAL,0.00,163.81,0.00,163.86,5,0.20,,0
2026-04-20 12:58:15,2208,LOCAL,0.00,173.65,0.00,173.73,5,0.20,,0
2026-04-20 12:58:16,2209,LOCAL,0.00,187.81,0.00,187.87,5,0.20,,0
2026-04-20 12:58:16,2210,LOCAL,0.00,160.03,0.00,160.10,5,0.21,,0
2026-04-20 12:58:16,2211,LOCAL,0.00,168.47,0.00,168.56,5,0.22,,0
2026-04-20 12:58:16,2212,LOCAL,0.00,151.08,0.00,151.14,5,0.23,,0
2026-04-20 12:58:16,2213,LOCAL,0.00,151.90,0.00,151.96,5,0.24,,0
2026-04-20 12:58:16,2214,LOCAL,0.00,166.85,0.00,166.91,5,0.25,,0
2026-04-20 12:58:17,2215,LOCAL,0.00,261.72,0.00,261.79,5,0.27,,0
2026-04-20 12:58:17,2216,LOCAL,0.00,164.84,0.00,164.90,5,0.28,,0
2026-04-20 12:58:17,2217,LOCAL,0.00,164.14,0.00,164.21,5,0.29,,0
2026-04-20 12:58:17,2218,LOCAL,0.00,170.13,0.00,170.19,5,0.30,,0
2026-04-20 12:58:17,2219,LOCAL,0.00,135.63,0.00,135.74,5,0.32,,0
2026-04-20 12:58:18,2220,LOCAL,0.00,176.34,0.00,176.40,5,0.34,,0
2026-04-20 12:58:18,2221,LOCAL,0.00,152.49,0.00,152.55,5,0.36,,0
2026-04-20 12:58:18,2222,LOCAL,0.00,143.40,0.00,143.46,5,0.38,,0
2026-04-20 12:58:18,2223,LOCAL,0.00,182.48,0.00,182.54,5,0.40,,0
2026-04-20 12:58:18,2224,LOCAL,0.00,153.59,0.00,153.65,5,0.42,,0
2026-04-20 12:58:18,2225,LOCAL,0.00,152.71,0.00,152.77,5,0.45,,0
2026-04-20 12:58:19,2226,LOCAL,0.00,177.66,0.00,177.72,5,0.49,,0
2026-04-20 12:58:19,2227,LOCAL,0.00,177.71,0.00,177.77,5,0.53,,0
2026-04-20 12:58:19,2228,LOCAL,0.00,162.14,0.00,162.20,5,0.58,,0
2026-04-20 12:58:19,2229,LOCAL,0.00,161.30,0.00,161.36,5,0.62,,0
2026-04-20 12:58:19,2230,LOCAL,0.00,178.11,0.00,178.20,5,0.76,,0
2026-04-20 12:58:19,2231,LOCAL,0.00,183.76,0.00,183.82,5,0.86,,0
2026-04-20 12:58:20,2232,LOCAL,0.00,165.82,0.00,165.89,5,1.18,,0
2026-04-20 12:58:20,2233,LOCAL,0.00,247.30,0.00,247.43,5,2.09,,0
2026-04-20 12:58:20,2234,LOCAL,0.00,178.26,0.00,178.33,5,5.54,,0
2026-04-20 12:58:20,2235,LOCAL,0.00,162.94,0.00,163.02,5,5.60,,0
2026-04-20 12:58:20,2236,LOCAL,0.00,180.63,0.00,180.69,5,5.58,,0
2026-04-20 12:58:21,2237,LOCAL,0.00,175.00,0.00,175.06,5,5.59,,0
2026-04-20 12:58:21,2238,LOCAL,0.00,139.72,0.00,139.77,5,5.63,,0
2026-04-20 12:58:21,2239,LOCAL,0.00,159.43,0.00,159.49,5,5.64,,0
2026-04-20 12:58:21,2240,LOCAL,0.00,183.13,0.00,183.19,5,5.62,,0
2026-04-20 12:58:21,2241,LOCAL,0.00,171.41,0.00,171.47,5,5.60,,0
2026-04-20 12:58:21,2242,LOCAL,0.00,157.80,0.00,157.86,5,5.58,,0
2026-04-20 12:58:22,2243,LOCAL,0.00,175.08,0.00,175.13,5,5.59,,0
2026-04-20 12:58:22,2244,LOCAL,0.00,136.87,0.00,136.93,5,5.73,,0
2026-04-20 12:58:22,2245,LOCAL,0.00,168.33,0.00,168.39,5,5.72,,0
2026-04-20 12:58:22,2246,LOCAL,0.00,172.03,0.00,172.09,5,5.71,,0
2026-04-20 12:58:22,2247,LOCAL,0.00,184.23,0.00,184.29,5,5.68,,0
2026-04-20 12:58:23,2248,LOCAL,0.00,192.62,0.00,192.68,5,5.63,,0
2026-04-20 12:58:23,2249,LOCAL,0.00,178.43,0.00,178.49,5,5.64,,0
2026-04-20 12:58:23,2250,LOCAL,0.00,176.29,0.00,176.35,5,5.60,,0
2026-04-20 12:58:23,2251,LOCAL,0.00,248.92,0.00,249.02,5,5.49,,0
2026-04-20 12:58:23,2252,LOCAL,0.00,166.77,0.00,166.91,5,5.50,,0
2026-04-20 12:58:24,2253,LOCAL,0.00,154.25,0.00,154.31,5,5.49,,0
2026-04-20 12:58:24,2254,LOCAL,0.00,183.36,0.00,183.43,5,5.44,,0
2026-04-20 12:58:24,2255,LOCAL,0.00,179.65,0.00,179.72,5,5.44,,0
2026-04-20 12:58:24,2256,LOCAL,0.00,163.79,0.00,163.86,5,5.45,,0
2026-04-20 12:58:24,2257,LOCAL,0.00,175.92,0.00,175.99,5,5.45,,0
2026-04-20 12:58:24,2258,LOCAL,0.00,175.10,0.00,175.15,5,5.44,,0
2026-04-20 12:58:25,2259,LOCAL,0.00,168.37,0.00,168.43,5,5.45,,0
2026-04-20 12:58:25,2260,LOCAL,0.00,166.45,0.00,166.53,5,5.48,,0
2026-04-20 12:58:25,2261,LOCAL,0.00,183.23,0.00,183.30,5,5.46,,0
2026-04-20 12:58:25,2262,LOCAL,0.00,190.48,0.00,190.55,5,5.51,,0
2026-04-20 12:58:25,2263,LOCAL,0.00,150.26,0.00,150.33,5,5.54,,0
2026-04-20 12:58:25,2264,LOCAL,0.00,162.72,0.00,162.77,5,5.55,,0
2026-04-20 12:58:26,2265,LOCAL,0.00,181.52,0.00,181.58,5,5.56,,0
2026-04-20 12:58:26,2266,LOCAL,0.00,169.17,0.00,169.25,5,5.56,,0
2026-04-20 12:58:26,2267,LOCAL,0.00,168.25,0.00,168.32,5,5.54,,0
2026-04-20 12:58:26,2268,LOCAL,0.00,157.74,0.00,157.80,5,5.54,,0
2026-04-20 12:58:26,2269,LOCAL,0.00,165.64,0.00,165.70,5,5.56,,0
2026-04-20 12:58:27,2270,LOCAL,0.00,162.29,0.00,162.35,5,5.55,,0
2026-04-20 12:58:27,2271,LOCAL,0.00,262.11,0.00,262.18,5,5.43,,0
2026-04-20 12:58:27,2272,LOCAL,0.00,162.38,0.00,162.46,5,5.43,,0
2026-04-20 12:58:27,2273,LOCAL,0.00,158.54,0.00,158.60,5,5.40,,0
2026-04-20 12:58:27,2274,LOCAL,0.00,155.30,0.00,155.36,5,5.41,,0
2026-04-20 12:58:27,2275,LOCAL,0.00,154.82,0.00,154.88,5,5.42,,0
2026-04-20 12:58:28,2276,LOCAL,0.00,176.34,0.00,176.40,5,5.44,,0
2026-04-20 12:58:28,2277,LOCAL,0.00,165.67,0.00,165.74,5,5.47,,0
2026-04-20 12:58:28,2278,LOCAL,0.00,172.07,0.00,172.13,5,5.48,,0
2026-04-20 12:58:28,2279,LOCAL,0.00,164.26,0.00,164.32,5,5.51,,0
2026-04-20 12:58:28,2280,LOCAL,0.00,164.72,0.00,164.78,5,5.60,,0
2026-04-20 12:58:29,2281,LOCAL,0.00,145.95,0.00,146.02,5,5.62,,0
2026-04-20 12:58:29,2282,LOCAL,0.00,170.97,0.00,171.03,5,5.62,,0
2026-04-20 12:58:29,2283,LOCAL,0.00,161.25,0.00,161.31,5,5.66,,0
2026-04-20 12:58:29,2284,LOCAL,0.00,152.99,0.00,153.05,5,5.68,,0
2026-04-20 12:58:29,2285,LOCAL,0.00,168.29,0.00,168.35,5,5.68,,0
2026-04-20 12:58:29,2286,LOCAL,0.00,168.49,0.00,168.56,5,5.67,,0
2026-04-20 12:58:30,2287,LOCAL,0.00,183.27,0.00,183.33,5,5.65,,0
2026-04-20 12:58:30,2288,LOCAL,0.00,179.03,0.00,179.10,5,5.63,,0
2026-04-20 12:58:30,2289,LOCAL,0.00,289.34,0.00,289.47,5,5.50,,0
2026-04-20 12:58:30,2290,LOCAL,0.00,145.70,0.00,145.76,5,5.54,,0
2026-04-20 12:58:30,2291,LOCAL,0.00,190.38,0.00,190.47,5,5.55,,0
2026-04-20 12:58:31,2292,LOCAL,0.00,176.10,0.00,176.16,5,5.53,,0
2026-04-20 12:58:31,2293,LOCAL,0.00,179.93,0.00,179.99,5,5.51,,0
2026-04-20 12:58:31,2294,LOCAL,0.00,174.69,0.00,174.75,5,5.52,,0
2026-04-20 12:58:31,2295,LOCAL,0.00,182.03,0.00,182.11,5,5.51,,0
2026-04-20 12:58:31,2296,LOCAL,0.00,182.86,0.00,182.92,5,5.50,,0
2026-04-20 12:58:31,2297,LOCAL,0.00,181.39,0.00,181.46,5,5.47,,0
2026-04-20 12:58:32,2298,LOCAL,0.00,153.12,0.00,153.18,5,5.49,,0
2026-04-20 12:58:32,2299,LOCAL,0.00,160.03,0.00,160.10,5,5.50,,0
2026-04-20 12:58:32,2300,LOCAL,0.00,176.86,0.00,176.92,5,5.62,,0
2026-04-20 12:58:32,2301,LOCAL,0.00,154.66,0.00,154.73,5,5.64,,0
2026-04-20 12:58:32,2302,LOCAL,0.00,177.12,0.00,177.19,5,5.63,,0
2026-04-20 12:58:32,2303,LOCAL,0.00,177.09,0.00,189.38,5,5.59,,0
2026-04-20 12:58:33,2304,LOCAL,0.00,193.02,0.00,193.08,5,5.56,,0
2026-04-20 12:58:33,2305,LOCAL,0.00,197.19,0.00,197.26,5,5.54,,0
2026-04-20 12:58:33,2306,LOCAL,0.00,179.70,0.00,179.76,5,5.53,,0
2026-04-20 12:58:33,2307,LOCAL,0.00,283.44,0.00,283.51,5,5.41,,0
2026-04-20 12:58:34,2308,LOCAL,0.00,197.52,0.00,197.57,5,5.37,,0
2026-04-20 12:58:34,2309,LOCAL,0.00,143.69,0.00,143.76,5,5.39,,0
2026-04-20 12:58:34,2310,LOCAL,0.00,174.75,0.00,174.82,5,5.34,,0
2026-04-20 12:58:34,2311,LOCAL,0.00,179.29,0.00,179.36,5,5.33,,0
2026-04-20 12:58:34,2312,LOCAL,0.00,191.64,0.00,191.71,5,5.30,,0
2026-04-20 12:58:34,2313,LOCAL,0.00,185.15,0.00,185.23,5,5.27,,0
2026-04-20 12:58:35,2314,LOCAL,0.00,134.62,0.00,134.69,5,5.29,,0
2026-04-20 12:58:35,2315,LOCAL,0.00,173.81,0.00,173.97,5,5.30,,0
2026-04-20 12:58:35,2316,LOCAL,0.00,153.22,0.00,153.29,5,5.34,,0
2026-04-20 12:58:35,2317,LOCAL,0.00,175.05,0.00,175.10,5,5.35,,0
2026-04-20 12:58:35,2318,LOCAL,0.00,174.13,0.00,174.20,5,5.47,,0
2026-04-20 12:58:35,2319,LOCAL,0.00,160.12,0.00,160.18,5,5.46,,0
2026-04-20 12:58:36,2320,LOCAL,0.00,173.99,0.00,174.06,5,5.47,,0
2026-04-20 12:58:36,2321,LOCAL,0.00,160.82,0.00,160.89,5,5.48,,0
2026-04-20 12:58:36,2322,LOCAL,0.00,171.76,0.00,171.82,5,5.49,,0
2026-04-20 12:58:36,2323,LOCAL,0.00,148.24,0.00,148.31,5,5.51,,0
2026-04-20 12:58:36,2324,LOCAL,0.00,173.50,0.00,173.55,5,5.52,,0
2026-04-20 12:58:37,2325,LOCAL,0.00,169.05,0.00,169.11,5,5.53,,0
2026-04-20 12:58:37,2326,LOCAL,0.00,173.64,0.00,173.70,5,5.53,,0
2026-04-20 12:58:37,2327,LOCAL,0.00,166.22,0.00,166.28,5,5.51,,0
2026-04-20 12:58:37,2328,LOCAL,0.00,167.06,0.00,167.11,5,5.51,CLOUD,1
2026-04-20 12:58:37,2329,LOCAL,0.00,177.94,0.00,178.00,5,5.51,CLOUD,1
2026-04-20 12:58:37,2330,LOCAL,0.00,175.41,0.00,175.47,5,5.47,CLOUD,1
2026-04-20 12:58:38,2331,LOCAL,0.00,190.32,0.00,190.38,5,5.46,CLOUD,1
2026-04-20 12:58:38,2332,LOCAL,0.00,182.39,0.00,182.44,5,5.46,CLOUD,1
2026-04-20 12:58:38,2333,LOCAL,0.00,175.23,0.00,175.34,5,5.46,CLOUD,1
2026-04-20 12:58:38,2334,LOCAL,0.00,308.03,0.00,311.22,5,5.34,CLOUD,1
2026-04-20 12:58:38,2335,LOCAL,0.00,177.24,0.00,177.32,5,5.34,CLOUD,1
2026-04-20 12:58:39,2336,LOCAL,0.00,174.74,0.00,174.80,5,5.45,CLOUD,1
2026-04-20 12:58:39,2337,LOCAL,0.00,158.66,0.00,158.73,5,5.49,CLOUD,1
2026-04-20 12:58:39,2338,LOCAL,0.00,171.80,0.00,171.87,5,5.45,CLOUD,2
2026-04-20 12:58:39,2339,LOCAL,0.00,151.57,0.00,151.63,5,5.49,CLOUD,2
2026-04-20 12:58:39,2340,LOCAL,0.00,167.58,0.00,167.66,5,5.51,CLOUD,2
2026-04-20 12:58:40,2341,LOCAL,0.00,173.00,0.00,173.06,5,5.51,CLOUD,2
2026-04-20 12:58:40,2342,LOCAL,0.00,177.94,0.00,178.01,5,5.51,CLOUD,2
2026-04-20 12:58:40,2343,LOCAL,0.00,163.44,0.00,163.51,5,5.48,CLOUD,2
2026-04-20 12:58:40,2344,LOCAL,0.00,180.54,0.00,180.61,5,5.45,CLOUD,2
2026-04-20 12:58:40,2345,LOCAL,0.00,170.11,0.00,170.18,5,5.44,CLOUD,2
2026-04-20 12:58:40,2346,LOCAL,0.00,157.92,0.00,158.00,5,5.43,CLOUD,2
2026-04-20 12:58:41,2347,LOCAL,0.00,152.57,0.00,152.63,5,5.44,CLOUD,2
2026-04-20 12:58:41,2348,LOCAL,0.00,221.57,0.00,221.69,5,5.38,CLOUD,2
2026-04-20 12:58:41,2349,LOCAL,0.00,173.05,0.00,173.13,5,5.39,,0
2026-04-20 12:58:41,2350,CLOUD,25.62,3740.61,104.81,3871.36,6,3.19,,0
2026-04-20 12:58:45,2351,CLOUD,21.66,4032.90,102.11,4157.02,6,2.22,,0
2026-04-20 12:58:49,2352,CLOUD,25.53,5040.11,100.65,5166.66,6,1.60,,0
2026-04-20 12:58:54,2353,CLOUD,24.55,5218.55,94.26,5337.73,6,1.25,LOCAL,1
2026-04-20 12:59:00,2354,LOCAL,0.00,243.35,0.00,243.42,5,1.24,CLOUD,1
2026-04-20 12:59:00,2355,LOCAL,0.00,198.29,0.00,198.37,5,1.24,CLOUD,1
2026-04-20 12:59:00,2356,LOCAL,0.00,203.68,0.00,203.75,5,1.24,CLOUD,1
2026-04-20 12:59:00,2357,LOCAL,0.00,197.41,0.00,197.48,5,1.24,CLOUD,1
2026-04-20 12:59:01,2358,LOCAL,0.00,137.77,0.00,137.83,5,1.24,CLOUD,1
2026-04-20 12:59:01,2359,LOCAL,0.00,164.98,0.00,165.04,5,1.24,CLOUD,1
2026-04-20 12:59:01,2360,LOCAL,0.00,193.69,0.00,193.76,5,1.24,CLOUD,1
2026-04-20 12:59:01,2361,LOCAL,0.00,194.03,0.00,194.10,5,1.24,CLOUD,2
2026-04-20 12:59:01,2362,LOCAL,0.00,175.31,0.00,175.37,5,1.24,CLOUD,2
2026-04-20 12:59:02,2363,LOCAL,0.00,173.91,0.00,173.97,5,1.25,CLOUD,2
2026-04-20 12:59:02,2364,LOCAL,0.00,183.47,0.00,183.53,5,1.25,CLOUD,2
2026-04-20 12:59:02,2365,LOCAL,0.00,187.55,0.00,187.62,5,1.24,CLOUD,2
2026-04-20 12:59:02,2366,LOCAL,0.00,187.11,0.00,187.17,5,1.24,CLOUD,2
2026-04-20 12:59:02,2367,LOCAL,0.00,173.53,0.00,173.59,5,1.24,CLOUD,2
2026-04-20 12:59:03,2368,LOCAL,0.00,166.82,0.00,166.88,5,1.24,CLOUD,2
2026-04-20 12:59:03,2369,LOCAL,0.00,188.25,0.00,188.31,5,1.24,CLOUD,2
2026-04-20 12:59:03,2370,LOCAL,0.00,186.17,0.00,186.23,5,1.24,CLOUD,2
2026-04-20 12:59:03,2371,LOCAL,0.00,192.30,0.00,192.36,5,1.24,CLOUD,2
2026-04-20 12:59:03,2372,LOCAL,0.00,191.02,0.00,191.08,5,1.24,,0
2026-04-20 12:59:03,2373,LOCAL,0.00,223.02,0.00,223.10,5,1.24,,0
2026-04-20 12:59:04,2374,CLOUD,25.88,5766.68,108.90,5901.79,6,1.00,,0
2026-04-20 12:59:10,2375,CLOUD,23.78,5624.48,112.39,5761.04,6,0.83,,0
2026-04-20 12:59:15,2376,CLOUD,31.35,4977.96,113.87,5123.50,6,0.73,LOCAL,2
2026-04-20 12:59:21,2377,CLOUD,25.39,5947.89,99.47,6073.10,6,0.64,,0
2026-04-20 12:59:27,2378,CLOUD,31.79,4459.11,100.06,4591.26,6,0.58,LOCAL,1
2026-04-20 12:59:31,2379,CLOUD,23.22,5131.75,117.33,5272.64,6,0.56,,0
2026-04-20 12:59:36,2380,CLOUD,25.25,4620.85,273.57,4920.07,6,0.56,,0
2026-04-20 12:59:41,2381,LOCAL,0.00,233.35,0.00,233.44,5,0.61,,0
2026-04-20 12:59:42,2382,LOCAL,0.00,201.52,0.00,201.59,5,0.69,,0
2026-04-20 12:59:42,2383,LOCAL,0.00,204.93,0.00,204.99,5,0.69,,0
2026-04-20 12:59:42,2384,LOCAL,0.00,189.47,0.00,189.53,5,0.69,,0
2026-04-20 12:59:42,2385,LOCAL,0.00,171.11,0.00,171.17,5,0.69,,0
2026-04-20 12:59:42,2386,LOCAL,0.00,149.58,0.00,149.63,5,0.69,,0
2026-04-20 12:59:43,2387,LOCAL,0.00,184.64,0.00,184.69,5,0.69,,0
2026-04-20 12:59:43,2388,LOCAL,0.00,193.50,0.00,193.57,5,0.69,,0
2026-04-20 12:59:43,2389,LOCAL,0.00,166.20,0.00,166.30,5,0.69,,0
2026-04-20 12:59:43,2390,LOCAL,0.00,168.94,0.00,169.01,5,0.69,,0
2026-04-20 12:59:43,2391,LOCAL,0.00,150.39,0.00,150.45,5,0.69,CLOUD,1
2026-04-20 12:59:44,2392,LOCAL,0.00,167.98,0.00,168.04,5,0.69,CLOUD,1
2026-04-20 12:59:44,2393,LOCAL,0.00,195.83,0.00,195.91,5,0.69,CLOUD,1
2026-04-20 12:59:44,2394,LOCAL,0.00,209.66,0.00,209.73,5,0.69,CLOUD,1
2026-04-20 12:59:44,2395,LOCAL,0.00,170.32,0.00,174.71,5,0.69,CLOUD,1
2026-04-20 12:59:44,2396,LOCAL,0.00,210.65,0.00,210.71,5,0.69,CLOUD,1
2026-04-20 12:59:45,2397,LOCAL,0.00,292.49,0.00,292.58,5,0.69,CLOUD,1
2026-04-20 12:59:45,2398,LOCAL,0.00,164.25,0.00,164.34,5,0.69,CLOUD,1
2026-04-20 12:59:45,2399,LOCAL,0.00,208.95,0.00,209.02,5,0.69,CLOUD,1
2026-04-20 12:59:45,2400,LOCAL,0.00,182.98,0.00,183.04,5,0.69,CLOUD,1
2026-04-20 12:59:45,2401,LOCAL,0.00,182.35,0.00,182.41,5,0.69,CLOUD,2
2026-04-20 12:59:46,2402,LOCAL,0.00,152.58,0.00,152.67,5,0.69,CLOUD,2
2026-04-20 12:59:46,2403,LOCAL,0.00,171.75,0.00,171.82,5,0.80,CLOUD,2
2026-04-20 12:59:46,2404,LOCAL,0.00,159.05,0.00,160.25,5,0.94,CLOUD,2
2026-04-20 12:59:46,2405,LOCAL,0.00,156.52,0.00,156.62,5,1.13,CLOUD,2
2026-04-20 12:59:46,2406,LOCAL,0.00,164.51,0.00,164.65,5,1.46,CLOUD,2
2026-04-20 12:59:46,2407,LOCAL,0.00,181.71,0.00,181.83,5,1.88,CLOUD,2
2026-04-20 12:59:47,2408,LOCAL,0.00,175.30,0.00,175.36,5,2.80,CLOUD,2
2026-04-20 12:59:47,2409,LOCAL,0.00,144.10,0.00,144.17,5,5.19,CLOUD,2
2026-04-20 12:59:47,2410,LOCAL,0.00,162.38,0.00,162.45,5,5.27,CLOUD,2
2026-04-20 12:59:47,2411,LOCAL,0.00,170.24,0.00,170.30,5,5.32,CLOUD,2
2026-04-20 12:59:47,2412,LOCAL,0.00,259.51,0.00,259.66,5,5.26,,0
2026-04-20 12:59:48,2413,CLOUD,25.55,5375.10,88.26,5489.23,6,2.69,,0
2026-04-20 12:59:53,2414,CLOUD,29.40,5727.86,92.44,5850.01,6,1.76,,0
2026-04-20 12:59:59,2415,CLOUD,13.78,4285.80,97.58,4397.52,6,1.40,LOCAL,1
2026-04-20 13:00:03,2416,CLOUD,24.84,3833.91,112.01,3971.09,6,1.18,,0
2026-04-20 13:00:07,2417,CLOUD,19.71,3780.31,97.85,3904.48,6,1.03,LOCAL,1
2026-04-20 13:00:11,2418,CLOUD,16.53,7790.01,116.59,7923.42,6,0.81,,0
2026-04-20 13:00:19,2419,CLOUD,29.49,4744.78,94.15,4868.75,6,0.71,LOCAL,1
2026-04-20 13:00:24,2420,CLOUD,25.40,6920.05,108.35,7054.10,6,0.61,,0
2026-04-20 13:00:31,2421,LOCAL,0.00,260.50,0.00,260.58,5,0.61,,0
2026-04-20 13:00:31,2422,LOCAL,0.00,213.22,0.00,213.29,5,0.61,,0
2026-04-20 13:00:32,2423,LOCAL,0.00,182.62,0.00,182.69,5,0.61,,0
2026-04-20 13:00:32,2424,LOCAL,0.00,185.14,0.00,185.22,5,0.61,,0
2026-04-20 13:00:32,2425,LOCAL,0.00,187.06,0.00,187.12,5,0.61,,0
2026-04-20 13:00:32,2426,LOCAL,0.00,199.46,0.00,199.53,5,0.61,,0
2026-04-20 13:00:32,2427,LOCAL,0.00,191.36,0.00,191.42,5,0.61,,0
2026-04-20 13:00:33,2428,LOCAL,0.00,177.83,0.00,177.90,5,0.61,,0
2026-04-20 13:00:33,2429,LOCAL,0.00,189.79,0.00,189.85,5,0.61,,0
2026-04-20 13:00:33,2430,LOCAL,0.00,167.99,0.00,168.06,5,0.61,,0
2026-04-20 13:00:33,2431,LOCAL,0.00,175.32,0.00,175.42,5,0.61,,0
2026-04-20 13:00:33,2432,LOCAL,0.00,171.49,0.00,171.56,5,0.61,,0
2026-04-20 13:00:34,2433,LOCAL,0.00,167.65,0.00,167.71,5,0.61,,0
2026-04-20 13:00:34,2434,LOCAL,0.00,287.26,0.00,287.35,5,0.61,,0
2026-04-20 13:00:34,2435,LOCAL,0.00,167.31,0.00,167.46,5,0.61,,0
2026-04-20 13:00:34,2436,LOCAL,0.00,166.98,0.00,167.05,5,0.61,,0
2026-04-20 13:00:34,2437,LOCAL,0.00,162.16,0.00,162.23,5,0.61,,0
2026-04-20 13:00:34,2438,LOCAL,0.00,174.62,0.00,174.70,5,0.61,,0
2026-04-20 13:00:35,2439,LOCAL,0.00,157.60,0.00,157.66,5,0.61,,0
2026-04-20 13:00:35,2440,LOCAL,0.00,169.70,0.00,169.76,5,0.61,,0
2026-04-20 13:00:35,2441,LOCAL,0.00,159.26,0.00,159.32,5,0.61,,0
2026-04-20 13:00:35,2442,LOCAL,0.00,178.45,0.00,178.51,5,0.69,,0
2026-04-20 13:00:35,2443,LOCAL,0.00,169.68,0.00,169.74,5,0.79,CLOUD,1
2026-04-20 13:00:36,2444,LOCAL,0.00,167.95,0.00,168.01,5,0.90,CLOUD,1
2026-04-20 13:00:36,2445,LOCAL,0.00,178.08,0.00,178.15,5,1.01,CLOUD,1
2026-04-20 13:00:36,2446,LOCAL,0.00,160.69,0.00,160.75,5,1.17,CLOUD,1
2026-04-20 13:00:36,2447,LOCAL,0.00,172.66,0.00,172.72,5,1.70,CLOUD,1
2026-04-20 13:00:36,2448,LOCAL,0.00,195.96,0.00,196.02,5,2.34,CLOUD,1
2026-04-20 13:00:36,2449,LOCAL,0.00,180.75,0.00,180.81,5,5.25,CLOUD,1
2026-04-20 13:00:37,2450,LOCAL,0.00,170.61,0.00,170.67,5,5.34,CLOUD,1
2026-04-20 13:00:37,2451,LOCAL,0.00,269.45,0.00,269.59,5,5.28,CLOUD,1
2026-04-20 13:00:37,2452,LOCAL,0.00,156.03,0.00,156.09,5,5.29,CLOUD,1
2026-04-20 13:00:37,2453,LOCAL,0.00,181.80,0.00,181.87,5,5.29,CLOUD,1
2026-04-20 13:00:37,2454,LOCAL,0.00,176.18,0.00,176.25,5,5.30,,0
2026-04-20 13:00:38,2455,LOCAL,0.00,159.84,0.00,159.91,5,5.33,,0
2026-04-20 13:00:38,2456,LOCAL,0.00,182.98,0.00,183.09,5,5.32,,0
2026-04-20 13:00:38,2457,LOCAL,0.00,197.74,0.00,197.80,5,5.30,,0
2026-04-20 13:00:38,2458,LOCAL,0.00,164.05,0.00,164.12,5,5.33,,0
2026-04-20 13:00:38,2459,LOCAL,0.00,187.77,0.00,187.84,5,5.32,,0
2026-04-20 13:00:39,2460,LOCAL,0.00,191.66,0.00,191.76,5,5.30,,0
2026-04-20 13:00:39,2461,LOCAL,0.00,184.08,0.00,184.15,5,5.29,,0
2026-04-20 13:00:39,2462,LOCAL,0.00,166.73,0.00,166.79,5,5.29,,0
2026-04-20 13:00:39,2463,LOCAL,0.00,207.06,0.00,207.12,5,5.37,,0
2026-04-20 13:00:39,2464,LOCAL,0.00,176.60,0.00,176.66,5,5.36,,0
2026-04-20 13:00:40,2465,LOCAL,0.00,170.17,0.00,170.26,5,5.35,,0
2026-04-20 13:00:40,2466,LOCAL,0.00,161.28,0.00,161.34,5,5.35,,0
2026-04-20 13:00:40,2467,LOCAL,0.00,159.93,0.00,159.99,5,5.37,,0
2026-04-20 13:00:40,2468,LOCAL,0.00,254.00,0.00,254.11,5,5.29,,0
2026-04-20 13:00:40,2469,LOCAL,0.00,178.15,0.00,178.21,5,5.29,,0
2026-04-20 13:00:41,2470,LOCAL,0.00,199.58,0.00,199.65,5,5.25,,0
2026-04-20 13:00:41,2471,LOCAL,0.00,180.10,0.00,180.16,5,5.24,,0
2026-04-20 13:00:41,2472,LOCAL,0.00,184.83,0.00,184.89,5,5.23,,0
2026-04-20 13:00:41,2473,LOCAL,0.00,177.50,0.00,177.56,5,5.22,,0
2026-04-20 13:00:41,2474,LOCAL,0.00,187.63,0.00,187.70,5,5.20,,0
2026-04-20 13:00:41,2475,LOCAL,0.00,154.62,0.00,154.68,5,5.20,CLOUD,1
2026-04-20 13:00:42,2476,LOCAL,0.00,170.26,0.00,170.32,5,5.21,CLOUD,1
2026-04-20 13:00:42,2477,LOCAL,0.00,176.34,0.00,176.40,5,5.22,CLOUD,1
2026-04-20 13:00:42,2478,LOCAL,0.00,163.20,0.00,163.27,5,5.24,CLOUD,1
2026-04-20 13:00:42,2479,LOCAL,0.00,158.51,0.00,158.57,5,5.24,CLOUD,1
2026-04-20 13:00:42,2480,LOCAL,0.00,190.86,0.00,190.93,5,5.31,CLOUD,1
2026-04-20 13:00:43,2481,LOCAL,0.00,186.38,0.00,186.45,5,5.31,CLOUD,1
2026-04-20 13:00:43,2482,LOCAL,0.00,180.67,0.00,180.73,5,5.29,CLOUD,1
2026-04-20 13:00:43,2483,LOCAL,0.00,181.54,0.00,181.60,5,5.30,CLOUD,1
2026-04-20 13:00:43,2484,LOCAL,0.00,271.62,0.00,271.71,5,5.19,CLOUD,1
2026-04-20 13:00:43,2485,LOCAL,0.00,198.80,0.00,198.86,5,5.19,CLOUD,2
2026-04-20 13:00:44,2486,LOCAL,0.00,182.64,0.00,182.70,5,5.21,CLOUD,2
2026-04-20 13:00:44,2487,LOCAL,0.00,164.68,0.00,164.74,5,5.21,CLOUD,2
2026-04-20 13:00:44,2488,LOCAL,0.00,170.09,0.00,170.15,5,5.23,CLOUD,2
2026-04-20 13:00:44,2489,LOCAL,0.00,188.13,0.00,188.19,5,5.24,CLOUD,2
2026-04-20 13:00:44,2490,LOCAL,0.00,182.15,0.00,182.21,5,5.24,CLOUD,2
2026-04-20 13:00:45,2491,LOCAL,0.00,169.06,0.00,169.12,5,5.25,CLOUD,2
2026-04-20 13:00:45,2492,LOCAL,0.00,173.77,0.00,173.82,5,5.28,CLOUD,2
2026-04-20 13:00:45,2493,LOCAL,0.00,156.52,0.00,156.57,5,5.30,CLOUD,2
2026-04-20 13:00:45,2494,LOCAL,0.00,138.97,0.00,139.03,5,5.31,CLOUD,2
2026-04-20 13:00:45,2495,LOCAL,0.00,136.09,0.00,136.15,5,5.34,CLOUD,2
2026-04-20 13:00:45,2496,LOCAL,0.00,231.75,0.00,231.83,5,5.28,CLOUD,2
2026-04-20 13:00:46,2497,CLOUD,25.38,5003.74,105.37,5134.85,6,2.79,,0
2026-04-20 13:00:51,2498,CLOUD,14.45,3732.89,101.24,3848.96,6,2.06,LOCAL,1
2026-04-20 13:00:55,2499,LOCAL,0.00,230.17,0.00,230.24,5,2.06,,0
2026-04-20 13:00:55,2500,LOCAL,0.00,192.60,0.00,192.66,5,2.06,,0
2026-04-20 13:00:55,2501,LOCAL,0.00,183.85,0.00,183.92,5,2.06,,0
2026-04-20 13:00:55,2502,LOCAL,0.00,245.76,0.00,245.90,5,2.04,,0
2026-04-20 13:00:55,2503,LOCAL,0.00,174.36,0.00,174.42,5,2.05,,0
2026-04-20 13:00:56,2504,LOCAL,0.00,161.40,0.00,161.53,5,2.04,,0
2026-04-20 13:00:56,2505,LOCAL,0.00,167.77,0.00,167.83,5,2.04,,0
2026-04-20 13:00:56,2506,LOCAL,0.00,153.23,0.00,153.29,5,2.05,,0
2026-04-20 13:00:56,2507,LOCAL,0.00,188.00,0.00,188.06,5,2.04,,0
2026-04-20 13:00:56,2508,LOCAL,0.00,191.71,0.00,191.81,5,2.04,,0
2026-04-20 13:00:57,2509,LOCAL,0.00,171.76,0.00,171.85,5,2.04,,0
2026-04-20 13:00:57,2510,LOCAL,0.00,167.18,0.00,167.25,5,2.04,,0
2026-04-20 13:00:57,2511,LOCAL,0.00,171.49,0.00,171.55,5,2.05,,0
2026-04-20 13:00:57,2512,LOCAL,0.00,174.16,0.00,174.22,5,2.05,,0
2026-04-20 13:00:57,2513,LOCAL,0.00,141.36,0.00,141.42,5,2.07,CLOUD,1
2026-04-20 13:00:57,2514,LOCAL,0.00,167.79,0.00,167.86,5,2.07,CLOUD,1
2026-04-20 13:00:58,2515,LOCAL,0.00,156.73,0.00,156.79,5,2.08,CLOUD,1
2026-04-20 13:00:58,2516,LOCAL,0.00,187.40,0.00,187.47,5,2.07,CLOUD,1
2026-04-20 13:00:58,2517,LOCAL,0.00,167.82,0.00,167.89,5,2.07,CLOUD,1
2026-04-20 13:00:58,2518,LOCAL,0.00,197.54,0.00,197.61,5,2.07,CLOUD,1
2026-04-20 13:00:58,2519,LOCAL,0.00,182.78,0.00,182.85,5,2.07,CLOUD,1
2026-04-20 13:00:59,2520,LOCAL,0.00,231.05,0.00,231.21,5,2.06,CLOUD,1
2026-04-20 13:00:59,2521,LOCAL,0.00,193.45,0.00,193.51,5,2.05,CLOUD,1
2026-04-20 13:00:59,2522,LOCAL,0.00,172.38,0.00,172.46,5,2.05,CLOUD,1
2026-04-20 13:00:59,2523,LOCAL,0.00,171.69,0.00,171.75,5,2.05,CLOUD,1
2026-04-20 13:00:59,2524,LOCAL,0.00,227.70,0.00,227.76,5,2.03,,0
2026-04-20 13:01:00,2525,LOCAL,0.00,238.61,0.00,238.67,5,2.03,,0
2026-04-20 13:01:00,2526,LOCAL,0.00,183.24,0.00,183.31,5,3.11,,0
2026-04-20 13:01:00,2527,LOCAL,0.00,171.12,0.00,171.18,5,5.13,,0
2026-04-20 13:01:00,2528,LOCAL,0.00,171.09,0.00,171.15,5,5.19,,0
2026-04-20 13:01:00,2529,LOCAL,0.00,162.51,0.00,162.58,5,5.20,,0
2026-04-20 13:01:01,2530,LOCAL,0.00,172.42,0.00,172.48,5,5.23,,0
2026-04-20 13:01:01,2531,LOCAL,0.00,183.45,0.00,183.52,5,5.30,,0
2026-04-20 13:01:01,2532,LOCAL,0.00,141.86,0.00,141.92,5,5.31,,0
2026-04-20 13:01:01,2533,LOCAL,0.00,189.22,0.00,189.28,5,5.29,,0
2026-04-20 13:01:01,2534,LOCAL,0.00,184.66,0.00,184.72,5,5.27,,0
2026-04-20 13:01:02,2535,LOCAL,0.00,181.17,0.00,181.27,5,5.24,,0
2026-04-20 13:01:02,2536,LOCAL,0.00,192.36,0.00,192.42,5,5.24,,0
2026-04-20 13:01:02,2537,LOCAL,0.00,196.83,0.00,196.89,5,5.24,,0
2026-04-20 13:01:02,2538,LOCAL,0.00,176.24,0.00,176.30,5,5.23,,0
2026-04-20 13:01:02,2539,LOCAL,0.00,182.43,0.00,182.49,5,5.21,,0
2026-04-20 13:01:02,2540,LOCAL,0.00,168.78,0.00,168.85,5,5.21,,0
2026-04-20 13:01:03,2541,LOCAL,0.00,168.39,0.00,168.46,5,5.22,,0
2026-04-20 13:01:03,2542,LOCAL,0.00,160.30,0.00,160.36,5,5.20,,0
2026-04-20 13:01:03,2543,LOCAL,0.00,172.83,0.00,172.89,5,5.19,,0
2026-04-20 13:01:03,2544,LOCAL,0.00,184.71,0.00,184.77,5,5.16,,0
2026-04-20 13:01:03,2545,LOCAL,0.00,163.69,0.00,163.80,5,5.20,,0
2026-04-20 13:01:04,2546,LOCAL,0.00,186.11,0.00,186.17,5,5.18,,0
2026-04-20 13:01:04,2547,LOCAL,0.00,177.53,0.00,177.59,5,5.21,,0
2026-04-20 13:01:04,2548,LOCAL,0.00,169.72,0.00,169.79,5,5.23,,0
2026-04-20 13:01:04,2549,LOCAL,0.00,308.62,0.00,308.76,5,5.14,,0
2026-04-20 13:01:04,2550,LOCAL,0.00,200.16,0.00,200.24,5,5.15,,0
2026-04-20 13:01:05,2551,LOCAL,0.00,216.21,0.00,216.26,5,5.12,,0
2026-04-20 13:01:05,2552,LOCAL,0.00,180.37,0.00,180.46,5,5.11,,0
2026-04-20 13:01:05,2553,LOCAL,0.00,181.29,0.00,181.35,5,5.17,,0
2026-04-20 13:01:05,2554,LOCAL,0.00,180.39,0.00,180.45,5,5.22,,0
2026-04-20 13:01:05,2555,LOCAL,0.00,192.44,0.00,192.50,5,5.21,,0
2026-04-20 13:01:06,2556,LOCAL,0.00,169.30,0.00,169.36,5,5.22,,0
2026-04-20 13:01:06,2557,LOCAL,0.00,170.77,0.00,170.84,5,5.21,,0
2026-04-20 13:01:06,2558,LOCAL,0.00,166.17,0.00,166.24,5,5.23,,0
2026-04-20 13:01:06,2559,LOCAL,0.00,148.62,0.00,148.70,5,5.24,,0
2026-04-20 13:01:06,2560,LOCAL,0.00,188.74,0.00,188.82,5,5.24,,0
2026-04-20 13:01:06,2561,LOCAL,0.00,170.13,0.00,170.20,5,5.23,,0
2026-04-20 13:01:07,2562,LOCAL,0.00,182.14,0.00,182.23,5,5.24,,0
2026-04-20 13:01:07,2563,LOCAL,0.00,148.91,0.00,148.97,5,5.27,,0
2026-04-20 13:01:07,2564,LOCAL,0.00,162.86,0.00,162.92,5,5.29,,0
2026-04-20 13:01:07,2565,LOCAL,0.00,162.87,0.00,162.93,5,5.31,,0
2026-04-20 13:01:07,2566,LOCAL,0.00,178.64,0.00,178.70,5,5.33,,0
2026-04-20 13:01:08,2567,LOCAL,0.00,170.37,0.00,170.43,5,5.35,,0
2026-04-20 13:01:08,2568,LOCAL,0.00,156.49,0.00,156.54,5,5.37,,0
2026-04-20 13:01:08,2569,LOCAL,0.00,193.87,0.00,193.93,5,5.34,,0
2026-04-20 13:01:08,2570,LOCAL,0.00,204.18,0.00,204.26,5,5.30,,0
2026-04-20 13:01:08,2571,LOCAL,0.00,270.60,0.00,270.68,5,5.20,,0
2026-04-20 13:01:09,2572,LOCAL,0.00,168.56,0.00,168.62,5,5.20,,0
2026-04-20 13:01:09,2573,LOCAL,0.00,169.74,0.00,169.79,5,5.22,,0
2026-04-20 13:01:09,2574,LOCAL,0.00,172.09,0.00,172.15,5,5.20,,0
2026-04-20 13:01:09,2575,LOCAL,0.00,162.09,0.00,162.16,5,5.24,,0
2026-04-20 13:01:09,2576,LOCAL,0.00,158.19,0.00,158.25,5,5.25,,0
2026-04-20 13:01:09,2577,LOCAL,0.00,192.62,0.00,192.68,5,5.23,,0
2026-04-20 13:01:10,2578,LOCAL,0.00,196.54,0.00,196.62,5,5.35,,0
2026-04-20 13:01:10,2579,LOCAL,0.00,182.14,0.00,182.21,5,5.36,,0
2026-04-20 13:01:10,2580,LOCAL,0.00,176.38,0.00,176.45,5,5.40,,0
2026-04-20 13:01:10,2581,LOCAL,0.00,174.82,0.00,174.89,5,5.40,,0
2026-04-20 13:01:10,2582,LOCAL,0.00,201.71,0.00,201.80,5,5.38,,0
2026-04-20 13:01:11,2583,LOCAL,0.00,160.54,0.00,160.59,5,5.39,,0
2026-04-20 13:01:11,2584,LOCAL,0.00,186.98,0.00,187.04,5,5.41,,0
2026-04-20 13:01:11,2585,LOCAL,0.00,180.68,0.00,180.79,5,5.40,,0
2026-04-20 13:01:11,2586,LOCAL,0.00,170.12,0.00,170.22,5,5.40,,0
2026-04-20 13:01:11,2587,LOCAL,0.00,159.53,0.00,159.59,5,5.41,,0
2026-04-20 13:01:11,2588,LOCAL,0.00,179.95,0.00,180.01,5,5.39,,0
2026-04-20 13:01:12,2589,LOCAL,0.00,158.31,0.00,158.38,5,5.43,,0
2026-04-20 13:01:12,2590,LOCAL,0.00,167.92,0.00,167.99,5,5.43,,0
2026-04-20 13:01:12,2591,LOCAL,0.00,171.24,0.00,171.30,5,5.44,,0
2026-04-20 13:01:12,2592,LOCAL,0.00,158.00,0.00,158.06,5,5.44,,0
2026-04-20 13:01:12,2593,LOCAL,0.00,143.77,0.00,143.84,5,5.45,,0
2026-04-20 13:01:13,2594,LOCAL,0.00,173.59,0.00,173.65,5,5.45,,0
2026-04-20 13:01:13,2595,LOCAL,0.00,139.10,0.00,139.17,5,5.49,,0
2026-04-20 13:01:13,2596,LOCAL,0.00,154.35,0.00,154.42,5,5.49,,0
2026-04-20 13:01:13,2597,LOCAL,0.00,129.70,0.00,129.77,5,5.52,,0
2026-04-20 13:01:13,2598,LOCAL,0.00,278.29,0.00,278.37,5,5.43,,0
2026-04-20 13:01:13,2599,LOCAL,0.00,163.72,0.00,163.79,5,5.47,CLOUD,1
2026-04-20 13:01:14,2600,LOCAL,0.00,184.72,0.00,184.78,5,5.56,CLOUD,1
2026-04-20 13:01:14,2601,LOCAL,0.00,183.29,0.00,183.35,5,5.56,CLOUD,1
2026-04-20 13:01:14,2602,LOCAL,0.00,183.53,0.00,183.59,5,5.53,CLOUD,1
2026-04-20 13:01:14,2603,LOCAL,0.00,158.82,0.00,158.90,5,5.55,CLOUD,1
2026-04-20 13:01:14,2604,LOCAL,0.00,155.46,0.00,155.53,5,5.56,CLOUD,1
2026-04-20 13:01:15,2605,LOCAL,0.00,156.67,0.00,156.74,5,5.55,CLOUD,1
2026-04-20 13:01:15,2606,LOCAL,0.00,137.97,0.00,138.04,5,5.61,CLOUD,1
2026-04-20 13:01:15,2607,LOCAL,0.00,185.33,0.00,185.40,5,5.63,CLOUD,1
2026-04-20 13:01:15,2608,LOCAL,0.00,175.12,0.00,175.18,5,5.63,CLOUD,1
2026-04-20 13:01:15,2609,LOCAL,0.00,160.88,0.00,160.93,5,5.65,CLOUD,1
2026-04-20 13:01:15,2610,LOCAL,0.00,164.94,0.00,165.00,5,5.66,CLOUD,1
2026-04-20 13:01:16,2611,LOCAL,0.00,168.04,0.00,168.11,5,5.70,CLOUD,2
2026-04-20 13:01:16,2612,LOCAL,0.00,166.54,0.00,166.60,5,5.68,CLOUD,2
2026-04-20 13:01:16,2613,LOCAL,0.00,154.32,0.00,154.39,5,5.72,CLOUD,2
2026-04-20 13:01:16,2614,LOCAL,0.00,163.47,0.00,163.55,5,5.72,CLOUD,2
2026-04-20 13:01:16,2615,LOCAL,0.00,177.72,0.00,177.78,5,5.71,CLOUD,2
2026-04-20 13:01:16,2616,LOCAL,0.00,223.23,0.00,223.36,5,5.64,CLOUD,2
2026-04-20 13:01:17,2617,LOCAL,0.00,133.78,0.00,133.85,5,5.69,CLOUD,2
2026-04-20 13:01:17,2618,LOCAL,0.00,174.78,0.00,174.85,5,5.67,CLOUD,2
2026-04-20 13:01:17,2619,LOCAL,0.00,158.55,0.00,158.62,5,5.68,CLOUD,2
2026-04-20 13:01:17,2620,LOCAL,0.00,151.79,0.00,151.85,5,5.72,CLOUD,2
2026-04-20 13:01:17,2621,LOCAL,0.00,176.88,0.00,176.97,5,5.70,CLOUD,2
2026-04-20 13:01:18,2622,LOCAL,0.00,188.97,0.00,189.05,5,5.55,,0
2026-04-20 13:01:18,2623,CLOUD,29.82,5996.04,108.60,6134.92,6,2.59,,0
2026-04-20 13:01:24,2624,CLOUD,32.85,3881.23,182.44,4096.89,6,1.91,LOCAL,2
2026-04-20 13:01:28,2625,CLOUD,38.44,6306.00,146.28,6491.09,6,1.35,,0
2026-04-20 13:01:34,2626,CLOUD,13.55,3556.29,110.60,3680.78,6,1.16,LOCAL,2
2026-04-20 13:01:38,2627,LOCAL,0.00,263.09,0.00,263.16,5,1.16,CLOUD,1
2026-04-20 13:01:38,2628,LOCAL,0.00,180.40,0.00,180.47,5,1.16,CLOUD,1
2026-04-20 13:01:39,2629,LOCAL,0.00,182.13,0.00,182.23,5,1.16,CLOUD,1
2026-04-20 13:01:39,2630,LOCAL,0.00,194.09,0.00,194.18,5,1.16,CLOUD,1
2026-04-20 13:01:39,2631,LOCAL,0.00,191.78,0.00,191.84,5,1.16,CLOUD,1
2026-04-20 13:01:39,2632,LOCAL,0.00,173.75,0.00,173.82,5,1.16,CLOUD,1
2026-04-20 13:01:39,2633,LOCAL,0.00,166.84,0.00,166.90,5,1.16,CLOUD,1
2026-04-20 13:01:40,2634,LOCAL,0.00,164.24,0.00,164.31,5,1.16,CLOUD,1
2026-04-20 13:01:40,2635,LOCAL,0.00,194.51,0.00,194.57,5,1.15,CLOUD,2
2026-04-20 13:01:40,2636,LOCAL,0.00,173.51,0.00,173.58,5,1.15,CLOUD,2
2026-04-20 13:01:40,2637,LOCAL,0.00,180.51,0.00,180.61,5,1.15,CLOUD,2
2026-04-20 13:01:40,2638,LOCAL,0.00,164.22,0.00,164.29,5,1.15,CLOUD,2
2026-04-20 13:01:41,2639,LOCAL,0.00,233.79,0.00,233.93,5,1.15,CLOUD,2
2026-04-20 13:01:41,2640,LOCAL,0.00,163.78,0.00,163.87,5,1.15,CLOUD,2
2026-04-20 13:01:41,2641,LOCAL,0.00,185.22,0.00,185.29,5,1.15,CLOUD,2
2026-04-20 13:01:41,2642,LOCAL,0.00,180.39,0.00,180.46,5,1.15,CLOUD,2
2026-04-20 13:01:41,2643,LOCAL,0.00,197.46,0.00,197.52,5,1.15,CLOUD,2
2026-04-20 13:01:42,2644,LOCAL,0.00,184.40,0.00,184.47,5,1.15,CLOUD,2
2026-04-20 13:01:42,2645,LOCAL,0.00,156.87,0.00,156.94,5,1.15,CLOUD,2
2026-04-20 13:01:42,2646,LOCAL,0.00,227.79,0.00,227.91,5,1.14,,0
2026-04-20 13:01:42,2647,CLOUD,25.54,5813.18,78.93,5918.01,6,0.93,,0
2026-04-20 13:01:48,2648,CLOUD,18.17,4272.19,111.89,4402.57,6,0.82,LOCAL,1
2026-04-20 13:01:52,2649,LOCAL,0.00,236.29,0.00,236.37,5,0.82,,0
2026-04-20 13:01:53,2650,LOCAL,0.00,205.18,0.00,205.24,5,0.82,,0
2026-04-20 13:01:53,2651,LOCAL,0.00,172.62,0.00,172.69,5,0.82,CLOUD,1
2026-04-20 13:01:53,2652,LOCAL,0.00,183.07,0.00,183.14,5,0.99,CLOUD,1
2026-04-20 13:01:53,2653,LOCAL,0.00,167.31,0.00,167.42,5,1.14,CLOUD,1
2026-04-20 13:01:53,2654,LOCAL,0.00,189.64,0.00,189.71,5,1.51,CLOUD,1
2026-04-20 13:01:54,2655,LOCAL,0.00,167.57,0.00,167.65,5,1.85,CLOUD,1
2026-04-20 13:01:54,2656,LOCAL,0.00,160.41,0.00,160.48,5,1.86,CLOUD,1
2026-04-20 13:01:54,2657,LOCAL,0.00,166.25,0.00,166.31,5,1.86,CLOUD,1
2026-04-20 13:01:54,2658,LOCAL,0.00,180.72,0.00,180.78,5,1.86,CLOUD,1
2026-04-20 13:01:54,2659,LOCAL,0.00,177.56,0.00,177.64,5,1.86,CLOUD,1
2026-04-20 13:01:55,2660,LOCAL,0.00,258.63,0.00,283.01,5,1.85,CLOUD,1
2026-04-20 13:01:55,2661,LOCAL,0.00,220.05,0.00,220.12,5,1.85,CLOUD,1
2026-04-20 13:01:55,2662,LOCAL,0.00,176.75,0.00,176.85,5,1.85,CLOUD,2
2026-04-20 13:01:55,2663,LOCAL,0.00,203.11,0.00,203.17,5,1.84,CLOUD,2
2026-04-20 13:01:56,2664,LOCAL,0.00,197.47,0.00,197.53,5,1.84,CLOUD,2
2026-04-20 13:01:56,2665,LOCAL,0.00,183.75,0.00,183.82,5,1.84,CLOUD,2
2026-04-20 13:01:56,2666,LOCAL,0.00,159.88,0.00,159.98,5,1.84,CLOUD,2
2026-04-20 13:01:56,2667,LOCAL,0.00,167.92,0.00,168.03,5,1.84,CLOUD,2
2026-04-20 13:01:56,2668,LOCAL,0.00,169.39,0.00,169.45,5,1.85,CLOUD,2
2026-04-20 13:01:56,2669,LOCAL,0.00,192.06,0.00,192.23,5,1.84,CLOUD,2
2026-04-20 13:01:57,2670,LOCAL,0.00,188.44,0.00,188.50,5,1.85,CLOUD,2
2026-04-20 13:01:57,2671,LOCAL,0.00,189.70,0.00,189.77,5,1.85,CLOUD,2
2026-04-20 13:01:57,2672,LOCAL,0.00,262.85,0.00,262.93,5,1.84,,0
2026-04-20 13:01:57,2673,CLOUD,25.71,3573.66,88.17,3687.90,6,1.50,,0
2026-04-20 13:02:01,2674,CLOUD,13.67,4941.94,173.02,5129.02,6,1.20,,0
2026-04-20 13:02:06,2675,CLOUD,43.82,4255.24,107.50,4406.91,6,1.02,LOCAL,2
2026-04-20 13:02:11,2676,CLOUD,26.01,4541.94,127.78,4696.04,6,1.07,,0
2026-04-20 13:02:15,2677,CLOUD,29.35,3817.44,107.52,3954.71,6,1.08,,0
2026-04-20 13:02:19,2678,CLOUD,23.63,3558.70,106.74,3689.37,6,0.96,,0
2026-04-20 13:02:23,2679,CLOUD,35.60,4124.13,107.01,4267.09,6,0.85,,0
2026-04-20 13:02:27,2680,CLOUD,24.47,4036.30,89.11,4150.19,6,0.76,,0
2026-04-20 13:02:31,2681,CLOUD,26.35,4691.76,96.68,4815.15,6,0.68,,0
2026-04-20 13:02:36,2682,CLOUD,13.35,3811.27,112.75,3937.68,6,0.62,LOCAL,1
2026-04-20 13:02:40,2683,LOCAL,0.00,244.82,0.00,244.89,5,0.62,,0
2026-04-20 13:02:40,2684,LOCAL,0.00,173.75,0.00,173.81,5,0.62,,0
2026-04-20 13:02:41,2685,LOCAL,0.00,179.66,0.00,179.73,5,0.62,,0
2026-04-20 13:02:41,2686,LOCAL,0.00,180.22,0.00,180.28,5,0.62,,0
2026-04-20 13:02:41,2687,LOCAL,0.00,193.50,0.00,193.55,5,0.62,,0
2026-04-20 13:02:41,2688,LOCAL,0.00,174.79,0.00,174.85,5,0.62,,0
2026-04-20 13:02:41,2689,LOCAL,0.00,179.83,0.00,179.92,5,0.62,,0
2026-04-20 13:02:42,2690,LOCAL,0.00,188.70,0.00,188.77,5,0.62,,0
2026-04-20 13:02:42,2691,LOCAL,0.00,283.18,0.00,283.31,5,0.62,,0
2026-04-20 13:02:42,2692,LOCAL,0.00,182.75,0.00,182.84,5,0.62,,0
2026-04-20 13:02:42,2693,LOCAL,0.00,140.91,0.00,140.98,5,0.62,,0
2026-04-20 13:02:42,2694,LOCAL,0.00,163.31,0.00,163.41,5,0.62,,0
2026-04-20 13:02:43,2695,LOCAL,0.00,186.93,0.00,186.99,5,0.62,,0
2026-04-20 13:02:43,2696,LOCAL,0.00,179.15,0.00,179.22,5,0.62,,0
2026-04-20 13:02:43,2697,LOCAL,0.00,193.29,0.00,193.35,5,0.62,,0
2026-04-20 13:02:43,2698,LOCAL,0.00,200.60,0.00,200.67,5,0.62,,0
2026-04-20 13:02:43,2699,LOCAL,0.00,177.09,0.00,177.16,5,0.62,,0
2026-04-20 13:02:43,2700,LOCAL,0.00,194.33,0.00,194.39,5,0.62,,0
2026-04-20 13:02:44,2701,LOCAL,0.00,211.06,0.00,211.13,5,0.62,,0
2026-04-20 13:02:44,2702,LOCAL,0.00,169.44,0.00,169.51,5,0.67,CLOUD,1
2026-04-20 13:02:44,2703,LOCAL,0.00,187.77,0.00,187.85,5,0.76,CLOUD,1
2026-04-20 13:02:44,2704,LOCAL,0.00,178.98,0.00,179.05,5,0.86,CLOUD,1
2026-04-20 13:02:44,2705,LOCAL,0.00,174.79,0.00,174.86,5,0.99,CLOUD,1
2026-04-20 13:02:45,2706,LOCAL,0.00,187.24,0.00,187.31,5,1.13,CLOUD,1
2026-04-20 13:02:45,2707,LOCAL,0.00,293.70,0.00,293.84,5,1.31,CLOUD,1
2026-04-20 13:02:45,2708,LOCAL,0.00,158.18,0.00,158.26,5,1.60,CLOUD,1
2026-04-20 13:02:45,2709,LOCAL,0.00,190.40,0.00,190.47,5,2.05,CLOUD,1
2026-04-20 13:02:45,2710,LOCAL,0.00,173.42,0.00,173.48,5,3.06,CLOUD,1
2026-04-20 13:02:46,2711,LOCAL,0.00,204.70,0.00,204.76,5,5.05,CLOUD,1
2026-04-20 13:02:46,2712,LOCAL,0.00,177.03,0.00,177.13,5,5.11,CLOUD,2
2026-04-20 13:02:46,2713,LOCAL,0.00,191.28,0.00,191.33,5,5.11,CLOUD,2
2026-04-20 13:02:46,2714,LOCAL,0.00,194.92,0.00,194.98,5,5.09,CLOUD,2
2026-04-20 13:02:46,2715,LOCAL,0.00,185.77,0.00,185.83,5,5.10,CLOUD,2
2026-04-20 13:02:47,2716,LOCAL,0.00,184.76,0.00,184.82,5,5.10,CLOUD,2
2026-04-20 13:02:47,2717,LOCAL,0.00,215.28,0.00,215.34,5,5.07,CLOUD,2
2026-04-20 13:02:47,2718,LOCAL,0.00,169.33,0.00,169.39,5,5.08,CLOUD,2
2026-04-20 13:02:47,2719,LOCAL,0.00,185.79,0.00,185.89,5,5.09,CLOUD,2
2026-04-20 13:02:47,2720,LOCAL,0.00,155.52,0.00,155.58,5,5.21,CLOUD,2
2026-04-20 13:02:48,2721,LOCAL,0.00,182.48,0.00,182.55,5,5.19,CLOUD,2
2026-04-20 13:02:48,2722,LOCAL,0.00,167.98,0.00,168.04,5,5.19,,0
2026-04-20 13:02:48,2723,LOCAL,0.00,152.94,0.00,153.00,5,5.20,,0
2026-04-20 13:02:48,2724,LOCAL,0.00,261.04,0.00,261.18,5,5.12,,0
2026-04-20 13:02:48,2725,LOCAL,0.00,163.11,0.00,163.18,5,5.13,,0
2026-04-20 13:02:49,2726,CLOUD,37.67,4346.88,97.86,4482.72,6,2.92,,0
2026-04-20 13:02:53,2727,CLOUD,25.32,3675.76,111.45,3812.84,6,2.14,,0
2026-04-20 13:02:57,2728,CLOUD,14.03,3746.50,117.33,3878.18,6,1.68,,0
2026-04-20 13:03:01,2729,CLOUD,24.13,4915.52,96.87,5036.84,6,1.31,,0
2026-04-20 13:03:06,2730,CLOUD,41.50,4177.06,108.77,4327.66,6,1.11,LOCAL,1
2026-04-20 13:03:10,2731,LOCAL,0.00,237.82,0.00,237.90,5,1.10,,0
2026-04-20 13:03:10,2732,LOCAL,0.00,191.24,0.00,191.30,5,1.10,,0
2026-04-20 13:03:11,2733,LOCAL,0.00,189.08,0.00,189.14,5,1.10,,0
2026-04-20 13:03:11,2734,LOCAL,0.00,170.76,0.00,170.85,5,1.10,,0
2026-04-20 13:03:11,2735,LOCAL,0.00,158.50,0.00,158.57,5,1.10,,0
2026-04-20 13:03:11,2736,LOCAL,0.00,170.98,0.00,171.04,5,1.11,,0
2026-04-20 13:03:11,2737,LOCAL,0.00,174.51,0.00,174.58,5,1.10,,0
2026-04-20 13:03:12,2738,LOCAL,0.00,284.05,0.00,284.13,5,1.10,,0
2026-04-20 13:03:12,2739,LOCAL,0.00,180.37,0.00,180.44,5,1.10,CLOUD,1
2026-04-20 13:03:12,2740,LOCAL,0.00,163.26,0.00,163.32,5,1.10,CLOUD,1
2026-04-20 13:03:12,2741,LOCAL,0.00,169.59,0.00,169.65,5,1.10,CLOUD,1
2026-04-20 13:03:12,2742,LOCAL,0.00,185.20,0.00,185.26,5,1.10,CLOUD,1
2026-04-20 13:03:13,2743,LOCAL,0.00,170.20,0.00,170.26,5,1.10,CLOUD,1
2026-04-20 13:03:13,2744,LOCAL,0.00,187.35,0.00,187.41,5,1.10,CLOUD,1
2026-04-20 13:03:13,2745,LOCAL,0.00,185.03,0.00,185.10,5,1.10,CLOUD,1
2026-04-20 13:03:13,2746,LOCAL,0.00,173.24,0.00,173.33,5,1.10,CLOUD,1
2026-04-20 13:03:13,2747,LOCAL,0.00,174.74,0.00,174.81,5,1.10,CLOUD,1
2026-04-20 13:03:13,2748,LOCAL,0.00,178.08,0.00,178.14,5,1.10,CLOUD,1
2026-04-20 13:03:14,2749,LOCAL,0.00,208.00,0.00,208.06,5,1.10,CLOUD,1
2026-04-20 13:03:14,2750,LOCAL,0.00,180.74,0.00,180.80,5,1.10,CLOUD,2
2026-04-20 13:03:14,2751,LOCAL,0.00,173.16,0.00,173.21,5,1.10,CLOUD,2
2026-04-20 13:03:14,2752,LOCAL,0.00,155.03,0.00,155.09,5,1.10,CLOUD,2
2026-04-20 13:03:14,2753,LOCAL,0.00,180.59,0.00,180.65,5,1.11,CLOUD,2
2026-04-20 13:03:15,2754,LOCAL,0.00,170.52,0.00,170.63,5,1.11,CLOUD,2
2026-04-20 13:03:15,2755,LOCAL,0.00,187.44,0.00,187.56,5,1.32,CLOUD,2
2026-04-20 13:03:15,2756,LOCAL,0.00,183.89,0.00,183.96,5,1.58,CLOUD,2
2026-04-20 13:03:15,2757,LOCAL,0.00,190.12,0.00,190.21,5,1.97,CLOUD,2
2026-04-20 13:03:15,2758,LOCAL,0.00,167.90,0.00,167.96,5,2.95,CLOUD,2
2026-04-20 13:03:16,2759,LOCAL,0.00,157.15,0.00,157.21,5,5.13,CLOUD,2
2026-04-20 13:03:16,2760,LOCAL,0.00,174.64,0.00,174.73,5,5.19,CLOUD,2
2026-04-20 13:03:16,2761,LOCAL,0.00,233.23,0.00,233.31,5,5.17,,0
2026-04-20 13:03:16,2762,CLOUD,25.55,5111.64,94.23,5231.73,6,2.73,,0
2026-04-20 13:03:21,2763,CLOUD,14.40,4044.50,104.07,4163.30,6,1.99,,0
2026-04-20 13:03:26,2764,CLOUD,28.27,3935.51,180.30,4144.47,6,1.56,,0
2026-04-20 13:03:30,2765,CLOUD,22.40,3589.60,77.25,3689.57,6,1.31,,0
2026-04-20 13:03:33,2766,CLOUD,13.83,5598.14,89.39,5718.62,6,1.05,,0
2026-04-20 13:03:39,2767,CLOUD,28.89,4153.35,103.23,4285.87,6,0.92,LOCAL,1
2026-04-20 13:03:43,2768,CLOUD,13.24,4978.25,96.31,5088.10,6,0.79,,0
2026-04-20 13:03:49,2769,CLOUD,25.34,3720.80,101.77,3849.47,6,0.72,LOCAL,1
2026-04-20 13:03:52,2770,LOCAL,0.00,238.12,0.00,238.23,5,0.72,,0
2026-04-20 13:03:53,2771,LOCAL,0.00,226.40,0.00,226.47,5,0.72,,0
2026-04-20 13:03:53,2772,LOCAL,0.00,212.34,0.00,212.42,5,0.72,,0
2026-04-20 13:03:53,2773,LOCAL,0.00,192.56,0.00,192.62,5,0.72,,0
2026-04-20 13:03:53,2774,LOCAL,0.00,185.16,0.00,185.22,5,0.72,,0
2026-04-20 13:03:54,2775,LOCAL,0.00,161.53,0.00,161.59,5,0.72,,0
2026-04-20 13:03:54,2776,LOCAL,0.00,181.60,0.00,181.67,5,0.72,,0
2026-04-20 13:03:54,2777,LOCAL,0.00,269.00,0.00,269.12,5,0.72,,0
2026-04-20 13:03:54,2778,LOCAL,0.00,170.96,0.00,171.03,5,0.72,,0
2026-04-20 13:03:54,2779,LOCAL,0.00,179.07,0.00,179.15,5,0.72,,0
2026-04-20 13:03:55,2780,LOCAL,0.00,176.23,0.00,176.29,5,0.72,,0
2026-04-20 13:03:55,2781,LOCAL,0.00,167.80,0.00,167.86,5,0.72,,0
2026-04-20 13:03:55,2782,LOCAL,0.00,195.28,0.00,195.37,5,0.72,,0
2026-04-20 13:03:55,2783,LOCAL,0.00,175.50,0.00,175.57,5,0.72,,0
2026-04-20 13:03:55,2784,LOCAL,0.00,191.42,0.00,191.48,5,0.72,,0
2026-04-20 13:03:55,2785,LOCAL,0.00,167.46,0.00,167.57,5,0.72,,0
2026-04-20 13:03:56,2786,LOCAL,0.00,133.78,0.00,133.85,5,0.72,CLOUD,1
2026-04-20 13:03:56,2787,LOCAL,0.00,155.80,0.00,155.86,5,0.72,CLOUD,1
2026-04-20 13:03:56,2788,LOCAL,0.00,154.38,0.00,154.44,5,0.72,CLOUD,1
2026-04-20 13:03:56,2789,LOCAL,0.00,184.80,0.00,184.86,5,0.72,CLOUD,1
2026-04-20 13:03:56,2790,LOCAL,0.00,190.30,0.00,190.36,5,0.72,CLOUD,1
2026-04-20 13:03:57,2791,LOCAL,0.00,195.33,0.00,195.39,5,0.82,CLOUD,1
2026-04-20 13:03:57,2792,LOCAL,0.00,168.34,0.00,168.41,5,0.93,CLOUD,1
2026-04-20 13:03:57,2793,LOCAL,0.00,189.74,0.00,189.80,5,1.06,CLOUD,1
2026-04-20 13:03:57,2794,LOCAL,0.00,288.59,0.00,288.73,5,1.21,CLOUD,1
2026-04-20 13:03:57,2795,LOCAL,0.00,238.69,0.00,238.77,5,1.57,CLOUD,1
2026-04-20 13:03:58,2796,LOCAL,0.00,192.83,0.00,192.90,5,2.02,,0
2026-04-20 13:03:58,2797,LOCAL,0.00,190.98,0.00,191.03,5,3.06,,0
2026-04-20 13:03:58,2798,LOCAL,0.00,163.93,0.00,163.99,5,5.01,,0
2026-04-20 13:03:58,2799,LOCAL,0.00,205.39,0.00,205.45,5,5.05,,0
2026-04-20 13:03:58,2800,LOCAL,0.00,177.31,0.00,177.37,5,5.10,,0
2026-04-20 13:03:59,2801,LOCAL,0.00,162.17,0.00,162.24,5,5.14,,0
2026-04-20 13:03:59,2802,LOCAL,0.00,180.43,0.00,180.52,5,5.14,,0
2026-04-20 13:03:59,2803,LOCAL,0.00,165.29,0.00,165.35,5,5.16,,0
2026-04-20 13:03:59,2804,LOCAL,0.00,173.56,0.00,173.62,5,5.14,,0
2026-04-20 13:03:59,2805,LOCAL,0.00,154.79,0.00,154.85,5,5.17,,0
2026-04-20 13:03:59,2806,LOCAL,0.00,185.91,0.00,185.97,5,5.26,,0
2026-04-20 13:04:00,2807,LOCAL,0.00,146.96,0.00,147.03,5,5.28,,0
2026-04-20 13:04:00,2808,LOCAL,0.00,181.77,0.00,181.84,5,5.28,,0
2026-04-20 13:04:00,2809,LOCAL,0.00,183.90,0.00,183.96,5,5.28,,0
2026-04-20 13:04:00,2810,LOCAL,0.00,191.75,0.00,191.82,5,5.29,,0
2026-04-20 13:04:00,2811,LOCAL,0.00,327.81,0.00,327.90,5,5.16,,0
2026-04-20 13:04:01,2812,LOCAL,0.00,153.61,0.00,153.69,5,5.18,,0
2026-04-20 13:04:01,2813,LOCAL,0.00,164.58,0.00,164.64,5,5.22,,0
2026-04-20 13:04:01,2814,LOCAL,0.00,171.26,0.00,171.32,5,5.20,,0
2026-04-20 13:04:01,2815,LOCAL,0.00,177.87,0.00,177.93,5,5.15,,0
2026-04-20 13:04:01,2816,LOCAL,0.00,172.35,0.00,172.41,5,5.13,,0
2026-04-20 13:04:02,2817,LOCAL,0.00,167.42,0.00,167.48,5,5.11,CLOUD,1
2026-04-20 13:04:02,2818,LOCAL,0.00,169.67,0.00,169.74,5,5.13,CLOUD,1
2026-04-20 13:04:02,2819,LOCAL,0.00,155.75,0.00,155.82,5,5.16,CLOUD,1
2026-04-20 13:04:02,2820,LOCAL,0.00,156.09,0.00,156.17,5,5.19,CLOUD,1
2026-04-20 13:04:02,2821,LOCAL,0.00,165.30,0.00,165.37,5,5.19,CLOUD,1
2026-04-20 13:04:02,2822,LOCAL,0.00,185.23,0.00,185.30,5,5.19,CLOUD,1
2026-04-20 13:04:03,2823,LOCAL,0.00,193.25,0.00,193.31,5,5.27,CLOUD,1
2026-04-20 13:04:03,2824,LOCAL,0.00,181.54,0.00,181.60,5,5.31,CLOUD,1
2026-04-20 13:04:03,2825,LOCAL,0.00,167.81,0.00,167.87,5,5.33,CLOUD,1
2026-04-20 13:04:03,2826,LOCAL,0.00,158.59,0.00,158.65,5,5.35,CLOUD,1
2026-04-20 13:04:03,2827,LOCAL,0.00,174.08,0.00,174.16,5,5.33,CLOUD,1
2026-04-20 13:04:04,2828,LOCAL,0.00,173.98,0.00,174.04,5,5.36,CLOUD,2
2026-04-20 13:04:04,2829,LOCAL,0.00,190.75,0.00,190.81,5,5.35,CLOUD,2
2026-04-20 13:04:04,2830,LOCAL,0.00,154.53,0.00,154.60,5,5.37,CLOUD,2
2026-04-20 13:04:04,2831,LOCAL,0.00,166.74,0.00,166.82,5,5.39,CLOUD,2
2026-04-20 13:04:04,2832,LOCAL,0.00,167.94,0.00,168.00,5,5.40,CLOUD,2
2026-04-20 13:04:05,2833,LOCAL,0.00,182.20,0.00,182.26,5,5.39,CLOUD,2
2026-04-20 13:04:05,2834,LOCAL,0.00,131.84,0.00,131.91,5,5.40,CLOUD,2
2026-04-20 13:04:05,2835,LOCAL,0.00,161.83,0.00,161.89,5,5.42,CLOUD,2
2026-04-20 13:04:05,2836,LOCAL,0.00,181.52,0.00,181.57,5,5.39,CLOUD,2
2026-04-20 13:04:05,2837,LOCAL,0.00,189.25,0.00,189.31,5,5.36,CLOUD,2
2026-04-20 13:04:05,2838,LOCAL,0.00,239.22,0.00,239.32,5,5.31,CLOUD,2
2026-04-20 13:04:06,2839,LOCAL,0.00,159.73,0.00,159.82,5,5.25,,0
2026-04-20 13:04:06,2840,CLOUD,24.77,6313.42,111.69,6450.22,6,2.49,,0
2026-04-20 13:04:12,2841,CLOUD,32.35,4083.68,104.70,4221.09,6,1.84,LOCAL,2
2026-04-20 13:04:17,2842,CLOUD,28.13,4833.20,103.87,4965.48,6,1.41,,0
2026-04-20 13:04:22,2843,CLOUD,60.41,5300.28,108.70,5475.69,6,1.12,LOCAL,2
2026-04-20 13:04:27,2844,CLOUD,28.80,3991.69,97.83,4118.65,6,0.97,,0
2026-04-20 13:04:31,2845,CLOUD,25.07,11351.20,94.67,11471.68,6,0.70,,0
2026-04-20 13:04:43,2846,CLOUD,25.43,3885.84,112.07,4023.64,6,0.64,LOCAL,1
2026-04-20 13:04:47,2847,LOCAL,0.00,240.47,0.00,240.55,5,0.64,,0
2026-04-20 13:04:47,2848,LOCAL,0.00,178.61,0.00,178.67,5,0.64,,0
2026-04-20 13:04:47,2849,LOCAL,0.00,166.27,0.00,166.33,5,0.64,,0
2026-04-20 13:04:48,2850,LOCAL,0.00,191.72,0.00,191.79,5,0.64,,0
2026-04-20 13:04:48,2851,LOCAL,0.00,196.50,0.00,196.57,5,0.64,CLOUD,1
2026-04-20 13:04:48,2852,LOCAL,0.00,287.89,0.00,287.97,5,0.64,CLOUD,1
2026-04-20 13:04:48,2853,LOCAL,0.00,145.28,0.00,145.33,5,0.64,CLOUD,1
2026-04-20 13:04:48,2854,LOCAL,0.00,153.18,0.00,153.25,5,0.64,CLOUD,1
2026-04-20 13:04:49,2855,LOCAL,0.00,149.84,0.00,149.90,5,0.64,CLOUD,1
2026-04-20 13:04:49,2856,LOCAL,0.00,171.95,0.00,172.03,5,0.64,CLOUD,1
2026-04-20 13:04:49,2857,LOCAL,0.00,161.56,0.00,161.63,5,0.64,CLOUD,1
2026-04-20 13:04:49,2858,LOCAL,0.00,180.94,0.00,181.00,5,0.64,CLOUD,1
2026-04-20 13:04:49,2859,LOCAL,0.00,182.00,0.00,182.06,5,0.64,CLOUD,1
2026-04-20 13:04:49,2860,LOCAL,0.00,158.64,0.00,158.71,5,0.64,CLOUD,1
2026-04-20 13:04:50,2861,LOCAL,0.00,180.65,0.00,180.72,5,0.64,CLOUD,1
2026-04-20 13:04:50,2862,LOCAL,0.00,178.64,0.00,178.70,5,0.64,CLOUD,2
2026-04-20 13:04:50,2863,LOCAL,0.00,178.05,0.00,178.11,5,0.64,CLOUD,2
2026-04-20 13:04:50,2864,LOCAL,0.00,186.75,0.00,186.81,5,0.64,CLOUD,2
2026-04-20 13:04:50,2865,LOCAL,0.00,186.61,0.00,186.66,5,0.64,CLOUD,2
2026-04-20 13:04:51,2866,LOCAL,0.00,199.51,0.00,199.58,5,0.64,CLOUD,2
2026-04-20 13:04:51,2867,LOCAL,0.00,199.74,0.00,199.80,5,0.64,CLOUD,2
2026-04-20 13:04:51,2868,LOCAL,0.00,137.17,0.00,137.24,5,0.64,CLOUD,2
2026-04-20 13:04:51,2869,LOCAL,0.00,260.19,0.00,260.33,5,0.74,CLOUD,2
2026-04-20 13:04:51,2870,LOCAL,0.00,216.13,0.00,216.21,5,0.83,CLOUD,2
2026-04-20 13:04:52,2871,LOCAL,0.00,164.39,0.00,164.45,5,0.96,CLOUD,2
2026-04-20 13:04:52,2872,LOCAL,0.00,267.21,0.00,267.38,5,1.17,,0
2026-04-20 13:04:52,2873,LOCAL,0.00,129.17,0.00,129.24,5,1.39,,0
2026-04-20 13:04:52,2874,CLOUD,27.12,4475.45,109.97,4614.02,6,2.09,,0
2026-04-20 13:04:57,2875,CLOUD,35.01,3889.78,177.88,4103.06,6,2.08,,0
2026-04-20 13:05:01,2876,CLOUD,31.41,4091.94,103.15,4226.95,6,1.62,,0
2026-04-20 13:05:05,2877,CLOUD,26.82,4500.31,103.68,4631.19,6,1.30,LOCAL,1
2026-04-20 13:05:10,2878,CLOUD,13.50,6619.55,108.92,6742.27,6,1.00,,0
2026-04-20 13:05:17,2879,CLOUD,25.26,4644.54,103.14,4773.28,6,0.86,,0
2026-04-20 13:05:21,2880,CLOUD,25.64,3969.29,132.03,4127.30,6,0.77,,0
2026-04-20 13:05:26,2881,CLOUD,13.22,4830.68,104.75,4948.98,6,0.69,,0
2026-04-20 13:05:30,2882,CLOUD,13.59,3857.51,93.72,3965.13,6,0.63,LOCAL,1
2026-04-20 13:05:34,2883,CLOUD,36.20,3563.75,94.75,3695.06,6,0.58,,0
2026-04-20 13:05:38,2884,CLOUD,17.29,4114.85,107.75,4240.19,6,0.54,,0
2026-04-20 13:05:42,2885,CLOUD,17.21,5760.94,89.20,5867.73,6,0.49,LOCAL,1
2026-04-20 13:05:48,2886,LOCAL,0.00,226.96,0.00,227.03,5,0.49,,0
2026-04-20 13:05:49,2887,LOCAL,0.00,182.09,0.00,182.17,5,0.49,,0
2026-04-20 13:05:49,2888,LOCAL,0.00,196.87,0.00,196.93,5,0.49,,0
2026-04-20 13:05:49,2889,LOCAL,0.00,159.14,0.00,159.20,5,0.49,,0
2026-04-20 13:05:49,2890,LOCAL,0.00,186.76,0.00,186.83,5,0.49,,0
2026-04-20 13:05:49,2891,LOCAL,0.00,170.23,0.00,170.29,5,0.49,,0
2026-04-20 13:05:49,2892,LOCAL,0.00,192.61,0.00,192.68,5,0.49,,0
2026-04-20 13:05:50,2893,LOCAL,0.00,187.27,0.00,187.34,5,0.49,,0
2026-04-20 13:05:50,2894,LOCAL,0.00,180.01,0.00,180.08,5,0.49,,0
2026-04-20 13:05:50,2895,LOCAL,0.00,179.99,0.00,201.81,5,0.49,,0
2026-04-20 13:05:50,2896,LOCAL,0.00,218.52,0.00,218.58,5,0.49,,0
2026-04-20 13:05:50,2897,LOCAL,0.00,192.67,0.00,192.74,5,0.49,,0
2026-04-20 13:05:51,2898,LOCAL,0.00,197.21,0.00,197.27,5,0.49,,0
2026-04-20 13:05:51,2899,LOCAL,0.00,188.75,0.00,188.80,5,0.49,,0
2026-04-20 13:05:51,2900,LOCAL,0.00,184.29,0.00,184.35,5,0.49,,0
2026-04-20 13:05:51,2901,LOCAL,0.00,180.92,0.00,180.99,5,0.49,,0
2026-04-20 13:05:51,2902,LOCAL,0.00,191.27,0.00,191.33,5,0.49,,0
2026-04-20 13:05:52,2903,LOCAL,0.00,146.82,0.00,146.88,5,0.53,,0
2026-04-20 13:05:52,2904,LOCAL,0.00,159.87,0.00,159.94,5,0.57,,0
2026-04-20 13:05:52,2905,LOCAL,0.00,170.14,0.00,170.22,5,0.62,,0
2026-04-20 13:05:52,2906,LOCAL,0.00,157.93,0.00,158.01,5,0.68,,0
2026-04-20 13:05:52,2907,LOCAL,0.00,269.92,0.00,270.06,5,0.80,,0
2026-04-20 13:05:53,2908,LOCAL,0.00,196.79,0.00,196.86,5,0.92,,0
2026-04-20 13:05:53,2909,LOCAL,0.00,163.97,0.00,164.03,5,1.05,,0
2026-04-20 13:05:53,2910,LOCAL,0.00,162.49,0.00,162.55,5,1.28,,0
2026-04-20 13:05:53,2911,LOCAL,0.00,166.42,0.00,166.49,5,1.53,,0
2026-04-20 13:05:53,2912,LOCAL,0.00,178.78,0.00,178.85,5,1.88,,0
2026-04-20 13:05:54,2913,LOCAL,0.00,162.45,0.00,162.51,5,2.56,,0
2026-04-20 13:05:54,2914,LOCAL,0.00,173.14,0.00,173.20,5,5.15,,0
2026-04-20 13:05:54,2915,LOCAL,0.00,172.07,0.00,172.13,5,5.19,,0
2026-04-20 13:05:54,2916,LOCAL,0.00,197.84,0.00,197.89,5,5.19,,0
2026-04-20 13:05:54,2917,LOCAL,0.00,161.88,0.00,161.94,5,5.22,,0
2026-04-20 13:05:54,2918,LOCAL,0.00,186.94,0.00,187.00,5,5.19,,0
2026-04-20 13:05:55,2919,LOCAL,0.00,169.16,0.00,169.21,5,5.20,,0
2026-04-20 13:05:55,2920,LOCAL,0.00,168.27,0.00,168.33,5,5.21,,0
2026-04-20 13:05:55,2921,LOCAL,0.00,184.67,0.00,184.74,5,5.23,,0
2026-04-20 13:05:55,2922,LOCAL,0.00,173.53,0.00,173.60,5,5.24,,0
2026-04-20 13:05:55,2923,LOCAL,0.00,164.64,0.00,164.70,5,5.26,,0
2026-04-20 13:05:56,2924,LOCAL,0.00,230.87,0.00,231.06,5,5.22,,0
2026-04-20 13:05:56,2925,LOCAL,0.00,164.95,0.00,165.04,5,5.27,,0
2026-04-20 13:05:56,2926,LOCAL,0.00,178.47,0.00,178.53,5,5.28,,0
2026-04-20 13:05:56,2927,LOCAL,0.00,190.94,0.00,190.99,5,5.29,,0
2026-04-20 13:05:56,2928,LOCAL,0.00,165.67,0.00,165.74,5,5.31,CLOUD,1
2026-04-20 13:05:57,2929,LOCAL,0.00,187.65,0.00,187.71,5,5.31,CLOUD,1
2026-04-20 13:05:57,2930,LOCAL,0.00,204.24,0.00,204.37,5,5.28,CLOUD,1
2026-04-20 13:05:57,2931,LOCAL,0.00,187.73,0.00,187.79,5,5.29,CLOUD,1
2026-04-20 13:05:57,2932,LOCAL,0.00,169.52,0.00,169.60,5,5.27,CLOUD,1
2026-04-20 13:05:57,2933,LOCAL,0.00,186.80,0.00,186.86,5,5.26,CLOUD,1
2026-04-20 13:05:58,2934,LOCAL,0.00,174.53,0.00,174.59,5,5.27,CLOUD,1
2026-04-20 13:05:58,2935,LOCAL,0.00,170.36,0.00,170.41,5,5.28,CLOUD,1
2026-04-20 13:05:58,2936,LOCAL,0.00,165.76,0.00,165.84,5,5.38,CLOUD,1
2026-04-20 13:05:58,2937,LOCAL,0.00,193.01,0.00,193.09,5,5.35,CLOUD,1
2026-04-20 13:05:58,2938,LOCAL,0.00,193.66,0.00,193.74,5,5.33,CLOUD,1
2026-04-20 13:05:58,2939,LOCAL,0.00,160.11,0.00,160.17,5,5.34,CLOUD,2
2026-04-20 13:05:59,2940,LOCAL,0.00,174.74,0.00,174.81,5,5.32,CLOUD,2
2026-04-20 13:05:59,2941,LOCAL,0.00,229.12,0.00,229.26,5,5.27,CLOUD,2
2026-04-20 13:05:59,2942,LOCAL,0.00,199.74,0.00,199.83,5,5.23,CLOUD,2
2026-04-20 13:05:59,2943,LOCAL,0.00,173.51,0.00,173.60,5,5.23,CLOUD,2
2026-04-20 13:05:59,2944,LOCAL,0.00,188.55,0.00,188.61,5,5.23,CLOUD,2
2026-04-20 13:06:00,2945,LOCAL,0.00,175.64,0.00,175.70,5,5.24,CLOUD,2
2026-04-20 13:06:00,2946,LOCAL,0.00,171.53,0.00,171.59,5,5.22,CLOUD,2
2026-04-20 13:06:00,2947,LOCAL,0.00,164.13,0.00,164.20,5,5.25,CLOUD,2
2026-04-20 13:06:00,2948,LOCAL,0.00,170.56,0.00,170.62,5,5.23,CLOUD,2
2026-04-20 13:06:00,2949,LOCAL,0.00,184.23,0.00,184.29,5,5.22,,0
2026-04-20 13:06:01,2950,LOCAL,0.00,248.30,0.00,248.39,5,5.16,,0
2026-04-20 13:06:01,2951,CLOUD,25.81,3777.13,127.04,3930.31,6,3.09,,0
2026-04-20 13:06:05,2952,CLOUD,37.35,3642.64,113.52,3793.80,6,2.23,,0
2026-04-20 13:06:09,2953,CLOUD,25.43,3577.82,98.80,3702.40,6,1.76,,0
2026-04-20 13:06:12,2954,CLOUD,23.34,5826.00,96.75,5946.41,6,1.30,,0
2026-04-20 13:06:18,2955,CLOUD,25.63,4078.67,92.56,4197.27,6,1.10,LOCAL,1
2026-04-20 13:06:22,2956,LOCAL,0.00,254.76,0.00,264.52,5,1.10,,0
2026-04-20 13:06:23,2957,LOCAL,0.00,229.10,0.00,229.16,5,1.10,,0
2026-04-20 13:06:23,2958,LOCAL,0.00,196.89,0.00,196.95,5,1.10,,0
2026-04-20 13:06:23,2959,LOCAL,0.00,204.63,0.00,204.70,5,1.10,,0
2026-04-20 13:06:23,2960,LOCAL,0.00,186.45,0.00,186.51,5,1.10,,0
2026-04-20 13:06:24,2961,LOCAL,0.00,171.03,0.00,171.09,5,1.10,,0
2026-04-20 13:06:24,2962,LOCAL,0.00,169.46,0.00,169.53,5,1.10,,0
2026-04-20 13:06:24,2963,LOCAL,0.00,252.31,0.00,252.45,5,1.09,,0
2026-04-20 13:06:24,2964,LOCAL,0.00,193.62,0.00,193.70,5,1.09,,0
2026-04-20 13:06:24,2965,LOCAL,0.00,167.48,0.00,167.54,5,1.09,,0
2026-04-20 13:06:25,2966,LOCAL,0.00,168.25,0.00,168.32,5,1.09,,0
2026-04-20 13:06:25,2967,LOCAL,0.00,164.63,0.00,164.71,5,1.10,,0
2026-04-20 13:06:25,2968,LOCAL,0.00,184.84,0.00,184.91,5,1.09,,0
2026-04-20 13:06:25,2969,LOCAL,0.00,188.54,0.00,188.61,5,1.09,,0
2026-04-20 13:06:25,2970,LOCAL,0.00,178.62,0.00,178.72,5,1.10,,0
2026-04-20 13:06:26,2971,LOCAL,0.00,178.29,0.00,178.34,5,1.10,,0
2026-04-20 13:06:26,2972,LOCAL,0.00,179.80,0.00,179.86,5,1.10,CLOUD,1
2026-04-20 13:06:26,2973,LOCAL,0.00,164.11,0.00,164.18,5,1.10,CLOUD,1
2026-04-20 13:06:26,2974,LOCAL,0.00,168.39,0.00,168.45,5,1.10,CLOUD,1
2026-04-20 13:06:26,2975,LOCAL,0.00,177.00,0.00,177.06,5,1.10,CLOUD,1
2026-04-20 13:06:26,2976,LOCAL,0.00,183.55,0.00,183.62,5,1.10,CLOUD,1
2026-04-20 13:06:27,2977,LOCAL,0.00,134.56,0.00,134.62,5,1.10,CLOUD,1
2026-04-20 13:06:27,2978,LOCAL,0.00,170.48,0.00,170.56,5,1.10,CLOUD,1
2026-04-20 13:06:27,2979,LOCAL,0.00,192.22,0.00,192.28,5,1.10,CLOUD,1
2026-04-20 13:06:27,2980,LOCAL,0.00,228.15,0.00,228.28,5,1.28,CLOUD,1
2026-04-20 13:06:27,2981,LOCAL,0.00,165.18,0.00,165.26,5,1.53,CLOUD,1
2026-04-20 13:06:28,2982,LOCAL,0.00,175.76,0.00,175.82,5,1.87,,0
2026-04-20 13:06:28,2983,LOCAL,0.00,153.09,0.00,153.16,5,3.00,,0
2026-04-20 13:06:28,2984,LOCAL,0.00,154.34,0.00,154.52,5,5.15,,0
2026-04-20 13:06:28,2985,LOCAL,0.00,171.41,0.00,171.47,5,5.22,,0
2026-04-20 13:06:28,2986,LOCAL,0.00,184.11,0.00,184.17,5,5.30,,0
2026-04-20 13:06:28,2987,LOCAL,0.00,199.93,0.00,200.00,5,5.30,,0
2026-04-20 13:06:29,2988,LOCAL,0.00,200.75,0.00,200.81,5,5.29,,0
2026-04-20 13:06:29,2989,LOCAL,0.00,184.28,0.00,184.34,5,5.28,,0
2026-04-20 13:06:29,2990,LOCAL,0.00,179.23,0.00,179.36,5,5.29,,0
2026-04-20 13:06:29,2991,LOCAL,0.00,215.53,0.00,215.58,5,5.22,,0
2026-04-20 13:06:29,2992,LOCAL,0.00,158.74,0.00,158.81,5,5.32,,0
2026-04-20 13:06:30,2993,LOCAL,0.00,207.54,0.00,207.63,5,5.31,,0
2026-04-20 13:06:30,2994,LOCAL,0.00,161.55,0.00,161.64,5,5.32,,0
2026-04-20 13:06:30,2995,LOCAL,0.00,184.37,0.00,184.44,5,5.29,,0
2026-04-20 13:06:30,2996,LOCAL,0.00,182.24,0.00,182.30,5,5.26,,0
2026-04-20 13:06:31,2997,LOCAL,0.00,192.51,0.00,192.58,5,5.15,,0
2026-04-20 13:06:31,2998,LOCAL,0.00,173.73,0.00,173.82,5,5.16,,0
2026-04-20 13:06:31,2999,LOCAL,0.00,168.84,0.00,168.90,5,5.15,,0
2026-04-20 13:06:31,3000,LOCAL,0.00,180.85,0.00,180.93,5,5.15,,0
2026-04-20 13:06:31,3001,LOCAL,0.00,160.72,0.00,160.80,5,5.16,,0
2026-04-20 13:06:32,3002,LOCAL,0.00,151.58,0.00,151.66,5,5.16,,0
2026-04-20 13:06:32,3003,LOCAL,0.00,178.58,0.00,178.64,5,5.15,,0
2026-04-20 13:06:32,3004,LOCAL,0.00,176.25,0.00,176.31,5,5.15,,0
2026-04-20 13:06:32,3005,LOCAL,0.00,196.60,0.00,196.66,5,5.15,,0
2026-04-20 13:06:32,3006,LOCAL,0.00,186.86,0.00,186.93,5,5.10,,0
2026-04-20 13:06:32,3007,LOCAL,0.00,181.68,0.00,181.78,5,5.08,,0
2026-04-20 13:06:33,3008,LOCAL,0.00,170.72,0.00,170.78,5,5.12,,0
2026-04-20 13:06:33,3009,LOCAL,0.00,224.75,0.00,224.81,5,5.14,,0
2026-04-20 13:06:33,3010,LOCAL,0.00,186.93,0.00,186.99,5,5.11,,0
2026-04-20 13:06:33,3011,LOCAL,0.00,210.81,0.00,210.91,5,5.08,,0
2026-04-20 13:06:33,3012,LOCAL,0.00,177.33,0.00,177.43,5,5.06,,0
2026-04-20 13:06:34,3013,LOCAL,0.00,197.36,0.00,197.43,5,4.95,,0
2026-04-20 13:06:34,3014,LOCAL,0.00,179.99,0.00,180.05,5,4.95,,0
2026-04-20 13:06:34,3015,LOCAL,0.00,195.95,0.00,196.01,5,4.94,,0
2026-04-20 13:06:34,3016,LOCAL,0.00,197.42,0.00,197.48,5,4.95,,0
2026-04-20 13:06:35,3017,LOCAL,0.00,180.88,0.00,180.94,5,4.98,,0
2026-04-20 13:06:35,3018,LOCAL,0.00,180.55,0.00,180.61,5,4.99,,0
2026-04-20 13:06:35,3019,LOCAL,0.00,188.67,0.00,188.73,5,4.98,,0
2026-04-20 13:06:35,3020,LOCAL,0.00,171.55,0.00,171.61,5,5.04,,0
2026-04-20 13:06:35,3021,LOCAL,0.00,150.01,0.00,150.07,5,5.05,,0
2026-04-20 13:06:35,3022,LOCAL,0.00,169.24,0.00,169.31,5,5.09,,0
2026-04-20 13:06:36,3023,LOCAL,0.00,163.14,0.00,163.20,5,5.09,,0
2026-04-20 13:06:36,3024,LOCAL,0.00,163.39,0.00,163.45,5,5.13,CLOUD,1
2026-04-20 13:06:36,3025,LOCAL,0.00,140.62,0.00,140.68,5,5.16,CLOUD,1
2026-04-20 13:06:36,3026,LOCAL,0.00,160.23,0.00,160.29,5,5.31,CLOUD,1
2026-04-20 13:06:36,3027,LOCAL,0.00,162.22,0.00,162.28,5,5.32,CLOUD,1
2026-04-20 13:06:36,3028,LOCAL,0.00,159.85,0.00,159.91,5,5.33,CLOUD,1
2026-04-20 13:06:37,3029,LOCAL,0.00,175.64,0.00,175.70,5,5.33,CLOUD,1
2026-04-20 13:06:37,3030,LOCAL,0.00,170.54,0.00,170.60,5,5.33,CLOUD,1
2026-04-20 13:06:37,3031,LOCAL,0.00,190.33,0.00,190.39,5,5.27,CLOUD,1
2026-04-20 13:06:37,3032,LOCAL,0.00,232.13,0.00,232.26,5,5.23,CLOUD,1
2026-04-20 13:06:37,3033,LOCAL,0.00,178.17,0.00,178.24,5,5.23,CLOUD,1
2026-04-20 13:06:38,3034,LOCAL,0.00,179.34,0.00,179.42,5,5.24,CLOUD,1
2026-04-20 13:06:38,3035,LOCAL,0.00,183.75,0.00,183.85,5,5.25,,0
2026-04-20 13:06:38,3036,LOCAL,0.00,172.76,0.00,172.82,5,5.27,,0
2026-04-20 13:06:38,3037,LOCAL,0.00,133.89,0.00,133.95,5,5.30,,0
2026-04-20 13:06:38,3038,LOCAL,0.00,169.41,0.00,169.47,5,5.36,,0
2026-04-20 13:06:38,3039,LOCAL,0.00,178.32,0.00,178.38,5,5.38,,0
2026-04-20 13:06:39,3040,LOCAL,0.00,171.32,0.00,171.38,5,5.42,,0
2026-04-20 13:06:39,3041,LOCAL,0.00,175.15,0.00,175.21,5,5.42,,0
2026-04-20 13:06:39,3042,LOCAL,0.00,161.93,0.00,162.01,5,5.56,,0
2026-04-20 13:06:39,3043,LOCAL,0.00,180.90,0.00,180.96,5,5.56,,0
2026-04-20 13:06:39,3044,LOCAL,0.00,174.31,0.00,174.39,5,5.58,,0
2026-04-20 13:06:40,3045,LOCAL,0.00,166.00,0.00,166.06,5,5.62,,0
2026-04-20 13:06:40,3046,LOCAL,0.00,188.29,0.00,188.35,5,5.61,,0
2026-04-20 13:06:40,3047,LOCAL,0.00,163.29,0.00,163.35,5,5.62,,0
2026-04-20 13:06:40,3048,LOCAL,0.00,177.57,0.00,177.63,5,5.63,,0
2026-04-20 13:06:40,3049,LOCAL,0.00,171.57,0.00,171.63,5,5.63,,0
2026-04-20 13:06:40,3050,LOCAL,0.00,239.57,0.00,239.69,5,5.53,,0
2026-04-20 13:06:41,3051,LOCAL,0.00,197.59,0.00,197.65,5,5.48,,0
2026-04-20 13:06:41,3052,LOCAL,0.00,160.92,0.00,160.97,5,5.50,,0
2026-04-20 13:06:41,3053,LOCAL,0.00,167.80,0.00,167.86,5,5.49,,0
2026-04-20 13:06:41,3054,LOCAL,0.00,173.34,0.00,173.39,5,5.47,,0
2026-04-20 13:06:41,3055,LOCAL,0.00,164.64,0.00,164.70,5,5.47,,0
2026-04-20 13:06:42,3056,LOCAL,0.00,136.75,0.00,136.81,5,5.50,,0
2026-04-20 13:06:42,3057,LOCAL,0.00,154.46,0.00,154.52,5,5.51,CLOUD,1
2026-04-20 13:06:42,3058,LOCAL,0.00,163.39,0.00,163.45,5,5.52,CLOUD,1
2026-04-20 13:06:42,3059,LOCAL,0.00,171.50,0.00,171.57,5,5.52,CLOUD,1
2026-04-20 13:06:42,3060,LOCAL,0.00,186.34,0.00,186.42,5,5.54,CLOUD,1
2026-04-20 13:06:42,3061,LOCAL,0.00,175.98,0.00,176.04,5,5.59,CLOUD,1
2026-04-20 13:06:43,3062,LOCAL,0.00,183.49,0.00,183.61,5,5.58,CLOUD,1
2026-04-20 13:06:43,3063,LOCAL,0.00,138.46,0.00,138.56,5,5.64,CLOUD,1
2026-04-20 13:06:43,3064,LOCAL,0.00,175.19,0.00,175.27,5,5.63,CLOUD,1
2026-04-20 13:06:43,3065,LOCAL,0.00,162.76,0.00,162.82,5,5.64,CLOUD,1
2026-04-20 13:06:43,3066,LOCAL,0.00,144.16,0.00,144.23,5,5.63,CLOUD,1
2026-04-20 13:06:43,3067,LOCAL,0.00,178.98,0.00,179.07,5,5.61,CLOUD,1
2026-04-20 13:06:44,3068,LOCAL,0.00,172.54,0.00,172.60,5,5.61,CLOUD,1
2026-04-20 13:06:44,3069,LOCAL,0.00,173.12,0.00,173.18,5,5.60,CLOUD,2
2026-04-20 13:06:44,3070,LOCAL,0.00,123.17,0.00,123.23,5,5.65,CLOUD,2
2026-04-20 13:06:44,3071,LOCAL,0.00,143.47,0.00,143.54,5,5.68,CLOUD,2
2026-04-20 13:06:44,3072,LOCAL,0.00,167.66,0.00,167.72,5,5.69,CLOUD,2
2026-04-20 13:06:44,3073,LOCAL,0.00,178.90,0.00,178.96,5,5.68,CLOUD,2
2026-04-20 13:06:45,3074,LOCAL,0.00,148.00,0.00,148.06,5,5.69,CLOUD,2
2026-04-20 13:06:45,3075,LOCAL,0.00,181.27,0.00,181.35,5,5.57,CLOUD,2
2026-04-20 13:06:45,3076,LOCAL,0.00,148.72,0.00,148.80,5,5.59,CLOUD,2
2026-04-20 13:06:45,3077,LOCAL,0.00,158.83,0.00,158.89,5,5.61,CLOUD,2
2026-04-20 13:06:45,3078,LOCAL,0.00,177.02,0.00,177.10,5,5.61,CLOUD,2
2026-04-20 13:06:46,3079,LOCAL,0.00,257.02,0.00,257.10,5,5.60,CLOUD,2
2026-04-20 13:06:46,3080,CLOUD,25.67,4719.16,96.89,4842.01,6,2.95,,0
2026-04-20 13:06:51,3081,CLOUD,23.00,3259.21,106.58,3389.13,6,2.22,LOCAL,1
2026-04-20 13:06:54,3082,CLOUD,21.85,3343.15,86.37,3451.66,6,1.78,,0
2026-04-20 13:06:58,3083,CLOUD,25.62,3535.66,112.95,3674.63,6,1.46,LOCAL,1
2026-04-20 13:07:01,3084,CLOUD,41.34,3185.98,96.99,3324.64,6,1.26,,0
2026-04-20 13:07:05,3085,CLOUD,30.47,6205.99,97.42,6334.24,6,0.99,,0
2026-04-20 13:07:11,3086,CLOUD,13.73,3903.91,189.23,4107.26,6,0.87,LOCAL,1
2026-04-20 13:07:15,3087,LOCAL,0.00,242.70,0.00,242.77,5,0.87,,0
2026-04-20 13:07:15,3088,LOCAL,0.00,183.67,0.00,183.74,5,0.87,,0
2026-04-20 13:07:15,3089,LOCAL,0.00,201.74,0.00,201.80,5,0.87,,0
2026-04-20 13:07:16,3090,LOCAL,0.00,188.60,0.00,188.71,5,0.87,,0
2026-04-20 13:07:16,3091,LOCAL,0.00,217.70,0.00,217.78,5,0.87,,0
2026-04-20 13:07:16,3092,LOCAL,0.00,199.68,0.00,199.75,5,0.87,,0
2026-04-20 13:07:16,3093,LOCAL,0.00,188.87,0.00,188.93,5,0.87,,0
2026-04-20 13:07:17,3094,LOCAL,0.00,160.84,0.00,160.93,5,0.87,,0
2026-04-20 13:07:17,3095,LOCAL,0.00,132.40,0.00,132.45,5,0.87,,0
2026-04-20 13:07:17,3096,LOCAL,0.00,183.79,0.00,183.84,5,0.87,,0
2026-04-20 13:07:17,3097,LOCAL,0.00,197.48,0.00,197.54,5,0.87,CLOUD,1
2026-04-20 13:07:17,3098,LOCAL,0.00,186.24,0.00,186.30,5,0.86,CLOUD,1
2026-04-20 13:07:18,3099,LOCAL,0.00,175.53,0.00,175.60,5,0.86,CLOUD,1
2026-04-20 13:07:18,3100,LOCAL,0.00,171.95,0.00,172.01,5,0.86,CLOUD,1
2026-04-20 13:07:18,3101,LOCAL,0.00,187.66,0.00,187.73,5,0.86,CLOUD,1
2026-04-20 13:07:18,3102,LOCAL,0.00,165.75,0.00,165.82,5,0.86,CLOUD,1
2026-04-20 13:07:18,3103,LOCAL,0.00,152.20,0.00,152.26,5,0.86,CLOUD,1
2026-04-20 13:07:18,3104,LOCAL,0.00,176.95,0.00,177.03,5,0.86,CLOUD,1
2026-04-20 13:07:19,3105,LOCAL,0.00,174.33,0.00,174.39,5,0.86,CLOUD,1
2026-04-20 13:07:19,3106,LOCAL,0.00,172.09,0.00,172.15,5,0.86,CLOUD,1
2026-04-20 13:07:19,3107,LOCAL,0.00,198.22,0.00,198.28,5,0.86,CLOUD,1
2026-04-20 13:07:19,3108,LOCAL,0.00,163.25,0.00,163.31,5,0.87,CLOUD,2
2026-04-20 13:07:19,3109,LOCAL,0.00,181.49,0.00,181.55,5,1.01,CLOUD,2
2026-04-20 13:07:20,3110,LOCAL,0.00,176.33,0.00,176.43,5,1.13,CLOUD,2
2026-04-20 13:07:20,3111,LOCAL,0.00,179.53,0.00,189.09,5,1.29,CLOUD,2
2026-04-20 13:07:20,3112,LOCAL,0.00,163.97,0.00,170.10,5,1.53,CLOUD,2
2026-04-20 13:07:20,3113,LOCAL,0.00,170.03,0.00,170.09,5,1.83,CLOUD,2
2026-04-20 13:07:20,3114,LOCAL,0.00,188.21,0.00,188.27,5,2.99,CLOUD,2
2026-04-20 13:07:21,3115,LOCAL,0.00,192.24,0.00,192.30,5,5.02,CLOUD,2
2026-04-20 13:07:21,3116,LOCAL,0.00,182.19,0.00,182.24,5,5.08,CLOUD,2
2026-04-20 13:07:21,3117,LOCAL,0.00,132.93,0.00,132.99,5,5.13,CLOUD,2
2026-04-20 13:07:21,3118,LOCAL,0.00,239.09,0.00,239.18,5,5.09,,0
2026-04-20 13:07:21,3119,CLOUD,25.50,3926.12,98.23,4056.74,6,3.03,,0
2026-04-20 13:07:25,3120,CLOUD,27.17,3567.31,99.22,3694.01,6,2.22,LOCAL,2
2026-04-20 13:07:29,3121,CLOUD,28.67,3657.07,102.97,3789.21,6,1.75,,0
2026-04-20 13:07:33,3122,CLOUD,23.34,3541.77,108.23,3673.74,6,1.44,,0
2026-04-20 13:07:37,3123,CLOUD,29.42,3307.00,120.54,3457.31,6,1.24,,0
2026-04-20 13:07:40,3124,CLOUD,40.01,3530.40,90.90,3661.59,6,1.08,,0
2026-04-20 13:07:44,3125,CLOUD,36.36,3827.92,109.62,3974.26,6,0.95,,0
2026-04-20 13:07:48,3126,CLOUD,27.00,4795.61,91.08,4913.99,6,0.82,,0
2026-04-20 13:07:53,3127,CLOUD,45.58,4593.77,88.02,4727.71,6,0.73,,0
2026-04-20 13:07:57,3128,CLOUD,25.32,4983.68,162.26,5171.66,6,0.65,LOCAL,1
2026-04-20 13:08:03,3129,LOCAL,0.00,260.93,0.00,261.03,5,0.65,CLOUD,1
2026-04-20 13:08:03,3130,LOCAL,0.00,201.31,0.00,201.39,5,0.65,CLOUD,1
2026-04-20 13:08:03,3131,LOCAL,0.00,188.69,0.00,188.75,5,0.65,CLOUD,1
2026-04-20 13:08:03,3132,LOCAL,0.00,217.13,0.00,217.20,5,0.64,CLOUD,1
2026-04-20 13:08:03,3133,LOCAL,0.00,180.31,0.00,180.37,5,0.64,CLOUD,1
2026-04-20 13:08:04,3134,LOCAL,0.00,190.23,0.00,190.29,5,0.64,CLOUD,1
2026-04-20 13:08:04,3135,LOCAL,0.00,184.27,0.00,184.34,5,0.64,CLOUD,1
2026-04-20 13:08:04,3136,LOCAL,0.00,182.88,0.00,182.95,5,0.64,CLOUD,1
2026-04-20 13:08:04,3137,LOCAL,0.00,179.28,0.00,179.35,5,0.64,CLOUD,2
2026-04-20 13:08:04,3138,LOCAL,0.00,195.25,0.00,195.31,5,0.64,CLOUD,2
2026-04-20 13:08:05,3139,LOCAL,0.00,163.18,0.00,163.24,5,0.64,CLOUD,2
2026-04-20 13:08:05,3140,LOCAL,0.00,182.40,0.00,182.45,5,0.65,CLOUD,2
2026-04-20 13:08:05,3141,LOCAL,0.00,164.87,0.00,164.92,5,0.65,CLOUD,2
2026-04-20 13:08:05,3142,LOCAL,0.00,170.17,0.00,170.23,5,0.65,CLOUD,2
2026-04-20 13:08:05,3143,LOCAL,0.00,176.57,0.00,176.65,5,0.65,CLOUD,2
2026-04-20 13:08:06,3144,LOCAL,0.00,265.12,0.00,265.26,5,0.64,CLOUD,2
2026-04-20 13:08:06,3145,LOCAL,0.00,158.62,0.00,158.69,5,0.64,CLOUD,2
2026-04-20 13:08:06,3146,LOCAL,0.00,178.06,0.00,178.12,5,0.64,CLOUD,2
2026-04-20 13:08:06,3147,LOCAL,0.00,194.92,0.00,194.99,5,0.64,CLOUD,2
2026-04-20 13:08:06,3148,LOCAL,0.00,157.24,0.00,157.33,5,0.70,,0
2026-04-20 13:08:07,3149,CLOUD,13.65,4807.73,101.25,4923.00,6,0.68,,0
2026-04-20 13:08:12,3150,CLOUD,13.32,3409.35,96.73,3519.70,6,0.69,LOCAL,1
2026-04-20 13:08:15,3151,LOCAL,0.00,320.63,0.00,320.77,5,0.75,,0
2026-04-20 13:08:15,3152,LOCAL,0.00,219.41,0.00,219.48,5,0.81,,0
2026-04-20 13:08:16,3153,LOCAL,0.00,200.71,0.00,200.77,5,0.90,,0
2026-04-20 13:08:16,3154,LOCAL,0.00,139.41,0.00,139.46,5,1.02,,0
2026-04-20 13:08:16,3155,LOCAL,0.00,182.68,0.00,182.75,5,1.23,,0
2026-04-20 13:08:16,3156,LOCAL,0.00,201.63,0.00,201.69,5,1.52,,0
2026-04-20 13:08:16,3157,LOCAL,0.00,201.04,0.00,201.10,5,2.06,,0
2026-04-20 13:08:17,3158,LOCAL,0.00,196.67,0.00,196.73,5,2.07,,0
2026-04-20 13:08:17,3159,LOCAL,0.00,179.39,0.00,179.45,5,2.07,CLOUD,1
2026-04-20 13:08:17,3160,LOCAL,0.00,172.32,0.00,172.39,5,2.07,CLOUD,1
2026-04-20 13:08:17,3161,LOCAL,0.00,152.21,0.00,152.28,5,2.09,CLOUD,1
2026-04-20 13:08:17,3162,LOCAL,0.00,150.83,0.00,150.90,5,2.09,CLOUD,1
2026-04-20 13:08:18,3163,LOCAL,0.00,189.00,0.00,189.07,5,2.09,CLOUD,1
2026-04-20 13:08:18,3164,LOCAL,0.00,171.15,0.00,171.22,5,2.10,CLOUD,1
2026-04-20 13:08:18,3165,LOCAL,0.00,181.64,0.00,181.70,5,2.09,CLOUD,1
2026-04-20 13:08:18,3166,LOCAL,0.00,141.72,0.00,141.78,5,2.10,CLOUD,1
2026-04-20 13:08:18,3167,LOCAL,0.00,186.44,0.00,186.50,5,2.10,CLOUD,1
2026-04-20 13:08:18,3168,LOCAL,0.00,165.90,0.00,165.97,5,2.10,CLOUD,1
2026-04-20 13:08:19,3169,LOCAL,0.00,179.54,0.00,179.60,5,2.10,CLOUD,1
2026-04-20 13:08:19,3170,LOCAL,0.00,180.71,0.00,180.78,5,2.08,CLOUD,2
2026-04-20 13:08:19,3171,LOCAL,0.00,187.55,0.00,187.62,5,2.08,CLOUD,2
2026-04-20 13:08:19,3172,LOCAL,0.00,187.43,0.00,187.53,5,2.08,CLOUD,2
2026-04-20 13:08:19,3173,LOCAL,0.00,170.45,0.00,170.52,5,2.10,CLOUD,2
2026-04-20 13:08:20,3174,LOCAL,0.00,189.09,0.00,189.15,5,2.09,CLOUD,2
2026-04-20 13:08:20,3175,LOCAL,0.00,182.60,0.00,182.67,5,2.09,CLOUD,2
2026-04-20 13:08:20,3176,LOCAL,0.00,198.60,0.00,198.66,5,2.09,CLOUD,2
2026-04-20 13:08:20,3177,LOCAL,0.00,170.05,0.00,170.11,5,2.11,CLOUD,2
2026-04-20 13:08:20,3178,LOCAL,0.00,214.12,0.00,214.19,5,3.20,CLOUD,2
2026-04-20 13:08:21,3179,LOCAL,0.00,183.57,0.00,183.62,5,5.06,CLOUD,2
2026-04-20 13:08:21,3180,LOCAL,0.00,204.43,0.00,204.49,5,5.17,,0
2026-04-20 13:08:21,3181,LOCAL,0.00,205.31,0.00,205.37,5,5.19,,0
2026-04-20 13:08:21,3182,LOCAL,0.00,179.09,0.00,179.16,5,5.21,,0
2026-04-20 13:08:21,3183,LOCAL,0.00,156.75,0.00,156.82,5,5.19,,0
2026-04-20 13:08:22,3184,LOCAL,0.00,146.99,0.00,147.06,5,5.22,,0
2026-04-20 13:08:22,3185,LOCAL,0.00,182.92,0.00,182.98,5,5.24,,0
2026-04-20 13:08:22,3186,LOCAL,0.00,300.77,0.00,300.90,5,5.15,,0
2026-04-20 13:08:22,3187,LOCAL,0.00,190.96,0.00,191.03,5,5.15,,0
2026-04-20 13:08:22,3188,LOCAL,0.00,164.89,0.00,164.95,5,5.18,,0
2026-04-20 13:08:23,3189,LOCAL,0.00,192.32,0.00,192.39,5,5.16,,0
2026-04-20 13:08:23,3190,LOCAL,0.00,203.62,0.00,203.69,5,5.12,CLOUD,1
2026-04-20 13:08:23,3191,LOCAL,0.00,183.96,0.00,184.02,5,5.08,CLOUD,1
2026-04-20 13:08:23,3192,LOCAL,0.00,196.16,0.00,196.23,5,5.07,CLOUD,1
2026-04-20 13:08:23,3193,LOCAL,0.00,181.88,0.00,181.94,5,5.06,CLOUD,1
2026-04-20 13:08:24,3194,LOCAL,0.00,193.34,0.00,193.41,5,5.06,CLOUD,1
2026-04-20 13:08:24,3195,LOCAL,0.00,195.69,0.00,195.77,5,5.02,CLOUD,1
2026-04-20 13:08:24,3196,LOCAL,0.00,174.12,0.00,174.19,5,5.03,CLOUD,1
2026-04-20 13:08:24,3197,LOCAL,0.00,165.90,0.00,165.96,5,5.03,CLOUD,1
2026-04-20 13:08:24,3198,LOCAL,0.00,181.33,0.00,181.39,5,5.03,CLOUD,1
2026-04-20 13:08:25,3199,LOCAL,0.00,194.05,0.00,194.11,5,5.11,CLOUD,1
2026-04-20 13:08:25,3200,LOCAL,0.00,143.24,0.00,143.31,5,5.14,CLOUD,2
2026-04-20 13:08:25,3201,LOCAL,0.00,174.27,0.00,174.34,5,5.15,CLOUD,2
2026-04-20 13:08:25,3202,LOCAL,0.00,163.51,0.00,163.60,5,5.16,CLOUD,2
2026-04-20 13:08:25,3203,LOCAL,0.00,292.55,0.00,292.67,5,5.07,CLOUD,2
2026-04-20 13:08:26,3204,LOCAL,0.00,203.57,0.00,203.63,5,5.05,CLOUD,2
2026-04-20 13:08:26,3205,LOCAL,0.00,206.18,0.00,206.23,5,5.05,CLOUD,2
2026-04-20 13:08:26,3206,LOCAL,0.00,212.08,0.00,212.14,5,5.02,CLOUD,2
2026-04-20 13:08:26,3207,LOCAL,0.00,234.43,0.00,234.49,5,5.01,CLOUD,2
2026-04-20 13:08:26,3208,LOCAL,0.00,163.42,0.00,163.48,5,5.04,CLOUD,2
2026-04-20 13:08:27,3209,LOCAL,0.00,170.65,0.00,170.71,5,5.07,CLOUD,2
2026-04-20 13:08:27,3210,LOCAL,0.00,171.57,0.00,171.63,5,5.09,,0
2026-04-20 13:08:27,3211,LOCAL,0.00,256.91,0.00,257.05,5,5.00,,0
2026-04-20 13:08:27,3212,CLOUD,26.05,3925.98,110.90,4063.23,6,2.99,,0
2026-04-20 13:08:31,3213,CLOUD,30.61,3706.83,100.55,3838.33,6,2.17,,0
2026-04-20 13:08:35,3214,CLOUD,23.25,3763.06,106.50,3893.11,6,1.69,,0
2026-04-20 13:08:39,3215,CLOUD,29.12,3452.27,91.33,3573.07,6,1.42,,0
2026-04-20 13:08:43,3216,CLOUD,29.63,3579.07,87.81,3696.85,6,1.21,LOCAL,1
2026-04-20 13:08:46,3217,CLOUD,28.67,3608.05,93.44,3730.52,6,1.06,,0
2026-04-20 13:08:50,3218,CLOUD,31.25,4052.06,103.53,4187.15,6,0.92,,0
2026-04-20 13:08:54,3219,CLOUD,13.74,4015.79,99.70,4129.59,6,0.82,LOCAL,1
2026-04-20 13:08:58,3220,LOCAL,0.00,249.59,0.00,249.66,5,0.82,,0
2026-04-20 13:08:59,3221,LOCAL,0.00,192.87,0.00,192.94,5,0.82,,0
2026-04-20 13:08:59,3222,LOCAL,0.00,176.12,0.00,176.18,5,0.82,,0
2026-04-20 13:08:59,3223,LOCAL,0.00,177.99,0.00,178.06,5,0.82,,0
2026-04-20 13:08:59,3224,LOCAL,0.00,179.51,0.00,179.57,5,0.82,,0
2026-04-20 13:08:59,3225,LOCAL,0.00,165.42,0.00,165.48,5,0.82,,0
2026-04-20 13:09:00,3226,LOCAL,0.00,168.93,0.00,169.00,5,0.82,,0
2026-04-20 13:09:00,3227,LOCAL,0.00,255.49,0.00,255.62,5,0.82,,0
2026-04-20 13:09:00,3228,LOCAL,0.00,183.48,0.00,183.55,5,0.82,,0
2026-04-20 13:09:00,3229,LOCAL,0.00,172.96,0.00,173.03,5,0.82,,0
2026-04-20 13:09:00,3230,LOCAL,0.00,167.43,0.00,167.50,5,0.82,,0
2026-04-20 13:09:01,3231,LOCAL,0.00,188.22,0.00,188.28,5,0.82,,0
2026-04-20 13:09:01,3232,LOCAL,0.00,139.39,0.00,139.45,5,0.82,,0
2026-04-20 13:09:01,3233,LOCAL,0.00,128.74,0.00,128.80,5,0.82,,0
2026-04-20 13:09:01,3234,LOCAL,0.00,155.24,0.00,155.44,5,0.82,CLOUD,1
2026-04-20 13:09:01,3235,LOCAL,0.00,180.89,0.00,180.96,5,0.82,CLOUD,1
2026-04-20 13:09:01,3236,LOCAL,0.00,159.45,0.00,159.53,5,0.82,CLOUD,1
2026-04-20 13:09:02,3237,LOCAL,0.00,190.74,0.00,190.80,5,0.82,CLOUD,1
2026-04-20 13:09:02,3238,LOCAL,0.00,190.17,0.00,190.28,5,0.82,CLOUD,1
2026-04-20 13:09:02,3239,LOCAL,0.00,151.72,0.00,151.79,5,0.82,CLOUD,1
2026-04-20 13:09:02,3240,LOCAL,0.00,175.79,0.00,175.86,5,0.83,CLOUD,1
2026-04-20 13:09:02,3241,LOCAL,0.00,182.98,0.00,183.04,5,0.93,CLOUD,1
2026-04-20 13:09:03,3242,LOCAL,0.00,181.45,0.00,181.51,5,1.05,CLOUD,1
2026-04-20 13:09:03,3243,LOCAL,0.00,176.25,0.00,176.31,5,1.22,CLOUD,1
2026-04-20 13:09:03,3244,LOCAL,0.00,178.69,0.00,178.79,5,1.42,CLOUD,1
2026-04-20 13:09:03,3245,LOCAL,0.00,199.56,0.00,199.66,5,1.70,CLOUD,2
2026-04-20 13:09:03,3246,LOCAL,0.00,190.57,0.00,190.63,5,2.15,CLOUD,2
2026-04-20 13:09:04,3247,LOCAL,0.00,181.82,0.00,181.89,5,3.05,CLOUD,2
2026-04-20 13:09:04,3248,LOCAL,0.00,182.00,0.00,182.07,5,5.22,CLOUD,2
2026-04-20 13:09:04,3249,LOCAL,0.00,151.77,0.00,151.87,5,5.30,CLOUD,2
2026-04-20 13:09:04,3250,LOCAL,0.00,172.92,0.00,173.00,5,5.31,CLOUD,2
2026-04-20 13:09:04,3251,LOCAL,0.00,164.39,0.00,164.45,5,5.33,CLOUD,2
2026-04-20 13:09:05,3252,LOCAL,0.00,173.09,0.00,173.19,5,5.33,CLOUD,2
2026-04-20 13:09:05,3253,LOCAL,0.00,152.16,0.00,152.26,5,5.35,CLOUD,2
2026-04-20 13:09:05,3254,LOCAL,0.00,176.36,0.00,176.44,5,5.34,CLOUD,2
2026-04-20 13:09:05,3255,LOCAL,0.00,182.56,0.00,182.62,5,5.33,,0
2026-04-20 13:09:05,3256,LOCAL,0.00,269.09,0.00,270.37,5,5.33,,0
2026-04-20 13:09:06,3257,LOCAL,0.00,118.80,0.00,118.87,5,5.42,,0
2026-04-20 13:09:06,3258,CLOUD,23.94,8396.09,105.84,8536.19,6,2.11,,0
2026-04-20 13:09:14,3259,CLOUD,29.26,3391.85,106.16,3527.63,6,1.70,,0
2026-04-20 13:09:18,3260,CLOUD,29.90,4536.08,100.32,4666.62,6,1.35,LOCAL,1
2026-04-20 13:09:22,3261,CLOUD,25.50,6795.05,100.45,6921.35,6,1.02,,0
2026-04-20 13:09:29,3262,CLOUD,29.44,3991.46,107.31,4128.58,6,0.90,LOCAL,1
2026-04-20 13:09:33,3263,CLOUD,13.94,5480.68,76.90,5571.88,6,0.77,,0
2026-04-20 13:09:39,3264,CLOUD,13.20,5365.57,105.05,5484.13,6,0.67,LOCAL,2
2026-04-20 13:09:45,3265,CLOUD,37.26,3554.29,88.98,3680.95,6,0.62,LOCAL,2
2026-04-20 13:09:48,3266,CLOUD,41.70,3998.17,97.74,4137.88,6,0.57,,0
2026-04-20 13:09:52,3267,CLOUD,33.49,3856.10,80.02,3969.93,6,0.53,,0
2026-04-20 13:09:56,3268,CLOUD,24.07,8161.85,165.69,8352.98,6,0.46,,0
2026-04-20 13:10:05,3269,CLOUD,26.02,4391.04,97.59,4515.03,6,0.43,LOCAL,2
2026-04-20 13:10:09,3270,LOCAL,0.00,318.90,0.00,318.99,5,0.43,,0
2026-04-20 13:10:10,3271,LOCAL,0.00,161.32,0.00,161.38,5,0.43,CLOUD,1
2026-04-20 13:10:10,3272,LOCAL,0.00,174.07,0.00,174.12,5,0.43,CLOUD,1
2026-04-20 13:10:10,3273,LOCAL,0.00,180.29,0.00,180.36,5,0.43,CLOUD,1
2026-04-20 13:10:10,3274,LOCAL,0.00,185.97,0.00,186.05,5,0.43,CLOUD,1
2026-04-20 13:10:10,3275,LOCAL,0.00,166.49,0.00,166.59,5,0.43,CLOUD,1
2026-04-20 13:10:10,3276,LOCAL,0.00,183.32,0.00,183.39,5,0.43,CLOUD,1
2026-04-20 13:10:11,3277,LOCAL,0.00,180.54,0.00,180.63,5,0.43,CLOUD,1
2026-04-20 13:10:11,3278,LOCAL,0.00,271.59,0.00,271.72,5,0.43,CLOUD,1
2026-04-20 13:10:11,3279,LOCAL,0.00,193.02,0.00,193.10,5,0.43,CLOUD,1
2026-04-20 13:10:11,3280,LOCAL,0.00,176.93,0.00,176.99,5,0.43,CLOUD,1
2026-04-20 13:10:11,3281,LOCAL,0.00,163.69,0.00,163.75,5,0.43,CLOUD,1
2026-04-20 13:10:12,3282,LOCAL,0.00,157.61,0.00,157.68,5,0.43,CLOUD,2
2026-04-20 13:10:12,3283,LOCAL,0.00,158.39,0.00,158.47,5,0.43,CLOUD,2
2026-04-20 13:10:12,3284,LOCAL,0.00,161.63,0.00,161.71,5,0.43,CLOUD,2
2026-04-20 13:10:12,3285,LOCAL,0.00,162.29,0.00,162.36,5,0.43,CLOUD,2
2026-04-20 13:10:12,3286,LOCAL,0.00,206.82,0.00,206.88,5,0.43,CLOUD,2
2026-04-20 13:10:13,3287,LOCAL,0.00,196.29,0.00,196.34,5,0.50,CLOUD,2
2026-04-20 13:10:13,3288,LOCAL,0.00,190.57,0.00,190.63,5,0.52,CLOUD,2
2026-04-20 13:10:13,3289,LOCAL,0.00,138.19,0.00,138.28,5,0.57,CLOUD,2
2026-04-20 13:10:13,3290,LOCAL,0.00,180.41,0.00,180.48,5,0.66,CLOUD,2
2026-04-20 13:10:13,3291,LOCAL,0.00,177.11,0.00,177.18,5,0.72,CLOUD,2
2026-04-20 13:10:13,3292,LOCAL,0.00,192.65,0.00,192.73,5,0.84,CLOUD,2
2026-04-20 13:10:14,3293,LOCAL,0.00,259.86,0.00,259.94,5,0.99,,0
2026-04-20 13:10:14,3294,CLOUD,18.05,3534.38,160.22,3713.01,6,0.99,,0
2026-04-20 13:10:18,3295,CLOUD,22.10,4121.68,105.00,4249.12,6,0.98,,0
2026-04-20 13:10:22,3296,CLOUD,25.23,3458.45,118.64,3602.63,6,0.99,,0
2026-04-20 13:10:26,3297,CLOUD,27.73,4665.82,99.65,4793.54,6,1.13,,0
2026-04-20 13:10:30,3298,CLOUD,28.81,3368.72,111.54,3509.37,6,1.18,,0
2026-04-20 13:10:34,3299,CLOUD,14.15,3526.59,109.71,3650.82,6,1.04,,0
2026-04-20 13:10:38,3300,CLOUD,25.83,3616.27,94.78,3737.21,6,0.92,,0
2026-04-20 13:10:41,3301,CLOUD,25.98,3256.82,99.38,3382.60,6,0.83,LOCAL,1
2026-04-20 13:10:45,3302,CLOUD,25.51,3446.34,80.96,3553.09,6,0.76,,0
2026-04-20 13:10:48,3303,CLOUD,21.75,3724.81,104.76,3851.71,6,0.69,,0
2026-04-20 13:10:52,3304,CLOUD,25.44,3395.59,111.28,3532.65,6,0.64,,0
2026-04-20 13:10:56,3305,CLOUD,13.72,3573.46,89.78,3677.31,6,0.60,,0
2026-04-20 13:10:59,3306,CLOUD,23.08,4860.33,174.37,5058.16,6,0.54,,0
2026-04-20 13:11:04,3307,CLOUD,25.61,3588.33,113.24,3727.52,6,0.51,LOCAL,1
2026-04-20 13:11:08,3308,LOCAL,0.00,247.86,0.00,247.94,5,0.51,,0
2026-04-20 13:11:08,3309,LOCAL,0.00,194.35,0.00,194.41,5,0.51,,0
2026-04-20 13:11:09,3310,LOCAL,0.00,187.75,0.00,187.80,5,0.51,,0
2026-04-20 13:11:09,3311,LOCAL,0.00,192.77,0.00,192.83,5,0.51,,0
2026-04-20 13:11:09,3312,LOCAL,0.00,184.24,0.00,184.32,5,0.51,CLOUD,1
2026-04-20 13:11:09,3313,LOCAL,0.00,201.74,0.00,201.80,5,0.51,CLOUD,1
2026-04-20 13:11:09,3314,LOCAL,0.00,199.59,0.00,199.66,5,0.51,CLOUD,1
2026-04-20 13:11:10,3315,LOCAL,0.00,181.58,0.00,181.66,5,0.51,CLOUD,1
2026-04-20 13:11:10,3316,LOCAL,0.00,154.79,0.00,154.85,5,0.51,CLOUD,1
2026-04-20 13:11:10,3317,LOCAL,0.00,122.17,0.00,122.26,5,0.51,CLOUD,1
2026-04-20 13:11:10,3318,LOCAL,0.00,164.75,0.00,164.81,5,0.51,CLOUD,1
2026-04-20 13:11:10,3319,LOCAL,0.00,161.84,0.00,161.90,5,0.51,CLOUD,1
2026-04-20 13:11:10,3320,LOCAL,0.00,284.20,0.00,284.33,5,0.51,CLOUD,1
2026-04-20 13:11:11,3321,LOCAL,0.00,207.63,0.00,207.70,5,0.51,CLOUD,1
2026-04-20 13:11:11,3322,LOCAL,0.00,183.72,0.00,183.78,5,0.51,CLOUD,2
2026-04-20 13:11:11,3323,LOCAL,0.00,184.94,0.00,184.99,5,0.54,CLOUD,2
2026-04-20 13:11:11,3324,LOCAL,0.00,192.73,0.00,192.78,5,0.59,CLOUD,2
2026-04-20 13:11:11,3325,LOCAL,0.00,186.96,0.00,187.03,5,0.63,CLOUD,2
2026-04-20 13:11:12,3326,LOCAL,0.00,183.56,0.00,183.62,5,0.70,CLOUD,2
2026-04-20 13:11:12,3327,LOCAL,0.00,170.88,0.00,170.94,5,0.76,CLOUD,2
2026-04-20 13:11:12,3328,LOCAL,0.00,157.99,0.00,158.04,5,0.84,CLOUD,2
2026-04-20 13:11:12,3329,LOCAL,0.00,167.96,0.00,168.03,5,0.93,CLOUD,2
2026-04-20 13:11:12,3330,LOCAL,0.00,202.31,0.00,202.37,5,1.04,CLOUD,2
2026-04-20 13:11:13,3331,LOCAL,0.00,195.35,0.00,195.41,5,1.18,CLOUD,2
2026-04-20 13:11:13,3332,LOCAL,0.00,187.59,0.00,187.71,5,1.39,CLOUD,2
2026-04-20 13:11:13,3333,LOCAL,0.00,257.26,0.00,257.34,5,1.65,,0
2026-04-20 13:11:13,3334,CLOUD,25.59,4040.51,121.62,4188.01,6,1.60,,0
2026-04-20 13:11:17,3335,CLOUD,31.72,3904.00,106.74,4042.85,6,1.69,,0
2026-04-20 13:11:21,3336,CLOUD,30.64,3662.19,102.10,3795.23,6,1.69,LOCAL,1
2026-04-20 13:11:25,3337,CLOUD,32.31,4075.47,91.60,4199.72,6,1.37,,0
2026-04-20 13:11:29,3338,CLOUD,13.28,4852.06,189.27,5054.99,6,1.11,,0
2026-04-20 13:11:35,3339,CLOUD,21.88,3750.28,101.88,3874.39,6,0.98,,0
2026-04-20 13:11:38,3340,CLOUD,21.44,3786.42,96.63,3916.99,6,0.87,,0
2026-04-20 13:11:42,3341,CLOUD,14.34,3822.72,105.13,3942.62,6,0.78,,0
2026-04-20 13:11:46,3342,CLOUD,25.50,4034.48,99.08,4159.39,6,0.71,LOCAL,1
2026-04-20 13:11:50,3343,CLOUD,25.49,6376.90,110.42,6513.15,6,0.61,,0
2026-04-20 13:11:57,3344,CLOUD,22.92,3766.82,109.96,3900.02,6,0.57,LOCAL,1
2026-04-20 13:12:01,3345,CLOUD,25.62,4453.50,106.76,4586.21,6,0.52,,0
2026-04-20 13:12:05,3346,CLOUD,18.18,3452.15,95.68,3566.33,6,0.49,,0
2026-04-20 13:12:09,3347,CLOUD,23.82,3714.81,105.51,3844.58,6,0.46,LOCAL,2
2026-04-20 13:12:13,3348,CLOUD,27.87,3564.46,108.36,3700.97,6,0.44,,0
2026-04-20 13:12:17,3349,CLOUD,14.42,3975.86,106.64,4097.33,6,0.41,,0
2026-04-20 13:12:21,3350,CLOUD,25.52,5266.87,109.68,5402.38,6,0.39,,0
2026-04-20 13:12:26,3351,CLOUD,25.46,3902.51,97.43,4025.74,6,0.37,LOCAL,2
2026-04-20 13:12:30,3352,CLOUD,21.33,3953.54,94.59,4069.75,6,0.35,,0
2026-04-20 13:12:34,3353,CLOUD,25.43,5111.64,80.98,5218.41,6,0.33,,0
2026-04-20 13:12:39,3354,CLOUD,13.29,4232.33,147.29,4393.30,6,0.31,LOCAL,2
2026-04-20 13:12:44,3355,CLOUD,34.76,4575.24,103.75,4714.14,6,0.30,,0
2026-04-20 13:12:49,3356,CLOUD,21.48,4703.23,111.91,4836.94,6,0.29,,0
2026-04-20 13:12:53,3357,CLOUD,25.76,3677.10,148.34,3851.55,6,0.28,LOCAL,2
2026-04-20 13:12:57,3358,LOCAL,0.00,263.87,0.00,263.94,5,0.28,,0
2026-04-20 13:12:58,3359,LOCAL,0.00,286.62,0.00,286.76,5,0.28,,0
2026-04-20 13:12:58,3360,LOCAL,0.00,193.45,0.00,193.52,5,0.28,,0
2026-04-20 13:12:58,3361,LOCAL,0.00,157.84,0.00,157.90,5,0.28,CLOUD,1
2026-04-20 13:12:58,3362,LOCAL,0.00,184.47,0.00,184.53,5,0.28,CLOUD,1
2026-04-20 13:12:58,3363,LOCAL,0.00,193.13,0.00,193.19,5,0.29,CLOUD,1
2026-04-20 13:12:59,3364,LOCAL,0.00,182.98,0.00,183.05,5,0.30,CLOUD,1
2026-04-20 13:12:59,3365,LOCAL,0.00,199.20,0.00,199.26,5,0.31,CLOUD,1
2026-04-20 13:12:59,3366,LOCAL,0.00,162.51,0.00,162.58,5,0.32,CLOUD,1
2026-04-20 13:12:59,3367,LOCAL,0.00,180.90,0.00,180.96,5,0.34,CLOUD,1
2026-04-20 13:12:59,3368,LOCAL,0.00,191.53,0.00,191.59,5,0.36,CLOUD,1
2026-04-20 13:13:00,3369,LOCAL,0.00,198.88,0.00,198.94,5,0.37,CLOUD,1
2026-04-20 13:13:00,3370,LOCAL,0.00,179.66,0.00,179.72,5,0.39,CLOUD,1
2026-04-20 13:13:00,3371,LOCAL,0.00,166.93,0.00,166.99,5,0.42,CLOUD,1
2026-04-20 13:13:00,3372,LOCAL,0.00,147.25,0.00,147.32,5,0.46,CLOUD,2
2026-04-20 13:13:00,3373,LOCAL,0.00,132.54,0.00,132.62,5,0.49,CLOUD,2
2026-04-20 13:13:00,3374,LOCAL,0.00,133.53,0.00,133.61,5,0.53,CLOUD,2
2026-04-20 13:13:01,3375,LOCAL,0.00,198.08,0.00,198.14,5,0.56,CLOUD,2
2026-04-20 13:13:01,3376,LOCAL,0.00,160.66,0.00,160.73,5,0.60,CLOUD,2
2026-04-20 13:13:01,3377,LOCAL,0.00,212.73,0.00,212.80,5,0.65,CLOUD,2
2026-04-20 13:13:01,3378,LOCAL,0.00,205.02,0.00,205.09,5,0.71,CLOUD,2
2026-04-20 13:13:01,3379,LOCAL,0.00,181.38,0.00,181.44,5,0.82,CLOUD,2
2026-04-20 13:13:02,3380,LOCAL,0.00,167.16,0.00,167.24,5,0.92,CLOUD,2
2026-04-20 13:13:02,3381,LOCAL,0.00,181.21,0.00,181.27,5,1.05,CLOUD,2
2026-04-20 13:13:02,3382,LOCAL,0.00,226.34,0.00,226.42,5,1.28,CLOUD,2
2026-04-20 13:13:02,3383,LOCAL,0.00,147.13,0.00,147.20,5,1.57,,0
2026-04-20 13:13:02,3384,LOCAL,0.00,282.46,0.00,282.59,5,2.07,,0
2026-04-20 13:13:03,3385,CLOUD,25.97,3557.66,108.37,3692.36,6,2.25,,0
2026-04-20 13:13:06,3386,CLOUD,28.42,4906.95,87.69,5023.36,6,2.07,,0
2026-04-20 13:13:11,3387,CLOUD,27.31,5276.12,107.45,5411.25,6,1.51,LOCAL,1
2026-04-20 13:13:17,3388,CLOUD,30.29,4670.17,109.93,4810.68,6,1.22,LOCAL,1
2026-04-20 13:13:22,3389,CLOUD,25.59,4087.29,73.31,4186.55,6,1.05,,0
2026-04-20 13:13:26,3390,CLOUD,23.50,3822.18,99.97,3945.93,6,0.92,,0
2026-04-20 13:13:30,3391,CLOUD,25.39,4208.64,97.44,4331.81,6,0.81,,0
2026-04-20 13:13:34,3392,CLOUD,25.28,3566.21,133.11,3724.92,6,0.74,LOCAL,1
2026-04-20 13:13:38,3393,LOCAL,0.00,237.56,0.00,237.63,5,0.74,,0
2026-04-20 13:13:38,3394,LOCAL,0.00,194.66,0.00,194.79,5,0.74,,0
2026-04-20 13:13:38,3395,LOCAL,0.00,187.54,0.00,187.61,5,0.74,,0
2026-04-20 13:13:39,3396,LOCAL,0.00,167.14,0.00,167.20,5,0.74,,0
2026-04-20 13:13:39,3397,LOCAL,0.00,189.00,0.00,189.09,5,0.74,CLOUD,1
2026-04-20 13:13:39,3398,LOCAL,0.00,193.95,0.00,194.04,5,0.74,CLOUD,1
2026-04-20 13:13:39,3399,LOCAL,0.00,193.00,0.00,193.06,5,0.74,CLOUD,1
2026-04-20 13:13:39,3400,LOCAL,0.00,167.54,0.00,167.60,5,0.74,CLOUD,1
2026-04-20 13:13:40,3401,LOCAL,0.00,143.41,0.00,143.47,5,0.74,CLOUD,1
2026-04-20 13:13:40,3402,LOCAL,0.00,159.07,0.00,159.15,5,0.74,CLOUD,1
2026-04-20 13:13:40,3403,LOCAL,0.00,160.62,0.00,160.68,5,0.74,CLOUD,1
2026-04-20 13:13:40,3404,LOCAL,0.00,189.10,0.00,189.16,5,0.74,CLOUD,1
2026-04-20 13:13:40,3405,LOCAL,0.00,168.08,0.00,168.14,5,0.74,CLOUD,1
2026-04-20 13:13:40,3406,LOCAL,0.00,217.40,0.00,217.45,5,0.74,CLOUD,1
2026-04-20 13:13:41,3407,LOCAL,0.00,182.44,0.00,182.50,5,0.74,CLOUD,1
2026-04-20 13:13:41,3408,LOCAL,0.00,172.94,0.00,173.00,5,0.74,CLOUD,2
2026-04-20 13:13:41,3409,LOCAL,0.00,196.80,0.00,196.86,5,0.74,CLOUD,2
2026-04-20 13:13:41,3410,LOCAL,0.00,235.11,0.00,235.24,5,0.73,CLOUD,2
2026-04-20 13:13:41,3411,LOCAL,0.00,169.69,0.00,169.76,5,0.74,CLOUD,2
2026-04-20 13:13:42,3412,LOCAL,0.00,188.57,0.00,188.65,5,0.73,CLOUD,2
2026-04-20 13:13:42,3413,LOCAL,0.00,163.34,0.00,163.45,5,0.74,CLOUD,2
2026-04-20 13:13:42,3414,LOCAL,0.00,191.83,0.00,191.92,5,0.81,CLOUD,2
2026-04-20 13:13:42,3415,LOCAL,0.00,166.08,0.00,166.15,5,0.94,CLOUD,2
2026-04-20 13:13:42,3416,LOCAL,0.00,168.33,0.00,168.39,5,1.13,CLOUD,2
2026-04-20 13:13:43,3417,LOCAL,0.00,179.97,0.00,180.03,5,1.37,CLOUD,2
2026-04-20 13:13:43,3418,LOCAL,0.00,252.14,0.00,252.30,5,1.69,,0
2026-04-20 13:13:43,3419,CLOUD,25.34,5703.63,128.92,5858.22,6,1.52,,0
2026-04-20 13:13:49,3420,CLOUD,25.34,3900.33,103.70,4029.70,6,1.54,LOCAL,2
2026-04-20 13:13:53,3421,CLOUD,29.42,3940.04,78.65,4048.57,6,1.52,,0
2026-04-20 13:13:57,3422,CLOUD,15.46,3906.73,101.40,4023.92,6,1.27,,0
2026-04-20 13:14:01,3423,CLOUD,102.91,3616.70,98.22,3818.20,6,1.10,LOCAL,2
2026-04-20 13:14:05,3424,CLOUD,27.83,3890.31,104.16,4022.60,6,0.96,,0
2026-04-20 13:14:09,3425,CLOUD,29.39,5034.84,192.48,5257.10,6,0.82,,0
2026-04-20 13:14:14,3426,CLOUD,20.33,3439.28,99.48,3559.43,6,0.75,LOCAL,2
2026-04-20 13:14:18,3427,CLOUD,14.01,3766.14,111.02,3891.53,6,0.68,,0
2026-04-20 13:14:22,3428,CLOUD,25.49,3589.79,100.46,3716.05,6,0.63,,0
2026-04-20 13:14:25,3429,CLOUD,25.33,4728.21,98.22,4852.10,6,0.57,,0
2026-04-20 13:14:30,3430,CLOUD,25.42,7723.29,113.46,7862.46,6,0.50,LOCAL,2
2026-04-20 13:14:38,3431,LOCAL,0.00,242.91,0.00,243.02,5,0.50,,0
2026-04-20 13:14:38,3432,LOCAL,0.00,175.47,0.00,175.53,5,0.50,,0
2026-04-20 13:14:38,3433,LOCAL,0.00,200.09,0.00,200.15,5,0.50,,0
2026-04-20 13:14:39,3434,LOCAL,0.00,161.79,0.00,161.86,5,0.50,,0
2026-04-20 13:14:39,3435,LOCAL,0.00,179.10,0.00,179.16,5,0.50,,0
2026-04-20 13:14:39,3436,LOCAL,0.00,212.76,0.00,212.82,5,0.50,,0
2026-04-20 13:14:39,3437,LOCAL,0.00,179.81,0.00,179.87,5,0.50,,0
2026-04-20 13:14:39,3438,LOCAL,0.00,193.93,0.00,193.98,5,0.50,,0
2026-04-20 13:14:40,3439,LOCAL,0.00,223.38,0.00,223.47,5,0.50,,0
2026-04-20 13:14:40,3440,LOCAL,0.00,175.15,0.00,175.23,5,0.50,,0
2026-04-20 13:14:40,3441,LOCAL,0.00,185.18,0.00,185.24,5,0.50,,0
2026-04-20 13:14:40,3442,LOCAL,0.00,193.02,0.00,193.08,5,0.50,,0
2026-04-20 13:14:40,3443,LOCAL,0.00,222.57,0.00,222.63,5,0.50,,0
2026-04-20 13:14:41,3444,LOCAL,0.00,174.98,0.00,175.05,5,0.50,CLOUD,1
2026-04-20 13:14:41,3445,LOCAL,0.00,177.42,0.00,177.48,5,0.50,CLOUD,1
2026-04-20 13:14:41,3446,LOCAL,0.00,185.26,0.00,185.32,5,0.50,CLOUD,1
2026-04-20 13:14:41,3447,LOCAL,0.00,150.12,0.00,150.18,5,0.50,CLOUD,1
2026-04-20 13:14:41,3448,LOCAL,0.00,151.93,0.00,151.99,5,0.55,CLOUD,1
2026-04-20 13:14:42,3449,LOCAL,0.00,168.04,0.00,168.10,5,0.59,CLOUD,1
2026-04-20 13:14:42,3450,LOCAL,0.00,152.69,0.00,152.76,5,0.65,CLOUD,1
2026-04-20 13:14:42,3451,LOCAL,0.00,164.44,0.00,164.51,5,0.71,CLOUD,1
2026-04-20 13:14:42,3452,LOCAL,0.00,155.61,0.00,155.68,5,0.77,CLOUD,1
2026-04-20 13:14:42,3453,LOCAL,0.00,189.06,0.00,189.12,5,0.86,CLOUD,1
2026-04-20 13:14:42,3454,LOCAL,0.00,185.49,0.00,185.56,5,1.02,CLOUD,1
2026-04-20 13:14:43,3455,LOCAL,0.00,162.57,0.00,162.63,5,1.15,CLOUD,2
2026-04-20 13:14:43,3456,LOCAL,0.00,152.81,0.00,152.88,5,1.36,CLOUD,2
2026-04-20 13:14:43,3457,LOCAL,0.00,158.99,0.00,159.07,5,1.63,CLOUD,2
2026-04-20 13:14:43,3458,LOCAL,0.00,169.81,0.00,169.87,5,2.20,CLOUD,2
2026-04-20 13:14:43,3459,LOCAL,0.00,290.43,0.00,290.52,5,5.17,CLOUD,2
2026-04-20 13:14:44,3460,LOCAL,0.00,185.10,0.00,185.16,5,5.23,CLOUD,2
2026-04-20 13:14:44,3461,LOCAL,0.00,189.62,0.00,189.68,5,5.22,CLOUD,2
2026-04-20 13:14:44,3462,LOCAL,0.00,148.00,0.00,148.06,5,5.27,CLOUD,2
2026-04-20 13:14:44,3463,LOCAL,0.00,129.98,0.00,130.05,5,5.31,CLOUD,2
2026-04-20 13:14:44,3464,LOCAL,0.00,169.32,0.00,169.38,5,5.34,CLOUD,2
2026-04-20 13:14:44,3465,LOCAL,0.00,182.01,0.00,182.08,5,5.37,CLOUD,2
2026-04-20 13:14:45,3466,LOCAL,0.00,194.30,0.00,197.47,5,5.36,,0
2026-04-20 13:14:45,3467,LOCAL,0.00,173.67,0.00,173.73,5,5.38,,0
2026-04-20 13:14:45,3468,LOCAL,0.00,191.78,0.00,191.85,5,5.41,,0
2026-04-20 13:14:45,3469,LOCAL,0.00,173.65,0.00,173.71,5,5.40,,0
2026-04-20 13:14:45,3470,LOCAL,0.00,172.33,0.00,172.40,5,5.41,,0
2026-04-20 13:14:46,3471,LOCAL,0.00,161.77,0.00,161.83,5,5.43,,0
2026-04-20 13:14:46,3472,LOCAL,0.00,170.00,0.00,170.06,5,5.47,,0
2026-04-20 13:14:46,3473,LOCAL,0.00,176.84,0.00,176.90,5,5.46,,0
2026-04-20 13:14:46,3474,LOCAL,0.00,151.55,0.00,151.62,5,5.48,,0
2026-04-20 13:14:46,3475,LOCAL,0.00,165.16,0.00,165.22,5,5.51,,0
2026-04-20 13:14:46,3476,LOCAL,0.00,184.26,0.00,184.32,5,5.49,,0
2026-04-20 13:14:47,3477,LOCAL,0.00,175.60,0.00,175.69,5,5.46,,0
2026-04-20 13:14:47,3478,LOCAL,0.00,166.33,0.00,166.39,5,5.45,,0
2026-04-20 13:14:47,3479,LOCAL,0.00,211.68,0.00,211.73,5,5.39,,0
2026-04-20 13:14:47,3480,LOCAL,0.00,168.12,0.00,168.18,5,5.40,,0
2026-04-20 13:14:47,3481,LOCAL,0.00,160.74,0.00,160.80,5,5.40,,0
2026-04-20 13:14:48,3482,LOCAL,0.00,208.13,0.00,208.20,5,5.40,,0
2026-04-20 13:14:48,3483,LOCAL,0.00,197.11,0.00,197.18,5,5.39,,0
2026-04-20 13:14:48,3484,LOCAL,0.00,198.05,0.00,198.12,5,5.34,,0
2026-04-20 13:14:48,3485,LOCAL,0.00,168.28,0.00,168.35,5,5.34,,0
2026-04-20 13:14:48,3486,LOCAL,0.00,164.50,0.00,164.55,5,5.35,,0
2026-04-20 13:14:49,3487,LOCAL,0.00,175.90,0.00,175.96,5,5.35,,0
2026-04-20 13:14:49,3488,LOCAL,0.00,167.96,0.00,168.02,5,5.48,,0
2026-04-20 13:14:49,3489,LOCAL,0.00,166.93,0.00,167.00,5,5.50,,0
2026-04-20 13:14:49,3490,LOCAL,0.00,270.13,0.00,270.22,5,5.42,,0
2026-04-20 13:14:49,3491,LOCAL,0.00,165.34,0.00,165.41,5,5.40,,0
2026-04-20 13:14:50,3492,LOCAL,0.00,156.22,0.00,156.28,5,5.37,,0
2026-04-20 13:14:50,3493,LOCAL,0.00,162.82,0.00,162.89,5,5.37,,0
2026-04-20 13:14:50,3494,LOCAL,0.00,145.95,0.00,146.02,5,5.42,,0
2026-04-20 13:14:50,3495,LOCAL,0.00,166.85,0.00,166.91,5,5.45,,0
2026-04-20 13:14:50,3496,LOCAL,0.00,151.67,0.00,151.76,5,5.49,,0
2026-04-20 13:14:50,3497,LOCAL,0.00,159.80,0.00,159.88,5,5.51,,0
2026-04-20 13:14:51,3498,LOCAL,0.00,166.25,0.00,166.32,5,5.52,,0
2026-04-20 13:14:51,3499,LOCAL,0.00,178.80,0.00,178.85,5,5.51,CLOUD,1
2026-04-20 13:14:51,3500,LOCAL,0.00,187.55,0.00,187.61,5,5.50,CLOUD,1
2026-04-20 13:14:51,3501,LOCAL,0.00,121.68,0.00,121.74,5,5.56,CLOUD,1
2026-04-20 13:14:51,3502,LOCAL,0.00,184.13,0.00,184.19,5,5.56,CLOUD,1
2026-04-20 13:14:51,3503,LOCAL,0.00,185.98,0.00,186.07,5,5.53,CLOUD,1
2026-04-20 13:14:52,3504,LOCAL,0.00,151.16,0.00,151.24,5,5.53,CLOUD,1
2026-04-20 13:14:52,3505,LOCAL,0.00,155.33,0.00,155.39,5,5.55,CLOUD,1
2026-04-20 13:14:52,3506,LOCAL,0.00,159.53,0.00,159.59,5,5.57,CLOUD,1
2026-04-20 13:14:52,3507,LOCAL,0.00,155.69,0.00,155.75,5,5.59,CLOUD,1
2026-04-20 13:14:52,3508,LOCAL,0.00,157.52,0.00,157.59,5,5.64,CLOUD,1
2026-04-20 13:14:52,3509,LOCAL,0.00,153.95,0.00,154.02,5,5.65,CLOUD,1
2026-04-20 13:14:53,3510,LOCAL,0.00,145.48,0.00,145.55,5,5.66,CLOUD,1
2026-04-20 13:14:53,3511,LOCAL,0.00,171.21,0.00,171.28,5,5.70,CLOUD,2
2026-04-20 13:14:53,3512,LOCAL,0.00,164.61,0.00,164.67,5,5.74,CLOUD,2
2026-04-20 13:14:53,3513,LOCAL,0.00,162.38,0.00,162.43,5,5.78,CLOUD,2
2026-04-20 13:14:53,3514,LOCAL,0.00,171.85,0.00,171.91,5,5.77,CLOUD,2
2026-04-20 13:14:53,3515,LOCAL,0.00,150.47,0.00,150.54,5,5.79,CLOUD,2
2026-04-20 13:14:54,3516,LOCAL,0.00,167.56,0.00,167.62,5,5.79,CLOUD,2
2026-04-20 13:14:54,3517,LOCAL,0.00,279.61,0.00,279.73,5,5.66,CLOUD,2
2026-04-20 13:14:54,3518,LOCAL,0.00,156.44,0.00,156.52,5,5.66,CLOUD,2
2026-04-20 13:14:54,3519,LOCAL,0.00,164.54,0.00,164.60,5,5.76,CLOUD,2
2026-04-20 13:14:54,3520,LOCAL,0.00,170.51,0.00,170.61,5,5.74,CLOUD,2
2026-04-20 13:14:55,3521,LOCAL,0.00,277.91,0.00,277.99,5,5.61,CLOUD,2
2026-04-20 13:14:55,3522,CLOUD,25.68,3535.98,105.77,3667.73,6,3.35,,0
2026-04-20 13:14:59,3523,CLOUD,25.38,3715.54,96.31,3837.58,6,2.35,,0
2026-04-20 13:15:02,3524,CLOUD,24.26,3558.59,110.24,3693.40,6,1.82,,0
2026-04-20 13:15:06,3525,CLOUD,28.43,3320.85,101.39,3451.01,6,1.51,,0
2026-04-20 13:15:10,3526,CLOUD,25.55,3416.10,108.82,3550.79,6,1.28,,0
2026-04-20 13:15:13,3527,CLOUD,14.31,6063.17,86.19,6164.17,6,1.02,,0
2026-04-20 13:15:19,3528,CLOUD,13.67,3828.25,129.93,3972.14,6,0.90,LOCAL,1
2026-04-20 13:15:23,3529,LOCAL,0.00,233.87,0.00,233.94,5,0.89,,0
2026-04-20 13:15:23,3530,LOCAL,0.00,197.08,0.00,197.14,5,0.89,,0
2026-04-20 13:15:24,3531,LOCAL,0.00,188.59,0.00,188.66,5,0.89,,0
2026-04-20 13:15:24,3532,LOCAL,0.00,170.08,0.00,170.15,5,0.89,,0
2026-04-20 13:15:24,3533,LOCAL,0.00,241.01,0.00,241.07,5,0.89,,0
2026-04-20 13:15:24,3534,LOCAL,0.00,192.15,0.00,192.20,5,0.89,,0
2026-04-20 13:15:25,3535,LOCAL,0.00,177.09,0.00,177.15,5,0.89,,0
2026-04-20 13:15:25,3536,LOCAL,0.00,259.75,0.00,259.88,5,0.89,,0
2026-04-20 13:15:25,3537,LOCAL,0.00,168.81,0.00,172.44,5,0.89,CLOUD,1
2026-04-20 13:15:25,3538,LOCAL,0.00,188.63,0.00,188.69,5,0.88,CLOUD,1
2026-04-20 13:15:25,3539,LOCAL,0.00,151.43,0.00,151.55,5,0.88,CLOUD,1
2026-04-20 13:15:25,3540,LOCAL,0.00,129.08,0.00,129.16,5,0.89,CLOUD,1
2026-04-20 13:15:26,3541,LOCAL,0.00,133.26,0.00,133.35,5,0.89,CLOUD,1
2026-04-20 13:15:26,3542,LOCAL,0.00,175.44,0.00,175.51,5,0.89,CLOUD,1
2026-04-20 13:15:26,3543,LOCAL,0.00,186.14,0.00,186.19,5,0.89,CLOUD,1
2026-04-20 13:15:26,3544,LOCAL,0.00,197.93,0.00,198.00,5,0.88,CLOUD,1
2026-04-20 13:15:26,3545,LOCAL,0.00,184.14,0.00,184.21,5,0.88,CLOUD,1
2026-04-20 13:15:27,3546,LOCAL,0.00,179.94,0.00,180.00,5,0.89,CLOUD,1
2026-04-20 13:15:27,3547,LOCAL,0.00,164.96,0.00,165.02,5,0.89,CLOUD,1
2026-04-20 13:15:27,3548,LOCAL,0.00,169.60,0.00,169.66,5,0.89,CLOUD,1
2026-04-20 13:15:27,3549,LOCAL,0.00,178.16,0.00,178.22,5,0.89,CLOUD,2
2026-04-20 13:15:27,3550,LOCAL,0.00,184.03,0.00,184.09,5,0.89,CLOUD,2
2026-04-20 13:15:27,3551,LOCAL,0.00,165.21,0.00,165.27,5,1.00,CLOUD,2
2026-04-20 13:15:28,3552,LOCAL,0.00,158.14,0.00,158.20,5,1.14,CLOUD,2
2026-04-20 13:15:28,3553,LOCAL,0.00,157.41,0.00,157.48,5,1.33,CLOUD,2
2026-04-20 13:15:28,3554,LOCAL,0.00,268.70,0.00,268.88,5,1.55,CLOUD,2
2026-04-20 13:15:28,3555,LOCAL,0.00,183.13,0.00,183.21,5,1.89,CLOUD,2
2026-04-20 13:15:28,3556,LOCAL,0.00,199.83,0.00,199.88,5,3.09,CLOUD,2
2026-04-20 13:15:29,3557,LOCAL,0.00,169.73,0.00,169.83,5,5.21,CLOUD,2
2026-04-20 13:15:29,3558,LOCAL,0.00,177.32,0.00,177.38,5,5.24,CLOUD,2
2026-04-20 13:15:29,3559,LOCAL,0.00,252.96,0.00,253.09,5,5.19,,0
2026-04-20 13:15:29,3560,LOCAL,0.00,182.71,0.00,182.78,5,5.19,,0
2026-04-20 13:15:29,3561,CLOUD,13.76,3523.03,112.95,3650.22,6,3.20,,0
2026-04-20 13:15:33,3562,CLOUD,34.00,3826.13,105.52,3965.95,6,2.26,,0
2026-04-20 13:15:37,3563,CLOUD,38.52,3494.85,102.17,3635.94,6,1.79,LOCAL,1
2026-04-20 13:15:41,3564,CLOUD,28.30,4371.71,100.66,4502.14,6,1.41,,0
2026-04-20 13:15:45,3565,CLOUD,48.56,4408.85,111.20,4568.97,6,1.17,,0
2026-04-20 13:15:50,3566,CLOUD,28.37,3808.14,107.04,3943.86,6,1.01,LOCAL,1
2026-04-20 13:15:54,3567,LOCAL,0.00,253.75,0.00,253.89,5,1.01,,0
2026-04-20 13:15:54,3568,LOCAL,0.00,203.93,0.00,203.99,5,1.01,,0
2026-04-20 13:15:54,3569,LOCAL,0.00,165.80,0.00,165.87,5,1.01,,0
2026-04-20 13:15:54,3570,LOCAL,0.00,171.61,0.00,171.70,5,1.01,,0
2026-04-20 13:15:55,3571,LOCAL,0.00,168.75,0.00,168.84,5,1.01,,0
2026-04-20 13:15:55,3572,LOCAL,0.00,192.79,0.00,192.85,5,1.01,,0
2026-04-20 13:15:55,3573,LOCAL,0.00,183.71,0.00,183.77,5,1.01,,0
2026-04-20 13:15:55,3574,LOCAL,0.00,176.97,0.00,177.04,5,1.01,,0
2026-04-20 13:15:55,3575,LOCAL,0.00,277.14,0.00,277.27,5,1.00,,0
2026-04-20 13:15:56,3576,LOCAL,0.00,193.05,0.00,193.13,5,1.00,,0
2026-04-20 13:15:56,3577,LOCAL,0.00,180.04,0.00,180.11,5,1.00,,0
2026-04-20 13:15:56,3578,LOCAL,0.00,181.06,0.00,181.12,5,1.00,,0
2026-04-20 13:15:56,3579,LOCAL,0.00,162.98,0.00,163.05,5,1.00,,0
2026-04-20 13:15:56,3580,LOCAL,0.00,167.63,0.00,167.69,5,1.00,,0
2026-04-20 13:15:57,3581,LOCAL,0.00,165.88,0.00,165.95,5,1.00,CLOUD,1
2026-04-20 13:15:57,3582,LOCAL,0.00,164.48,0.00,164.55,5,1.00,CLOUD,1
2026-04-20 13:15:57,3583,LOCAL,0.00,162.13,0.00,162.20,5,1.00,CLOUD,1
2026-04-20 13:15:57,3584,LOCAL,0.00,139.29,0.00,139.37,5,1.01,CLOUD,1
2026-04-20 13:15:57,3585,LOCAL,0.00,207.68,0.00,207.74,5,1.01,CLOUD,1
2026-04-20 13:15:57,3586,LOCAL,0.00,184.18,0.00,184.24,5,1.00,CLOUD,1
2026-04-20 13:15:58,3587,LOCAL,0.00,209.44,0.00,209.52,5,1.00,CLOUD,1
2026-04-20 13:15:58,3588,LOCAL,0.00,163.02,0.00,163.09,5,1.01,CLOUD,1
2026-04-20 13:15:58,3589,LOCAL,0.00,157.32,0.00,157.39,5,1.01,CLOUD,1
2026-04-20 13:15:58,3590,LOCAL,0.00,157.68,0.00,157.75,5,1.15,CLOUD,1
2026-04-20 13:15:58,3591,LOCAL,0.00,179.55,0.00,179.62,5,1.35,CLOUD,1
2026-04-20 13:15:59,3592,LOCAL,0.00,242.53,0.00,242.68,5,1.60,CLOUD,2
2026-04-20 13:15:59,3593,LOCAL,0.00,170.55,0.00,170.63,5,2.11,CLOUD,2
2026-04-20 13:15:59,3594,LOCAL,0.00,166.52,0.00,166.59,5,3.09,CLOUD,2
2026-04-20 13:15:59,3595,LOCAL,0.00,179.74,0.00,179.80,5,5.16,CLOUD,2
2026-04-20 13:15:59,3596,LOCAL,0.00,186.23,0.00,186.29,5,5.23,CLOUD,2
2026-04-20 13:16:00,3597,LOCAL,0.00,170.09,0.00,170.16,5,5.26,CLOUD,2
2026-04-20 13:16:00,3598,LOCAL,0.00,157.92,0.00,157.98,5,5.26,CLOUD,2
2026-04-20 13:16:00,3599,LOCAL,0.00,167.42,0.00,167.49,5,5.27,CLOUD,2
2026-04-20 13:16:00,3600,LOCAL,0.00,189.18,0.00,189.30,5,5.25,CLOUD,2
2026-04-20 13:16:00,3601,LOCAL,0.00,167.81,0.00,167.88,5,5.27,CLOUD,2
2026-04-20 13:16:00,3602,LOCAL,0.00,181.52,0.00,181.58,5,5.27,CLOUD,2
2026-04-20 13:16:01,3603,LOCAL,0.00,206.26,0.00,206.34,5,5.23,,0
2026-04-20 13:16:01,3604,CLOUD,13.62,8360.47,78.66,8453.81,6,2.11,,0
2026-04-20 13:16:09,3605,CLOUD,21.39,3691.77,88.62,3802.24,6,1.67,,0
2026-04-20 13:16:13,3606,CLOUD,24.70,4157.55,106.88,4289.45,6,1.35,,0
2026-04-20 13:16:17,3607,CLOUD,29.22,4640.78,138.51,4808.87,6,1.11,,0
2026-04-20 13:16:22,3608,CLOUD,14.99,3514.50,106.52,3636.37,6,0.98,LOCAL,2
2026-04-20 13:16:26,3609,CLOUD,25.98,3403.87,112.11,3542.30,6,0.88,,0
2026-04-20 13:16:29,3610,CLOUD,28.72,3402.90,100.80,3532.76,6,0.80,,0
2026-04-20 13:16:33,3611,CLOUD,25.50,3874.37,105.49,4005.74,6,0.72,,0
2026-04-20 13:16:37,3612,CLOUD,25.44,3961.50,108.37,4095.64,6,0.66,,0
2026-04-20 13:16:41,3613,CLOUD,17.45,3638.32,98.55,3754.69,6,0.61,LOCAL,2
2026-04-20 13:16:45,3614,LOCAL,0.00,270.59,0.00,270.65,5,0.61,,0
2026-04-20 13:16:45,3615,LOCAL,0.00,286.07,0.00,286.21,5,0.61,,0
2026-04-20 13:16:45,3616,LOCAL,0.00,182.55,0.00,182.62,5,0.61,,0
2026-04-20 13:16:46,3617,LOCAL,0.00,142.79,0.00,142.85,5,0.61,,0
2026-04-20 13:16:46,3618,LOCAL,0.00,192.12,0.00,192.19,5,0.61,,0
2026-04-20 13:16:46,3619,LOCAL,0.00,179.69,0.00,179.75,5,0.61,,0
2026-04-20 13:16:46,3620,LOCAL,0.00,161.47,0.00,161.54,5,0.61,,0
2026-04-20 13:16:46,3621,LOCAL,0.00,167.93,0.00,168.00,5,0.61,,0
2026-04-20 13:16:47,3622,LOCAL,0.00,193.36,0.00,193.42,5,0.61,,0
2026-04-20 13:16:47,3623,LOCAL,0.00,134.66,0.00,134.72,5,0.61,,0
2026-04-20 13:16:47,3624,LOCAL,0.00,157.16,0.00,157.22,5,0.61,,0
2026-04-20 13:16:47,3625,LOCAL,0.00,192.42,0.00,192.50,5,0.61,,0
2026-04-20 13:16:47,3626,LOCAL,0.00,196.25,0.00,196.32,5,0.61,CLOUD,1
2026-04-20 13:16:47,3627,LOCAL,0.00,193.24,0.00,193.30,5,0.61,CLOUD,1
2026-04-20 13:16:48,3628,LOCAL,0.00,185.37,0.00,185.44,5,0.61,CLOUD,1
2026-04-20 13:16:48,3629,LOCAL,0.00,188.33,0.00,188.39,5,0.61,CLOUD,1
2026-04-20 13:16:48,3630,LOCAL,0.00,138.35,0.00,138.41,5,0.61,CLOUD,1
2026-04-20 13:16:48,3631,LOCAL,0.00,194.98,0.00,195.03,5,0.61,CLOUD,1
2026-04-20 13:16:48,3632,LOCAL,0.00,296.06,0.00,296.19,5,0.61,CLOUD,1
2026-04-20 13:16:49,3633,LOCAL,0.00,189.36,0.00,189.45,5,0.73,CLOUD,1
2026-04-20 13:16:49,3634,LOCAL,0.00,190.46,0.00,190.55,5,0.81,CLOUD,1
2026-04-20 13:16:49,3635,LOCAL,0.00,153.53,0.00,153.60,5,0.91,CLOUD,1
2026-04-20 13:16:49,3636,LOCAL,0.00,201.19,0.00,201.25,5,1.07,CLOUD,2
2026-04-20 13:16:49,3637,LOCAL,0.00,151.74,0.00,151.81,5,1.22,CLOUD,2
2026-04-20 13:16:50,3638,LOCAL,0.00,189.07,0.00,189.17,5,1.43,CLOUD,2
2026-04-20 13:16:50,3639,LOCAL,0.00,183.55,0.00,183.62,5,1.71,CLOUD,2
2026-04-20 13:16:50,3640,LOCAL,0.00,170.46,0.00,170.54,5,2.21,CLOUD,2
2026-04-20 13:16:50,3641,LOCAL,0.00,179.08,0.00,179.14,5,3.14,CLOUD,2
2026-04-20 13:16:50,3642,LOCAL,0.00,160.48,0.00,160.55,5,5.14,CLOUD,2
2026-04-20 13:16:51,3643,LOCAL,0.00,156.05,0.00,156.12,5,5.25,CLOUD,2
2026-04-20 13:16:51,3644,LOCAL,0.00,169.96,0.00,170.03,5,5.35,CLOUD,2
2026-04-20 13:16:51,3645,LOCAL,0.00,160.36,0.00,160.42,5,5.37,CLOUD,2
2026-04-20 13:16:51,3646,LOCAL,0.00,201.01,0.00,201.07,5,5.30,CLOUD,2
2026-04-20 13:16:51,3647,LOCAL,0.00,205.67,0.00,205.76,5,5.28,,0
2026-04-20 13:16:51,3648,CLOUD,24.09,5742.95,104.79,5872.13,6,2.59,,0
2026-04-20 13:16:57,3649,CLOUD,25.58,3742.39,117.56,3885.89,6,1.95,LOCAL,1
2026-04-20 13:17:01,3650,CLOUD,23.77,3643.59,106.56,3774.21,6,1.57,,0
2026-04-20 13:17:05,3651,CLOUD,29.93,3412.51,101.74,3544.55,6,1.33,,0
2026-04-20 13:17:09,3652,CLOUD,21.54,3680.97,98.67,3801.48,6,1.14,,0
2026-04-20 13:17:12,3653,CLOUD,17.84,3717.39,107.95,3843.53,6,0.99,,0
2026-04-20 13:17:16,3654,CLOUD,21.79,5788.30,86.49,5896.90,6,0.83,,0
2026-04-20 13:17:22,3655,CLOUD,29.51,3754.91,92.41,3877.19,6,0.75,,0
2026-04-20 13:17:26,3656,CLOUD,27.17,4088.50,133.18,4249.16,6,0.68,LOCAL,2
2026-04-20 13:17:30,3657,LOCAL,0.00,292.13,0.00,292.20,5,0.68,,0
2026-04-20 13:17:31,3658,LOCAL,0.00,159.40,0.00,159.46,5,0.68,,0
2026-04-20 13:17:31,3659,LOCAL,0.00,186.23,0.00,186.29,5,0.68,,0
2026-04-20 13:17:31,3660,LOCAL,0.00,173.29,0.00,173.35,5,0.68,CLOUD,1
2026-04-20 13:17:31,3661,LOCAL,0.00,164.67,0.00,164.74,5,0.68,CLOUD,1
2026-04-20 13:17:31,3662,LOCAL,0.00,176.52,0.00,176.58,5,0.68,CLOUD,1
2026-04-20 13:17:31,3663,LOCAL,0.00,157.60,0.00,157.67,5,0.68,CLOUD,1
2026-04-20 13:17:32,3664,LOCAL,0.00,180.78,0.00,180.85,5,0.68,CLOUD,1
2026-04-20 13:17:32,3665,LOCAL,0.00,187.77,0.00,187.84,5,0.68,CLOUD,1
2026-04-20 13:17:32,3666,LOCAL,0.00,232.43,0.00,232.60,5,0.68,CLOUD,1
2026-04-20 13:17:32,3667,LOCAL,0.00,179.47,0.00,179.54,5,0.68,CLOUD,1
2026-04-20 13:17:32,3668,LOCAL,0.00,171.85,0.00,171.92,5,0.68,CLOUD,1
2026-04-20 13:17:33,3669,LOCAL,0.00,189.34,0.00,189.41,5,0.68,CLOUD,1
2026-04-20 13:17:33,3670,LOCAL,0.00,169.19,0.00,169.25,5,0.68,CLOUD,1
2026-04-20 13:17:33,3671,LOCAL,0.00,177.55,0.00,177.60,5,0.68,CLOUD,2
2026-04-20 13:17:33,3672,LOCAL,0.00,197.86,0.00,197.92,5,0.68,CLOUD,2
2026-04-20 13:17:33,3673,LOCAL,0.00,166.02,0.00,166.24,5,0.68,CLOUD,2
2026-04-20 13:17:34,3674,LOCAL,0.00,191.07,0.00,191.13,5,0.68,CLOUD,2
2026-04-20 13:17:34,3675,LOCAL,0.00,179.46,0.00,179.52,5,0.68,CLOUD,2
2026-04-20 13:17:34,3676,LOCAL,0.00,198.04,0.00,198.11,5,0.68,CLOUD,2
2026-04-20 13:17:34,3677,LOCAL,0.00,175.77,0.00,175.84,5,0.78,CLOUD,2
2026-04-20 13:17:34,3678,LOCAL,0.00,211.76,0.00,211.82,5,0.87,CLOUD,2
2026-04-20 13:17:35,3679,LOCAL,0.00,197.48,0.00,197.56,5,0.97,CLOUD,2
2026-04-20 13:17:35,3680,LOCAL,0.00,179.46,0.00,179.56,5,1.10,CLOUD,2
2026-04-20 13:17:35,3681,LOCAL,0.00,151.80,0.00,151.87,5,1.27,,0
2026-04-20 13:17:35,3682,LOCAL,0.00,337.07,0.00,337.20,5,1.51,,0
2026-04-20 13:17:35,3683,CLOUD,17.49,5431.52,112.04,5561.37,6,1.53,,0
2026-04-20 13:17:41,3684,CLOUD,25.52,3488.19,103.50,3617.51,6,1.55,LOCAL,1
2026-04-20 13:17:45,3685,CLOUD,13.33,3804.01,104.18,3921.89,6,1.58,,0
2026-04-20 13:17:49,3686,CLOUD,22.22,4231.00,166.77,4420.33,6,1.29,,0
2026-04-20 13:17:53,3687,CLOUD,25.75,4687.80,110.34,4824.24,6,1.07,,0
2026-04-20 13:17:58,3688,LOCAL,0.00,261.31,0.00,261.38,5,1.07,,0
2026-04-20 13:17:58,3689,LOCAL,0.00,213.67,0.00,213.72,5,1.07,,0
2026-04-20 13:17:58,3690,LOCAL,0.00,180.27,0.00,180.33,5,1.07,,0
2026-04-20 13:17:59,3691,LOCAL,0.00,173.87,0.00,173.93,5,1.07,,0
2026-04-20 13:17:59,3692,LOCAL,0.00,180.92,0.00,180.98,5,1.06,,0
2026-04-20 13:17:59,3693,LOCAL,0.00,229.61,0.00,229.66,5,1.06,,0
2026-04-20 13:17:59,3694,LOCAL,0.00,307.76,0.00,307.90,5,1.06,,0
2026-04-20 13:17:59,3695,LOCAL,0.00,182.51,0.00,182.60,5,1.06,,0
2026-04-20 13:18:00,3696,LOCAL,0.00,187.30,0.00,187.40,5,1.06,,0
2026-04-20 13:18:00,3697,LOCAL,0.00,175.98,0.00,176.05,5,1.06,CLOUD,1
2026-04-20 13:18:00,3698,LOCAL,0.00,179.51,0.00,179.57,5,1.06,CLOUD,1
2026-04-20 13:18:00,3699,LOCAL,0.00,145.46,0.00,145.54,5,1.06,CLOUD,1
2026-04-20 13:18:00,3700,LOCAL,0.00,194.89,0.00,194.95,5,1.06,CLOUD,1
2026-04-20 13:18:01,3701,LOCAL,0.00,152.89,0.00,152.95,5,1.06,CLOUD,1
2026-04-20 13:18:01,3702,LOCAL,0.00,135.29,0.00,135.35,5,1.06,CLOUD,1
2026-04-20 13:18:01,3703,LOCAL,0.00,171.25,0.00,171.32,5,1.06,CLOUD,1
2026-04-20 13:18:01,3704,LOCAL,0.00,162.67,0.00,162.73,5,1.06,CLOUD,1
2026-04-20 13:18:01,3705,LOCAL,0.00,166.12,0.00,166.19,5,1.06,CLOUD,1
2026-04-20 13:18:01,3706,LOCAL,0.00,173.72,0.00,173.78,5,1.06,CLOUD,1
2026-04-20 13:18:02,3707,LOCAL,0.00,195.40,0.00,195.58,5,1.07,CLOUD,1
2026-04-20 13:18:02,3708,LOCAL,0.00,200.02,0.00,200.08,5,1.07,CLOUD,2
2026-04-20 13:18:02,3709,LOCAL,0.00,121.86,0.00,121.92,5,1.07,CLOUD,2
2026-04-20 13:18:02,3710,LOCAL,0.00,161.97,0.00,162.04,5,1.07,CLOUD,2
2026-04-20 13:18:02,3711,LOCAL,0.00,202.01,0.00,202.07,5,1.07,CLOUD,2
2026-04-20 13:18:03,3712,LOCAL,0.00,174.57,0.00,174.65,5,1.33,CLOUD,2
2026-04-20 13:18:03,3713,LOCAL,0.00,158.03,0.00,158.10,5,1.59,CLOUD,2
2026-04-20 13:18:03,3714,LOCAL,0.00,173.81,0.00,173.87,5,1.99,CLOUD,2
2026-04-20 13:18:03,3715,LOCAL,0.00,150.91,0.00,150.97,5,2.82,CLOUD,2
2026-04-20 13:18:03,3716,LOCAL,0.00,163.51,0.00,163.57,5,5.16,CLOUD,2
2026-04-20 13:18:03,3717,LOCAL,0.00,183.05,0.00,183.11,5,5.24,CLOUD,2
2026-04-20 13:18:04,3718,LOCAL,0.00,163.07,0.00,163.13,5,5.28,CLOUD,2
2026-04-20 13:18:04,3719,LOCAL,0.00,297.23,0.00,297.40,5,5.16,,0
2026-04-20 13:18:04,3720,LOCAL,0.00,161.66,0.00,161.79,5,5.17,,0
2026-04-20 13:18:04,3721,CLOUD,24.03,4275.12,103.02,4402.51,6,2.95,,0
2026-04-20 13:18:09,3722,CLOUD,34.66,3583.31,106.65,3724.91,6,2.18,LOCAL,2
2026-04-20 13:18:12,3723,CLOUD,24.37,3486.21,100.12,3611.03,6,1.75,,0
2026-04-20 13:18:16,3724,CLOUD,34.28,3593.46,79.12,3707.15,6,1.44,,0
2026-04-20 13:18:20,3725,CLOUD,23.89,3525.58,112.15,3662.04,6,1.23,,0
2026-04-20 13:18:23,3726,CLOUD,13.57,4951.46,99.14,5064.45,6,1.02,,0
2026-04-20 13:18:29,3727,CLOUD,14.07,3901.14,108.59,4024.20,6,0.90,LOCAL,2
2026-04-20 13:18:33,3728,CLOUD,13.49,3708.08,102.17,3824.03,6,0.80,,0
2026-04-20 13:18:36,3729,CLOUD,32.44,3835.73,109.51,3978.04,6,0.73,,0
2026-04-20 13:18:40,3730,CLOUD,13.22,3511.98,81.24,3606.71,6,0.67,LOCAL,2
2026-04-20 13:18:44,3731,CLOUD,25.85,3677.44,109.03,3812.66,6,0.62,,0
2026-04-20 13:18:48,3732,CLOUD,26.29,5062.65,102.44,5191.67,6,0.56,,0
2026-04-20 13:18:53,3733,CLOUD,17.48,4896.82,103.94,5018.58,6,0.51,LOCAL,1
2026-04-20 13:18:58,3734,CLOUD,30.53,3740.17,95.61,3866.62,6,0.48,,0
2026-04-20 13:19:02,3735,CLOUD,31.89,3452.46,100.21,3584.96,6,0.45,,0
2026-04-20 13:19:06,3736,CLOUD,25.43,3435.84,95.02,3556.58,6,0.43,,0
2026-04-20 13:19:09,3737,CLOUD,25.19,3448.72,103.47,3577.73,6,0.41,LOCAL,1
2026-04-20 13:19:13,3738,CLOUD,29.56,3482.54,110.13,3622.56,6,0.39,,0
2026-04-20 13:19:16,3739,CLOUD,25.67,3758.12,107.80,3891.93,6,0.37,,0
2026-04-20 13:19:20,3740,CLOUD,22.85,3633.67,103.08,3759.95,6,0.36,LOCAL,1
2026-04-20 13:19:24,3741,CLOUD,13.31,5053.19,189.15,5255.99,6,0.34,,0
2026-04-20 13:19:29,3742,CLOUD,21.87,4796.43,91.69,4910.32,6,0.32,LOCAL,2
2026-04-20 13:19:34,3743,CLOUD,21.62,4222.53,104.51,4349.01,6,0.30,LOCAL,1
2026-04-20 13:19:39,3744,CLOUD,33.78,5079.12,84.40,5197.59,6,0.29,,0
2026-04-20 13:19:44,3745,CLOUD,31.76,3684.03,117.18,3833.35,6,0.28,LOCAL,1
2026-04-20 13:19:48,3746,LOCAL,0.00,240.92,0.00,240.99,5,0.28,,0
2026-04-20 13:19:48,3747,LOCAL,0.00,213.87,0.00,213.93,5,0.28,,0
2026-04-20 13:19:48,3748,LOCAL,0.00,179.08,0.00,179.14,5,0.28,,0
2026-04-20 13:19:48,3749,LOCAL,0.00,240.57,0.00,240.63,5,0.28,,0
2026-04-20 13:19:48,3750,LOCAL,0.00,185.68,0.00,185.75,5,0.29,,0
2026-04-20 13:19:49,3751,LOCAL,0.00,278.11,0.00,278.25,5,0.30,,0
2026-04-20 13:19:49,3752,LOCAL,0.00,168.45,0.00,168.52,5,0.31,,0
2026-04-20 13:19:49,3753,LOCAL,0.00,129.58,0.00,129.64,5,0.32,CLOUD,1
2026-04-20 13:19:49,3754,LOCAL,0.00,169.40,0.00,169.46,5,0.34,CLOUD,1
2026-04-20 13:19:49,3755,LOCAL,0.00,163.13,0.00,163.20,5,0.36,CLOUD,1
2026-04-20 13:19:50,3756,LOCAL,0.00,187.92,0.00,187.99,5,0.38,CLOUD,1
2026-04-20 13:19:50,3757,LOCAL,0.00,200.60,0.00,200.67,5,0.39,CLOUD,1
2026-04-20 13:19:50,3758,LOCAL,0.00,182.42,0.00,182.49,5,0.42,CLOUD,1
2026-04-20 13:19:50,3759,LOCAL,0.00,191.10,0.00,191.16,5,0.44,CLOUD,1
2026-04-20 13:19:50,3760,LOCAL,0.00,176.61,0.00,176.68,5,0.46,CLOUD,1
2026-04-20 13:19:51,3761,LOCAL,0.00,190.14,0.00,190.20,5,0.50,CLOUD,1
2026-04-20 13:19:51,3762,LOCAL,0.00,194.17,0.00,194.23,5,0.55,CLOUD,1
2026-04-20 13:19:51,3763,LOCAL,0.00,171.17,0.00,171.23,5,0.59,CLOUD,1
2026-04-20 13:19:51,3764,LOCAL,0.00,198.37,0.00,198.44,5,0.63,CLOUD,2
2026-04-20 13:19:51,3765,LOCAL,0.00,177.56,0.00,177.62,5,0.68,CLOUD,2
2026-04-20 13:19:52,3766,LOCAL,0.00,187.92,0.00,187.98,5,0.74,CLOUD,2
2026-04-20 13:19:52,3767,LOCAL,0.00,245.77,0.00,245.94,5,0.81,CLOUD,2
2026-04-20 13:19:52,3768,LOCAL,0.00,202.33,0.00,202.40,5,0.90,CLOUD,2
2026-04-20 13:19:52,3769,LOCAL,0.00,165.86,0.00,165.93,5,1.02,CLOUD,2
2026-04-20 13:19:52,3770,LOCAL,0.00,176.41,0.00,176.50,5,1.24,CLOUD,2
2026-04-20 13:19:53,3771,LOCAL,0.00,181.08,0.00,181.14,5,1.55,CLOUD,2
2026-04-20 13:19:53,3772,LOCAL,0.00,194.89,0.00,194.95,5,2.00,CLOUD,2
2026-04-20 13:19:53,3773,LOCAL,0.00,190.21,0.00,190.27,5,3.06,CLOUD,2
2026-04-20 13:19:53,3774,LOCAL,0.00,253.84,0.00,253.91,5,4.92,,0
2026-04-20 13:19:53,3775,CLOUD,55.49,3864.86,88.99,4009.74,6,3.00,,0
2026-04-20 13:19:57,3776,CLOUD,24.00,4661.45,106.10,4791.84,6,2.04,,0
2026-04-20 13:20:02,3777,CLOUD,33.44,3406.19,143.04,3583.03,6,1.64,LOCAL,2
2026-04-20 13:20:06,3778,LOCAL,0.00,295.46,0.00,295.57,5,1.64,,0
2026-04-20 13:20:06,3779,LOCAL,0.00,211.88,0.00,211.94,5,1.64,,0
2026-04-20 13:20:06,3780,LOCAL,0.00,188.36,0.00,188.42,5,1.64,,0
2026-04-20 13:20:07,3781,LOCAL,0.00,189.70,0.00,189.76,5,1.64,,0
2026-04-20 13:20:07,3782,LOCAL,0.00,166.41,0.00,166.47,5,1.64,,0
2026-04-20 13:20:07,3783,LOCAL,0.00,180.67,0.00,180.73,5,1.64,,0
2026-04-20 13:20:07,3784,LOCAL,0.00,203.51,0.00,203.57,5,1.64,,0
2026-04-20 13:20:07,3785,LOCAL,0.00,181.12,0.00,181.18,5,1.64,,0
2026-04-20 13:20:08,3786,LOCAL,0.00,302.29,0.00,318.92,5,1.63,,0
2026-04-20 13:20:08,3787,LOCAL,0.00,172.44,0.00,172.51,5,1.63,,0
2026-04-20 13:20:08,3788,LOCAL,0.00,207.57,0.00,207.63,5,1.63,,0
2026-04-20 13:20:08,3789,LOCAL,0.00,161.14,0.00,161.21,5,1.63,,0
2026-04-20 13:20:08,3790,LOCAL,0.00,182.13,0.00,182.23,5,1.63,,0
2026-04-20 13:20:09,3791,LOCAL,0.00,165.51,0.00,165.57,5,1.63,,0
2026-04-20 13:20:09,3792,LOCAL,0.00,181.91,0.00,181.97,5,1.63,CLOUD,1
2026-04-20 13:20:09,3793,LOCAL,0.00,185.65,0.00,185.71,5,1.63,CLOUD,1
2026-04-20 13:20:09,3794,LOCAL,0.00,193.36,0.00,193.43,5,1.63,CLOUD,1
2026-04-20 13:20:09,3795,LOCAL,0.00,175.85,0.00,175.97,5,1.63,CLOUD,1
2026-04-20 13:20:10,3796,LOCAL,0.00,179.01,0.00,179.08,5,1.64,CLOUD,1
2026-04-20 13:20:10,3797,LOCAL,0.00,177.20,0.00,177.29,5,1.64,CLOUD,1
2026-04-20 13:20:10,3798,LOCAL,0.00,192.75,0.00,192.81,5,1.64,CLOUD,1
2026-04-20 13:20:10,3799,LOCAL,0.00,197.73,0.00,197.79,5,1.64,CLOUD,1
2026-04-20 13:20:10,3800,LOCAL,0.00,166.72,0.00,166.78,5,1.64,CLOUD,1
2026-04-20 13:20:10,3801,LOCAL,0.00,193.25,0.00,193.32,5,1.64,CLOUD,1
2026-04-20 13:20:11,3802,LOCAL,0.00,192.30,0.00,193.58,5,1.64,CLOUD,1
2026-04-20 13:20:11,3803,LOCAL,0.00,260.50,0.00,260.63,5,1.64,CLOUD,2
2026-04-20 13:20:11,3804,LOCAL,0.00,173.51,0.00,173.58,5,2.09,CLOUD,2
2026-04-20 13:20:11,3805,LOCAL,0.00,196.96,0.00,197.02,5,3.13,CLOUD,2
2026-04-20 13:20:12,3806,LOCAL,0.00,202.96,0.00,203.07,5,4.93,CLOUD,2
2026-04-20 13:20:12,3807,LOCAL,0.00,185.82,0.00,185.89,5,5.03,CLOUD,2
2026-04-20 13:20:12,3808,LOCAL,0.00,171.69,0.00,171.76,5,5.07,CLOUD,2
2026-04-20 13:20:12,3809,LOCAL,0.00,190.25,0.00,190.31,5,5.07,CLOUD,2
2026-04-20 13:20:12,3810,LOCAL,0.00,176.11,0.00,176.18,5,5.09,CLOUD,2
2026-04-20 13:20:13,3811,LOCAL,0.00,165.00,0.00,165.06,5,5.09,CLOUD,2
2026-04-20 13:20:13,3812,LOCAL,0.00,171.18,0.00,171.25,5,5.09,CLOUD,2
2026-04-20 13:20:13,3813,LOCAL,0.00,253.39,0.00,253.46,5,5.04,,0
2026-04-20 13:20:13,3814,CLOUD,48.46,3665.41,99.94,3814.19,6,3.09,,0
2026-04-20 13:20:17,3815,CLOUD,14.09,4248.14,83.33,4345.93,6,2.16,,0
2026-04-20 13:20:21,3816,CLOUD,14.29,5346.77,103.52,5464.89,6,1.55,,0
2026-04-20 13:20:27,3817,CLOUD,25.75,4704.81,118.53,4849.41,6,1.24,LOCAL,1
2026-04-20 13:20:32,3818,CLOUD,25.39,3878.72,105.82,4010.22,6,1.07,,0
2026-04-20 13:20:36,3819,CLOUD,25.70,4317.41,100.44,4443.91,6,0.92,LOCAL,1
2026-04-20 13:20:40,3820,LOCAL,0.00,415.97,0.00,416.09,5,0.91,,0
2026-04-20 13:20:41,3821,LOCAL,0.00,215.77,0.00,215.84,5,0.91,,0
2026-04-20 13:20:41,3822,LOCAL,0.00,191.56,0.00,191.62,5,0.91,,0
2026-04-20 13:20:41,3823,LOCAL,0.00,150.78,0.00,150.88,5,0.91,,0
2026-04-20 13:20:41,3824,LOCAL,0.00,155.74,0.00,155.83,5,0.91,,0
2026-04-20 13:20:41,3825,LOCAL,0.00,180.37,0.00,180.42,5,0.91,CLOUD,1
2026-04-20 13:20:41,3826,LOCAL,0.00,146.50,0.00,146.57,5,0.92,CLOUD,1
2026-04-20 13:20:42,3827,LOCAL,0.00,164.83,0.00,164.90,5,0.92,CLOUD,1
2026-04-20 13:20:42,3828,LOCAL,0.00,173.38,0.00,173.45,5,0.92,CLOUD,1
2026-04-20 13:20:42,3829,LOCAL,0.00,171.50,0.00,171.56,5,0.92,CLOUD,1
2026-04-20 13:20:42,3830,LOCAL,0.00,187.20,0.00,187.26,5,0.92,CLOUD,1
2026-04-20 13:20:42,3831,LOCAL,0.00,181.06,0.00,181.12,5,0.92,CLOUD,1
2026-04-20 13:20:43,3832,LOCAL,0.00,211.58,0.00,211.64,5,0.92,CLOUD,1
2026-04-20 13:20:43,3833,LOCAL,0.00,139.26,0.00,139.32,5,0.92,CLOUD,1
2026-04-20 13:20:43,3834,LOCAL,0.00,166.66,0.00,166.73,5,0.92,CLOUD,1
2026-04-20 13:20:43,3835,LOCAL,0.00,162.04,0.00,162.12,5,0.92,CLOUD,1
2026-04-20 13:20:43,3836,LOCAL,0.00,159.76,0.00,159.82,5,0.92,CLOUD,1
2026-04-20 13:20:43,3837,LOCAL,0.00,190.87,0.00,190.93,5,0.92,CLOUD,2
2026-04-20 13:20:44,3838,LOCAL,0.00,180.80,0.00,180.86,5,0.92,CLOUD,2
2026-04-20 13:20:44,3839,LOCAL,0.00,170.91,0.00,170.96,5,0.92,CLOUD,2
2026-04-20 13:20:44,3840,LOCAL,0.00,191.25,0.00,196.14,5,0.92,CLOUD,2
2026-04-20 13:20:44,3841,LOCAL,0.00,160.36,0.00,160.42,5,0.92,CLOUD,2
2026-04-20 13:20:44,3842,LOCAL,0.00,141.55,0.00,141.61,5,0.93,CLOUD,2
2026-04-20 13:20:44,3843,LOCAL,0.00,183.47,0.00,183.54,5,1.05,CLOUD,2
2026-04-20 13:20:45,3844,LOCAL,0.00,290.34,0.00,290.48,5,1.22,CLOUD,2
2026-04-20 13:20:45,3845,LOCAL,0.00,197.34,0.00,197.42,5,1.58,CLOUD,2
2026-04-20 13:20:45,3846,LOCAL,0.00,175.60,0.00,181.43,5,2.11,CLOUD,2
2026-04-20 13:20:45,3847,LOCAL,0.00,233.79,0.00,233.88,5,2.91,,0
2026-04-20 13:20:46,3848,CLOUD,25.42,6137.11,85.15,6248.05,6,2.46,,0
2026-04-20 13:20:52,3849,CLOUD,25.37,3541.34,124.44,3691.56,6,1.93,,0
2026-04-20 13:20:56,3850,CLOUD,25.43,3559.05,105.70,3690.49,6,1.57,,0
2026-04-20 13:20:59,3851,CLOUD,22.85,3791.20,114.51,3928.91,6,1.30,,0
2026-04-20 13:21:03,3852,CLOUD,25.52,4140.92,226.57,4393.40,6,1.09,,0
2026-04-20 13:21:08,3853,CLOUD,13.65,3671.70,102.61,3788.32,6,0.96,,0
2026-04-20 13:21:11,3854,CLOUD,25.57,3809.16,95.55,3930.60,6,0.86,,0
2026-04-20 13:21:15,3855,CLOUD,21.76,4498.02,107.48,4627.58,6,0.76,,0
2026-04-20 13:21:20,3856,CLOUD,13.76,3999.20,104.66,4117.91,6,0.69,LOCAL,1
2026-04-20 13:21:24,3857,CLOUD,25.60,3730.35,101.92,3858.21,6,0.63,,0
2026-04-20 13:21:28,3858,CLOUD,25.77,3437.20,107.71,3571.06,6,0.59,,0
2026-04-20 13:21:32,3859,CLOUD,26.77,4830.12,106.70,4963.94,6,0.53,,0
2026-04-20 13:21:37,3860,CLOUD,25.69,3609.87,103.19,3739.05,6,0.50,LOCAL,1
2026-04-20 13:21:40,3861,CLOUD,14.95,3415.42,88.16,3518.86,6,0.47,,0
2026-04-20 13:21:44,3862,CLOUD,25.24,5086.78,111.19,5223.52,6,0.44,,0
2026-04-20 13:21:49,3863,CLOUD,25.73,4235.01,107.27,4368.37,6,0.41,LOCAL,1
2026-04-20 13:21:54,3864,CLOUD,40.69,3485.19,111.48,3637.67,6,0.39,,0
2026-04-20 13:21:57,3865,CLOUD,33.55,4032.65,102.74,4169.29,6,0.37,LOCAL,2
2026-04-20 13:22:01,3866,CLOUD,25.52,5756.16,108.96,5890.93,6,0.35,,0
2026-04-20 13:22:07,3867,CLOUD,31.56,6050.56,137.78,6220.24,6,0.32,LOCAL,2
2026-04-20 13:22:13,3868,LOCAL,0.00,253.23,0.00,253.29,5,0.32,,0
2026-04-20 13:22:14,3869,LOCAL,0.00,178.64,0.00,178.70,5,0.32,,0
2026-04-20 13:22:14,3870,LOCAL,0.00,182.20,0.00,182.26,5,0.32,,0
2026-04-20 13:22:14,3871,LOCAL,0.00,181.41,0.00,181.49,5,0.32,,0
2026-04-20 13:22:14,3872,LOCAL,0.00,211.84,0.00,211.90,5,0.32,,0
2026-04-20 13:22:15,3873,LOCAL,0.00,196.11,0.00,196.17,5,0.32,,0
2026-04-20 13:22:15,3874,LOCAL,0.00,173.60,0.00,173.66,5,0.32,,0
2026-04-20 13:22:15,3875,LOCAL,0.00,252.97,0.00,253.12,5,0.32,,0
2026-04-20 13:22:15,3876,LOCAL,0.00,138.70,0.00,138.78,5,0.32,,0
2026-04-20 13:22:15,3877,LOCAL,0.00,191.66,0.00,191.73,5,0.35,,0
2026-04-20 13:22:16,3878,LOCAL,0.00,180.44,0.00,180.50,5,0.36,,0
2026-04-20 13:22:16,3879,LOCAL,0.00,177.69,0.00,177.77,5,0.38,,0
2026-04-20 13:22:16,3880,LOCAL,0.00,212.80,0.00,222.44,5,0.40,,0
2026-04-20 13:22:16,3881,LOCAL,0.00,176.19,0.00,176.25,5,0.42,CLOUD,1
2026-04-20 13:22:16,3882,LOCAL,0.00,190.44,0.00,190.51,5,0.45,CLOUD,1
2026-04-20 13:22:17,3883,LOCAL,0.00,180.82,0.00,180.88,5,0.47,CLOUD,1
2026-04-20 13:22:17,3884,LOCAL,0.00,207.20,0.00,207.25,5,0.51,CLOUD,1
2026-04-20 13:22:17,3885,LOCAL,0.00,196.15,0.00,196.21,5,0.55,CLOUD,1
2026-04-20 13:22:17,3886,LOCAL,0.00,181.40,0.00,181.47,5,0.59,CLOUD,1
2026-04-20 13:22:17,3887,LOCAL,0.00,188.59,0.00,188.65,5,0.63,CLOUD,1
2026-04-20 13:22:18,3888,LOCAL,0.00,180.49,0.00,180.55,5,0.71,CLOUD,1
2026-04-20 13:22:18,3889,LOCAL,0.00,186.33,0.00,186.39,5,0.77,CLOUD,1
2026-04-20 13:22:18,3890,LOCAL,0.00,148.24,0.00,148.30,5,0.85,CLOUD,1
2026-04-20 13:22:18,3891,LOCAL,0.00,302.21,0.00,302.34,5,0.99,CLOUD,1
2026-04-20 13:22:18,3892,LOCAL,0.00,170.57,0.00,170.64,5,1.16,CLOUD,2
2026-04-20 13:22:19,3893,LOCAL,0.00,158.26,0.00,158.36,5,1.34,CLOUD,2
2026-04-20 13:22:19,3894,LOCAL,0.00,158.54,0.00,158.68,5,1.65,CLOUD,2
2026-04-20 13:22:19,3895,LOCAL,0.00,176.51,0.00,176.57,5,2.45,CLOUD,2
2026-04-20 13:22:19,3896,LOCAL,0.00,215.31,0.00,215.37,5,4.97,CLOUD,2
2026-04-20 13:22:19,3897,LOCAL,0.00,166.55,0.00,166.61,5,5.06,CLOUD,2
2026-04-20 13:22:19,3898,LOCAL,0.00,214.44,0.00,214.50,5,5.03,CLOUD,2
2026-04-20 13:22:20,3899,LOCAL,0.00,179.52,0.00,179.57,5,5.04,CLOUD,2
2026-04-20 13:22:20,3900,LOCAL,0.00,176.65,0.00,176.72,5,5.05,CLOUD,2
2026-04-20 13:22:20,3901,LOCAL,0.00,167.85,0.00,167.95,5,5.09,CLOUD,2
2026-04-20 13:22:20,3902,LOCAL,0.00,270.95,0.00,271.02,5,5.03,,0
2026-04-20 13:22:21,3903,CLOUD,25.90,4940.14,99.54,5065.99,6,2.72,,0
2026-04-20 13:22:26,3904,CLOUD,27.51,4255.62,70.41,4353.84,6,1.97,,0
2026-04-20 13:22:30,3905,CLOUD,30.93,3816.08,99.16,3946.55,6,1.56,,0
2026-04-20 13:22:34,3906,CLOUD,25.46,4105.53,102.52,4233.86,6,1.28,,0
2026-04-20 13:22:38,3907,CLOUD,99.88,4172.17,121.71,4394.16,6,1.08,,0
2026-04-20 13:22:43,3908,CLOUD,25.21,3861.45,106.72,3993.68,6,0.95,LOCAL,1
2026-04-20 13:22:47,3909,CLOUD,25.87,4136.83,95.52,4258.58,6,0.84,,0
2026-04-20 13:22:51,3910,CLOUD,25.29,6657.63,109.40,6792.63,6,0.70,LOCAL,2
2026-04-20 13:22:58,3911,LOCAL,0.00,246.58,0.00,246.65,5,0.70,,0
2026-04-20 13:22:58,3912,LOCAL,0.00,203.26,0.00,203.32,5,0.70,,0
2026-04-20 13:22:58,3913,LOCAL,0.00,199.99,0.00,200.05,5,0.70,,0
2026-04-20 13:22:58,3914,LOCAL,0.00,143.55,0.00,143.62,5,0.70,,0
2026-04-20 13:22:58,3915,LOCAL,0.00,172.16,0.00,172.23,5,0.70,,0
2026-04-20 13:22:59,3916,LOCAL,0.00,220.49,0.00,220.54,5,0.70,,0
2026-04-20 13:22:59,3917,LOCAL,0.00,284.14,0.00,284.31,5,0.70,,0
2026-04-20 13:22:59,3918,LOCAL,0.00,169.17,0.00,169.26,5,0.70,,0
2026-04-20 13:22:59,3919,LOCAL,0.00,180.51,0.00,180.58,5,0.70,,0
2026-04-20 13:23:00,3920,LOCAL,0.00,166.80,0.00,166.86,5,0.70,,0
2026-04-20 13:23:00,3921,LOCAL,0.00,171.14,0.00,171.21,5,0.70,,0
2026-04-20 13:23:00,3922,LOCAL,0.00,166.07,0.00,166.13,5,0.70,CLOUD,1
2026-04-20 13:23:00,3923,LOCAL,0.00,195.61,0.00,195.67,5,0.70,CLOUD,1
2026-04-20 13:23:00,3924,LOCAL,0.00,191.56,0.00,191.62,5,0.70,CLOUD,1
2026-04-20 13:23:00,3925,LOCAL,0.00,195.33,0.00,195.39,5,0.70,CLOUD,1
2026-04-20 13:23:01,3926,LOCAL,0.00,195.32,0.00,195.38,5,0.70,CLOUD,1
2026-04-20 13:23:01,3927,LOCAL,0.00,140.21,0.00,140.28,5,0.70,CLOUD,1
2026-04-20 13:23:01,3928,LOCAL,0.00,170.64,0.00,170.71,5,0.70,CLOUD,1
2026-04-20 13:23:01,3929,LOCAL,0.00,199.88,0.00,199.94,5,0.70,CLOUD,1
2026-04-20 13:23:01,3930,LOCAL,0.00,194.49,0.00,194.58,5,0.70,CLOUD,1
2026-04-20 13:23:02,3931,LOCAL,0.00,179.93,0.00,180.00,5,0.70,CLOUD,1
2026-04-20 13:23:02,3932,LOCAL,0.00,194.22,0.00,194.28,5,0.80,CLOUD,1
2026-04-20 13:23:02,3933,LOCAL,0.00,187.62,0.00,187.68,5,0.90,CLOUD,2
2026-04-20 13:23:02,3934,LOCAL,0.00,287.07,0.00,287.15,5,1.01,CLOUD,2
2026-04-20 13:23:02,3935,LOCAL,0.00,178.01,0.00,178.07,5,1.18,CLOUD,2
2026-04-20 13:23:03,3936,LOCAL,0.00,175.86,0.00,175.92,5,1.43,CLOUD,2
2026-04-20 13:23:03,3937,LOCAL,0.00,189.54,0.00,189.61,5,1.76,CLOUD,2
2026-04-20 13:23:03,3938,LOCAL,0.00,172.66,0.00,172.76,5,2.34,CLOUD,2
2026-04-20 13:23:03,3939,LOCAL,0.00,178.59,0.00,178.67,5,5.00,CLOUD,2
2026-04-20 13:23:03,3940,LOCAL,0.00,176.28,0.00,176.34,5,5.05,CLOUD,2
2026-04-20 13:23:04,3941,LOCAL,0.00,167.66,0.00,167.72,5,5.08,CLOUD,2
2026-04-20 13:23:04,3942,LOCAL,0.00,161.41,0.00,161.48,5,5.12,CLOUD,2
2026-04-20 13:23:04,3943,LOCAL,0.00,188.80,0.00,188.87,5,5.09,,0
2026-04-20 13:23:04,3944,LOCAL,0.00,174.45,0.00,174.52,5,5.09,,0
2026-04-20 13:23:04,3945,LOCAL,0.00,160.84,0.00,160.91,5,5.15,,0
2026-04-20 13:23:04,3946,LOCAL,0.00,160.54,0.00,160.60,5,5.27,,0
2026-04-20 13:23:05,3947,LOCAL,0.00,158.65,0.00,158.71,5,5.28,,0
2026-04-20 13:23:05,3948,LOCAL,0.00,176.04,0.00,176.10,5,5.29,,0
2026-04-20 13:23:05,3949,LOCAL,0.00,197.00,0.00,197.07,5,5.27,,0
2026-04-20 13:23:05,3950,LOCAL,0.00,166.99,0.00,167.06,5,5.29,,0
2026-04-20 13:23:05,3951,LOCAL,0.00,181.62,0.00,181.70,5,5.27,,0
2026-04-20 13:23:06,3952,LOCAL,0.00,164.01,0.00,164.07,5,5.29,,0
2026-04-20 13:23:06,3953,LOCAL,0.00,155.17,0.00,155.23,5,5.33,,0
2026-04-20 13:23:06,3954,LOCAL,0.00,168.66,0.00,168.71,5,5.34,,0
2026-04-20 13:23:06,3955,LOCAL,0.00,160.92,0.00,160.98,5,5.36,,0
2026-04-20 13:23:06,3956,LOCAL,0.00,175.13,0.00,175.19,5,5.33,,0
2026-04-20 13:23:06,3957,LOCAL,0.00,173.17,0.00,173.23,5,5.33,,0
2026-04-20 13:23:07,3958,LOCAL,0.00,182.80,0.00,182.88,5,5.35,,0
2026-04-20 13:23:07,3959,LOCAL,0.00,232.42,0.00,232.49,5,5.32,,0
2026-04-20 13:23:07,3960,LOCAL,0.00,188.21,0.00,188.27,5,5.33,,0
2026-04-20 13:23:07,3961,LOCAL,0.00,154.65,0.00,154.70,5,5.36,,0
2026-04-20 13:23:07,3962,LOCAL,0.00,178.26,0.00,178.32,5,5.37,,0
2026-04-20 13:23:08,3963,LOCAL,0.00,168.61,0.00,168.66,5,5.49,,0
2026-04-20 13:23:08,3964,LOCAL,0.00,170.94,0.00,171.00,5,5.50,,0
2026-04-20 13:23:08,3965,LOCAL,0.00,169.59,0.00,169.67,5,5.50,,0
2026-04-20 13:23:08,3966,LOCAL,0.00,194.02,0.00,194.08,5,5.48,,0
2026-04-20 13:23:08,3967,LOCAL,0.00,205.08,0.00,205.14,5,5.45,,0
2026-04-20 13:23:09,3968,LOCAL,0.00,175.74,0.00,175.81,5,5.48,,0
2026-04-20 13:23:09,3969,LOCAL,0.00,167.02,0.00,167.08,5,5.49,,0
2026-04-20 13:23:09,3970,LOCAL,0.00,169.61,0.00,169.67,5,5.48,,0
2026-04-20 13:23:09,3971,LOCAL,0.00,114.86,0.00,114.91,5,5.51,,0
2026-04-20 13:23:09,3972,LOCAL,0.00,216.53,0.00,216.61,5,5.48,,0
2026-04-20 13:23:09,3973,LOCAL,0.00,155.41,0.00,155.49,5,5.48,,0
2026-04-20 13:23:10,3974,LOCAL,0.00,176.87,0.00,176.94,5,5.47,,0
2026-04-20 13:23:10,3975,LOCAL,0.00,194.31,0.00,194.38,5,5.44,,0
2026-04-20 13:23:10,3976,LOCAL,0.00,186.24,0.00,186.31,5,5.41,CLOUD,1
2026-04-20 13:23:10,3977,LOCAL,0.00,173.61,0.00,173.67,5,5.41,CLOUD,1
2026-04-20 13:23:10,3978,LOCAL,0.00,159.72,0.00,159.79,5,5.45,CLOUD,1
2026-04-20 13:23:11,3979,LOCAL,0.00,175.50,0.00,175.57,5,5.43,CLOUD,1
2026-04-20 13:23:11,3980,LOCAL,0.00,181.13,0.00,181.20,5,5.44,CLOUD,1
2026-04-20 13:23:11,3981,LOCAL,0.00,180.31,0.00,180.38,5,5.43,CLOUD,1
2026-04-20 13:23:11,3982,LOCAL,0.00,171.78,0.00,171.84,5,5.40,CLOUD,1
2026-04-20 13:23:11,3983,LOCAL,0.00,166.51,0.00,166.57,5,5.41,CLOUD,1
2026-04-20 13:23:11,3984,LOCAL,0.00,177.94,0.00,178.00,5,5.41,CLOUD,1
2026-04-20 13:23:12,3985,LOCAL,0.00,181.28,0.00,181.34,5,5.39,CLOUD,1
2026-04-20 13:23:12,3986,LOCAL,0.00,210.23,0.00,210.30,5,5.35,CLOUD,1
2026-04-20 13:23:12,3987,LOCAL,0.00,194.76,0.00,194.82,5,5.34,CLOUD,2
2026-04-20 13:23:12,3988,LOCAL,0.00,171.79,0.00,171.85,5,5.41,CLOUD,2
2026-04-20 13:23:12,3989,LOCAL,0.00,180.68,0.00,180.76,5,5.32,CLOUD,2
2026-04-20 13:23:13,3990,LOCAL,0.00,174.51,0.00,174.57,5,5.31,CLOUD,2
2026-04-20 13:23:13,3991,LOCAL,0.00,169.22,0.00,169.29,5,5.32,CLOUD,2
2026-04-20 13:23:13,3992,LOCAL,0.00,173.19,0.00,173.26,5,5.32,CLOUD,2
2026-04-20 13:23:13,3993,LOCAL,0.00,160.20,0.00,160.26,5,5.34,CLOUD,2
2026-04-20 13:23:13,3994,LOCAL,0.00,175.53,0.00,175.59,5,5.33,CLOUD,2
2026-04-20 13:23:14,3995,LOCAL,0.00,150.21,0.00,150.27,5,5.37,CLOUD,2
2026-04-20 13:23:14,3996,LOCAL,0.00,187.29,0.00,187.35,5,5.38,CLOUD,2
2026-04-20 13:23:14,3997,LOCAL,0.00,296.74,0.00,296.80,5,5.26,CLOUD,2
2026-04-20 13:23:14,3998,CLOUD,25.29,5557.05,110.97,5693.69,6,2.63,,0
2026-04-20 13:23:20,3999,CLOUD,22.94,4812.34,113.51,4949.23,6,1.83,LOCAL,2
2026-04-20 13:23:25,4000,LOCAL,0.00,232.00,0.00,232.08,5,1.82,CLOUD,2
2026-04-20 13:23:25,4001,LOCAL,0.00,183.64,0.00,183.70,5,1.83,CLOUD,2
2026-04-20 13:23:25,4002,LOCAL,0.00,226.50,0.00,226.57,5,1.82,CLOUD,2
2026-04-20 13:23:26,4003,LOCAL,0.00,194.35,0.00,194.41,5,1.82,CLOUD,2
2026-04-20 13:23:26,4004,LOCAL,0.00,180.84,0.00,180.90,5,1.82,CLOUD,2
2026-04-20 13:23:26,4005,LOCAL,0.00,181.45,0.00,181.52,5,1.82,CLOUD,2
2026-04-20 13:23:26,4006,LOCAL,0.00,184.54,0.00,184.60,5,1.82,CLOUD,2
2026-04-20 13:23:26,4007,LOCAL,0.00,207.52,0.00,207.65,5,1.81,,0
2026-04-20 13:23:27,4008,LOCAL,0.00,250.57,0.00,250.68,5,1.81,,0
2026-04-20 13:23:27,4009,CLOUD,25.88,5239.25,116.13,5381.63,6,1.36,,0
2026-04-20 13:23:32,4010,CLOUD,25.37,8230.58,93.49,8360.03,6,0.98,,0
2026-04-20 13:23:41,4011,LOCAL,0.00,250.83,0.00,250.89,5,0.98,,0
2026-04-20 13:23:41,4012,LOCAL,0.00,177.45,0.00,177.51,5,0.98,,0
2026-04-20 13:23:41,4013,LOCAL,0.00,178.41,0.00,178.47,5,0.98,CLOUD,1
2026-04-20 13:23:41,4014,LOCAL,0.00,158.30,0.00,158.36,5,0.98,CLOUD,1
2026-04-20 13:23:41,4015,LOCAL,0.00,179.42,0.00,179.48,5,0.98,CLOUD,1
2026-04-20 13:23:42,4016,LOCAL,0.00,166.85,0.00,166.91,5,0.98,CLOUD,1
2026-04-20 13:23:42,4017,LOCAL,0.00,155.59,0.00,155.66,5,0.99,CLOUD,1
2026-04-20 13:23:42,4018,LOCAL,0.00,179.33,0.00,179.39,5,0.99,CLOUD,1
2026-04-20 13:23:42,4019,LOCAL,0.00,146.68,0.00,146.74,5,0.99,CLOUD,1
2026-04-20 13:23:42,4020,LOCAL,0.00,164.95,0.00,165.01,5,0.99,CLOUD,1
2026-04-20 13:23:42,4021,LOCAL,0.00,183.91,0.00,183.98,5,0.99,CLOUD,1
2026-04-20 13:23:43,4022,LOCAL,0.00,175.34,0.00,175.40,5,0.99,CLOUD,1
2026-04-20 13:23:43,4023,LOCAL,0.00,270.55,0.00,270.64,5,0.98,CLOUD,1
2026-04-20 13:23:43,4024,LOCAL,0.00,187.00,0.00,187.07,5,0.98,CLOUD,2
2026-04-20 13:23:43,4025,LOCAL,0.00,188.85,0.00,188.92,5,0.98,CLOUD,2
2026-04-20 13:23:43,4026,LOCAL,0.00,173.47,0.00,173.53,5,0.99,CLOUD,2
2026-04-20 13:23:44,4027,LOCAL,0.00,165.47,0.00,165.54,5,1.22,CLOUD,2
2026-04-20 13:23:44,4028,LOCAL,0.00,188.94,0.00,189.00,5,1.52,CLOUD,2
2026-04-20 13:23:44,4029,LOCAL,0.00,173.62,0.00,173.68,5,1.53,CLOUD,2
2026-04-20 13:23:44,4030,LOCAL,0.00,182.81,0.00,182.87,5,1.53,CLOUD,2
2026-04-20 13:23:44,4031,LOCAL,0.00,148.09,0.00,148.15,5,1.53,CLOUD,2
2026-04-20 13:23:44,4032,LOCAL,0.00,173.77,0.00,173.84,5,1.54,CLOUD,2
2026-04-20 13:23:45,4033,LOCAL,0.00,166.82,0.00,166.90,5,1.54,CLOUD,2
2026-04-20 13:23:45,4034,LOCAL,0.00,183.48,0.00,183.55,5,1.54,CLOUD,2
2026-04-20 13:23:45,4035,LOCAL,0.00,152.36,0.00,152.42,5,1.54,,0
2026-04-20 13:23:45,4036,LOCAL,0.00,158.95,0.00,159.02,5,1.54,,0
2026-04-20 13:23:45,4037,LOCAL,0.00,256.83,0.00,256.90,5,1.54,,0
2026-04-20 13:23:46,4038,CLOUD,59.07,6096.57,179.46,6335.44,6,1.47,,0
2026-04-20 13:23:52,4039,CLOUD,21.30,4826.54,224.51,5072.71,6,1.76,,0
2026-04-20 13:23:57,4040,CLOUD,25.41,5232.85,143.37,5401.92,6,1.34,LOCAL,2
2026-04-20 13:24:02,4041,CLOUD,17.48,4694.26,109.57,4821.64,6,1.10,,0
2026-04-20 13:24:07,4042,CLOUD,29.89,6975.17,162.55,7168.06,6,0.87,,0
2026-04-20 13:24:14,4043,CLOUD,33.46,5592.10,119.64,5745.56,6,0.75,,0
2026-04-20 13:24:20,4044,LOCAL,0.00,253.35,0.00,253.42,5,0.75,,0
2026-04-20 13:24:20,4045,LOCAL,0.00,308.71,0.00,308.79,5,0.74,,0
2026-04-20 13:24:21,4046,LOCAL,0.00,147.77,0.00,147.92,5,0.74,CLOUD,1
2026-04-20 13:24:21,4047,LOCAL,0.00,185.27,0.00,185.33,5,0.74,CLOUD,1
2026-04-20 13:24:21,4048,LOCAL,0.00,192.07,0.00,192.13,5,0.74,CLOUD,1
2026-04-20 13:24:21,4049,LOCAL,0.00,173.37,0.00,173.43,5,0.74,CLOUD,1
2026-04-20 13:24:21,4050,LOCAL,0.00,164.67,0.00,164.73,5,0.74,CLOUD,1
2026-04-20 13:24:22,4051,LOCAL,0.00,165.16,0.00,165.22,5,0.74,CLOUD,1
2026-04-20 13:24:22,4052,LOCAL,0.00,165.50,0.00,165.56,5,0.74,CLOUD,1
2026-04-20 13:24:22,4053,LOCAL,0.00,194.16,0.00,194.22,5,0.74,CLOUD,1
2026-04-20 13:24:22,4054,LOCAL,0.00,175.98,0.00,176.09,5,0.74,CLOUD,1
2026-04-20 13:24:22,4055,LOCAL,0.00,173.92,0.00,173.98,5,0.74,CLOUD,1
2026-04-20 13:24:23,4056,LOCAL,0.00,168.39,0.00,168.46,5,0.74,CLOUD,2
2026-04-20 13:24:23,4057,LOCAL,0.00,173.10,0.00,173.16,5,0.74,CLOUD,2
2026-04-20 13:24:23,4058,LOCAL,0.00,197.03,0.00,197.11,5,0.74,CLOUD,2
2026-04-20 13:24:23,4059,LOCAL,0.00,169.34,0.00,169.41,5,0.74,CLOUD,2
2026-04-20 13:24:23,4060,LOCAL,0.00,175.97,0.00,176.07,5,0.74,CLOUD,2
2026-04-20 13:24:23,4061,LOCAL,0.00,165.42,0.00,165.48,5,0.74,CLOUD,2
2026-04-20 13:24:24,4062,LOCAL,0.00,200.95,0.00,207.21,5,0.74,CLOUD,2
2026-04-20 13:24:24,4063,LOCAL,0.00,185.38,0.00,185.47,5,0.74,CLOUD,2
2026-04-20 13:24:24,4064,LOCAL,0.00,165.23,0.00,165.29,5,0.74,CLOUD,2
2026-04-20 13:24:24,4065,LOCAL,0.00,164.52,0.00,164.57,5,0.74,CLOUD,2
2026-04-20 13:24:25,4066,LOCAL,0.00,183.74,0.00,183.80,5,0.74,CLOUD,2
2026-04-20 13:24:25,4067,LOCAL,0.00,282.31,0.00,282.44,5,0.88,,0
2026-04-20 13:24:25,4068,CLOUD,28.21,5622.79,92.70,5744.05,6,0.86,,0
2026-04-20 13:24:31,4069,CLOUD,13.67,6980.14,109.89,7104.12,6,0.82,,0
2026-04-20 13:24:38,4070,LOCAL,0.00,252.29,0.00,252.36,5,0.94,,0
2026-04-20 13:24:38,4071,LOCAL,0.00,181.70,0.00,181.77,5,1.21,,0
2026-04-20 13:24:38,4072,LOCAL,0.00,171.13,0.00,171.19,5,1.58,,0
2026-04-20 13:24:39,4073,LOCAL,0.00,167.99,0.00,168.05,5,1.58,,0
2026-04-20 13:24:39,4074,LOCAL,0.00,174.24,0.00,174.31,5,1.60,,0
2026-04-20 13:24:39,4075,LOCAL,0.00,159.22,0.00,159.28,5,1.59,,0
2026-04-20 13:24:39,4076,LOCAL,0.00,165.71,0.00,165.77,5,1.60,,0
2026-04-20 13:24:39,4077,LOCAL,0.00,157.49,0.00,157.56,5,1.60,,0
2026-04-20 13:24:39,4078,LOCAL,0.00,204.30,0.00,204.36,5,1.60,,0
2026-04-20 13:24:40,4079,LOCAL,0.00,166.72,0.00,166.78,5,1.60,,0
2026-04-20 13:24:40,4080,LOCAL,0.00,170.41,0.00,170.47,5,1.60,,0
2026-04-20 13:24:40,4081,LOCAL,0.00,205.48,0.00,205.54,5,1.60,,0
2026-04-20 13:24:40,4082,LOCAL,0.00,156.78,0.00,156.85,5,1.59,,0
2026-04-20 13:24:40,4083,LOCAL,0.00,171.65,0.00,171.72,5,1.59,,0
2026-04-20 13:24:41,4084,LOCAL,0.00,196.28,0.00,196.34,5,1.59,,0
2026-04-20 13:24:41,4085,LOCAL,0.00,155.92,0.00,156.18,5,1.59,,0
2026-04-20 13:24:41,4086,LOCAL,0.00,192.27,0.00,192.33,5,1.59,,0
2026-04-20 13:24:41,4087,LOCAL,0.00,205.19,0.00,205.26,5,1.59,CLOUD,1
2026-04-20 13:24:41,4088,LOCAL,0.00,176.18,0.00,176.24,5,1.59,CLOUD,1
2026-04-20 13:24:42,4089,LOCAL,0.00,183.83,0.00,183.90,5,1.59,CLOUD,1
2026-04-20 13:24:42,4090,LOCAL,0.00,158.77,0.00,158.83,5,1.59,CLOUD,1
2026-04-20 13:24:42,4091,LOCAL,0.00,175.71,0.00,175.77,5,1.60,CLOUD,1
2026-04-20 13:24:42,4092,LOCAL,0.00,179.83,0.00,179.89,5,1.60,CLOUD,1
2026-04-20 13:24:42,4093,LOCAL,0.00,164.31,0.00,164.37,5,1.60,CLOUD,1
2026-04-20 13:24:42,4094,LOCAL,0.00,161.57,0.00,161.64,5,1.60,CLOUD,1
2026-04-20 13:24:43,4095,LOCAL,0.00,173.91,0.00,173.96,5,1.60,CLOUD,1
2026-04-20 13:24:43,4096,LOCAL,0.00,150.16,0.00,150.22,5,1.62,CLOUD,1
2026-04-20 13:24:43,4097,LOCAL,0.00,174.51,0.00,174.57,5,2.34,CLOUD,1
2026-04-20 13:24:43,4098,LOCAL,0.00,156.00,0.00,156.07,5,5.34,CLOUD,1
2026-04-20 13:24:43,4099,LOCAL,0.00,173.14,0.00,173.21,5,5.42,CLOUD,2
2026-04-20 13:24:44,4100,LOCAL,0.00,205.60,0.00,205.66,5,5.40,CLOUD,2
2026-04-20 13:24:44,4101,LOCAL,0.00,179.39,0.00,179.44,5,5.40,CLOUD,2
2026-04-20 13:24:44,4102,LOCAL,0.00,174.01,0.00,174.07,5,5.39,CLOUD,2
2026-04-20 13:24:44,4103,LOCAL,0.00,162.75,0.00,162.82,5,5.40,CLOUD,2
2026-04-20 13:24:44,4104,LOCAL,0.00,177.54,0.00,177.60,5,5.40,CLOUD,2
2026-04-20 13:24:44,4105,LOCAL,0.00,136.15,0.00,136.23,5,5.42,CLOUD,2
2026-04-20 13:24:45,4106,LOCAL,0.00,171.77,0.00,171.83,5,5.39,CLOUD,2
2026-04-20 13:24:45,4107,LOCAL,0.00,263.93,0.00,264.01,5,5.33,CLOUD,2
2026-04-20 13:24:45,4108,LOCAL,0.00,151.15,0.00,151.22,5,5.35,CLOUD,2
2026-04-20 13:24:45,4109,LOCAL,0.00,174.03,0.00,174.09,5,5.33,,0
2026-04-20 13:24:45,4110,LOCAL,0.00,267.94,0.00,268.03,5,5.25,,0
2026-04-20 13:24:46,4111,CLOUD,29.48,5297.72,98.87,5426.45,6,2.72,,0
2026-04-20 13:24:51,4112,CLOUD,36.63,5236.28,85.37,5358.58,6,1.83,LOCAL,1
2026-04-20 13:24:56,4113,CLOUD,13.80,5463.00,97.83,5575.01,6,1.37,LOCAL,1
2026-04-20 13:25:02,4114,LOCAL,0.00,263.16,0.00,263.23,5,1.36,CLOUD,1
2026-04-20 13:25:02,4115,LOCAL,0.00,205.88,0.00,205.94,5,1.36,CLOUD,1
2026-04-20 13:25:03,4116,LOCAL,0.00,199.79,0.00,199.86,5,1.36,CLOUD,1
2026-04-20 13:25:03,4117,LOCAL,0.00,192.05,0.00,192.11,5,1.36,CLOUD,1
2026-04-20 13:25:03,4118,LOCAL,0.00,184.94,0.00,185.03,5,1.35,CLOUD,1
2026-04-20 13:25:03,4119,LOCAL,0.00,234.56,0.00,234.62,5,1.34,CLOUD,1
2026-04-20 13:25:04,4120,LOCAL,0.00,195.32,0.00,195.41,5,1.34,CLOUD,1
2026-04-20 13:25:04,4121,LOCAL,0.00,173.47,0.00,173.55,5,1.34,CLOUD,1
2026-04-20 13:25:04,4122,LOCAL,0.00,179.16,0.00,179.22,5,1.34,CLOUD,1
2026-04-20 13:25:04,4123,LOCAL,0.00,192.35,0.00,192.43,5,1.34,CLOUD,2
2026-04-20 13:25:04,4124,LOCAL,0.00,162.00,0.00,162.07,5,1.34,CLOUD,2
2026-04-20 13:25:04,4125,LOCAL,0.00,193.22,0.00,193.28,5,1.34,CLOUD,2
2026-04-20 13:25:05,4126,LOCAL,0.00,167.15,0.00,167.22,5,1.34,CLOUD,2
2026-04-20 13:25:05,4127,LOCAL,0.00,177.79,0.00,177.85,5,1.34,CLOUD,2
2026-04-20 13:25:05,4128,LOCAL,0.00,162.40,0.00,162.46,5,1.34,CLOUD,2
2026-04-20 13:25:05,4129,LOCAL,0.00,185.48,0.00,185.55,5,1.34,CLOUD,2
2026-04-20 13:25:05,4130,LOCAL,0.00,157.90,0.00,157.96,5,1.34,CLOUD,2
2026-04-20 13:25:06,4131,LOCAL,0.00,178.62,0.00,178.68,5,1.34,CLOUD,2
2026-04-20 13:25:06,4132,LOCAL,0.00,175.32,0.00,175.41,5,1.34,CLOUD,2
2026-04-20 13:25:06,4133,LOCAL,0.00,197.45,0.00,197.52,5,1.34,CLOUD,2
2026-04-20 13:25:06,4134,LOCAL,0.00,257.66,0.00,259.03,5,1.32,,0
2026-04-20 13:25:06,4135,CLOUD,40.50,4967.53,112.48,5121.12,6,1.08,,0
2026-04-20 13:25:12,4136,CLOUD,26.21,5939.52,98.65,6064.68,6,0.89,,0
2026-04-20 13:25:18,4137,CLOUD,21.52,6020.90,77.01,6119.84,6,0.75,,0
2026-04-20 13:25:24,4138,CLOUD,14.59,10167.27,122.86,10305.59,6,0.60,LOCAL,2
2026-04-20 13:25:34,4139,LOCAL,0.00,243.35,0.00,243.42,5,0.60,,0
2026-04-20 13:25:34,4140,LOCAL,0.00,219.12,0.00,219.18,5,0.67,,0
2026-04-20 13:25:35,4141,LOCAL,0.00,168.72,0.00,168.79,5,0.76,,0
2026-04-20 13:25:35,4142,LOCAL,0.00,169.29,0.00,169.35,5,0.88,,0
2026-04-20 13:25:35,4143,LOCAL,0.00,183.57,0.00,183.63,5,0.88,,0
2026-04-20 13:25:35,4144,LOCAL,0.00,148.07,0.00,148.14,5,0.89,,0
2026-04-20 13:25:35,4145,LOCAL,0.00,184.60,0.00,184.66,5,0.89,,0
2026-04-20 13:25:35,4146,LOCAL,0.00,169.21,0.00,169.28,5,0.89,,0
2026-04-20 13:25:36,4147,LOCAL,0.00,179.57,0.00,179.63,5,0.89,,0
2026-04-20 13:25:36,4148,LOCAL,0.00,177.43,0.00,177.50,5,0.89,,0
2026-04-20 13:25:36,4149,LOCAL,0.00,146.67,0.00,146.73,5,0.89,,0
2026-04-20 13:25:36,4150,LOCAL,0.00,186.52,0.00,186.58,5,0.89,,0
2026-04-20 13:25:36,4151,LOCAL,0.00,272.33,0.00,272.41,5,0.89,,0
2026-04-20 13:25:37,4152,LOCAL,0.00,181.05,0.00,181.12,5,0.89,CLOUD,1
2026-04-20 13:25:37,4153,LOCAL,0.00,191.57,0.00,191.63,5,0.89,CLOUD,1
2026-04-20 13:25:37,4154,LOCAL,0.00,192.18,0.00,192.24,5,0.89,CLOUD,1
2026-04-20 13:25:37,4155,LOCAL,0.00,232.52,0.00,232.58,5,0.89,CLOUD,1
2026-04-20 13:25:38,4156,LOCAL,0.00,197.64,0.00,197.71,5,0.89,CLOUD,1
2026-04-20 13:25:38,4157,LOCAL,0.00,190.66,0.00,190.72,5,0.89,CLOUD,1
2026-04-20 13:25:38,4158,LOCAL,0.00,196.36,0.00,196.42,5,0.89,CLOUD,1
2026-04-20 13:25:38,4159,LOCAL,0.00,189.32,0.00,189.38,5,0.89,CLOUD,1
2026-04-20 13:25:38,4160,LOCAL,0.00,159.28,0.00,159.36,5,0.89,CLOUD,1
2026-04-20 13:25:38,4161,LOCAL,0.00,166.09,0.00,166.14,5,0.89,CLOUD,1
2026-04-20 13:25:39,4162,LOCAL,0.00,176.02,0.00,176.07,5,0.89,CLOUD,2
2026-04-20 13:25:39,4163,LOCAL,0.00,177.21,0.00,177.27,5,0.89,CLOUD,2
2026-04-20 13:25:39,4164,LOCAL,0.00,167.20,0.00,167.27,5,1.05,CLOUD,2
2026-04-20 13:25:39,4165,LOCAL,0.00,157.02,0.00,157.09,5,1.34,CLOUD,2
2026-04-20 13:25:39,4166,LOCAL,0.00,163.32,0.00,163.38,5,1.85,CLOUD,2
2026-04-20 13:25:40,4167,LOCAL,0.00,159.82,0.00,159.88,5,5.20,CLOUD,2
2026-04-20 13:25:40,4168,LOCAL,0.00,162.61,0.00,162.68,5,5.27,CLOUD,2
2026-04-20 13:25:40,4169,LOCAL,0.00,277.11,0.00,277.18,5,5.20,CLOUD,2
2026-04-20 13:25:40,4170,LOCAL,0.00,145.30,0.00,146.44,5,5.22,CLOUD,2
2026-04-20 13:25:40,4171,LOCAL,0.00,199.16,0.00,199.25,5,5.19,CLOUD,2
2026-04-20 13:25:41,4172,LOCAL,0.00,197.13,0.00,197.20,5,5.17,CLOUD,2
2026-04-20 13:25:41,4173,LOCAL,0.00,154.79,0.00,154.85,5,5.17,,0
2026-04-20 13:25:41,4174,LOCAL,0.00,157.12,0.00,157.18,5,5.20,,0
2026-04-20 13:25:41,4175,LOCAL,0.00,170.08,0.00,170.15,5,5.19,,0
2026-04-20 13:25:41,4176,LOCAL,0.00,183.49,0.00,183.55,5,5.20,,0
2026-04-20 13:25:41,4177,LOCAL,0.00,167.11,0.00,167.19,5,5.20,,0
2026-04-20 13:25:42,4178,LOCAL,0.00,144.09,0.00,144.15,5,5.21,,0
2026-04-20 13:25:42,4179,LOCAL,0.00,172.30,0.00,172.36,5,5.23,,0
2026-04-20 13:25:42,4180,LOCAL,0.00,173.28,0.00,173.35,5,5.34,,0
2026-04-20 13:25:42,4181,LOCAL,0.00,168.08,0.00,168.14,5,5.34,,0
2026-04-20 13:25:42,4182,LOCAL,0.00,171.92,0.00,171.97,5,5.37,,0
2026-04-20 13:25:42,4183,LOCAL,0.00,150.19,0.00,150.24,5,5.41,,0
2026-04-20 13:25:43,4184,LOCAL,0.00,155.12,0.00,155.18,5,5.47,,0
2026-04-20 13:25:43,4185,LOCAL,0.00,134.87,0.00,134.94,5,5.53,,0
2026-04-20 13:25:43,4186,LOCAL,0.00,245.43,0.00,245.55,5,5.46,,0
2026-04-20 13:25:43,4187,LOCAL,0.00,145.48,0.00,145.59,5,5.50,,0
2026-04-20 13:25:43,4188,LOCAL,0.00,175.48,0.00,175.54,5,5.51,,0
2026-04-20 13:25:44,4189,LOCAL,0.00,150.89,0.00,150.98,5,5.52,,0
2026-04-20 13:25:44,4190,LOCAL,0.00,170.53,0.00,170.59,5,5.53,,0
2026-04-20 13:25:44,4191,LOCAL,0.00,165.78,0.00,165.86,5,5.53,,0
2026-04-20 13:25:44,4192,LOCAL,0.00,169.00,0.00,169.06,5,5.54,,0
2026-04-20 13:25:44,4193,LOCAL,0.00,148.44,0.00,148.50,5,5.54,,0
2026-04-20 13:25:44,4194,LOCAL,0.00,118.29,0.00,118.36,5,5.59,,0
2026-04-20 13:25:45,4195,LOCAL,0.00,175.10,0.00,175.17,5,5.58,,0
2026-04-20 13:25:45,4196,LOCAL,0.00,162.95,0.00,163.01,5,5.59,CLOUD,1
2026-04-20 13:25:45,4197,LOCAL,0.00,170.08,0.00,170.14,5,5.61,CLOUD,1
2026-04-20 13:25:45,4198,LOCAL,0.00,148.42,0.00,148.48,5,5.75,CLOUD,1
2026-04-20 13:25:45,4199,LOCAL,0.00,159.95,0.00,160.01,5,5.72,CLOUD,1
2026-04-20 13:25:45,4200,LOCAL,0.00,157.66,0.00,157.73,5,5.75,CLOUD,1
2026-04-20 13:25:46,4201,LOCAL,0.00,161.29,0.00,161.35,5,5.80,CLOUD,1
2026-04-20 13:25:46,4202,LOCAL,0.00,170.46,0.00,170.51,5,5.78,CLOUD,1
2026-04-20 13:25:46,4203,LOCAL,0.00,175.94,0.00,175.99,5,5.77,CLOUD,1
2026-04-20 13:25:46,4204,LOCAL,0.00,164.53,0.00,164.59,5,5.79,CLOUD,1
2026-04-20 13:25:46,4205,LOCAL,0.00,151.24,0.00,151.30,5,5.83,CLOUD,1
2026-04-20 13:25:46,4206,LOCAL,0.00,165.78,0.00,165.86,5,5.82,CLOUD,1
2026-04-20 13:25:47,4207,LOCAL,0.00,162.34,0.00,162.39,5,5.80,CLOUD,1
2026-04-20 13:25:47,4208,LOCAL,0.00,192.52,0.00,192.58,5,5.79,CLOUD,2
2026-04-20 13:25:47,4209,LOCAL,0.00,193.06,0.00,193.12,5,5.77,CLOUD,2
2026-04-20 13:25:47,4210,LOCAL,0.00,201.81,0.00,201.87,5,5.74,CLOUD,2
2026-04-20 13:25:47,4211,LOCAL,0.00,161.31,0.00,161.37,5,5.75,CLOUD,2
2026-04-20 13:25:48,4212,LOCAL,0.00,142.53,0.00,142.58,5,5.74,CLOUD,2
2026-04-20 13:25:48,4213,LOCAL,0.00,165.09,0.00,165.15,5,5.74,CLOUD,2
2026-04-20 13:25:48,4214,LOCAL,0.00,180.11,0.00,180.17,5,5.71,CLOUD,2
2026-04-20 13:25:48,4215,LOCAL,0.00,178.12,0.00,178.18,5,5.79,CLOUD,2
2026-04-20 13:25:48,4216,LOCAL,0.00,166.96,0.00,167.02,5,5.79,CLOUD,2
2026-04-20 13:25:48,4217,LOCAL,0.00,157.40,0.00,157.46,5,5.81,CLOUD,2
2026-04-20 13:25:49,4218,LOCAL,0.00,138.85,0.00,138.90,5,5.84,CLOUD,2
2026-04-20 13:25:49,4219,LOCAL,0.00,277.22,0.00,277.30,5,5.71,CLOUD,2
2026-04-20 13:25:49,4220,CLOUD,13.71,9948.77,97.27,10060.48,6,1.94,,0
2026-04-20 13:25:59,4221,CLOUD,25.51,5113.10,97.16,5236.12,6,1.45,,0
2026-04-20 13:26:04,4222,CLOUD,13.21,9877.54,102.78,9994.23,6,0.97,LOCAL,2
2026-04-20 13:26:14,4223,CLOUD,25.37,6979.82,94.07,7099.62,6,0.79,LOCAL,2
2026-04-20 13:26:21,4224,CLOUD,29.45,4915.48,98.14,5043.37,6,0.69,,0
2026-04-20 13:26:26,4225,CLOUD,25.55,5441.78,97.70,5565.39,6,0.61,LOCAL,1
2026-04-20 13:26:32,4226,CLOUD,25.71,5991.01,100.57,6117.61,6,0.55,,0
2026-04-20 13:26:38,4227,CLOUD,25.28,7712.40,99.24,7837.26,6,0.48,,0
2026-04-20 13:26:46,4228,CLOUD,25.46,9396.44,96.78,9519.37,6,0.41,LOCAL,2
2026-04-20 13:26:56,4229,LOCAL,0.00,225.00,0.00,225.08,5,0.41,CLOUD,1
2026-04-20 13:26:56,4230,LOCAL,0.00,194.89,0.00,194.96,5,0.41,CLOUD,1
2026-04-20 13:26:56,4231,LOCAL,0.00,192.38,0.00,192.45,5,0.41,CLOUD,1
2026-04-20 13:26:56,4232,LOCAL,0.00,286.32,0.00,286.44,5,0.41,CLOUD,1
2026-04-20 13:26:57,4233,LOCAL,0.00,198.65,0.00,198.71,5,0.41,CLOUD,1
2026-04-20 13:26:57,4234,LOCAL,0.00,179.53,0.00,179.59,5,0.41,CLOUD,1
2026-04-20 13:26:57,4235,LOCAL,0.00,156.51,0.00,156.57,5,0.41,CLOUD,1
2026-04-20 13:26:57,4236,LOCAL,0.00,168.59,0.00,168.66,5,0.41,CLOUD,2
2026-04-20 13:26:57,4237,LOCAL,0.00,160.14,0.00,160.20,5,0.41,CLOUD,2
2026-04-20 13:26:57,4238,LOCAL,0.00,193.36,0.00,193.41,5,0.41,CLOUD,2
2026-04-20 13:26:58,4239,LOCAL,0.00,185.52,0.00,185.58,5,0.41,CLOUD,2
2026-04-20 13:26:58,4240,LOCAL,0.00,194.71,0.00,194.77,5,0.41,CLOUD,2
2026-04-20 13:26:58,4241,LOCAL,0.00,192.26,0.00,192.34,5,0.41,CLOUD,2
2026-04-20 13:26:58,4242,LOCAL,0.00,175.84,0.00,188.14,5,0.41,CLOUD,2
2026-04-20 13:26:58,4243,LOCAL,0.00,183.82,0.00,183.88,5,0.41,CLOUD,2
2026-04-20 13:26:59,4244,LOCAL,0.00,213.88,0.00,213.95,5,0.41,CLOUD,2
2026-04-20 13:26:59,4245,LOCAL,0.00,188.85,0.00,188.93,5,0.41,CLOUD,2
2026-04-20 13:26:59,4246,LOCAL,0.00,178.47,0.00,178.56,5,0.41,CLOUD,2
2026-04-20 13:26:59,4247,LOCAL,0.00,391.72,0.00,391.86,5,0.41,,0
2026-04-20 13:27:00,4248,CLOUD,13.60,8998.96,123.51,9136.77,6,0.36,,0
2026-04-20 13:27:09,4249,LOCAL,0.00,245.26,0.00,245.33,5,0.41,,0
2026-04-20 13:27:09,4250,LOCAL,0.00,178.30,0.00,178.35,5,0.45,,0
2026-04-20 13:27:09,4251,LOCAL,0.00,180.13,0.00,180.19,5,0.53,,0
2026-04-20 13:27:09,4252,LOCAL,0.00,175.69,0.00,175.75,5,0.60,,0
2026-04-20 13:27:10,4253,LOCAL,0.00,270.39,0.00,270.52,5,0.67,,0
2026-04-20 13:27:10,4254,LOCAL,0.00,169.06,0.00,169.14,5,0.76,,0
2026-04-20 13:27:10,4255,LOCAL,0.00,189.73,0.00,189.79,5,0.90,,0
2026-04-20 13:27:10,4256,LOCAL,0.00,161.79,0.00,161.85,5,1.19,,0
2026-04-20 13:27:10,4257,LOCAL,0.00,181.48,0.00,181.55,5,1.93,,0
2026-04-20 13:27:11,4258,LOCAL,0.00,190.72,0.00,190.77,5,1.93,,0
2026-04-20 13:27:11,4259,LOCAL,0.00,202.20,0.00,202.26,5,1.93,,0
2026-04-20 13:27:11,4260,LOCAL,0.00,174.89,0.00,174.95,5,1.94,,0
2026-04-20 13:27:11,4261,LOCAL,0.00,186.96,0.00,187.02,5,1.95,,0
2026-04-20 13:27:11,4262,LOCAL,0.00,168.87,0.00,168.93,5,1.96,,0
2026-04-20 13:27:12,4263,LOCAL,0.00,173.84,0.00,173.91,5,1.95,,0
2026-04-20 13:27:12,4264,LOCAL,0.00,177.53,0.00,177.60,5,1.95,CLOUD,1
2026-04-20 13:27:12,4265,LOCAL,0.00,166.87,0.00,166.95,5,1.96,CLOUD,1
2026-04-20 13:27:12,4266,LOCAL,0.00,165.71,0.00,165.77,5,1.95,CLOUD,1
2026-04-20 13:27:12,4267,LOCAL,0.00,167.56,0.00,167.62,5,1.96,CLOUD,1
2026-04-20 13:27:12,4268,LOCAL,0.00,178.09,0.00,178.16,5,1.96,CLOUD,1
2026-04-20 13:27:13,4269,LOCAL,0.00,183.60,0.00,183.67,5,1.96,CLOUD,1
2026-04-20 13:27:13,4270,LOCAL,0.00,261.25,0.00,261.38,5,1.95,CLOUD,1
2026-04-20 13:27:13,4271,LOCAL,0.00,183.34,0.00,183.41,5,1.95,CLOUD,1
2026-04-20 13:27:13,4272,LOCAL,0.00,174.13,0.00,174.21,5,1.95,CLOUD,1
2026-04-20 13:27:13,4273,LOCAL,0.00,189.96,0.00,190.03,5,1.95,CLOUD,1
2026-04-20 13:27:14,4274,LOCAL,0.00,203.48,0.00,203.60,5,1.95,CLOUD,2
2026-04-20 13:27:14,4275,LOCAL,0.00,202.11,0.00,202.17,5,1.95,CLOUD,2
2026-04-20 13:27:14,4276,LOCAL,0.00,165.25,0.00,165.32,5,1.98,CLOUD,2
2026-04-20 13:27:14,4277,LOCAL,0.00,203.44,0.00,203.52,5,5.07,CLOUD,2
2026-04-20 13:27:14,4278,LOCAL,0.00,205.09,0.00,205.15,5,5.11,CLOUD,2
2026-04-20 13:27:15,4279,LOCAL,0.00,205.25,0.00,211.56,5,5.08,CLOUD,2
2026-04-20 13:27:15,4280,LOCAL,0.00,195.70,0.00,195.77,5,5.09,CLOUD,2
2026-04-20 13:27:15,4281,LOCAL,0.00,157.88,0.00,157.94,5,5.12,CLOUD,2
2026-04-20 13:27:15,4282,LOCAL,0.00,196.45,0.00,196.51,5,5.19,CLOUD,2
2026-04-20 13:27:15,4283,LOCAL,0.00,189.72,0.00,189.78,5,5.17,CLOUD,2
2026-04-20 13:27:16,4284,LOCAL,0.00,161.51,0.00,161.57,5,5.19,,0
2026-04-20 13:27:16,4285,LOCAL,0.00,235.96,0.00,236.03,5,5.12,,0
2026-04-20 13:27:16,4286,CLOUD,13.67,10539.08,103.27,10656.76,6,1.80,,0
2026-04-20 13:27:27,4287,CLOUD,13.37,10703.81,105.19,10823.16,6,1.08,LOCAL,1
2026-04-20 13:27:38,4288,LOCAL,0.00,264.40,0.00,264.47,5,1.08,,0
2026-04-20 13:27:38,4289,LOCAL,0.00,207.58,0.00,207.64,5,1.08,,0
2026-04-20 13:27:38,4290,LOCAL,0.00,199.60,0.00,199.65,5,1.08,,0
2026-04-20 13:27:38,4291,LOCAL,0.00,272.08,0.00,272.16,5,1.08,,0
2026-04-20 13:27:39,4292,LOCAL,0.00,190.73,0.00,190.80,5,1.08,,0
2026-04-20 13:27:39,4293,LOCAL,0.00,168.74,0.00,168.81,5,1.08,,0
2026-04-20 13:27:39,4294,LOCAL,0.00,174.40,0.00,174.46,5,1.08,,0
2026-04-20 13:27:39,4295,LOCAL,0.00,168.59,0.00,168.65,5,1.08,,0
2026-04-20 13:27:39,4296,LOCAL,0.00,204.80,0.00,204.86,5,1.07,,0
2026-04-20 13:27:39,4297,LOCAL,0.00,172.06,0.00,172.13,5,1.07,CLOUD,1
2026-04-20 13:27:40,4298,LOCAL,0.00,159.68,0.00,159.74,5,1.08,CLOUD,1
2026-04-20 13:27:40,4299,LOCAL,0.00,183.38,0.00,183.45,5,1.08,CLOUD,1
2026-04-20 13:27:40,4300,LOCAL,0.00,162.68,0.00,162.75,5,1.08,CLOUD,1
2026-04-20 13:27:40,4301,LOCAL,0.00,167.21,0.00,167.27,5,1.08,CLOUD,1
2026-04-20 13:27:40,4302,LOCAL,0.00,162.89,0.00,171.16,5,1.08,CLOUD,1
2026-04-20 13:27:41,4303,LOCAL,0.00,162.60,0.00,162.66,5,1.08,CLOUD,1
2026-04-20 13:27:41,4304,LOCAL,0.00,193.69,0.00,193.79,5,1.08,CLOUD,1
2026-04-20 13:27:41,4305,LOCAL,0.00,165.54,0.00,165.60,5,1.08,CLOUD,1
2026-04-20 13:27:41,4306,LOCAL,0.00,171.79,0.00,171.85,5,1.08,CLOUD,1
2026-04-20 13:27:41,4307,LOCAL,0.00,315.42,0.00,320.18,5,1.08,CLOUD,1
2026-04-20 13:27:42,4308,LOCAL,0.00,163.87,0.00,163.95,5,1.08,CLOUD,2
2026-04-20 13:27:42,4309,LOCAL,0.00,176.52,0.00,176.59,5,1.08,CLOUD,2
2026-04-20 13:27:42,4310,LOCAL,0.00,161.52,0.00,161.59,5,1.08,CLOUD,2
2026-04-20 13:27:42,4311,LOCAL,0.00,178.94,0.00,179.00,5,1.08,CLOUD,2
2026-04-20 13:27:42,4312,LOCAL,0.00,170.35,0.00,170.41,5,1.08,CLOUD,2
2026-04-20 13:27:42,4313,LOCAL,0.00,174.37,0.00,174.43,5,1.08,CLOUD,2
2026-04-20 13:27:43,4314,LOCAL,0.00,182.01,0.00,182.07,5,1.08,CLOUD,2
2026-04-20 13:27:43,4315,LOCAL,0.00,181.20,0.00,181.30,5,1.78,CLOUD,2
2026-04-20 13:27:43,4316,LOCAL,0.00,153.12,0.00,153.19,5,5.17,CLOUD,2
2026-04-20 13:27:43,4317,LOCAL,0.00,169.73,0.00,169.79,5,5.24,CLOUD,2
2026-04-20 13:27:43,4318,LOCAL,0.00,165.31,0.00,165.37,5,5.27,CLOUD,2
2026-04-20 13:27:44,4319,LOCAL,0.00,190.39,0.00,190.45,5,5.28,,0
2026-04-20 13:27:44,4320,LOCAL,0.00,246.51,0.00,246.67,5,5.31,,0
2026-04-20 13:27:44,4321,CLOUD,43.02,8144.33,99.20,8288.51,6,2.14,,0
2026-04-20 13:27:52,4322,CLOUD,31.30,7991.97,120.30,8143.95,6,1.35,LOCAL,2
2026-04-20 13:28:00,4323,LOCAL,0.00,239.81,0.00,239.87,5,1.34,,0
2026-04-20 13:28:01,4324,LOCAL,0.00,216.34,0.00,216.41,5,1.34,,0
2026-04-20 13:28:01,4325,LOCAL,0.00,207.25,0.00,207.32,5,1.34,,0
2026-04-20 13:28:01,4326,LOCAL,0.00,205.35,0.00,205.45,5,1.33,,0
2026-04-20 13:28:01,4327,LOCAL,0.00,183.86,0.00,183.93,5,1.33,,0
2026-04-20 13:28:02,4328,LOCAL,0.00,178.84,0.00,178.91,5,1.33,,0
2026-04-20 13:28:02,4329,LOCAL,0.00,268.30,0.00,268.43,5,1.33,,0
2026-04-20 13:28:02,4330,LOCAL,0.00,158.35,0.00,158.44,5,1.33,,0
2026-04-20 13:28:02,4331,LOCAL,0.00,171.76,0.00,171.82,5,1.33,,0
2026-04-20 13:28:02,4332,LOCAL,0.00,174.34,0.00,174.41,5,1.33,,0
2026-04-20 13:28:03,4333,LOCAL,0.00,185.60,0.00,185.66,5,1.33,,0
2026-04-20 13:28:03,4334,LOCAL,0.00,167.19,0.00,167.27,5,1.33,CLOUD,1
2026-04-20 13:28:03,4335,LOCAL,0.00,174.65,0.00,174.72,5,1.33,CLOUD,1
2026-04-20 13:28:03,4336,LOCAL,0.00,136.60,0.00,136.70,5,1.34,CLOUD,1
2026-04-20 13:28:03,4337,LOCAL,0.00,197.12,0.00,197.19,5,1.34,CLOUD,1
2026-04-20 13:28:03,4338,LOCAL,0.00,195.82,0.00,195.88,5,1.33,CLOUD,1
2026-04-20 13:28:04,4339,LOCAL,0.00,164.35,0.00,164.43,5,1.33,CLOUD,1
2026-04-20 13:28:04,4340,LOCAL,0.00,178.14,0.00,178.21,5,1.33,CLOUD,1
2026-04-20 13:28:04,4341,LOCAL,0.00,156.24,0.00,156.30,5,1.33,CLOUD,1
2026-04-20 13:28:04,4342,LOCAL,0.00,183.83,0.00,183.89,5,1.33,CLOUD,1
2026-04-20 13:28:04,4343,LOCAL,0.00,211.53,0.00,211.59,5,1.33,CLOUD,1
2026-04-20 13:28:05,4344,LOCAL,0.00,193.24,0.00,193.30,5,1.33,CLOUD,2
2026-04-20 13:28:05,4345,LOCAL,0.00,162.04,0.00,162.11,5,1.33,CLOUD,2
2026-04-20 13:28:05,4346,LOCAL,0.00,259.82,0.00,261.50,5,1.32,CLOUD,2
2026-04-20 13:28:05,4347,LOCAL,0.00,208.93,0.00,209.01,5,1.32,CLOUD,2
2026-04-20 13:28:05,4348,LOCAL,0.00,165.24,0.00,165.34,5,1.32,CLOUD,2
2026-04-20 13:28:06,4349,LOCAL,0.00,189.48,0.00,189.58,5,1.33,CLOUD,2
2026-04-20 13:28:06,4350,LOCAL,0.00,181.38,0.00,181.48,5,2.11,CLOUD,2
2026-04-20 13:28:06,4351,LOCAL,0.00,179.72,0.00,179.78,5,5.00,CLOUD,2
2026-04-20 13:28:06,4352,LOCAL,0.00,151.54,0.00,151.64,5,5.08,CLOUD,2
2026-04-20 13:28:06,4353,LOCAL,0.00,165.55,0.00,165.61,5,5.14,CLOUD,2
2026-04-20 13:28:07,4354,LOCAL,0.00,151.04,0.00,151.10,5,5.20,CLOUD,2
2026-04-20 13:28:07,4355,LOCAL,0.00,167.79,0.00,167.86,5,5.24,,0
2026-04-20 13:28:07,4356,LOCAL,0.00,227.65,0.00,227.79,5,5.21,,0
2026-04-20 13:28:07,4357,LOCAL,0.00,207.71,0.00,207.78,5,5.19,,0
2026-04-20 13:28:07,4358,CLOUD,13.59,5196.01,112.18,5322.14,6,2.72,,0
2026-04-20 13:28:13,4359,CLOUD,13.48,6983.33,93.12,7090.29,6,1.65,,0
2026-04-20 13:28:20,4360,CLOUD,29.67,10204.92,104.12,10339.40,6,1.04,LOCAL,1
2026-04-20 13:28:30,4361,LOCAL,0.00,247.83,0.00,247.94,5,1.04,,0
2026-04-20 13:28:30,4362,LOCAL,0.00,201.45,0.00,201.51,5,1.04,,0
2026-04-20 13:28:31,4363,LOCAL,0.00,197.89,0.00,197.95,5,1.04,,0
2026-04-20 13:28:31,4364,LOCAL,0.00,188.99,0.00,189.06,5,1.04,,0
2026-04-20 13:28:31,4365,LOCAL,0.00,211.02,0.00,211.08,5,1.04,,0
2026-04-20 13:28:31,4366,LOCAL,0.00,206.96,0.00,207.02,5,1.04,,0
2026-04-20 13:28:31,4367,LOCAL,0.00,167.45,0.00,167.52,5,1.04,,0
2026-04-20 13:28:32,4368,LOCAL,0.00,276.18,0.00,276.26,5,1.03,,0
2026-04-20 13:28:32,4369,LOCAL,0.00,164.24,0.00,164.30,5,1.03,,0
2026-04-20 13:28:32,4370,LOCAL,0.00,183.42,0.00,183.48,5,1.03,,0
2026-04-20 13:28:32,4371,LOCAL,0.00,196.70,0.00,196.77,5,1.03,,0
2026-04-20 13:28:32,4372,LOCAL,0.00,155.69,0.00,155.76,5,1.04,,0
2026-04-20 13:28:33,4373,LOCAL,0.00,177.02,0.00,177.09,5,1.04,,0
2026-04-20 13:28:33,4374,LOCAL,0.00,182.26,0.00,182.33,5,1.04,,0
2026-04-20 13:28:33,4375,LOCAL,0.00,200.30,0.00,200.37,5,1.04,,0
2026-04-20 13:28:33,4376,LOCAL,0.00,203.51,0.00,203.57,5,1.04,,0
2026-04-20 13:28:33,4377,LOCAL,0.00,161.39,0.00,161.45,5,1.04,CLOUD,1
2026-04-20 13:28:34,4378,LOCAL,0.00,173.42,0.00,173.48,5,1.04,CLOUD,1
2026-04-20 13:28:34,4379,LOCAL,0.00,189.81,0.00,189.87,5,1.04,CLOUD,1
2026-04-20 13:28:34,4380,LOCAL,0.00,174.87,0.00,174.93,5,1.04,CLOUD,1
2026-04-20 13:28:34,4381,LOCAL,0.00,174.76,0.00,174.82,5,1.04,CLOUD,1
2026-04-20 13:28:34,4382,LOCAL,0.00,177.18,0.00,177.25,5,1.04,CLOUD,1
2026-04-20 13:28:35,4383,LOCAL,0.00,178.29,0.00,178.35,5,1.04,CLOUD,1
2026-04-20 13:28:35,4384,LOCAL,0.00,290.51,0.00,290.63,5,1.03,CLOUD,1
2026-04-20 13:28:35,4385,LOCAL,0.00,170.17,0.00,170.27,5,1.03,CLOUD,1
2026-04-20 13:28:35,4386,LOCAL,0.00,184.88,0.00,184.94,5,1.03,CLOUD,1
2026-04-20 13:28:35,4387,LOCAL,0.00,153.36,0.00,153.42,5,1.27,CLOUD,2
2026-04-20 13:28:36,4388,LOCAL,0.00,196.29,0.00,196.36,5,1.81,CLOUD,2
2026-04-20 13:28:36,4389,LOCAL,0.00,195.20,0.00,195.27,5,4.95,CLOUD,2
2026-04-20 13:28:36,4390,LOCAL,0.00,175.43,0.00,175.49,5,5.03,CLOUD,2
2026-04-20 13:28:36,4391,LOCAL,0.00,178.11,0.00,178.17,5,5.04,CLOUD,2
2026-04-20 13:28:36,4392,LOCAL,0.00,167.31,0.00,167.37,5,5.06,CLOUD,2
2026-04-20 13:28:37,4393,LOCAL,0.00,150.55,0.00,150.61,5,5.10,CLOUD,2
2026-04-20 13:28:37,4394,LOCAL,0.00,180.63,0.00,180.70,5,5.13,CLOUD,2
2026-04-20 13:28:37,4395,LOCAL,0.00,196.34,0.00,196.40,5,5.14,CLOUD,2
2026-04-20 13:28:37,4396,LOCAL,0.00,178.06,0.00,178.12,5,5.12,CLOUD,2
2026-04-20 13:28:37,4397,LOCAL,0.00,183.28,0.00,183.34,5,5.20,CLOUD,2
2026-04-20 13:28:37,4398,LOCAL,0.00,244.98,0.00,245.06,5,5.13,,0
2026-04-20 13:28:38,4399,CLOUD,17.42,7199.98,116.47,7334.26,6,2.26,,0
2026-04-20 13:28:45,4400,CLOUD,25.57,5723.36,125.93,5875.19,6,1.57,LOCAL,2
2026-04-20 13:28:51,4401,CLOUD,38.24,5978.08,101.90,6118.57,6,1.19,,0
2026-04-20 13:28:57,4402,LOCAL,0.00,246.72,0.00,246.78,5,1.18,,0
2026-04-20 13:28:57,4403,LOCAL,0.00,224.63,0.00,224.69,5,1.18,,0
2026-04-20 13:28:58,4404,LOCAL,0.00,185.79,0.00,185.85,5,1.18,,0
2026-04-20 13:28:58,4405,LOCAL,0.00,226.37,0.00,226.43,5,1.18,,0
2026-04-20 13:28:58,4406,LOCAL,0.00,220.49,0.00,220.57,5,1.18,,0
2026-04-20 13:28:58,4407,LOCAL,0.00,182.86,0.00,182.92,5,1.18,,0
2026-04-20 13:28:58,4408,LOCAL,0.00,182.31,0.00,182.50,5,1.18,,0
2026-04-20 13:28:59,4409,LOCAL,0.00,146.45,0.00,146.51,5,1.18,,0
2026-04-20 13:28:59,4410,LOCAL,0.00,163.08,0.00,163.15,5,1.18,,0
2026-04-20 13:28:59,4411,LOCAL,0.00,153.85,0.00,153.91,5,1.18,,0
2026-04-20 13:28:59,4412,LOCAL,0.00,175.92,0.00,175.98,5,1.18,,0
2026-04-20 13:28:59,4413,LOCAL,0.00,244.10,0.00,244.24,5,1.18,,0
2026-04-20 13:28:59,4414,LOCAL,0.00,200.67,0.00,200.73,5,1.18,,0
2026-04-20 13:29:00,4415,LOCAL,0.00,171.87,0.00,172.15,5,1.18,,0
2026-04-20 13:29:00,4416,LOCAL,0.00,169.97,0.00,170.03,5,1.18,,0
2026-04-20 13:29:00,4417,LOCAL,0.00,157.37,0.00,157.43,5,1.19,,0
2026-04-20 13:29:00,4418,LOCAL,0.00,141.19,0.00,141.25,5,1.19,,0
2026-04-20 13:29:00,4419,LOCAL,0.00,180.48,0.00,180.54,5,1.19,,0
2026-04-20 13:29:01,4420,LOCAL,0.00,192.60,0.00,192.66,5,1.19,,0
2026-04-20 13:29:01,4421,LOCAL,0.00,175.89,0.00,175.95,5,1.19,,0
2026-04-20 13:29:01,4422,LOCAL,0.00,160.97,0.00,161.05,5,1.19,,0
2026-04-20 13:29:01,4423,LOCAL,0.00,160.37,0.00,160.44,5,1.19,,0
2026-04-20 13:29:01,4424,LOCAL,0.00,166.89,0.00,166.95,5,1.19,,0
2026-04-20 13:29:01,4425,LOCAL,0.00,181.42,0.00,181.48,5,1.19,,0
2026-04-20 13:29:02,4426,LOCAL,0.00,191.08,0.00,191.14,5,1.19,,0
2026-04-20 13:29:02,4427,LOCAL,0.00,186.80,0.00,186.86,5,1.19,,0
2026-04-20 13:29:02,4428,LOCAL,0.00,174.05,0.00,174.14,5,1.69,,0
2026-04-20 13:29:02,4429,LOCAL,0.00,189.23,0.00,189.30,5,2.52,,0
2026-04-20 13:29:02,4430,LOCAL,0.00,258.76,0.00,258.89,5,5.14,,0
2026-04-20 13:29:03,4431,LOCAL,0.00,187.78,0.00,187.89,5,5.19,,0
2026-04-20 13:29:03,4432,LOCAL,0.00,158.92,0.00,158.98,5,5.25,,0
2026-04-20 13:29:03,4433,LOCAL,0.00,166.40,0.00,166.46,5,5.27,,0
2026-04-20 13:29:03,4434,LOCAL,0.00,212.34,0.00,212.39,5,5.28,CLOUD,1
2026-04-20 13:29:03,4435,LOCAL,0.00,177.83,0.00,177.89,5,5.32,CLOUD,1
2026-04-20 13:29:04,4436,LOCAL,0.00,153.26,0.00,153.33,5,5.35,CLOUD,1
2026-04-20 13:29:04,4437,LOCAL,0.00,166.35,0.00,166.41,5,5.38,CLOUD,1
2026-04-20 13:29:04,4438,LOCAL,0.00,204.77,0.00,204.82,5,5.33,CLOUD,1
2026-04-20 13:29:04,4439,LOCAL,0.00,202.08,0.00,202.14,5,5.29,CLOUD,1
2026-04-20 13:29:04,4440,LOCAL,0.00,186.14,0.00,186.20,5,5.27,CLOUD,1
2026-04-20 13:29:05,4441,LOCAL,0.00,183.35,0.00,183.40,5,5.26,CLOUD,1
2026-04-20 13:29:05,4442,LOCAL,0.00,188.94,0.00,189.00,5,5.33,CLOUD,1
2026-04-20 13:29:05,4443,LOCAL,0.00,205.23,0.00,205.30,5,5.33,CLOUD,1
2026-04-20 13:29:05,4444,LOCAL,0.00,189.28,0.00,189.36,5,5.32,CLOUD,1
2026-04-20 13:29:05,4445,LOCAL,0.00,181.85,0.00,181.92,5,5.30,CLOUD,2
2026-04-20 13:29:06,4446,LOCAL,0.00,195.42,0.00,195.48,5,5.27,CLOUD,2
2026-04-20 13:29:06,4447,LOCAL,0.00,181.89,0.00,181.96,5,5.11,CLOUD,2
2026-04-20 13:29:06,4448,LOCAL,0.00,161.49,0.00,161.57,5,5.11,CLOUD,2
2026-04-20 13:29:06,4449,LOCAL,0.00,186.28,0.00,186.34,5,5.11,CLOUD,2
2026-04-20 13:29:06,4450,LOCAL,0.00,183.79,0.00,183.86,5,5.10,CLOUD,2
2026-04-20 13:29:07,4451,LOCAL,0.00,202.81,0.00,202.88,5,5.08,CLOUD,2
2026-04-20 13:29:07,4452,LOCAL,0.00,200.01,0.00,200.08,5,5.03,CLOUD,2
2026-04-20 13:29:07,4453,LOCAL,0.00,218.67,0.00,218.73,5,4.98,CLOUD,2
2026-04-20 13:29:07,4454,LOCAL,0.00,164.43,0.00,164.49,5,4.98,,0
2026-04-20 13:29:07,4455,LOCAL,0.00,316.81,0.00,316.89,5,4.85,,0
2026-04-20 13:29:08,4456,CLOUD,31.05,5408.96,118.99,5559.38,6,2.55,,0
2026-04-20 13:29:13,4457,CLOUD,38.09,5987.29,155.06,6180.78,6,1.67,,0
2026-04-20 13:29:20,4458,LOCAL,0.00,255.32,0.00,255.39,5,1.66,,0
2026-04-20 13:29:20,4459,LOCAL,0.00,201.88,0.00,201.95,5,1.67,,0
2026-04-20 13:29:20,4460,LOCAL,0.00,173.36,0.00,173.43,5,1.67,,0
2026-04-20 13:29:20,4461,LOCAL,0.00,183.50,0.00,183.56,5,1.67,,0
2026-04-20 13:29:20,4462,LOCAL,0.00,197.99,0.00,198.06,5,1.67,,0
2026-04-20 13:29:21,4463,LOCAL,0.00,184.68,0.00,184.73,5,1.67,,0
2026-04-20 13:29:21,4464,LOCAL,0.00,184.12,0.00,184.19,5,1.67,,0
2026-04-20 13:29:21,4465,LOCAL,0.00,169.35,0.00,169.41,5,1.67,,0
2026-04-20 13:29:21,4466,LOCAL,0.00,186.03,0.00,186.10,5,1.66,,0
2026-04-20 13:29:21,4467,LOCAL,0.00,189.16,0.00,189.23,5,1.66,,0
2026-04-20 13:29:22,4468,LOCAL,0.00,202.90,0.00,202.96,5,1.66,,0
2026-04-20 13:29:22,4469,LOCAL,0.00,176.76,0.00,176.91,5,1.66,,0
2026-04-20 13:29:22,4470,LOCAL,0.00,163.20,0.00,163.30,5,1.66,,0
2026-04-20 13:29:22,4471,LOCAL,0.00,167.19,0.00,167.26,5,1.66,CLOUD,1
2026-04-20 13:29:22,4472,LOCAL,0.00,177.07,0.00,177.14,5,1.66,CLOUD,1
2026-04-20 13:29:23,4473,LOCAL,0.00,170.30,0.00,170.36,5,1.66,CLOUD,1
2026-04-20 13:29:23,4474,LOCAL,0.00,197.19,0.00,197.26,5,1.66,CLOUD,1
2026-04-20 13:29:23,4475,LOCAL,0.00,178.07,0.00,178.18,5,1.66,CLOUD,1
2026-04-20 13:29:23,4476,LOCAL,0.00,190.28,0.00,190.38,5,1.67,CLOUD,1
2026-04-20 13:29:23,4477,LOCAL,0.00,172.61,0.00,172.70,5,1.67,CLOUD,1
2026-04-20 13:29:24,4478,LOCAL,0.00,204.47,0.00,204.54,5,1.67,CLOUD,1
2026-04-20 13:29:24,4479,LOCAL,0.00,163.04,0.00,163.13,5,1.68,CLOUD,1
2026-04-20 13:29:24,4480,LOCAL,0.00,176.03,0.00,176.10,5,1.68,CLOUD,1
2026-04-20 13:29:24,4481,LOCAL,0.00,184.07,0.00,184.13,5,1.68,CLOUD,2
2026-04-20 13:29:24,4482,LOCAL,0.00,268.77,0.00,268.90,5,1.68,CLOUD,2
2026-04-20 13:29:25,4483,LOCAL,0.00,131.70,0.00,132.98,5,1.68,CLOUD,2
2026-04-20 13:29:25,4484,LOCAL,0.00,173.66,0.00,173.72,5,1.70,CLOUD,2
2026-04-20 13:29:25,4485,LOCAL,0.00,169.11,0.00,169.20,5,2.48,CLOUD,2
2026-04-20 13:29:25,4486,LOCAL,0.00,185.17,0.00,185.25,5,5.08,CLOUD,2
2026-04-20 13:29:25,4487,LOCAL,0.00,177.64,0.00,177.70,5,5.14,CLOUD,2
2026-04-20 13:29:25,4488,LOCAL,0.00,171.00,0.00,171.06,5,5.17,CLOUD,2
2026-04-20 13:29:26,4489,LOCAL,0.00,170.28,0.00,170.34,5,5.18,CLOUD,2
2026-04-20 13:29:26,4490,LOCAL,0.00,157.02,0.00,157.07,5,5.21,CLOUD,2
2026-04-20 13:29:26,4491,LOCAL,0.00,166.06,0.00,166.12,5,5.23,CLOUD,2
2026-04-20 13:29:26,4492,LOCAL,0.00,166.83,0.00,166.88,5,5.25,,0
2026-04-20 13:29:26,4493,LOCAL,0.00,303.68,0.00,303.76,5,5.14,,0
2026-04-20 13:29:27,4494,CLOUD,34.72,13461.91,212.06,13710.07,6,1.51,,0
2026-04-20 13:29:40,4495,LOCAL,0.00,220.20,0.00,220.27,5,1.52,,0
2026-04-20 13:29:41,4496,LOCAL,0.00,202.06,0.00,202.13,5,1.51,,0
2026-04-20 13:29:41,4497,LOCAL,0.00,174.98,0.00,175.04,5,1.51,,0
2026-04-20 13:29:41,4498,LOCAL,0.00,200.93,0.00,200.99,5,1.51,,0
2026-04-20 13:29:41,4499,LOCAL,0.00,267.78,0.00,279.99,5,1.51,,0
2026-04-20 13:29:42,4500,LOCAL,0.00,184.02,0.00,184.13,5,1.50,,0
2026-04-20 13:29:42,4501,LOCAL,0.00,168.29,0.00,168.36,5,1.50,,0
2026-04-20 13:29:42,4502,LOCAL,0.00,192.85,0.00,192.92,5,1.50,,0
2026-04-20 13:29:42,4503,LOCAL,0.00,176.22,0.00,176.28,5,1.50,,0
2026-04-20 13:29:42,4504,LOCAL,0.00,178.35,0.00,178.41,5,1.50,,0
2026-04-20 13:29:42,4505,LOCAL,0.00,212.04,0.00,212.10,5,1.50,CLOUD,1
2026-04-20 13:29:43,4506,LOCAL,0.00,125.23,0.00,125.34,5,1.51,CLOUD,1
2026-04-20 13:29:43,4507,LOCAL,0.00,176.33,0.00,176.43,5,1.51,CLOUD,1
2026-04-20 13:29:43,4508,LOCAL,0.00,183.80,0.00,183.90,5,1.51,CLOUD,1
2026-04-20 13:29:43,4509,LOCAL,0.00,199.67,0.00,199.77,5,1.51,CLOUD,1
2026-04-20 13:29:43,4510,LOCAL,0.00,160.33,0.00,160.42,5,1.51,CLOUD,1
2026-04-20 13:29:44,4511,LOCAL,0.00,201.40,0.00,201.46,5,1.51,CLOUD,1
2026-04-20 13:29:44,4512,LOCAL,0.00,177.17,0.00,177.24,5,1.51,CLOUD,1
2026-04-20 13:29:44,4513,LOCAL,0.00,195.01,0.00,195.12,5,1.51,CLOUD,1
2026-04-20 13:29:44,4514,LOCAL,0.00,160.66,0.00,160.75,5,1.51,CLOUD,1
2026-04-20 13:29:44,4515,LOCAL,0.00,174.09,0.00,174.15,5,1.51,CLOUD,1
2026-04-20 13:29:45,4516,LOCAL,0.00,259.66,0.00,259.79,5,1.50,CLOUD,2
2026-04-20 13:29:45,4517,LOCAL,0.00,200.09,0.00,200.16,5,1.50,CLOUD,2
2026-04-20 13:29:45,4518,LOCAL,0.00,167.38,0.00,167.45,5,1.50,CLOUD,2
2026-04-20 13:29:45,4519,LOCAL,0.00,182.56,0.00,182.62,5,1.50,CLOUD,2
2026-04-20 13:29:45,4520,LOCAL,0.00,157.03,0.00,157.08,5,1.50,CLOUD,2
2026-04-20 13:29:46,4521,LOCAL,0.00,185.30,0.00,185.36,5,1.50,CLOUD,2
2026-04-20 13:29:46,4522,LOCAL,0.00,165.33,0.00,165.40,5,1.51,CLOUD,2
2026-04-20 13:29:46,4523,LOCAL,0.00,179.70,0.00,179.75,5,5.06,CLOUD,2
2026-04-20 13:29:46,4524,LOCAL,0.00,187.39,0.00,187.46,5,5.10,CLOUD,2
2026-04-20 13:29:46,4525,LOCAL,0.00,186.50,0.00,186.56,5,5.11,CLOUD,2
2026-04-20 13:29:46,4526,LOCAL,0.00,280.19,0.00,280.26,5,5.04,,0
2026-04-20 13:29:47,4527,CLOUD,18.76,8190.64,108.10,8330.50,6,2.09,,0
2026-04-20 13:29:55,4528,CLOUD,18.71,5280.94,105.99,5405.95,6,1.52,,0
2026-04-20 13:30:01,4529,CLOUD,28.98,7611.27,102.91,7743.51,6,1.09,LOCAL,2
2026-04-20 13:30:08,4530,CLOUD,21.54,4844.65,99.46,4965.95,6,0.92,LOCAL,2
2026-04-20 13:30:13,4531,CLOUD,25.32,6027.83,108.21,6161.68,6,0.78,,0
2026-04-20 13:30:19,4532,CLOUD,25.30,4694.97,110.03,4830.61,6,0.69,,0
2026-04-20 13:30:24,4533,CLOUD,25.33,5610.93,103.47,5740.06,6,0.61,,0
2026-04-20 13:30:30,4534,CLOUD,29.50,9489.38,99.15,9618.97,6,0.51,LOCAL,1
2026-04-20 13:30:40,4535,CLOUD,21.39,9422.63,128.24,9573.30,6,0.44,LOCAL,2
2026-04-20 13:30:49,4536,LOCAL,0.00,257.37,0.00,257.44,5,0.44,,0
2026-04-20 13:30:49,4537,LOCAL,0.00,192.52,0.00,192.60,5,0.44,,0
2026-04-20 13:30:50,4538,LOCAL,0.00,196.62,0.00,196.69,5,0.44,,0
2026-04-20 13:30:50,4539,LOCAL,0.00,160.74,0.00,160.80,5,0.44,,0
2026-04-20 13:30:50,4540,LOCAL,0.00,180.29,0.00,180.36,5,0.44,,0
2026-04-20 13:30:50,4541,LOCAL,0.00,179.20,0.00,179.26,5,0.44,,0
2026-04-20 13:30:50,4542,LOCAL,0.00,171.30,0.00,171.36,5,0.44,,0
2026-04-20 13:30:51,4543,LOCAL,0.00,178.29,0.00,178.35,5,0.44,,0
2026-04-20 13:30:51,4544,LOCAL,0.00,155.94,0.00,156.01,5,0.44,,0
2026-04-20 13:30:51,4545,LOCAL,0.00,167.99,0.00,168.05,5,0.44,,0
2026-04-20 13:30:51,4546,LOCAL,0.00,279.71,0.00,279.86,5,0.44,,0
2026-04-20 13:30:51,4547,LOCAL,0.00,186.93,0.00,187.01,5,0.44,,0
2026-04-20 13:30:52,4548,LOCAL,0.00,169.54,0.00,169.61,5,0.44,,0
2026-04-20 13:30:52,4549,LOCAL,0.00,179.90,0.00,179.96,5,0.44,,0
2026-04-20 13:30:52,4550,LOCAL,0.00,193.65,0.00,193.72,5,0.44,CLOUD,1
2026-04-20 13:30:52,4551,LOCAL,0.00,201.78,0.00,201.84,5,0.44,CLOUD,1
2026-04-20 13:30:52,4552,LOCAL,0.00,166.22,0.00,166.29,5,0.44,CLOUD,1
2026-04-20 13:30:53,4553,LOCAL,0.00,159.89,0.00,160.00,5,0.44,CLOUD,1
2026-04-20 13:30:53,4554,LOCAL,0.00,163.73,0.00,163.79,5,0.44,CLOUD,1
2026-04-20 13:30:53,4555,LOCAL,0.00,152.18,0.00,152.25,5,0.44,CLOUD,1
2026-04-20 13:30:53,4556,LOCAL,0.00,175.26,0.00,175.34,5,0.50,CLOUD,1
2026-04-20 13:30:53,4557,LOCAL,0.00,165.24,0.00,165.31,5,0.55,CLOUD,1
2026-04-20 13:30:53,4558,LOCAL,0.00,142.09,0.00,142.14,5,0.64,CLOUD,1
2026-04-20 13:30:54,4559,LOCAL,0.00,142.52,0.00,142.60,5,0.72,CLOUD,1
2026-04-20 13:30:54,4560,LOCAL,0.00,120.34,0.00,120.40,5,0.84,CLOUD,1
2026-04-20 13:30:54,4561,LOCAL,0.00,145.63,0.00,145.69,5,0.97,CLOUD,1
2026-04-20 13:30:54,4562,LOCAL,0.00,164.25,0.00,164.31,5,1.20,CLOUD,2
2026-04-20 13:30:54,4563,LOCAL,0.00,156.87,0.00,156.93,5,1.97,CLOUD,2
2026-04-20 13:30:54,4564,LOCAL,0.00,242.67,0.00,242.81,5,5.37,CLOUD,2
2026-04-20 13:30:55,4565,LOCAL,0.00,157.30,0.00,157.37,5,5.46,CLOUD,2
2026-04-20 13:30:55,4566,LOCAL,0.00,162.61,0.00,162.68,5,5.50,CLOUD,2
2026-04-20 13:30:55,4567,LOCAL,0.00,167.20,0.00,167.26,5,5.55,CLOUD,2
2026-04-20 13:30:55,4568,LOCAL,0.00,168.42,0.00,168.48,5,5.55,CLOUD,2
2026-04-20 13:30:55,4569,LOCAL,0.00,169.61,0.00,169.68,5,5.57,CLOUD,2
2026-04-20 13:30:55,4570,LOCAL,0.00,161.70,0.00,161.77,5,5.59,CLOUD,2
2026-04-20 13:30:56,4571,LOCAL,0.00,175.90,0.00,175.96,5,5.57,CLOUD,2
2026-04-20 13:30:56,4572,LOCAL,0.00,263.19,0.00,263.26,5,5.48,CLOUD,2
2026-04-20 13:30:56,4573,CLOUD,17.79,10430.03,99.44,10550.18,6,1.85,,0
2026-04-20 13:31:07,4574,CLOUD,24.00,5133.82,119.60,5277.71,6,1.39,,0
2026-04-20 13:31:12,4575,CLOUD,35.35,4878.20,113.50,5027.42,6,1.14,,0
2026-04-20 13:31:17,4576,CLOUD,19.48,5404.38,97.47,5521.62,6,0.94,,0
2026-04-20 13:31:22,4577,CLOUD,25.31,5353.72,111.23,5490.58,6,0.80,LOCAL,2
2026-04-20 13:31:28,4578,LOCAL,0.00,209.33,0.00,209.40,5,0.80,,0
2026-04-20 13:31:28,4579,LOCAL,0.00,235.30,0.00,235.35,5,0.80,,0
2026-04-20 13:31:28,4580,LOCAL,0.00,195.58,0.00,195.64,5,0.80,,0
2026-04-20 13:31:29,4581,LOCAL,0.00,185.17,0.00,185.22,5,0.80,,0
2026-04-20 13:31:29,4582,LOCAL,0.00,187.03,0.00,187.10,5,0.80,,0
2026-04-20 13:31:29,4583,LOCAL,0.00,170.32,0.00,170.38,5,0.80,,0
2026-04-20 13:31:29,4584,LOCAL,0.00,207.03,0.00,207.11,5,0.80,,0
2026-04-20 13:31:30,4585,LOCAL,0.00,183.71,0.00,183.81,5,0.80,,0
2026-04-20 13:31:30,4586,LOCAL,0.00,195.24,0.00,195.30,5,0.80,,0
2026-04-20 13:31:30,4587,LOCAL,0.00,186.58,0.00,186.63,5,0.79,,0
2026-04-20 13:31:30,4588,LOCAL,0.00,187.63,0.00,187.69,5,0.79,,0
2026-04-20 13:31:30,4589,LOCAL,0.00,187.23,0.00,187.29,5,0.79,CLOUD,1
2026-04-20 13:31:31,4590,LOCAL,0.00,170.32,0.00,170.38,5,0.79,CLOUD,1
2026-04-20 13:31:31,4591,LOCAL,0.00,183.25,0.00,183.33,5,0.79,CLOUD,1
2026-04-20 13:31:31,4592,LOCAL,0.00,186.40,0.00,186.51,5,0.79,CLOUD,1
2026-04-20 13:31:31,4593,LOCAL,0.00,151.55,0.00,151.62,5,0.79,CLOUD,1
2026-04-20 13:31:31,4594,LOCAL,0.00,177.69,0.00,177.75,5,0.79,CLOUD,1
2026-04-20 13:31:31,4595,LOCAL,0.00,167.86,0.00,167.92,5,0.79,CLOUD,1
2026-04-20 13:31:32,4596,LOCAL,0.00,180.68,0.00,180.74,5,0.79,CLOUD,1
2026-04-20 13:31:32,4597,LOCAL,0.00,193.65,0.00,193.71,5,0.79,CLOUD,1
2026-04-20 13:31:32,4598,LOCAL,0.00,174.37,0.00,174.42,5,0.79,CLOUD,1
2026-04-20 13:31:32,4599,LOCAL,0.00,192.88,0.00,192.94,5,0.79,CLOUD,2
2026-04-20 13:31:32,4600,LOCAL,0.00,157.17,0.00,157.23,5,0.79,CLOUD,2
2026-04-20 13:31:33,4601,LOCAL,0.00,172.71,0.00,172.78,5,0.79,CLOUD,2
2026-04-20 13:31:33,4602,LOCAL,0.00,173.05,0.00,173.11,5,1.10,CLOUD,2
2026-04-20 13:31:33,4603,LOCAL,0.00,171.07,0.00,171.13,5,1.37,CLOUD,2
2026-04-20 13:31:33,4604,LOCAL,0.00,179.93,0.00,179.99,5,1.77,CLOUD,2
2026-04-20 13:31:33,4605,LOCAL,0.00,201.65,0.00,201.72,5,2.63,CLOUD,2
2026-04-20 13:31:34,4606,LOCAL,0.00,170.42,0.00,170.49,5,5.07,CLOUD,2
2026-04-20 13:31:34,4607,LOCAL,0.00,233.05,0.00,233.11,5,5.05,CLOUD,2
2026-04-20 13:31:34,4608,LOCAL,0.00,262.10,0.00,262.19,5,5.04,CLOUD,2
2026-04-20 13:31:34,4609,LOCAL,0.00,177.87,0.00,177.94,5,5.04,,0
2026-04-20 13:31:34,4610,LOCAL,0.00,269.45,0.00,269.53,5,4.97,,0
2026-04-20 13:31:35,4611,CLOUD,29.58,8872.16,96.69,8999.15,6,1.98,,0
2026-04-20 13:31:44,4612,CLOUD,32.88,5647.47,102.81,5783.45,6,1.43,,0
2026-04-20 13:31:49,4613,CLOUD,25.15,6095.58,94.01,6215.10,6,1.11,,0
2026-04-20 13:31:56,4614,CLOUD,14.68,5240.31,94.10,5349.50,6,0.93,LOCAL,1
2026-04-20 13:32:01,4615,CLOUD,21.31,6349.92,92.15,6479.83,6,0.77,LOCAL,2
2026-04-20 13:32:08,4616,LOCAL,0.00,267.81,0.00,267.88,5,0.77,CLOUD,1
2026-04-20 13:32:08,4617,LOCAL,0.00,215.43,0.00,215.50,5,0.77,CLOUD,1
2026-04-20 13:32:08,4618,LOCAL,0.00,249.55,0.00,249.63,5,0.77,CLOUD,1
2026-04-20 13:32:08,4619,LOCAL,0.00,180.76,0.00,180.84,5,0.77,CLOUD,1
2026-04-20 13:32:08,4620,LOCAL,0.00,173.26,0.00,173.32,5,0.77,CLOUD,1
2026-04-20 13:32:09,4621,LOCAL,0.00,157.81,0.00,157.88,5,0.77,,0
2026-04-20 13:32:09,4622,LOCAL,0.00,176.60,0.00,176.70,5,0.77,,0
2026-04-20 13:32:09,4623,LOCAL,0.00,200.18,0.00,200.26,5,0.77,,0
2026-04-20 13:32:09,4624,LOCAL,0.00,163.72,0.00,176.01,5,0.77,,0
2026-04-20 13:32:09,4625,LOCAL,0.00,192.99,0.00,193.06,5,0.77,,0
2026-04-20 13:32:10,4626,LOCAL,0.00,175.86,0.00,175.93,5,0.77,,0
2026-04-20 13:32:10,4627,LOCAL,0.00,158.03,0.00,158.09,5,0.77,,0
2026-04-20 13:32:10,4628,LOCAL,0.00,164.54,0.00,164.60,5,0.77,,0
2026-04-20 13:32:10,4629,LOCAL,0.00,164.26,0.00,164.34,5,0.77,,0
2026-04-20 13:32:10,4630,LOCAL,0.00,182.40,0.00,182.47,5,0.77,,0
2026-04-20 13:32:11,4631,LOCAL,0.00,162.18,0.00,162.24,5,0.77,,0
2026-04-20 13:32:11,4632,LOCAL,0.00,179.13,0.00,179.18,5,0.77,,0
2026-04-20 13:32:11,4633,LOCAL,0.00,175.22,0.00,175.27,5,0.77,,0
2026-04-20 13:32:11,4634,LOCAL,0.00,174.06,0.00,174.12,5,0.77,,0
2026-04-20 13:32:11,4635,LOCAL,0.00,194.68,0.00,194.74,5,0.77,,0
2026-04-20 13:32:11,4636,LOCAL,0.00,179.92,0.00,179.98,5,0.77,,0
2026-04-20 13:32:12,4637,LOCAL,0.00,175.95,0.00,176.02,5,0.77,,0
2026-04-20 13:32:12,4638,LOCAL,0.00,160.03,0.00,160.09,5,0.77,,0
2026-04-20 13:32:12,4639,LOCAL,0.00,163.88,0.00,163.95,5,0.77,,0
2026-04-20 13:32:12,4640,LOCAL,0.00,159.67,0.00,159.73,5,1.01,,0
2026-04-20 13:32:12,4641,LOCAL,0.00,186.45,0.00,186.51,5,1.26,,0
2026-04-20 13:32:13,4642,LOCAL,0.00,165.49,0.00,165.55,5,1.71,,0
2026-04-20 13:32:13,4643,LOCAL,0.00,129.64,0.00,129.70,5,2.46,,0
2026-04-20 13:32:13,4644,LOCAL,0.00,193.22,0.00,193.28,5,5.27,,0
2026-04-20 13:32:13,4645,LOCAL,0.00,135.32,0.00,135.38,5,5.40,,0
2026-04-20 13:32:13,4646,LOCAL,0.00,157.81,0.00,157.89,5,5.40,,0
2026-04-20 13:32:13,4647,LOCAL,0.00,173.56,0.00,173.62,5,5.48,,0
2026-04-20 13:32:14,4648,LOCAL,0.00,140.95,0.00,141.01,5,5.53,,0
2026-04-20 13:32:14,4649,LOCAL,0.00,175.16,0.00,175.22,5,5.53,,0
2026-04-20 13:32:14,4650,LOCAL,0.00,200.87,0.00,200.94,5,5.49,,0
2026-04-20 13:32:14,4651,LOCAL,0.00,187.86,0.00,187.93,5,5.50,,0
2026-04-20 13:32:14,4652,LOCAL,0.00,177.62,0.00,177.70,5,5.51,,0
2026-04-20 13:32:15,4653,LOCAL,0.00,166.53,0.00,166.60,5,5.52,,0
2026-04-20 13:32:15,4654,LOCAL,0.00,188.21,0.00,188.27,5,5.53,CLOUD,1
2026-04-20 13:32:15,4655,LOCAL,0.00,168.29,0.00,168.36,5,5.53,CLOUD,1
2026-04-20 13:32:15,4656,LOCAL,0.00,145.73,0.00,145.80,5,5.54,CLOUD,1
2026-04-20 13:32:15,4657,LOCAL,0.00,182.28,0.00,182.35,5,5.53,CLOUD,1
2026-04-20 13:32:15,4658,LOCAL,0.00,180.86,0.00,180.95,5,5.53,CLOUD,1
2026-04-20 13:32:16,4659,LOCAL,0.00,159.39,0.00,159.45,5,5.55,CLOUD,1
2026-04-20 13:32:16,4660,LOCAL,0.00,166.74,0.00,166.80,5,5.53,CLOUD,1
2026-04-20 13:32:16,4661,LOCAL,0.00,160.94,0.00,161.00,5,5.55,CLOUD,1
2026-04-20 13:32:16,4662,LOCAL,0.00,179.53,0.00,179.64,5,5.55,CLOUD,1
2026-04-20 13:32:16,4663,LOCAL,0.00,300.13,0.00,300.27,5,5.41,CLOUD,1
2026-04-20 13:32:17,4664,LOCAL,0.00,167.45,0.00,167.52,5,5.45,CLOUD,1
2026-04-20 13:32:17,4665,LOCAL,0.00,172.91,0.00,172.97,5,5.45,CLOUD,2
2026-04-20 13:32:17,4666,LOCAL,0.00,196.00,0.00,196.06,5,5.42,CLOUD,2
2026-04-20 13:32:17,4667,LOCAL,0.00,177.08,0.00,177.14,5,5.39,CLOUD,2
2026-04-20 13:32:17,4668,LOCAL,0.00,170.53,0.00,170.59,5,5.39,CLOUD,2
2026-04-20 13:32:18,4669,LOCAL,0.00,209.12,0.00,209.18,5,5.35,CLOUD,2
2026-04-20 13:32:18,4670,LOCAL,0.00,179.14,0.00,179.20,5,5.35,CLOUD,2
2026-04-20 13:32:18,4671,LOCAL,0.00,182.28,0.00,182.35,5,5.33,CLOUD,2
2026-04-20 13:32:18,4672,LOCAL,0.00,119.00,0.00,119.06,5,5.34,CLOUD,2
2026-04-20 13:32:18,4673,LOCAL,0.00,169.44,0.00,169.51,5,5.36,CLOUD,2
2026-04-20 13:32:18,4674,LOCAL,0.00,190.37,0.00,190.43,5,5.31,CLOUD,2
2026-04-20 13:32:19,4675,LOCAL,0.00,262.92,0.00,263.09,5,5.29,CLOUD,2
2026-04-20 13:32:19,4676,LOCAL,0.00,172.50,0.00,172.58,5,5.29,,0
2026-04-20 13:32:19,4677,CLOUD,25.50,5931.74,97.37,6055.02,6,2.54,,0
2026-04-20 13:32:25,4678,CLOUD,25.24,5893.09,103.01,6021.66,6,1.68,LOCAL,1
2026-04-20 13:32:31,4679,CLOUD,14.77,4557.17,108.39,4680.69,6,1.33,,0
2026-04-20 13:32:36,4680,CLOUD,25.73,5920.56,62.48,6009.07,6,1.05,,0
2026-04-20 13:32:42,4681,CLOUD,13.73,6576.46,95.17,6685.73,6,0.85,,0
2026-04-20 13:32:49,4682,CLOUD,30.05,5698.24,115.49,5862.30,6,0.73,,0
2026-04-20 13:32:54,4683,CLOUD,25.53,5236.02,104.29,5366.19,6,0.65,,0
2026-04-20 13:33:00,4684,CLOUD,26.52,4831.81,108.30,4966.93,6,0.58,LOCAL,1
2026-04-20 13:33:05,4685,CLOUD,31.18,5155.15,105.20,5291.93,6,0.53,LOCAL,1
2026-04-20 13:33:10,4686,CLOUD,28.16,5921.49,177.71,6127.73,6,0.48,,0
2026-04-20 13:33:16,4687,CLOUD,17.84,5018.17,115.37,5151.75,6,0.44,LOCAL,2
2026-04-20 13:33:21,4688,CLOUD,32.12,5155.51,92.22,5280.16,6,0.41,,0
2026-04-20 13:33:27,4689,CLOUD,13.51,5103.18,97.70,5214.73,6,0.38,LOCAL,2
2026-04-20 13:33:32,4690,CLOUD,17.77,5337.83,98.10,5462.69,6,0.36,,0
2026-04-20 13:33:37,4691,CLOUD,25.63,10954.63,77.72,11058.77,6,0.31,,0
2026-04-20 13:33:48,4692,CLOUD,106.59,6639.12,195.90,6942.02,6,0.29,,0
2026-04-20 13:33:55,4693,CLOUD,22.05,7542.19,99.40,7664.02,6,0.27,LOCAL,1
2026-04-20 13:34:03,4694,LOCAL,0.00,250.60,0.00,250.67,5,0.27,,0
2026-04-20 13:34:03,4695,LOCAL,0.00,202.07,0.00,202.13,5,0.27,,0
2026-04-20 13:34:04,4696,LOCAL,0.00,176.35,0.00,176.41,5,0.27,,0
2026-04-20 13:34:04,4697,LOCAL,0.00,188.98,0.00,189.07,5,0.27,,0
2026-04-20 13:34:04,4698,LOCAL,0.00,246.07,0.00,246.21,5,0.27,,0
2026-04-20 13:34:04,4699,LOCAL,0.00,192.30,0.00,192.37,5,0.27,,0
2026-04-20 13:34:04,4700,LOCAL,0.00,174.03,0.00,174.11,5,0.27,,0
2026-04-20 13:34:05,4701,LOCAL,0.00,161.75,0.00,161.82,5,0.27,,0
2026-04-20 13:34:05,4702,LOCAL,0.00,174.24,0.00,174.31,5,0.27,,0
2026-04-20 13:34:05,4703,LOCAL,0.00,177.87,0.00,177.94,5,0.27,,0
2026-04-20 13:34:05,4704,LOCAL,0.00,165.24,0.00,165.30,5,0.27,CLOUD,1
2026-04-20 13:34:05,4705,LOCAL,0.00,186.86,0.00,186.94,5,0.27,CLOUD,1
2026-04-20 13:34:05,4706,LOCAL,0.00,182.45,0.00,182.56,5,0.29,CLOUD,1
2026-04-20 13:34:06,4707,LOCAL,0.00,163.62,0.00,163.68,5,0.31,CLOUD,1
2026-04-20 13:34:06,4708,LOCAL,0.00,176.65,0.00,176.73,5,0.32,CLOUD,1
2026-04-20 13:34:06,4709,LOCAL,0.00,172.60,0.00,172.66,5,0.34,CLOUD,1
2026-04-20 13:34:06,4710,LOCAL,0.00,162.08,0.00,162.14,5,0.37,CLOUD,1
2026-04-20 13:34:06,4711,LOCAL,0.00,181.06,0.00,181.11,5,0.40,CLOUD,1
2026-04-20 13:34:07,4712,LOCAL,0.00,175.70,0.00,176.90,5,0.43,CLOUD,1
2026-04-20 13:34:07,4713,LOCAL,0.00,144.08,0.00,144.17,5,0.47,CLOUD,1
2026-04-20 13:34:07,4714,LOCAL,0.00,167.00,0.00,167.08,5,0.51,CLOUD,1
2026-04-20 13:34:07,4715,LOCAL,0.00,279.93,0.00,280.07,5,0.57,CLOUD,2
2026-04-20 13:34:07,4716,LOCAL,0.00,183.28,0.00,183.37,5,0.63,CLOUD,2
2026-04-20 13:34:08,4717,LOCAL,0.00,178.59,0.00,178.66,5,0.71,CLOUD,2
2026-04-20 13:34:08,4718,LOCAL,0.00,169.53,0.00,169.59,5,0.80,CLOUD,2
2026-04-20 13:34:08,4719,LOCAL,0.00,192.34,0.00,192.40,5,0.94,CLOUD,2
2026-04-20 13:34:08,4720,LOCAL,0.00,197.94,0.00,205.67,5,1.46,CLOUD,2
2026-04-20 13:34:08,4721,LOCAL,0.00,203.02,0.00,203.09,5,2.21,CLOUD,2
2026-04-20 13:34:09,4722,LOCAL,0.00,199.61,0.00,199.68,5,5.10,CLOUD,2
2026-04-20 13:34:09,4723,LOCAL,0.00,182.15,0.00,182.21,5,5.16,CLOUD,2
2026-04-20 13:34:09,4724,LOCAL,0.00,177.66,0.00,177.72,5,5.18,CLOUD,2
2026-04-20 13:34:09,4725,LOCAL,0.00,250.58,0.00,250.77,5,5.11,,0
2026-04-20 13:34:09,4726,CLOUD,25.54,8893.68,106.36,9027.57,6,2.00,,0
2026-04-20 13:34:18,4727,CLOUD,25.43,5562.92,101.67,5690.36,6,1.45,,0
2026-04-20 13:34:24,4728,CLOUD,28.84,7243.37,165.06,7437.64,6,1.07,,0
2026-04-20 13:34:32,4729,LOCAL,0.00,208.11,0.00,208.19,5,1.06,,0
2026-04-20 13:34:32,4730,LOCAL,0.00,185.50,0.00,185.57,5,1.06,CLOUD,1
2026-04-20 13:34:32,4731,LOCAL,0.00,200.68,0.00,200.77,5,1.06,CLOUD,1
2026-04-20 13:34:32,4732,LOCAL,0.00,168.68,0.00,168.76,5,1.06,CLOUD,1
2026-04-20 13:34:32,4733,LOCAL,0.00,177.40,0.00,177.46,5,1.06,CLOUD,1
2026-04-20 13:34:33,4734,LOCAL,0.00,180.21,0.00,180.27,5,1.06,CLOUD,1
2026-04-20 13:34:33,4735,LOCAL,0.00,141.23,0.00,141.29,5,1.06,CLOUD,1
2026-04-20 13:34:33,4736,LOCAL,0.00,177.25,0.00,177.32,5,1.06,CLOUD,1
2026-04-20 13:34:33,4737,LOCAL,0.00,191.00,0.00,191.07,5,1.06,CLOUD,1
2026-04-20 13:34:33,4738,LOCAL,0.00,178.11,0.00,178.17,5,1.06,CLOUD,1
2026-04-20 13:34:34,4739,LOCAL,0.00,180.53,0.00,180.59,5,1.06,CLOUD,1
2026-04-20 13:34:34,4740,LOCAL,0.00,179.36,0.00,179.44,5,1.06,CLOUD,1
2026-04-20 13:34:34,4741,LOCAL,0.00,165.44,0.00,165.50,5,1.06,CLOUD,2
2026-04-20 13:34:34,4742,LOCAL,0.00,173.36,0.00,173.43,5,1.06,CLOUD,2
2026-04-20 13:34:34,4743,LOCAL,0.00,184.03,0.00,184.08,5,1.06,CLOUD,2
2026-04-20 13:34:34,4744,LOCAL,0.00,299.20,0.00,299.32,5,1.06,CLOUD,2
2026-04-20 13:34:35,4745,LOCAL,0.00,214.63,0.00,214.70,5,1.06,CLOUD,2
2026-04-20 13:34:35,4746,LOCAL,0.00,177.87,0.00,177.96,5,1.06,CLOUD,2
2026-04-20 13:34:35,4747,LOCAL,0.00,190.65,0.00,190.72,5,1.06,CLOUD,2
2026-04-20 13:34:35,4748,LOCAL,0.00,188.00,0.00,188.08,5,1.06,CLOUD,2
2026-04-20 13:34:36,4749,LOCAL,0.00,179.92,0.00,179.98,5,1.06,CLOUD,2
2026-04-20 13:34:36,4750,LOCAL,0.00,276.84,0.00,277.03,5,1.06,CLOUD,2
2026-04-20 13:34:36,4751,LOCAL,0.00,193.35,0.00,193.45,5,1.06,,0
2026-04-20 13:34:36,4752,CLOUD,13.82,7097.85,93.90,7206.03,6,0.84,,0
2026-04-20 13:34:43,4753,CLOUD,29.12,8600.87,104.79,8735.54,6,0.67,LOCAL,1
2026-04-20 13:34:52,4754,CLOUD,25.42,7223.47,97.59,7346.79,6,0.58,,0
2026-04-20 13:35:00,4755,LOCAL,0.00,229.58,0.00,229.65,5,0.70,,0
2026-04-20 13:35:00,4756,LOCAL,0.00,194.76,0.00,194.82,5,0.81,,0
2026-04-20 13:35:00,4757,LOCAL,0.00,284.63,0.00,284.77,5,1.01,,0
2026-04-20 13:35:00,4758,LOCAL,0.00,176.39,0.00,176.48,5,1.01,,0
2026-04-20 14:26:05,1,LOCAL,0.00,8005.22,0.00,8005.31,5,0.00,,0
2026-04-20 14:26:13,2,LOCAL,0.00,170.57,0.00,170.65,5,5.73,,0
2026-04-20 14:26:13,3,LOCAL,0.00,167.80,0.00,167.86,5,5.79,,0
2026-04-20 14:26:14,4,LOCAL,0.00,158.00,0.00,158.06,5,5.70,,0
2026-04-20 14:26:14,5,LOCAL,0.00,147.86,0.00,147.92,5,5.81,,0
2026-04-20 14:26:14,6,LOCAL,0.00,168.97,0.00,169.03,5,5.81,,0
2026-04-20 14:26:14,7,LOCAL,0.00,168.11,0.00,168.17,5,5.77,,0
2026-04-20 14:26:14,8,LOCAL,0.00,148.60,0.00,148.67,5,5.87,,0
2026-04-20 14:26:14,9,LOCAL,0.00,145.63,0.00,145.69,5,5.97,,0
2026-04-20 14:26:15,10,LOCAL,0.00,159.57,0.00,159.63,5,5.98,,0
2026-04-20 14:26:15,11,LOCAL,0.00,160.86,0.00,160.92,5,5.99,,0
2026-04-20 14:26:15,12,LOCAL,0.00,150.58,0.00,150.63,5,6.03,,0
2026-04-20 14:26:15,13,LOCAL,0.00,155.57,0.00,155.63,5,6.05,,0
2026-04-20 14:26:15,14,LOCAL,0.00,155.78,0.00,155.84,5,6.07,,0
2026-04-20 14:26:15,15,LOCAL,0.00,160.39,0.00,160.45,5,6.08,,0
2026-04-20 14:26:16,16,LOCAL,0.00,174.97,0.00,175.03,5,6.04,,0
2026-04-20 14:26:16,17,LOCAL,0.00,183.02,0.00,183.21,5,6.00,,0
2026-04-20 14:26:16,18,LOCAL,0.00,211.81,0.00,211.91,5,5.85,,0
2026-04-20 14:26:16,19,LOCAL,0.00,144.87,0.00,144.93,5,5.90,,0
2026-04-20 14:26:16,20,LOCAL,0.00,165.21,0.00,165.27,5,5.87,,0
2026-04-20 14:26:17,21,LOCAL,0.00,161.35,0.00,161.40,5,5.88,,0
2026-04-20 14:26:17,22,LOCAL,0.00,137.53,0.00,137.61,5,5.91,,0
2026-04-20 14:26:17,23,LOCAL,0.00,175.57,0.00,175.62,5,5.88,,0
2026-04-20 14:26:17,24,LOCAL,0.00,152.79,0.00,152.84,5,5.91,,0
2026-04-20 14:26:17,25,LOCAL,0.00,147.19,0.00,147.24,5,5.94,,0
2026-04-20 14:26:17,26,LOCAL,0.00,149.06,0.00,149.12,5,5.96,,0
2026-04-20 14:26:17,27,LOCAL,0.00,159.07,0.00,159.12,5,5.97,,0
2026-04-20 14:26:18,28,LOCAL,0.00,175.37,0.00,175.42,5,5.94,,0
2026-04-20 14:26:18,29,LOCAL,0.00,157.91,0.00,157.99,5,5.94,,0
2026-04-20 14:26:18,30,LOCAL,0.00,153.25,0.00,153.32,5,5.95,,0
2026-04-20 14:26:18,31,LOCAL,0.00,156.98,0.00,157.04,5,5.96,,0
2026-04-20 14:26:18,32,LOCAL,0.00,168.66,0.00,168.71,5,5.96,,0
2026-04-20 14:26:18,33,LOCAL,0.00,167.35,0.00,167.42,5,5.98,,0
2026-04-20 14:26:19,34,LOCAL,0.00,180.06,0.00,180.12,5,5.95,,0
2026-04-20 14:26:19,35,LOCAL,0.00,186.68,0.00,186.74,5,5.93,,0
2026-04-20 14:26:19,36,LOCAL,0.00,228.74,0.00,228.82,5,5.87,,0
2026-04-20 14:26:19,37,LOCAL,0.00,174.70,0.00,174.78,5,5.82,,0
2026-04-20 14:26:19,38,LOCAL,0.00,132.94,0.00,132.99,5,5.83,,0
2026-04-20 14:26:20,39,LOCAL,0.00,154.84,0.00,154.91,5,5.82,,0
2026-04-20 14:26:20,40,LOCAL,0.00,158.87,0.00,158.92,5,5.83,,0
2026-04-20 14:26:20,41,LOCAL,0.00,169.63,0.00,169.70,5,5.79,,0
2026-04-20 14:26:20,42,LOCAL,0.00,134.01,0.00,134.08,5,5.81,CLOUD,1
2026-04-20 14:26:20,43,LOCAL,0.00,122.15,0.00,122.21,5,5.84,CLOUD,1
2026-04-20 14:26:20,44,LOCAL,0.00,159.35,0.00,159.41,5,5.84,CLOUD,1
2026-04-20 14:26:21,45,LOCAL,0.00,167.03,0.00,167.10,5,5.84,CLOUD,1
2026-04-20 14:26:21,46,LOCAL,0.00,137.33,0.00,137.40,5,5.90,CLOUD,1
2026-04-20 14:26:21,47,LOCAL,0.00,145.61,0.00,145.68,5,6.00,CLOUD,1
2026-04-20 14:26:21,48,LOCAL,0.00,171.11,0.00,171.22,5,5.97,CLOUD,1
2026-04-20 14:26:21,49,LOCAL,0.00,159.75,0.00,159.81,5,6.00,CLOUD,1
2026-04-20 14:26:21,50,LOCAL,0.00,145.63,0.00,145.78,5,6.02,CLOUD,1
2026-04-20 14:26:21,51,LOCAL,0.00,168.09,0.00,168.15,5,5.98,CLOUD,1
2026-04-20 14:26:22,52,LOCAL,0.00,161.67,0.00,161.73,5,6.01,CLOUD,1
2026-04-20 14:26:22,53,LOCAL,0.00,158.87,0.00,158.94,5,6.00,CLOUD,1
2026-04-20 14:26:22,54,LOCAL,0.00,127.41,0.00,127.47,5,6.02,CLOUD,1
2026-04-20 14:26:22,55,LOCAL,0.00,202.60,0.00,202.75,5,5.94,CLOUD,2
2026-04-20 14:26:22,56,LOCAL,0.00,185.37,0.00,185.45,5,5.86,CLOUD,2
2026-04-20 14:26:23,57,LOCAL,0.00,172.80,0.00,172.86,5,5.86,CLOUD,2
2026-04-20 14:26:23,58,LOCAL,0.00,172.60,0.00,172.67,5,5.85,CLOUD,2
2026-04-20 14:26:23,59,LOCAL,0.00,148.22,0.00,148.28,5,5.87,CLOUD,2
2026-04-20 14:26:23,60,LOCAL,0.00,130.57,0.00,130.63,5,5.90,CLOUD,2
2026-04-20 14:26:23,61,LOCAL,0.00,149.32,0.00,149.37,5,5.93,CLOUD,2
2026-04-20 14:26:23,62,LOCAL,0.00,146.64,0.00,146.71,5,5.94,CLOUD,2
2026-04-20 14:26:24,63,LOCAL,0.00,184.17,0.00,184.24,5,5.93,CLOUD,2
2026-04-20 14:26:24,64,LOCAL,0.00,161.96,0.00,162.02,5,5.96,CLOUD,2
2026-04-20 14:26:24,65,LOCAL,0.00,164.48,0.00,164.54,5,6.04,CLOUD,2
2026-04-20 14:26:24,66,LOCAL,0.00,181.85,0.00,182.01,5,5.96,,0
2026-04-20 14:26:24,67,CLOUD,46.65,8279.01,113.51,8439.94,6,2.20,,0
2026-04-20 14:26:33,68,CLOUD,25.68,6911.66,102.11,7039.80,6,1.45,,0
2026-04-20 14:26:40,69,CLOUD,32.16,5067.69,119.03,5219.47,6,1.16,,0
2026-04-20 14:26:45,70,CLOUD,14.06,3584.06,112.69,3719.50,6,1.01,LOCAL,2
2026-04-20 14:26:49,71,LOCAL,0.00,239.51,0.00,239.61,5,1.01,CLOUD,1
2026-04-20 14:26:49,72,LOCAL,0.00,190.94,0.00,191.01,5,1.01,CLOUD,1
2026-04-20 14:26:49,73,LOCAL,0.00,196.81,0.00,196.87,5,1.01,CLOUD,1
2026-04-20 14:26:49,74,LOCAL,0.00,198.05,0.00,198.11,5,1.00,CLOUD,1
2026-04-20 14:26:50,75,LOCAL,0.00,134.77,0.00,134.84,5,1.00,CLOUD,1
2026-04-20 14:26:50,76,LOCAL,0.00,163.71,0.00,163.78,5,1.00,CLOUD,1
2026-04-20 14:26:50,77,LOCAL,0.00,184.63,0.00,184.69,5,1.00,CLOUD,1
2026-04-20 14:26:50,78,LOCAL,0.00,174.82,0.00,174.90,5,1.00,CLOUD,1
2026-04-20 14:26:50,79,LOCAL,0.00,155.79,0.00,155.85,5,1.00,CLOUD,1
2026-04-20 14:26:50,80,LOCAL,0.00,152.29,0.00,152.36,5,1.00,CLOUD,1
2026-04-20 14:26:51,81,LOCAL,0.00,175.97,0.00,176.03,5,1.00,CLOUD,2
2026-04-20 14:26:51,82,LOCAL,0.00,166.53,0.00,166.60,5,1.00,CLOUD,2
2026-04-20 14:26:51,83,LOCAL,0.00,191.18,0.00,191.24,5,1.00,CLOUD,2
2026-04-20 14:26:51,84,LOCAL,0.00,219.75,0.00,219.84,5,1.00,CLOUD,2
2026-04-20 14:26:51,85,LOCAL,0.00,163.14,0.00,163.21,5,1.00,CLOUD,2
2026-04-20 14:26:51,86,LOCAL,0.00,166.60,0.00,166.66,5,1.00,CLOUD,2
2026-04-20 14:26:52,87,LOCAL,0.00,181.59,0.00,181.65,5,1.00,CLOUD,2
2026-04-20 14:26:52,88,LOCAL,0.00,152.62,0.00,152.71,5,1.00,CLOUD,2
2026-04-20 14:26:52,89,LOCAL,0.00,178.20,0.00,178.26,5,1.00,CLOUD,2
2026-04-20 14:26:52,90,LOCAL,0.00,162.49,0.00,162.55,5,1.00,CLOUD,2
2026-04-20 14:26:52,91,LOCAL,0.00,175.34,0.00,175.39,5,1.00,CLOUD,2
2026-04-20 14:26:53,92,LOCAL,0.00,211.08,0.00,211.34,5,1.00,,0
2026-04-20 14:26:53,93,LOCAL,0.00,183.92,0.00,184.02,5,1.00,,0
2026-04-20 14:26:53,94,CLOUD,37.25,10950.62,88.74,11081.85,6,0.73,,0
2026-04-20 14:27:04,95,LOCAL,0.00,244.45,0.00,244.54,5,0.73,,0
2026-04-20 14:27:04,96,LOCAL,0.00,197.99,0.00,198.06,5,0.91,,0
2026-04-20 14:27:05,97,LOCAL,0.00,212.70,0.00,212.80,5,1.16,,0
2026-04-20 14:27:05,98,LOCAL,0.00,193.01,0.00,193.08,5,1.46,,0
2026-04-20 14:27:05,99,LOCAL,0.00,149.28,0.00,149.35,5,1.77,,0
2026-04-20 14:27:05,100,LOCAL,0.00,151.85,0.00,151.91,5,1.78,CLOUD,1
2026-04-20 14:27:05,101,LOCAL,0.00,162.21,0.00,162.26,5,1.78,CLOUD,1
2026-04-20 14:27:05,102,LOCAL,0.00,154.56,0.00,154.62,5,1.79,CLOUD,1
2026-04-20 14:27:06,103,LOCAL,0.00,171.64,0.00,171.70,5,1.79,CLOUD,1
2026-04-20 14:27:06,104,LOCAL,0.00,138.15,0.00,138.21,5,1.79,CLOUD,1
2026-04-20 14:27:06,105,LOCAL,0.00,129.11,0.00,129.17,5,1.79,CLOUD,1
2026-04-20 14:27:06,106,LOCAL,0.00,164.39,0.00,164.45,5,1.80,CLOUD,1
2026-04-20 14:27:06,107,LOCAL,0.00,179.12,0.00,179.18,5,1.80,CLOUD,1
2026-04-20 14:27:06,108,LOCAL,0.00,179.59,0.00,179.66,5,1.79,CLOUD,1
2026-04-20 14:27:07,109,LOCAL,0.00,181.41,0.00,181.47,5,1.79,CLOUD,1
2026-04-20 14:27:07,110,LOCAL,0.00,190.75,0.00,190.84,5,1.79,CLOUD,1
2026-04-20 14:27:07,111,LOCAL,0.00,149.94,0.00,150.00,5,1.79,CLOUD,2
2026-04-20 14:27:07,112,LOCAL,0.00,156.12,0.00,156.18,5,1.79,CLOUD,2
2026-04-20 14:27:07,113,LOCAL,0.00,164.35,0.00,164.41,5,1.80,CLOUD,2
2026-04-20 14:27:07,114,LOCAL,0.00,158.57,0.00,158.63,5,1.80,CLOUD,2
2026-04-20 14:27:08,115,LOCAL,0.00,218.79,0.00,219.00,5,1.79,CLOUD,2
2026-04-20 14:27:08,116,LOCAL,0.00,191.67,0.00,191.87,5,1.79,CLOUD,2
2026-04-20 14:27:08,117,LOCAL,0.00,158.27,0.00,158.34,5,1.78,CLOUD,2
2026-04-20 14:27:08,118,LOCAL,0.00,195.08,0.00,195.13,5,1.78,CLOUD,2
2026-04-20 14:27:08,119,LOCAL,0.00,172.01,0.00,172.11,5,1.78,CLOUD,2
2026-04-20 14:27:09,120,LOCAL,0.00,160.97,0.00,161.13,5,1.78,CLOUD,2
2026-04-20 14:27:09,121,LOCAL,0.00,153.14,0.00,153.24,5,1.79,CLOUD,2
2026-04-20 14:27:09,122,LOCAL,0.00,163.68,0.00,163.74,5,1.79,,0
2026-04-20 14:27:09,123,LOCAL,0.00,173.71,0.00,173.94,5,5.49,,0
2026-04-20 14:27:09,124,LOCAL,0.00,189.40,0.00,189.50,5,5.53,,0
2026-04-20 14:27:10,125,CLOUD,25.94,6053.63,90.71,6170.66,6,2.59,,0
2026-04-20 14:27:16,126,CLOUD,31.88,5483.99,85.53,5601.77,6,1.75,,0
2026-04-20 14:27:21,127,CLOUD,32.98,7101.47,96.57,7231.43,6,1.23,,0
2026-04-20 14:27:29,128,CLOUD,26.15,5110.51,89.40,5226.41,6,1.01,LOCAL,2
2026-04-20 14:27:34,129,CLOUD,35.49,8415.17,107.14,8558.65,6,0.78,,0
2026-04-20 14:27:42,130,CLOUD,30.24,6079.54,88.15,6198.29,6,0.67,LOCAL,2
2026-04-20 14:27:49,131,LOCAL,0.00,276.07,0.00,276.16,5,0.67,CLOUD,2
2026-04-20 14:27:49,132,LOCAL,0.00,167.42,0.00,167.48,5,0.67,CLOUD,2
2026-04-20 14:27:49,133,LOCAL,0.00,153.80,0.00,153.87,5,0.67,CLOUD,2
2026-04-20 14:27:49,134,LOCAL,0.00,164.44,0.00,164.51,5,0.67,CLOUD,2
2026-04-20 14:27:49,135,LOCAL,0.00,155.81,0.00,155.92,5,0.67,CLOUD,2
2026-04-20 14:27:50,136,LOCAL,0.00,170.48,0.00,170.56,5,0.67,CLOUD,2
2026-04-20 14:27:50,137,LOCAL,0.00,167.07,0.00,167.14,5,0.67,CLOUD,2
2026-04-20 14:27:50,138,LOCAL,0.00,147.78,0.00,147.85,5,0.67,CLOUD,2
2026-04-20 14:27:50,139,LOCAL,0.00,234.00,0.00,234.09,5,0.67,,0
2026-04-20 14:27:50,140,CLOUD,41.29,4188.25,107.77,4337.74,6,0.61,,0
2026-04-20 14:35:17,1,LOCAL,0.00,8730.63,0.00,8730.73,5,0.00,CLOUD,1
2026-04-20 14:35:26,2,CLOUD,25.75,6903.44,92.26,7021.85,6,0.14,,0
2026-04-20 14:35:33,3,CLOUD,15.19,7639.62,161.42,7816.83,6,0.13,,0
2026-04-20 14:35:41,4,CLOUD,14.46,5363.27,111.91,5490.10,6,0.15,,0
2026-04-20 14:35:47,5,CLOUD,25.72,7872.13,103.86,8002.13,6,0.14,LOCAL,1
2026-04-20 14:35:55,6,CLOUD,25.57,8920.63,104.83,9051.81,6,0.13,,0
2026-04-20 14:36:04,7,CLOUD,33.70,8843.06,124.14,9001.92,6,0.13,LOCAL,1
2026-04-20 14:36:13,8,LOCAL,0.00,208.01,0.00,208.09,5,0.15,,0
2026-04-20 14:36:13,9,LOCAL,0.00,189.76,0.00,189.82,5,0.17,,0
2026-04-20 14:36:13,10,LOCAL,0.00,200.63,0.00,200.69,5,0.19,,0
2026-04-20 14:36:13,11,LOCAL,0.00,184.89,0.00,184.95,5,0.21,,0
2026-04-20 14:36:13,12,LOCAL,0.00,182.31,0.00,182.37,5,0.23,,0
2026-04-20 14:36:14,13,LOCAL,0.00,189.04,0.00,189.10,5,0.25,,0
2026-04-20 14:36:14,14,LOCAL,0.00,185.22,0.00,185.28,5,0.27,,0
2026-04-20 14:36:14,15,LOCAL,0.00,168.71,0.00,168.77,5,0.29,,0
2026-04-20 14:36:14,16,LOCAL,0.00,166.87,0.00,166.95,5,0.31,,0
2026-04-20 14:36:14,17,LOCAL,0.00,159.82,0.00,159.88,5,0.33,,0
2026-04-20 14:36:15,18,LOCAL,0.00,234.27,0.00,234.36,5,0.35,,0
2026-04-20 14:36:15,19,LOCAL,0.00,212.09,0.00,212.17,5,0.37,,0
2026-04-20 14:36:15,20,LOCAL,0.00,158.24,0.00,163.14,5,0.39,,0
2026-04-20 14:36:15,21,LOCAL,0.00,184.68,0.00,184.75,5,0.41,,0
2026-04-20 14:36:15,22,LOCAL,0.00,188.89,0.00,188.96,5,0.43,,0
2026-04-20 14:36:16,23,LOCAL,0.00,139.14,0.00,139.21,5,0.44,,0
2026-04-20 14:36:16,24,LOCAL,0.00,126.23,0.00,126.29,5,0.46,CLOUD,1
2026-04-20 14:36:16,25,LOCAL,0.00,170.30,0.00,170.37,5,0.48,CLOUD,1
2026-04-20 14:36:16,26,LOCAL,0.00,187.85,0.00,187.96,5,0.50,CLOUD,1
2026-04-20 14:36:16,27,LOCAL,0.00,182.87,0.00,182.93,5,0.52,CLOUD,1
2026-04-20 14:36:16,28,LOCAL,0.00,230.86,0.00,230.92,5,0.54,CLOUD,1
2026-04-20 14:36:17,29,LOCAL,0.00,182.95,0.00,183.02,5,0.55,CLOUD,1
2026-04-20 14:36:17,30,LOCAL,0.00,175.13,0.00,175.20,5,0.57,CLOUD,1
2026-04-20 14:36:17,31,LOCAL,0.00,166.30,0.00,166.36,5,0.66,CLOUD,1
2026-04-20 14:36:17,32,LOCAL,0.00,171.30,0.00,171.36,5,0.80,CLOUD,1
2026-04-20 14:36:17,33,LOCAL,0.00,198.90,0.00,198.96,5,0.94,CLOUD,1
2026-04-20 14:36:18,34,LOCAL,0.00,175.52,0.00,175.60,5,1.25,CLOUD,1
2026-04-20 14:36:18,35,LOCAL,0.00,259.04,0.00,259.14,5,2.02,CLOUD,2
2026-04-20 14:36:18,36,LOCAL,0.00,205.99,0.00,206.06,5,5.17,CLOUD,2
2026-04-20 14:36:18,37,LOCAL,0.00,129.28,0.00,129.35,5,5.25,CLOUD,2
2026-04-20 14:36:18,38,LOCAL,0.00,138.47,0.00,138.54,5,5.31,CLOUD,2
2026-04-20 14:36:19,39,LOCAL,0.00,181.64,0.00,181.71,5,5.35,CLOUD,2
2026-04-20 14:36:19,40,LOCAL,0.00,181.51,0.00,181.57,5,5.35,CLOUD,2
2026-04-20 14:36:19,41,LOCAL,0.00,191.69,0.00,191.76,5,5.32,CLOUD,2
2026-04-20 14:36:19,42,LOCAL,0.00,135.23,0.00,135.30,5,5.36,CLOUD,2
2026-04-20 14:36:19,43,LOCAL,0.00,122.19,0.00,122.26,5,5.42,CLOUD,2
2026-04-20 14:36:19,44,LOCAL,0.00,185.91,0.00,185.99,5,5.41,CLOUD,2
2026-04-20 14:36:20,45,LOCAL,0.00,215.90,0.00,215.97,5,5.37,CLOUD,2
2026-04-20 14:36:20,46,LOCAL,0.00,255.77,0.00,255.86,5,5.28,,0
2026-04-20 14:36:20,47,CLOUD,18.44,4037.32,99.76,4155.89,6,3.08,,0
2026-04-20 14:36:24,48,CLOUD,35.15,9563.64,187.59,9797.84,6,1.52,,0
2026-04-20 14:36:34,49,LOCAL,0.00,248.76,0.00,248.84,5,1.52,,0
2026-04-20 14:36:34,50,LOCAL,0.00,213.47,0.00,213.53,5,1.52,,0
2026-04-20 14:36:35,51,LOCAL,0.00,179.79,0.00,179.88,5,1.52,,0
2026-04-20 14:36:35,52,LOCAL,0.00,194.28,0.00,194.34,5,1.51,,0
2026-04-20 14:36:35,53,LOCAL,0.00,164.60,0.00,164.67,5,1.51,,0
2026-04-20 14:36:35,54,LOCAL,0.00,154.07,0.00,154.14,5,1.51,,0
2026-04-20 14:36:35,55,LOCAL,0.00,196.45,0.00,196.51,5,1.51,,0
2026-04-20 14:36:35,56,LOCAL,0.00,235.10,0.00,235.17,5,1.50,,0
2026-04-20 14:36:36,57,LOCAL,0.00,168.90,0.00,169.01,5,1.51,,0
2026-04-20 14:36:36,58,LOCAL,0.00,185.30,0.00,185.36,5,1.51,,0
2026-04-20 14:36:36,59,LOCAL,0.00,167.22,0.00,167.28,5,1.51,,0
2026-04-20 14:36:36,60,LOCAL,0.00,174.93,0.00,175.00,5,1.51,,0
2026-04-20 14:36:36,61,LOCAL,0.00,193.01,0.00,193.08,5,1.51,,0
2026-04-20 14:36:37,62,LOCAL,0.00,195.92,0.00,195.99,5,1.51,,0
2026-04-20 14:36:37,63,LOCAL,0.00,193.28,0.00,193.34,5,1.51,,0
2026-04-20 14:36:37,64,LOCAL,0.00,187.36,0.00,187.41,5,1.51,,0
2026-04-20 14:36:37,65,LOCAL,0.00,209.57,0.00,209.63,5,1.51,,0
2026-04-20 14:36:37,66,LOCAL,0.00,145.77,0.00,145.84,5,1.51,,0
2026-04-20 14:36:38,67,LOCAL,0.00,176.57,0.00,176.65,5,1.51,,0
2026-04-20 14:36:38,68,LOCAL,0.00,166.04,0.00,166.10,5,1.51,,0
2026-04-20 14:36:38,69,LOCAL,0.00,232.41,0.00,232.51,5,1.50,,0
2026-04-20 14:36:38,70,LOCAL,0.00,194.05,0.00,194.14,5,1.50,,0
2026-04-20 14:36:38,71,LOCAL,0.00,177.96,0.00,178.02,5,1.50,,0
2026-04-20 14:36:39,72,LOCAL,0.00,174.94,0.00,175.01,5,1.50,,0
2026-04-20 14:36:39,73,LOCAL,0.00,168.66,0.00,168.73,5,1.50,,0
2026-04-20 14:36:39,74,LOCAL,0.00,190.91,0.00,190.97,5,1.50,,0
2026-04-20 14:36:39,75,LOCAL,0.00,180.27,0.00,180.34,5,1.51,,0
2026-04-20 14:36:39,76,LOCAL,0.00,172.50,0.00,172.58,5,1.90,CLOUD,1
2026-04-20 14:36:40,77,LOCAL,0.00,153.24,0.00,153.31,5,5.15,CLOUD,1
2026-04-20 14:36:40,78,LOCAL,0.00,197.99,0.00,198.06,5,5.20,CLOUD,1
2026-04-20 14:36:40,79,LOCAL,0.00,199.68,0.00,199.75,5,5.21,CLOUD,1
2026-04-20 14:36:40,80,LOCAL,0.00,171.43,0.00,171.50,5,5.22,CLOUD,1
2026-04-20 14:36:40,81,LOCAL,0.00,169.49,0.00,169.55,5,5.25,CLOUD,1
2026-04-20 14:36:40,82,LOCAL,0.00,174.90,0.00,174.97,5,5.25,CLOUD,1
2026-04-20 14:36:41,83,LOCAL,0.00,190.06,0.00,190.13,5,5.21,CLOUD,1
2026-04-20 14:36:41,84,LOCAL,0.00,177.77,0.00,177.84,5,5.22,CLOUD,1
2026-04-20 14:36:41,85,LOCAL,0.00,186.32,0.00,186.39,5,5.26,CLOUD,1
2026-04-20 14:36:41,86,LOCAL,0.00,286.70,0.00,286.78,5,5.15,CLOUD,1
2026-04-20 14:36:41,87,LOCAL,0.00,175.46,0.00,186.18,5,5.15,CLOUD,2
2026-04-20 14:36:42,88,LOCAL,0.00,169.58,0.00,169.65,5,5.13,CLOUD,2
2026-04-20 14:36:42,89,LOCAL,0.00,169.68,0.00,169.75,5,5.14,CLOUD,2
2026-04-20 14:36:42,90,LOCAL,0.00,163.81,0.00,163.87,5,5.15,CLOUD,2
2026-04-20 14:36:42,91,LOCAL,0.00,196.85,0.00,196.91,5,5.15,CLOUD,2
2026-04-20 14:36:42,92,LOCAL,0.00,216.22,0.00,216.29,5,5.13,CLOUD,2
2026-04-20 14:36:43,93,LOCAL,0.00,173.48,0.00,173.54,5,5.15,CLOUD,2
2026-04-20 14:36:43,94,LOCAL,0.00,178.01,0.00,178.07,5,5.18,CLOUD,2
2026-04-20 14:36:43,95,LOCAL,0.00,180.73,0.00,180.81,5,5.15,CLOUD,2
2026-04-20 14:36:43,96,LOCAL,0.00,243.32,0.00,243.39,5,5.07,CLOUD,2
2026-04-20 14:36:43,97,LOCAL,0.00,236.33,0.00,236.58,5,5.01,,0
2026-04-20 14:36:44,98,LOCAL,0.00,221.85,0.00,221.98,5,5.02,,0
2026-04-20 14:36:44,99,CLOUD,25.99,8543.38,122.15,8692.38,6,2.03,,0
2026-04-20 14:36:53,100,CLOUD,29.34,13470.06,94.03,13594.29,6,1.05,,0
2026-04-20 14:37:06,101,LOCAL,0.00,243.61,0.00,243.69,5,1.04,,0
2026-04-20 14:37:07,102,LOCAL,0.00,208.19,0.00,208.25,5,1.04,,0
2026-04-20 14:37:07,103,LOCAL,0.00,156.60,0.00,156.66,5,1.04,,0
2026-04-20 14:37:07,104,LOCAL,0.00,128.58,0.00,128.65,5,1.05,,0
2026-04-20 14:37:07,105,LOCAL,0.00,184.33,0.00,184.40,5,1.05,,0
2026-04-20 14:37:07,106,LOCAL,0.00,172.08,0.00,172.20,5,1.05,,0
2026-04-20 14:37:07,107,LOCAL,0.00,152.71,0.00,152.79,5,1.05,,0
2026-04-20 14:37:08,108,LOCAL,0.00,179.22,0.00,179.31,5,1.05,,0
2026-04-20 14:37:08,109,LOCAL,0.00,195.14,0.00,195.20,5,1.05,,0
2026-04-20 14:37:08,110,LOCAL,0.00,171.49,0.00,171.56,5,1.05,,0
2026-04-20 14:37:08,111,LOCAL,0.00,190.83,0.00,190.89,5,1.04,,0
2026-04-20 14:37:08,112,LOCAL,0.00,190.26,0.00,190.33,5,1.05,,0
2026-04-20 14:37:09,113,LOCAL,0.00,252.14,0.00,252.31,5,1.04,,0
2026-04-20 14:37:09,114,LOCAL,0.00,233.90,0.00,234.01,5,1.04,,0
2026-04-20 14:37:09,115,LOCAL,0.00,197.67,0.00,197.73,5,1.04,,0
2026-04-20 14:37:09,116,LOCAL,0.00,183.07,0.00,183.13,5,1.04,,0
2026-04-20 14:37:09,117,LOCAL,0.00,149.88,0.00,156.65,5,1.04,,0
2026-04-20 14:37:10,118,LOCAL,0.00,184.04,0.00,184.15,5,1.04,,0
2026-04-20 14:37:10,119,LOCAL,0.00,173.48,0.00,173.57,5,1.04,,0
2026-04-20 14:37:10,120,LOCAL,0.00,178.37,0.00,178.43,5,1.05,,0
2026-04-20 14:37:10,121,LOCAL,0.00,194.96,0.00,195.03,5,1.05,,0
2026-04-20 14:37:10,122,LOCAL,0.00,186.03,0.00,186.09,5,1.05,,0
2026-04-20 14:37:11,123,LOCAL,0.00,172.60,0.00,172.66,5,1.05,,0
2026-04-20 14:37:11,124,LOCAL,0.00,173.71,0.00,173.77,5,1.05,,0
2026-04-20 14:37:11,125,LOCAL,0.00,204.00,0.00,204.06,5,1.05,,0
2026-04-20 14:37:11,126,LOCAL,0.00,181.55,0.00,181.61,5,1.05,,0
2026-04-20 14:37:11,127,LOCAL,0.00,172.13,0.00,172.19,5,1.05,,0
2026-04-20 14:37:12,128,LOCAL,0.00,156.49,0.00,156.55,5,1.53,,0
2026-04-20 14:37:12,129,LOCAL,0.00,231.57,0.00,231.65,5,5.15,,0
2026-04-20 14:37:12,130,LOCAL,0.00,234.61,0.00,234.67,5,5.18,,0
2026-04-20 14:37:12,131,LOCAL,0.00,219.37,0.00,219.44,5,5.15,,0
2026-04-20 14:37:12,132,LOCAL,0.00,134.09,0.00,134.17,5,5.17,,0
2026-04-20 14:37:13,133,LOCAL,0.00,176.94,0.00,177.04,5,5.12,,0
2026-04-20 14:37:13,134,LOCAL,0.00,139.41,0.00,139.50,5,5.15,,0
2026-04-20 14:37:13,135,LOCAL,0.00,179.39,0.00,179.50,5,5.15,,0
2026-04-20 14:37:13,136,LOCAL,0.00,174.44,0.00,174.50,5,5.13,,0
2026-04-20 14:37:13,137,LOCAL,0.00,194.03,0.00,194.09,5,5.13,,0
2026-04-20 14:37:13,138,LOCAL,0.00,174.83,0.00,174.89,5,5.14,,0
2026-04-20 14:37:14,139,LOCAL,0.00,196.92,0.00,196.98,5,5.11,,0
2026-04-20 14:37:14,140,LOCAL,0.00,184.27,0.00,184.34,5,5.11,,0
2026-04-20 14:37:14,141,LOCAL,0.00,186.38,0.00,186.43,5,5.11,,0
2026-04-20 14:37:14,142,LOCAL,0.00,191.21,0.00,191.28,5,5.17,,0
2026-04-20 14:37:14,143,LOCAL,0.00,166.07,0.00,166.13,5,5.24,,0
2026-04-20 14:37:15,144,LOCAL,0.00,164.10,0.00,164.16,5,5.27,,0
2026-04-20 14:37:15,145,LOCAL,0.00,178.60,0.00,178.66,5,5.27,,0
2026-04-20 14:37:15,146,LOCAL,0.00,140.01,0.00,140.07,5,5.27,,0
2026-04-20 14:37:15,147,LOCAL,0.00,158.20,0.00,158.27,5,5.29,,0
2026-04-20 14:37:15,148,LOCAL,0.00,235.64,0.00,235.72,5,5.24,,0
2026-04-20 14:37:16,149,LOCAL,0.00,187.32,0.00,187.43,5,5.22,,0
2026-04-20 14:37:16,150,LOCAL,0.00,175.12,0.00,175.19,5,5.23,,0
2026-04-20 14:37:16,151,LOCAL,0.00,170.48,0.00,170.55,5,5.24,CLOUD,1
2026-04-20 14:37:16,152,LOCAL,0.00,164.01,0.00,164.08,5,5.25,CLOUD,1
2026-04-20 14:37:16,153,LOCAL,0.00,163.52,0.00,163.57,5,5.25,CLOUD,1
2026-04-20 14:37:16,154,LOCAL,0.00,193.89,0.00,193.95,5,5.27,CLOUD,1
2026-04-20 14:37:17,155,LOCAL,0.00,175.92,0.00,175.98,5,5.29,CLOUD,1
2026-04-20 14:37:17,156,LOCAL,0.00,180.64,0.00,180.70,5,5.28,CLOUD,1
2026-04-20 14:37:17,157,LOCAL,0.00,174.52,0.00,174.58,5,5.27,CLOUD,1
2026-04-20 14:37:17,158,LOCAL,0.00,168.07,0.00,168.14,5,5.33,CLOUD,1
2026-04-20 14:37:17,159,LOCAL,0.00,158.98,0.00,159.05,5,5.39,CLOUD,1
2026-04-20 14:37:18,160,LOCAL,0.00,175.65,0.00,175.70,5,5.44,CLOUD,1
2026-04-20 14:37:18,161,LOCAL,0.00,164.18,0.00,164.25,5,5.42,CLOUD,1
2026-04-20 14:37:18,162,LOCAL,0.00,189.34,0.00,189.41,5,5.39,CLOUD,2
2026-04-20 14:37:18,163,LOCAL,0.00,173.17,0.00,173.23,5,5.36,CLOUD,2
2026-04-20 14:37:18,164,LOCAL,0.00,160.28,0.00,160.35,5,5.37,CLOUD,2
2026-04-20 14:37:18,165,LOCAL,0.00,208.88,0.00,209.07,5,5.36,CLOUD,2
2026-04-20 14:37:19,166,LOCAL,0.00,177.91,0.00,177.98,5,5.35,CLOUD,2
2026-04-20 14:37:19,167,LOCAL,0.00,169.43,0.00,169.49,5,5.35,CLOUD,2
2026-04-20 14:37:19,168,LOCAL,0.00,140.82,0.00,140.88,5,5.41,CLOUD,2
2026-04-20 14:37:19,169,LOCAL,0.00,167.56,0.00,167.61,5,5.42,CLOUD,2
2026-04-20 14:37:19,170,LOCAL,0.00,164.36,0.00,164.43,5,5.44,CLOUD,2
2026-04-20 14:37:20,171,LOCAL,0.00,195.01,0.00,195.07,5,5.44,CLOUD,2
2026-04-20 14:37:20,172,LOCAL,0.00,243.11,0.00,243.23,5,5.37,CLOUD,2
2026-04-20 14:37:20,173,LOCAL,0.00,172.13,0.00,172.21,5,5.36,,0
2026-04-20 14:37:20,174,CLOUD,29.81,4815.03,147.90,4993.27,6,2.83,,0
2026-04-20 14:37:25,175,CLOUD,25.73,3857.78,103.73,3987.71,6,2.06,,0
2026-04-20 14:37:29,176,CLOUD,29.01,4362.04,104.44,4495.99,6,1.57,LOCAL,2
2026-04-20 14:37:34,177,CLOUD,29.44,4951.54,146.05,5127.53,6,1.24,,0
2026-04-20 14:37:39,178,CLOUD,29.42,16537.56,91.83,16670.76,6,0.73,,0
2026-04-20 14:37:56,179,CLOUD,22.31,7216.38,115.40,7354.47,6,0.62,LOCAL,1
2026-04-20 14:38:03,180,CLOUD,25.42,6586.02,113.75,6725.60,6,0.54,,0
2026-04-20 14:38:10,181,CLOUD,25.59,6974.40,110.80,7111.19,6,0.48,LOCAL,1
2026-04-20 14:38:17,182,CLOUD,25.94,6874.12,90.07,6990.56,6,0.43,LOCAL,1
2026-04-20 14:38:24,183,CLOUD,25.94,6273.11,123.83,6423.33,6,0.39,LOCAL,1
2026-04-20 14:38:30,184,LOCAL,0.00,255.47,0.00,255.54,5,0.39,,0
2026-04-20 14:38:30,185,LOCAL,0.00,274.51,0.00,274.57,5,0.39,,0
2026-04-20 14:38:31,186,LOCAL,0.00,206.74,0.00,206.80,5,0.39,,0
2026-04-20 14:38:31,187,LOCAL,0.00,196.92,0.00,196.99,5,0.39,,0
2026-04-20 14:38:31,188,LOCAL,0.00,183.79,0.00,183.86,5,0.39,,0
2026-04-20 14:38:31,189,LOCAL,0.00,158.08,0.00,158.13,5,0.39,,0
2026-04-20 14:38:32,190,LOCAL,0.00,194.80,0.00,194.88,5,0.39,,0
2026-04-20 14:38:32,191,LOCAL,0.00,171.32,0.00,171.40,5,0.39,,0
2026-04-20 14:38:32,192,LOCAL,0.00,164.75,0.00,164.81,5,0.39,,0
2026-04-20 14:38:32,193,LOCAL,0.00,188.74,0.00,188.82,5,0.39,,0
2026-04-20 14:38:32,194,LOCAL,0.00,170.80,0.00,170.86,5,0.39,,0
2026-04-20 14:38:32,195,LOCAL,0.00,264.23,0.00,264.40,5,0.39,,0
2026-04-20 14:38:33,196,LOCAL,0.00,194.70,0.00,194.77,5,0.39,,0
2026-04-20 14:38:33,197,LOCAL,0.00,145.66,0.00,145.73,5,0.39,,0
2026-04-20 14:38:33,198,LOCAL,0.00,176.27,0.00,176.33,5,0.39,,0
2026-04-20 14:38:33,199,LOCAL,0.00,176.43,0.00,176.50,5,0.39,,0
2026-04-20 14:38:33,200,LOCAL,0.00,192.61,0.00,192.67,5,0.39,,0
2026-04-20 14:38:34,201,LOCAL,0.00,216.72,0.00,216.79,5,0.39,CLOUD,1
2026-04-20 14:38:34,202,LOCAL,0.00,174.98,0.00,175.04,5,0.39,CLOUD,1
2026-04-20 14:38:34,203,LOCAL,0.00,191.00,0.00,191.07,5,0.42,CLOUD,1
2026-04-20 14:38:34,204,LOCAL,0.00,192.83,0.00,192.90,5,0.44,CLOUD,1
2026-04-20 14:38:34,205,LOCAL,0.00,189.97,0.00,190.04,5,0.48,CLOUD,1
2026-04-20 14:38:35,206,LOCAL,0.00,204.15,0.00,204.21,5,0.52,CLOUD,1
2026-04-20 14:38:35,207,LOCAL,0.00,163.91,0.00,163.98,5,0.73,CLOUD,1
2026-04-20 14:38:35,208,LOCAL,0.00,160.48,0.00,160.57,5,0.90,CLOUD,1
2026-04-20 14:38:35,209,LOCAL,0.00,176.29,0.00,176.36,5,1.12,CLOUD,1
2026-04-20 14:38:35,210,LOCAL,0.00,180.66,0.00,180.73,5,1.54,CLOUD,1
2026-04-20 14:38:36,211,LOCAL,0.00,268.15,0.00,268.33,5,2.38,CLOUD,2
2026-04-20 14:38:36,212,LOCAL,0.00,218.40,0.00,218.47,5,4.87,CLOUD,2
2026-04-20 14:38:36,213,LOCAL,0.00,191.95,0.00,192.02,5,4.93,CLOUD,2
2026-04-20 14:38:36,214,LOCAL,0.00,182.14,0.00,182.30,5,5.03,CLOUD,2
2026-04-20 14:38:37,215,LOCAL,0.00,187.49,0.00,187.55,5,5.05,CLOUD,2
2026-04-20 14:38:37,216,LOCAL,0.00,181.89,0.00,181.96,5,5.06,CLOUD,2
2026-04-20 14:38:37,217,LOCAL,0.00,146.71,0.00,146.77,5,5.09,CLOUD,2
2026-04-20 14:38:37,218,LOCAL,0.00,177.37,0.00,177.44,5,5.09,CLOUD,2
2026-04-20 14:38:37,219,LOCAL,0.00,205.19,0.00,205.25,5,5.07,CLOUD,2
2026-04-20 14:38:37,220,LOCAL,0.00,192.96,0.00,193.02,5,5.04,CLOUD,2
2026-04-20 14:38:38,221,LOCAL,0.00,178.30,0.00,178.37,5,5.02,,0
2026-04-20 14:38:38,222,LOCAL,0.00,215.38,0.00,215.54,5,4.95,,0
2026-04-20 14:38:38,223,CLOUD,25.86,9975.68,137.68,10140.26,6,1.83,,0
2026-04-20 14:38:48,224,LOCAL,0.00,229.85,0.00,229.93,5,1.83,,0
2026-04-20 14:38:49,225,LOCAL,0.00,196.62,0.00,196.68,5,1.83,,0
2026-04-20 14:38:49,226,LOCAL,0.00,196.29,0.00,196.35,5,1.83,,0
2026-04-20 14:38:49,227,LOCAL,0.00,212.14,0.00,212.22,5,1.82,,0
2026-04-20 14:38:49,228,LOCAL,0.00,179.33,0.00,179.40,5,1.82,,0
2026-04-20 14:38:49,229,LOCAL,0.00,183.58,0.00,183.64,5,1.82,,0
2026-04-20 14:38:50,230,LOCAL,0.00,185.99,0.00,186.05,5,1.83,,0
2026-04-20 14:38:50,231,LOCAL,0.00,189.35,0.00,189.42,5,1.82,,0
2026-04-20 14:38:50,232,LOCAL,0.00,169.52,0.00,169.59,5,1.83,,0
2026-04-20 14:38:50,233,LOCAL,0.00,187.25,0.00,187.35,5,1.83,,0
2026-04-20 14:38:50,234,LOCAL,0.00,269.16,0.00,269.26,5,1.82,,0
2026-04-20 14:38:51,235,LOCAL,0.00,212.27,0.00,212.34,5,1.82,,0
2026-04-20 14:38:51,236,LOCAL,0.00,186.29,0.00,186.35,5,1.81,,0
2026-04-20 14:38:51,237,LOCAL,0.00,186.78,0.00,186.85,5,1.81,,0
2026-04-20 14:38:51,238,LOCAL,0.00,175.97,0.00,176.03,5,1.81,CLOUD,1
2026-04-20 14:38:51,239,LOCAL,0.00,191.05,0.00,191.11,5,1.81,CLOUD,1
2026-04-20 14:38:52,240,LOCAL,0.00,180.02,0.00,180.08,5,1.83,CLOUD,1
2026-04-20 14:38:52,241,LOCAL,0.00,166.06,0.00,166.13,5,1.83,CLOUD,1
2026-04-20 14:38:52,242,LOCAL,0.00,134.03,0.00,134.10,5,1.84,CLOUD,1
2026-04-20 14:38:52,243,LOCAL,0.00,175.94,0.00,176.01,5,1.84,CLOUD,1
2026-04-20 14:38:52,244,LOCAL,0.00,134.59,0.00,134.66,5,1.84,CLOUD,1
2026-04-20 14:38:52,245,LOCAL,0.00,188.18,0.00,188.24,5,1.84,CLOUD,1
2026-04-20 14:38:53,246,LOCAL,0.00,172.33,0.00,172.39,5,1.84,CLOUD,1
2026-04-20 14:38:53,247,LOCAL,0.00,181.13,0.00,181.19,5,1.84,CLOUD,1
2026-04-20 14:38:53,248,LOCAL,0.00,167.07,0.00,167.15,5,1.84,CLOUD,1
2026-04-20 14:38:53,249,LOCAL,0.00,172.71,0.00,172.78,5,1.85,CLOUD,2
2026-04-20 14:38:53,250,LOCAL,0.00,188.74,0.00,188.81,5,1.85,CLOUD,2
2026-04-20 14:38:54,251,LOCAL,0.00,235.75,0.00,235.92,5,1.85,CLOUD,2
2026-04-20 14:38:54,252,LOCAL,0.00,189.86,0.00,189.95,5,5.05,CLOUD,2
2026-04-20 14:38:54,253,LOCAL,0.00,221.51,0.00,221.57,5,5.07,CLOUD,2
2026-04-20 14:38:54,254,LOCAL,0.00,203.11,0.00,203.21,5,5.07,CLOUD,2
2026-04-20 14:38:55,255,LOCAL,0.00,189.46,0.00,189.54,5,5.08,CLOUD,2
2026-04-20 14:38:55,256,LOCAL,0.00,186.48,0.00,186.55,5,5.11,CLOUD,2
2026-04-20 14:38:55,257,LOCAL,0.00,182.91,0.00,182.98,5,5.09,CLOUD,2
2026-04-20 14:38:55,258,LOCAL,0.00,178.09,0.00,178.18,5,5.11,CLOUD,2
2026-04-20 14:38:55,259,LOCAL,0.00,256.36,0.00,256.44,5,5.04,,0
2026-04-20 14:38:56,260,CLOUD,26.12,9831.29,97.91,9956.07,6,1.87,,0
2026-04-20 14:39:06,261,CLOUD,29.85,16974.55,115.10,17120.26,6,0.89,,0
2026-04-20 14:39:23,262,CLOUD,29.69,11131.22,88.90,11275.26,6,0.67,,0
2026-04-20 14:39:34,263,LOCAL,0.00,241.05,0.00,241.13,5,0.67,,0
2026-04-20 14:39:34,264,LOCAL,0.00,206.72,0.00,206.78,5,0.67,,0
2026-04-20 14:39:34,265,LOCAL,0.00,199.74,0.00,199.81,5,0.67,,0
2026-04-20 14:39:35,266,LOCAL,0.00,181.63,0.00,181.69,5,0.67,,0
2026-04-20 14:39:35,267,LOCAL,0.00,161.79,0.00,161.87,5,0.67,,0
2026-04-20 14:39:35,268,LOCAL,0.00,191.27,0.00,191.35,5,0.67,,0
2026-04-20 14:39:35,269,LOCAL,0.00,200.31,0.00,200.38,5,0.67,,0
2026-04-20 14:39:35,270,LOCAL,0.00,179.44,0.00,179.50,5,0.67,,0
2026-04-20 14:39:36,271,LOCAL,0.00,183.06,0.00,183.12,5,0.66,,0
2026-04-20 14:39:36,272,LOCAL,0.00,251.59,0.00,251.69,5,0.66,,0
2026-04-20 14:39:36,273,LOCAL,0.00,181.03,0.00,181.11,5,0.66,,0
2026-04-20 14:39:36,274,LOCAL,0.00,170.85,0.00,170.92,5,0.66,,0
2026-04-20 14:39:36,275,LOCAL,0.00,156.82,0.00,156.88,5,0.66,,0
2026-04-20 14:39:37,276,LOCAL,0.00,171.35,0.00,171.42,5,0.66,,0
2026-04-20 14:39:37,277,LOCAL,0.00,168.07,0.00,168.13,5,0.66,,0
2026-04-20 14:39:37,278,LOCAL,0.00,161.05,0.00,161.10,5,0.66,,0
2026-04-20 14:39:37,279,LOCAL,0.00,182.39,0.00,182.46,5,0.66,,0
2026-04-20 14:39:37,280,LOCAL,0.00,167.14,0.00,167.22,5,0.67,,0
2026-04-20 14:39:37,281,LOCAL,0.00,172.44,0.00,172.50,5,0.67,,0
2026-04-20 14:39:38,282,LOCAL,0.00,172.66,0.00,172.72,5,0.67,,0
2026-04-20 14:39:38,283,LOCAL,0.00,165.03,0.00,165.09,5,0.67,,0
2026-04-20 14:39:38,284,LOCAL,0.00,179.95,0.00,180.00,5,0.67,,0
2026-04-20 14:39:38,285,LOCAL,0.00,178.06,0.00,178.12,5,0.67,,0
2026-04-20 14:39:38,286,LOCAL,0.00,156.89,0.00,156.95,5,0.67,,0
2026-04-20 14:39:38,287,LOCAL,0.00,172.86,0.00,172.92,5,0.67,,0
2026-04-20 14:39:39,288,LOCAL,0.00,168.07,0.00,168.13,5,0.67,,0
2026-04-20 14:39:39,289,LOCAL,0.00,176.71,0.00,176.77,5,0.87,,0
2026-04-20 14:39:39,290,LOCAL,0.00,163.03,0.00,163.10,5,1.75,,0
2026-04-20 14:39:39,291,LOCAL,0.00,177.93,0.00,178.00,5,5.34,,0
2026-04-20 14:39:39,292,LOCAL,0.00,169.15,0.00,169.21,5,5.41,,0
2026-04-20 14:39:40,293,LOCAL,0.00,165.15,0.00,165.21,5,5.45,,0
2026-04-20 14:39:40,294,LOCAL,0.00,159.86,0.00,159.92,5,5.50,,0
2026-04-20 14:39:40,295,LOCAL,0.00,230.01,0.00,230.18,5,5.46,,0
2026-04-20 14:39:40,296,LOCAL,0.00,185.86,0.00,185.94,5,5.42,,0
2026-04-20 14:39:40,297,LOCAL,0.00,171.06,0.00,171.12,5,5.45,,0
2026-04-20 14:39:40,298,LOCAL,0.00,189.06,0.00,189.12,5,5.46,,0
2026-04-20 14:39:41,299,LOCAL,0.00,161.13,0.00,161.19,5,5.48,,0
2026-04-20 14:39:41,300,LOCAL,0.00,165.61,0.00,165.68,5,5.50,,0
2026-04-20 14:39:41,301,LOCAL,0.00,181.75,0.00,181.82,5,5.58,,0
2026-04-20 14:39:41,302,LOCAL,0.00,133.48,0.00,133.55,5,5.64,,0
2026-04-20 14:39:41,303,LOCAL,0.00,163.65,0.00,163.70,5,5.64,,0
2026-04-20 14:39:42,304,LOCAL,0.00,178.06,0.00,178.12,5,5.60,,0
2026-04-20 14:39:42,305,LOCAL,0.00,166.63,0.00,166.70,5,5.61,,0
2026-04-20 14:39:42,306,LOCAL,0.00,179.80,0.00,179.86,5,5.60,,0
2026-04-20 14:39:42,307,LOCAL,0.00,171.18,0.00,171.24,5,5.60,,0
2026-04-20 14:39:42,308,LOCAL,0.00,171.76,0.00,171.82,5,5.63,,0
2026-04-20 14:39:42,309,LOCAL,0.00,188.42,0.00,188.49,5,5.60,,0
2026-04-20 14:39:43,310,LOCAL,0.00,163.18,0.00,163.25,5,5.61,,0
2026-04-20 14:39:43,311,LOCAL,0.00,184.55,0.00,184.61,5,5.60,,0
2026-04-20 14:39:43,312,LOCAL,0.00,176.78,0.00,176.83,5,5.58,,0
2026-04-20 14:39:43,313,LOCAL,0.00,207.09,0.00,207.16,5,5.54,,0
2026-04-20 14:39:43,314,LOCAL,0.00,180.95,0.00,181.01,5,5.54,,0
2026-04-20 14:39:44,315,LOCAL,0.00,188.47,0.00,188.53,5,5.51,,0
2026-04-20 14:39:44,316,LOCAL,0.00,207.78,0.00,207.83,5,5.47,,0
2026-04-20 14:39:44,317,LOCAL,0.00,180.37,0.00,180.42,5,5.45,,0
2026-04-20 14:39:44,318,LOCAL,0.00,171.19,0.00,171.25,5,5.46,,0
2026-04-20 14:39:44,319,LOCAL,0.00,171.65,0.00,171.72,5,5.45,,0
2026-04-20 14:39:44,320,LOCAL,0.00,186.24,0.00,186.30,5,5.45,,0
2026-04-20 14:39:45,321,LOCAL,0.00,173.27,0.00,173.34,5,5.44,,0
2026-04-20 14:39:45,322,LOCAL,0.00,180.83,0.00,180.89,5,5.42,,0
2026-04-20 14:39:45,323,LOCAL,0.00,191.78,0.00,191.83,5,5.39,,0
2026-04-20 14:39:45,324,LOCAL,0.00,179.21,0.00,179.26,5,5.44,,0
2026-04-20 14:39:45,325,LOCAL,0.00,184.88,0.00,184.94,5,5.45,,0
2026-04-20 14:39:46,326,LOCAL,0.00,178.04,0.00,178.09,5,5.44,,0
2026-04-20 14:39:46,327,LOCAL,0.00,184.67,0.00,184.72,5,5.44,,0
2026-04-20 14:39:46,328,LOCAL,0.00,183.40,0.00,183.46,5,5.40,,0
2026-04-20 14:39:46,329,LOCAL,0.00,136.82,0.00,136.88,5,5.43,,0
2026-04-20 14:39:46,330,LOCAL,0.00,216.49,0.00,216.68,5,5.37,,0
2026-04-20 14:39:47,331,LOCAL,0.00,180.27,0.00,180.37,5,5.31,,0
2026-04-20 14:39:47,332,LOCAL,0.00,167.29,0.00,167.38,5,5.31,,0
2026-04-20 14:39:47,333,LOCAL,0.00,179.67,0.00,179.72,5,5.32,,0
2026-04-20 14:39:47,334,LOCAL,0.00,133.34,0.00,133.41,5,5.36,,0
2026-04-20 14:39:47,335,LOCAL,0.00,192.92,0.00,192.99,5,5.34,,0
2026-04-20 14:39:48,336,LOCAL,0.00,199.91,0.00,199.99,5,5.31,,0
2026-04-20 14:39:48,337,LOCAL,0.00,160.23,0.00,160.34,5,5.31,,0
2026-04-20 14:39:48,338,LOCAL,0.00,186.59,0.00,186.65,5,5.31,,0
2026-04-20 14:39:48,339,LOCAL,0.00,186.34,0.00,186.40,5,5.29,,0
2026-04-20 14:39:48,340,LOCAL,0.00,162.97,0.00,163.03,5,5.31,,0
2026-04-20 14:39:48,341,LOCAL,0.00,194.09,0.00,194.14,5,5.29,,0
2026-04-20 14:39:49,342,LOCAL,0.00,173.90,0.00,173.95,5,5.33,,0
2026-04-20 14:39:49,343,LOCAL,0.00,191.54,0.00,191.59,5,5.32,,0
2026-04-20 14:39:49,344,LOCAL,0.00,177.16,0.00,177.23,5,5.33,,0
2026-04-20 14:39:49,345,LOCAL,0.00,163.65,0.00,163.72,5,5.36,,0
2026-04-20 14:39:49,346,LOCAL,0.00,195.68,0.00,195.75,5,5.34,,0
2026-04-20 14:39:50,347,LOCAL,0.00,179.27,0.00,179.33,5,5.33,,0
2026-04-20 14:39:50,348,LOCAL,0.00,156.65,0.00,156.72,5,5.35,,0
2026-04-20 14:39:50,349,LOCAL,0.00,186.56,0.00,186.62,5,5.34,,0
2026-04-20 14:39:50,350,LOCAL,0.00,173.50,0.00,173.57,5,5.33,,0
2026-04-20 14:39:50,351,LOCAL,0.00,168.26,0.00,168.31,5,5.33,,0
2026-04-20 14:39:51,352,LOCAL,0.00,187.49,0.00,187.55,5,5.32,,0
2026-04-20 14:39:51,353,LOCAL,0.00,149.20,0.00,149.26,5,5.35,,0
2026-04-20 14:39:51,354,LOCAL,0.00,153.78,0.00,153.85,5,5.38,,0
2026-04-20 14:39:51,355,LOCAL,0.00,158.86,0.00,158.93,5,5.39,,0
2026-04-20 14:39:51,356,LOCAL,0.00,157.98,0.00,158.03,5,5.42,,0
2026-04-20 14:39:51,357,LOCAL,0.00,192.81,0.00,192.87,5,5.42,,0
2026-04-20 14:39:52,358,LOCAL,0.00,170.02,0.00,170.09,5,5.39,,0
2026-04-20 14:39:52,359,LOCAL,0.00,146.27,0.00,146.34,5,5.47,,0
2026-04-20 14:39:52,360,LOCAL,0.00,167.25,0.00,167.32,5,5.50,,0
2026-04-20 14:39:52,361,LOCAL,0.00,153.76,0.00,153.83,5,5.51,,0
2026-04-20 14:39:52,362,LOCAL,0.00,183.81,0.00,183.87,5,5.50,,0
2026-04-20 14:39:52,363,LOCAL,0.00,190.52,0.00,190.58,5,5.43,,0
2026-04-20 14:39:53,364,LOCAL,0.00,162.93,0.00,163.01,5,5.44,,0
2026-04-20 14:39:53,365,LOCAL,0.00,159.98,0.00,160.03,5,5.49,,0
2026-04-20 14:39:53,366,LOCAL,0.00,200.08,0.00,200.14,5,5.46,,0
2026-04-20 14:39:53,367,LOCAL,0.00,156.66,0.00,156.72,5,5.49,,0
2026-04-20 14:39:53,368,LOCAL,0.00,175.87,0.00,175.93,5,5.48,,0
2026-04-20 14:39:54,369,LOCAL,0.00,231.48,0.00,231.56,5,5.41,,0
2026-04-20 14:39:54,370,LOCAL,0.00,174.66,0.00,174.74,5,5.41,,0
2026-04-20 14:39:54,371,LOCAL,0.00,180.10,0.00,180.16,5,5.41,,0
2026-04-20 14:39:54,372,LOCAL,0.00,185.01,0.00,185.07,5,5.41,,0
2026-04-20 14:39:54,373,LOCAL,0.00,186.06,0.00,186.11,5,5.38,,0
2026-04-20 14:39:55,374,LOCAL,0.00,174.19,0.00,174.25,5,5.39,,0
2026-04-20 14:39:55,375,LOCAL,0.00,183.00,0.00,183.05,5,5.41,,0
2026-04-20 14:39:55,376,LOCAL,0.00,184.29,0.00,184.35,5,5.40,,0
2026-04-20 14:39:55,377,LOCAL,0.00,134.21,0.00,134.27,5,5.41,,0
2026-04-20 14:39:55,378,LOCAL,0.00,175.75,0.00,175.83,5,5.42,,0
2026-04-20 14:39:55,379,LOCAL,0.00,184.44,0.00,184.50,5,5.42,,0
2026-04-20 14:39:56,380,LOCAL,0.00,152.85,0.00,152.91,5,5.44,,0
2026-04-20 14:39:56,381,LOCAL,0.00,188.93,0.00,188.98,5,5.45,,0
2026-04-20 14:39:56,382,LOCAL,0.00,189.58,0.00,189.63,5,5.41,,0
2026-04-20 14:39:56,383,LOCAL,0.00,183.45,0.00,183.51,5,5.38,,0
2026-04-20 14:39:56,384,LOCAL,0.00,202.69,0.00,202.75,5,5.35,,0
2026-04-20 14:39:57,385,LOCAL,0.00,201.47,0.00,201.52,5,5.31,,0
2026-04-20 14:39:57,386,LOCAL,0.00,149.12,0.00,149.18,5,5.35,,0
2026-04-20 14:39:57,387,LOCAL,0.00,178.40,0.00,178.46,5,5.34,,0
2026-04-20 14:39:57,388,LOCAL,0.00,193.17,0.00,193.23,5,5.31,,0
2026-04-20 14:39:57,389,LOCAL,0.00,191.05,0.00,191.10,5,5.29,,0
2026-04-20 14:39:58,390,LOCAL,0.00,143.26,0.00,143.32,5,5.31,,0
2026-04-20 14:39:58,391,LOCAL,0.00,179.00,0.00,179.06,5,5.33,,0
2026-04-20 14:39:58,392,LOCAL,0.00,220.96,0.00,221.16,5,5.26,,0
2026-04-20 14:39:58,393,LOCAL,0.00,192.95,0.00,193.01,5,5.25,,0
2026-04-20 14:39:58,394,LOCAL,0.00,117.17,0.00,117.22,5,5.30,,0
2026-04-20 14:39:58,395,LOCAL,0.00,130.91,0.00,130.98,5,5.36,,0
2026-04-20 14:39:59,396,LOCAL,0.00,161.66,0.00,161.73,5,5.34,,0
2026-04-20 14:39:59,397,LOCAL,0.00,182.49,0.00,182.56,5,5.35,,0
2026-04-20 14:39:59,398,LOCAL,0.00,180.91,0.00,180.98,5,5.41,,0
2026-04-20 14:39:59,399,LOCAL,0.00,161.31,0.00,161.38,5,5.42,,0
2026-04-20 14:39:59,400,LOCAL,0.00,154.33,0.00,154.39,5,5.46,,0
2026-04-20 14:39:59,401,LOCAL,0.00,182.49,0.00,182.54,5,5.47,,0
2026-04-20 14:40:00,402,LOCAL,0.00,189.98,0.00,190.06,5,5.47,,0
2026-04-20 14:40:00,403,LOCAL,0.00,188.89,0.00,188.95,5,5.46,,0
2026-04-20 14:40:00,404,LOCAL,0.00,174.38,0.00,174.46,5,5.46,,0
2026-04-20 14:40:00,405,LOCAL,0.00,173.68,0.00,173.74,5,5.47,,0
2026-04-20 14:40:00,406,LOCAL,0.00,164.54,0.00,164.60,5,5.44,,0
2026-04-20 14:40:01,407,LOCAL,0.00,194.63,0.00,194.69,5,5.43,,0
2026-04-20 14:40:01,408,LOCAL,0.00,168.28,0.00,168.34,5,5.45,,0
2026-04-20 14:40:01,409,LOCAL,0.00,137.66,0.00,137.72,5,5.46,,0
2026-04-20 14:40:01,410,LOCAL,0.00,132.60,0.00,132.67,5,5.52,,0
2026-04-20 14:40:01,411,LOCAL,0.00,161.49,0.00,161.54,5,5.55,,0
2026-04-20 14:40:01,412,LOCAL,0.00,158.22,0.00,158.29,5,5.58,,0
2026-04-20 14:40:02,413,LOCAL,0.00,158.15,0.00,158.21,5,5.63,,0
2026-04-20 14:40:02,414,LOCAL,0.00,145.11,0.00,145.17,5,5.68,,0
2026-04-20 14:40:02,415,LOCAL,0.00,237.58,0.00,237.85,5,5.58,,0
2026-04-20 14:40:02,416,LOCAL,0.00,180.53,0.00,180.65,5,5.54,,0
2026-04-20 14:40:02,417,LOCAL,0.00,149.61,0.00,149.66,5,5.59,,0
2026-04-20 14:40:03,418,LOCAL,0.00,150.60,0.00,150.67,5,5.63,,0
2026-04-20 14:40:03,419,LOCAL,0.00,160.91,0.00,160.98,5,5.60,,0
2026-04-20 14:40:03,420,LOCAL,0.00,166.13,0.00,166.20,5,5.61,,0
2026-04-20 14:40:03,421,LOCAL,0.00,186.45,0.00,186.51,5,5.71,,0
2026-04-20 14:40:03,422,LOCAL,0.00,205.25,0.00,205.32,5,5.69,,0
2026-04-20 14:40:03,423,LOCAL,0.00,173.42,0.00,173.48,5,5.63,,0
2026-04-20 14:40:04,424,LOCAL,0.00,171.69,0.00,171.75,5,5.59,,0
2026-04-20 14:40:04,425,LOCAL,0.00,187.28,0.00,187.35,5,5.58,,0
2026-04-20 14:40:04,426,LOCAL,0.00,174.84,0.00,174.90,5,5.59,,0
2026-04-20 14:40:04,427,LOCAL,0.00,176.94,0.00,177.00,5,5.59,,0
2026-04-20 14:40:04,428,LOCAL,0.00,161.10,0.00,161.15,5,5.60,,0
2026-04-20 14:40:05,429,LOCAL,0.00,167.52,0.00,167.57,5,5.58,,0
2026-04-20 14:40:05,430,LOCAL,0.00,174.11,0.00,174.18,5,5.59,,0
2026-04-20 14:40:05,431,LOCAL,0.00,189.11,0.00,189.16,5,5.59,,0
2026-04-20 14:40:05,432,LOCAL,0.00,166.53,0.00,166.59,5,5.61,,0
2026-04-20 14:40:05,433,LOCAL,0.00,211.24,0.00,211.59,5,5.58,,0
2026-04-20 14:40:05,434,LOCAL,0.00,207.31,0.00,208.59,5,5.52,,0
2026-04-20 14:40:06,435,LOCAL,0.00,175.27,0.00,175.33,5,5.53,,0
2026-04-20 14:40:06,436,LOCAL,0.00,172.42,0.00,172.48,5,5.55,,0
2026-04-20 14:40:06,437,LOCAL,0.00,160.09,0.00,160.15,5,5.57,,0
2026-04-20 14:40:06,438,LOCAL,0.00,181.32,0.00,181.38,5,5.54,,0
2026-04-20 14:40:06,439,LOCAL,0.00,212.99,0.00,213.05,5,5.45,,0
2026-04-20 14:40:07,440,LOCAL,0.00,169.97,0.00,170.03,5,5.45,,0
2026-04-20 14:40:07,441,LOCAL,0.00,190.18,0.00,190.24,5,5.42,,0
2026-04-20 14:40:07,442,LOCAL,0.00,159.76,0.00,159.82,5,5.42,,0
2026-04-20 14:40:07,443,LOCAL,0.00,144.12,0.00,144.19,5,5.42,,0
2026-04-20 14:40:07,444,LOCAL,0.00,177.42,0.00,177.50,5,5.47,,0
2026-04-20 14:40:07,445,LOCAL,0.00,162.20,0.00,162.26,5,5.53,,0
2026-04-20 14:40:08,446,LOCAL,0.00,182.17,0.00,182.22,5,5.50,,0
2026-04-20 14:40:08,447,LOCAL,0.00,193.12,0.00,193.17,5,5.46,,0
2026-04-20 14:40:08,448,LOCAL,0.00,175.02,0.00,175.09,5,5.45,,0
2026-04-20 14:40:08,449,LOCAL,0.00,169.78,0.00,169.84,5,5.44,,0
2026-04-20 14:40:08,450,LOCAL,0.00,144.70,0.00,144.76,5,5.46,,0
2026-04-20 14:40:09,451,LOCAL,0.00,192.39,0.00,192.44,5,5.48,,0
2026-04-20 14:40:09,452,LOCAL,0.00,169.76,0.00,169.82,5,5.47,,0
2026-04-20 14:40:09,453,LOCAL,0.00,191.67,0.00,191.73,5,5.45,,0
2026-04-20 14:40:09,454,LOCAL,0.00,174.65,0.00,174.71,5,5.47,,0
2026-04-20 14:40:09,455,LOCAL,0.00,256.44,0.00,256.53,5,5.38,,0
2026-04-20 14:40:10,456,LOCAL,0.00,161.18,0.00,161.30,5,5.40,,0
2026-04-20 14:40:10,457,LOCAL,0.00,156.48,0.00,156.54,5,5.40,,0
2026-04-20 14:40:10,458,LOCAL,0.00,153.23,0.00,153.30,5,5.42,,0
2026-04-20 14:40:10,459,LOCAL,0.00,166.48,0.00,166.54,5,5.43,,0
2026-04-20 14:40:10,460,LOCAL,0.00,167.74,0.00,167.80,5,5.46,,0
2026-04-20 14:40:10,461,LOCAL,0.00,185.26,0.00,185.31,5,5.44,,0
2026-04-20 14:40:11,462,LOCAL,0.00,172.23,0.00,172.31,5,5.48,,0
2026-04-20 14:40:11,463,LOCAL,0.00,187.24,0.00,187.30,5,5.53,,0
2026-04-20 14:40:11,464,LOCAL,0.00,163.55,0.00,163.60,5,5.54,,0
2026-04-20 14:40:11,465,LOCAL,0.00,184.84,0.00,184.90,5,5.53,,0
2026-04-20 14:40:11,466,LOCAL,0.00,168.96,0.00,169.02,5,5.51,,0
2026-04-20 14:40:11,467,LOCAL,0.00,158.03,0.00,158.09,5,5.53,,0
2026-04-20 14:40:12,468,LOCAL,0.00,169.70,0.00,169.76,5,5.56,,0
2026-04-20 14:40:12,469,LOCAL,0.00,201.28,0.00,201.34,5,5.53,,0
2026-04-20 14:40:12,470,LOCAL,0.00,185.60,0.00,185.66,5,5.53,,0
2026-04-20 14:40:12,471,LOCAL,0.00,183.28,0.00,183.36,5,5.49,,0
2026-04-20 14:40:12,472,LOCAL,0.00,217.32,0.00,217.40,5,5.42,,0
2026-04-20 14:40:13,473,LOCAL,0.00,202.99,0.00,203.07,5,5.40,,0
2026-04-20 14:40:13,474,LOCAL,0.00,189.00,0.00,189.06,5,5.37,,0
2026-04-20 14:40:13,475,LOCAL,0.00,178.74,0.00,178.80,5,5.37,,0
2026-04-20 14:40:13,476,LOCAL,0.00,163.80,0.00,163.87,5,5.40,,0
2026-04-20 14:40:13,477,LOCAL,0.00,145.59,0.00,145.66,5,5.42,,0
2026-04-20 14:40:14,478,LOCAL,0.00,188.97,0.00,189.03,5,5.41,,0
2026-04-20 14:40:14,479,LOCAL,0.00,193.00,0.00,193.06,5,5.38,,0
2026-04-20 14:40:14,480,LOCAL,0.00,122.89,0.00,122.95,5,5.45,,0
2026-04-20 14:40:14,481,LOCAL,0.00,171.69,0.00,171.76,5,5.45,,0
2026-04-20 14:40:14,482,LOCAL,0.00,169.09,0.00,169.15,5,5.47,,0
2026-04-20 14:40:14,483,LOCAL,0.00,164.02,0.00,164.09,5,5.48,,0
2026-04-20 14:40:15,484,LOCAL,0.00,143.63,0.00,143.70,5,5.59,,0
2026-04-20 14:40:15,485,LOCAL,0.00,136.38,0.00,136.45,5,5.61,,0
2026-04-20 14:40:15,486,LOCAL,0.00,168.50,0.00,168.55,5,5.60,,0
2026-04-20 14:40:15,487,LOCAL,0.00,178.45,0.00,178.52,5,5.56,,0
2026-04-20 14:40:15,488,LOCAL,0.00,170.10,0.00,170.16,5,5.55,,0
2026-04-20 14:40:15,489,LOCAL,0.00,190.98,0.00,191.04,5,5.53,,0
2026-04-20 14:40:16,490,LOCAL,0.00,204.99,0.00,205.05,5,5.51,,0
2026-04-20 14:40:16,491,LOCAL,0.00,186.26,0.00,186.32,5,5.49,,0
2026-04-20 14:40:16,492,LOCAL,0.00,166.27,0.00,166.33,5,5.51,,0
2026-04-20 14:40:16,493,LOCAL,0.00,149.24,0.00,149.30,5,5.52,,0
2026-04-20 14:40:16,494,LOCAL,0.00,160.87,0.00,160.93,5,5.53,,0
2026-04-20 14:40:17,495,LOCAL,0.00,194.42,0.00,194.48,5,5.50,,0
2026-04-20 14:40:17,496,LOCAL,0.00,181.09,0.00,181.15,5,5.48,,0
2026-04-20 14:40:17,497,LOCAL,0.00,159.08,0.00,159.14,5,5.49,,0
2026-04-20 14:40:17,498,LOCAL,0.00,184.01,0.00,184.07,5,5.51,,0
2026-04-20 14:40:17,499,LOCAL,0.00,179.82,0.00,179.88,5,5.51,,0
2026-04-20 14:40:17,500,LOCAL,0.00,180.67,0.00,180.75,5,5.52,,0
2026-04-20 14:40:18,501,LOCAL,0.00,158.68,0.00,158.74,5,5.57,,0
2026-04-20 14:40:18,502,LOCAL,0.00,166.17,0.00,166.22,5,5.61,,0
2026-04-20 14:40:18,503,LOCAL,0.00,193.13,0.00,193.19,5,5.60,,0
2026-04-20 14:40:18,504,LOCAL,0.00,230.12,0.00,230.35,5,5.54,,0
2026-04-20 14:40:18,505,LOCAL,0.00,168.80,0.00,168.89,5,5.51,,0
2026-04-20 14:40:19,506,LOCAL,0.00,176.77,0.00,176.87,5,5.47,,0
2026-04-20 14:40:19,507,LOCAL,0.00,170.87,0.00,170.93,5,5.47,,0
2026-04-20 14:40:19,508,LOCAL,0.00,159.43,0.00,159.50,5,5.51,,0
2026-04-20 14:40:19,509,LOCAL,0.00,164.72,0.00,164.78,5,5.47,,0
2026-04-20 14:40:19,510,LOCAL,0.00,176.72,0.00,176.80,5,5.47,,0
2026-04-20 14:40:20,511,LOCAL,0.00,168.87,0.00,168.93,5,5.47,,0
2026-04-20 14:40:20,512,LOCAL,0.00,166.18,0.00,166.25,5,5.47,,0
2026-04-20 14:40:20,513,LOCAL,0.00,181.42,0.00,181.51,5,5.44,,0
2026-04-20 14:40:20,514,LOCAL,0.00,161.95,0.00,162.02,5,5.41,,0
2026-04-20 14:40:20,515,LOCAL,0.00,181.62,0.00,181.68,5,5.39,,0
2026-04-20 14:40:20,516,LOCAL,0.00,184.37,0.00,184.43,5,5.39,,0
2026-04-20 14:40:21,517,LOCAL,0.00,159.33,0.00,159.39,5,5.39,,0
2026-04-20 14:40:21,518,LOCAL,0.00,189.65,0.00,189.71,5,5.37,,0
2026-04-20 14:40:21,519,LOCAL,0.00,175.54,0.00,175.64,5,5.40,,0
2026-04-20 14:40:21,520,LOCAL,0.00,156.83,0.00,156.89,5,5.43,,0
2026-04-20 14:40:21,521,LOCAL,0.00,179.93,0.00,179.99,5,5.42,,0
2026-04-20 14:40:22,522,LOCAL,0.00,258.41,0.00,258.50,5,5.31,,0
2026-04-20 14:40:22,523,LOCAL,0.00,188.05,0.00,188.11,5,5.30,,0
2026-04-20 14:40:22,524,LOCAL,0.00,166.44,0.00,166.50,5,5.33,,0
2026-04-20 14:40:22,525,LOCAL,0.00,158.72,0.00,158.79,5,5.34,,0
2026-04-20 14:40:22,526,LOCAL,0.00,152.70,0.00,152.76,5,5.34,,0
2026-04-20 14:40:23,527,LOCAL,0.00,172.25,0.00,172.35,5,5.36,,0
2026-04-20 14:40:23,528,LOCAL,0.00,171.35,0.00,171.41,5,5.36,,0
2026-04-20 14:40:23,529,LOCAL,0.00,177.11,0.00,177.18,5,5.36,,0
2026-04-20 14:40:23,530,LOCAL,0.00,154.43,0.00,154.50,5,5.38,,0
2026-04-20 14:40:23,531,LOCAL,0.00,161.20,0.00,161.27,5,5.38,,0
2026-04-20 14:40:23,532,LOCAL,0.00,188.74,0.00,188.80,5,5.40,,0
2026-04-20 14:40:24,533,LOCAL,0.00,186.00,0.00,186.06,5,5.45,,0
2026-04-20 14:40:24,534,LOCAL,0.00,188.24,0.00,188.30,5,5.46,,0
2026-04-20 14:40:24,535,LOCAL,0.00,180.02,0.00,180.09,5,5.47,,0
2026-04-20 14:40:24,536,LOCAL,0.00,192.01,0.00,192.07,5,5.46,,0
2026-04-20 14:40:24,537,LOCAL,0.00,187.06,0.00,187.13,5,5.42,,0
2026-04-20 14:40:25,538,LOCAL,0.00,179.27,0.00,179.36,5,5.39,,0
2026-04-20 14:40:25,539,LOCAL,0.00,222.20,0.00,222.27,5,5.34,,0
2026-04-20 14:40:25,540,LOCAL,0.00,202.07,0.00,202.24,5,5.29,,0
2026-04-20 14:40:25,541,LOCAL,0.00,200.94,0.00,201.09,5,5.26,,0
2026-04-20 14:40:25,542,LOCAL,0.00,179.37,0.00,179.45,5,5.25,,0
2026-04-20 14:40:26,543,LOCAL,0.00,167.50,0.00,167.56,5,5.26,,0
2026-04-20 14:40:26,544,LOCAL,0.00,180.25,0.00,180.31,5,5.26,,0
2026-04-20 14:40:26,545,LOCAL,0.00,173.32,0.00,173.43,5,5.27,,0
2026-04-20 14:40:26,546,LOCAL,0.00,182.21,0.00,182.29,5,5.25,,0
2026-04-20 14:40:26,547,LOCAL,0.00,157.61,0.00,157.69,5,5.30,,0
2026-04-20 14:40:27,548,LOCAL,0.00,165.11,0.00,165.17,5,5.30,,0
2026-04-20 14:40:27,549,LOCAL,0.00,155.16,0.00,155.22,5,5.29,,0
2026-04-20 14:40:27,550,LOCAL,0.00,193.07,0.00,193.17,5,5.27,,0
2026-04-20 14:40:27,551,LOCAL,0.00,170.72,0.00,170.78,5,5.36,,0
2026-04-20 14:40:27,552,LOCAL,0.00,178.42,0.00,178.48,5,5.37,,0
2026-04-20 14:40:27,553,LOCAL,0.00,207.52,0.00,207.57,5,5.34,,0
2026-04-20 14:40:28,554,LOCAL,0.00,192.22,0.00,192.28,5,5.32,,0
2026-04-20 14:40:28,555,LOCAL,0.00,164.99,0.00,165.06,5,5.31,,0
2026-04-20 14:40:28,556,LOCAL,0.00,240.96,0.00,241.14,5,5.25,,0
2026-04-20 14:40:28,557,LOCAL,0.00,195.01,0.00,195.12,5,5.23,,0
2026-04-20 14:40:28,558,LOCAL,0.00,174.14,0.00,174.20,5,5.24,,0
2026-04-20 14:40:29,559,LOCAL,0.00,178.06,0.00,178.12,5,5.21,,0
2026-04-20 14:40:29,560,LOCAL,0.00,167.89,0.00,167.97,5,5.21,,0
2026-04-20 14:40:29,561,LOCAL,0.00,170.61,0.00,170.70,5,5.22,,0
2026-04-20 14:40:29,562,LOCAL,0.00,172.17,0.00,172.24,5,5.24,,0
2026-04-20 14:40:29,563,LOCAL,0.00,185.29,0.00,185.35,5,5.24,,0
2026-04-20 14:40:30,564,LOCAL,0.00,151.61,0.00,151.69,5,5.26,,0
2026-04-20 14:40:30,565,LOCAL,0.00,151.05,0.00,151.12,5,5.30,,0
2026-04-20 14:40:30,566,LOCAL,0.00,162.37,0.00,162.45,5,5.33,,0
2026-04-20 14:40:30,567,LOCAL,0.00,182.59,0.00,182.65,5,5.32,,0
2026-04-20 14:40:30,568,LOCAL,0.00,173.19,0.00,173.25,5,5.39,,0
2026-04-20 14:40:30,569,LOCAL,0.00,179.29,0.00,179.35,5,5.41,,0
2026-04-20 14:40:31,570,LOCAL,0.00,194.68,0.00,194.74,5,5.42,,0
2026-04-20 14:40:31,571,LOCAL,0.00,167.23,0.00,167.30,5,5.44,,0
2026-04-20 14:40:31,572,LOCAL,0.00,200.41,0.00,200.47,5,5.40,,0
2026-04-20 14:40:31,573,LOCAL,0.00,183.73,0.00,183.79,5,5.41,,0
2026-04-20 14:40:31,574,LOCAL,0.00,212.24,0.00,212.33,5,5.36,,0
2026-04-20 14:40:32,575,LOCAL,0.00,156.95,0.00,157.02,5,5.39,,0
2026-04-20 14:40:32,576,LOCAL,0.00,175.77,0.00,175.84,5,5.38,,0
2026-04-20 14:40:32,577,LOCAL,0.00,178.98,0.00,179.05,5,5.38,,0
2026-04-20 14:40:32,578,LOCAL,0.00,120.32,0.00,120.38,5,5.42,,0
2026-04-20 14:40:32,579,LOCAL,0.00,161.30,0.00,161.36,5,5.46,,0
2026-04-20 14:40:32,580,LOCAL,0.00,184.07,0.00,184.13,5,5.45,,0
2026-04-20 14:40:33,581,LOCAL,0.00,185.12,0.00,185.18,5,5.44,,0
2026-04-20 14:40:33,582,LOCAL,0.00,168.01,0.00,168.06,5,5.48,,0
2026-04-20 14:40:33,583,LOCAL,0.00,163.68,0.00,163.74,5,5.50,,0
2026-04-20 14:40:33,584,LOCAL,0.00,161.26,0.00,161.32,5,5.51,CLOUD,1
2026-04-20 14:40:33,585,LOCAL,0.00,170.74,0.00,170.81,5,5.58,CLOUD,1
2026-04-20 14:40:33,586,LOCAL,0.00,164.31,0.00,164.36,5,5.61,CLOUD,1
2026-04-20 14:40:34,587,LOCAL,0.00,164.44,0.00,164.50,5,5.62,CLOUD,1
2026-04-20 14:40:34,588,LOCAL,0.00,162.94,0.00,163.04,5,5.64,CLOUD,1
2026-04-20 14:40:34,589,LOCAL,0.00,161.96,0.00,162.04,5,5.62,CLOUD,1
2026-04-20 14:40:34,590,LOCAL,0.00,160.84,0.00,160.94,5,5.62,CLOUD,1
2026-04-20 14:40:34,591,LOCAL,0.00,135.46,0.00,135.53,5,5.65,CLOUD,1
2026-04-20 14:40:34,592,LOCAL,0.00,230.30,0.00,230.53,5,5.60,CLOUD,1
2026-04-20 14:40:35,593,LOCAL,0.00,182.23,0.00,182.35,5,5.53,CLOUD,1
2026-04-20 14:40:35,594,LOCAL,0.00,175.42,0.00,175.49,5,5.51,CLOUD,1
2026-04-20 14:40:35,595,LOCAL,0.00,158.15,0.00,158.22,5,5.52,CLOUD,2
2026-04-20 14:40:35,596,LOCAL,0.00,173.48,0.00,173.55,5,5.54,CLOUD,2
2026-04-20 14:40:35,597,LOCAL,0.00,184.35,0.00,184.41,5,5.53,CLOUD,2
2026-04-20 14:40:36,598,LOCAL,0.00,181.29,0.00,181.37,5,5.54,CLOUD,2
2026-04-20 14:40:36,599,LOCAL,0.00,166.60,0.00,166.67,5,5.56,CLOUD,2
2026-04-20 14:40:36,600,LOCAL,0.00,129.05,0.00,129.13,5,5.60,CLOUD,2
2026-04-20 14:40:36,601,LOCAL,0.00,160.87,0.00,160.97,5,5.64,CLOUD,2
2026-04-20 14:40:36,602,LOCAL,0.00,177.27,0.00,177.35,5,5.65,CLOUD,2
2026-04-20 14:40:36,603,LOCAL,0.00,166.89,0.00,166.95,5,5.69,CLOUD,2
2026-04-20 14:40:37,604,LOCAL,0.00,182.14,0.00,182.22,5,5.65,CLOUD,2
2026-04-20 14:40:37,605,LOCAL,0.00,184.48,0.00,184.59,5,5.63,CLOUD,2
2026-04-20 14:40:37,606,LOCAL,0.00,210.34,0.00,210.57,5,5.52,,0
2026-04-20 14:40:37,607,CLOUD,28.17,7828.07,103.64,7960.35,6,2.21,,0
2026-04-20 14:40:45,608,CLOUD,30.00,11477.69,120.93,11629.37,6,1.18,,0
2026-04-20 14:40:57,609,CLOUD,38.19,7096.32,110.62,7245.59,6,0.92,LOCAL,1
2026-04-20 14:41:04,610,CLOUD,25.72,26835.96,120.40,26982.93,6,0.50,,0
2026-04-20 14:41:31,611,CLOUD,24.14,11923.57,78.47,12027.04,6,0.41,,0
2026-04-20 14:41:43,612,CLOUD,13.61,15693.51,105.97,15827.39,6,0.34,,0
2026-04-20 14:41:59,613,LOCAL,0.00,256.68,0.00,256.74,5,0.34,,0
2026-04-20 14:41:59,614,LOCAL,0.00,213.70,0.00,213.77,5,0.34,,0
2026-04-20 14:42:00,615,LOCAL,0.00,219.35,0.00,219.41,5,0.34,,0
2026-04-20 14:42:00,616,LOCAL,0.00,174.39,0.00,174.45,5,0.34,,0
2026-04-20 14:42:00,617,LOCAL,0.00,152.14,0.00,152.24,5,0.34,,0
2026-04-20 14:42:00,618,LOCAL,0.00,187.59,0.00,187.65,5,0.34,,0
2026-04-20 14:42:00,619,LOCAL,0.00,166.32,0.00,166.42,5,0.34,,0
2026-04-20 14:42:00,620,LOCAL,0.00,209.19,0.00,209.29,5,0.34,,0
2026-04-20 14:42:01,621,LOCAL,0.00,183.89,0.00,183.99,5,0.34,,0
2026-04-20 14:42:01,622,LOCAL,0.00,167.84,0.00,167.91,5,0.34,,0
2026-04-20 14:42:01,623,LOCAL,0.00,167.59,0.00,167.66,5,0.34,,0
2026-04-20 14:42:01,624,LOCAL,0.00,166.91,0.00,166.97,5,0.34,,0
2026-04-20 14:42:01,625,LOCAL,0.00,150.40,0.00,150.47,5,0.34,,0
2026-04-20 14:42:02,626,LOCAL,0.00,165.02,0.00,165.09,5,0.34,,0
2026-04-20 14:42:02,627,LOCAL,0.00,181.08,0.00,181.18,5,0.34,,0
2026-04-20 14:42:02,628,LOCAL,0.00,146.70,0.00,146.79,5,0.34,,0
2026-04-20 14:42:02,629,LOCAL,0.00,172.52,0.00,172.58,5,0.34,,0
2026-04-20 14:42:02,630,LOCAL,0.00,179.69,0.00,179.79,5,0.34,,0
2026-04-20 14:42:02,631,LOCAL,0.00,195.11,0.00,195.18,5,0.34,,0
2026-04-20 14:42:03,632,LOCAL,0.00,175.22,0.00,175.32,5,0.34,,0
2026-04-20 14:42:03,633,LOCAL,0.00,193.32,0.00,193.37,5,0.34,,0
2026-04-20 14:42:03,634,LOCAL,0.00,166.02,0.00,166.08,5,0.34,,0
2026-04-20 14:42:03,635,LOCAL,0.00,169.22,0.00,169.28,5,0.34,,0
2026-04-20 14:42:03,636,LOCAL,0.00,173.54,0.00,173.60,5,0.37,,0
2026-04-20 14:42:04,637,LOCAL,0.00,159.70,0.00,159.75,5,0.43,,0
2026-04-20 14:42:04,638,LOCAL,0.00,230.20,0.00,230.29,5,0.49,,0
2026-04-20 14:42:04,639,LOCAL,0.00,177.62,0.00,177.73,5,0.88,,0
2026-04-20 14:42:04,640,LOCAL,0.00,158.61,0.00,158.67,5,1.37,,0
2026-04-20 14:42:04,641,LOCAL,0.00,148.55,0.00,148.61,5,5.35,,0
2026-04-20 14:42:04,642,LOCAL,0.00,130.41,0.00,130.47,5,5.47,,0
2026-04-20 14:42:05,643,LOCAL,0.00,137.45,0.00,137.52,5,5.56,,0
2026-04-20 14:42:05,644,LOCAL,0.00,176.44,0.00,176.50,5,5.60,,0
2026-04-20 14:42:05,645,LOCAL,0.00,201.85,0.00,201.91,5,5.57,,0
2026-04-20 14:42:05,646,LOCAL,0.00,162.92,0.00,162.98,5,5.56,,0
2026-04-20 14:42:05,647,LOCAL,0.00,166.23,0.00,166.29,5,5.58,,0
2026-04-20 14:42:05,648,LOCAL,0.00,171.16,0.00,171.22,5,5.57,,0
2026-04-20 14:42:06,649,LOCAL,0.00,183.44,0.00,183.50,5,5.58,,0
2026-04-20 14:42:06,650,LOCAL,0.00,181.44,0.00,181.50,5,5.59,,0
2026-04-20 14:42:06,651,LOCAL,0.00,179.92,0.00,179.99,5,5.58,,0
2026-04-20 14:42:06,652,LOCAL,0.00,187.95,0.00,188.02,5,5.57,,0
2026-04-20 14:42:06,653,LOCAL,0.00,191.88,0.00,191.95,5,5.54,,0
2026-04-20 14:42:07,654,LOCAL,0.00,181.70,0.00,181.77,5,5.50,,0
2026-04-20 14:42:07,655,LOCAL,0.00,140.54,0.00,140.61,5,5.54,,0
2026-04-20 14:42:07,656,LOCAL,0.00,149.97,0.00,150.04,5,5.56,,0
2026-04-20 14:42:07,657,LOCAL,0.00,163.97,0.00,164.03,5,5.54,,0
2026-04-20 14:42:07,658,LOCAL,0.00,186.56,0.00,186.63,5,5.53,,0
2026-04-20 14:42:07,659,LOCAL,0.00,148.80,0.00,148.85,5,5.56,,0
2026-04-20 14:42:08,660,LOCAL,0.00,139.22,0.00,139.29,5,5.64,,0
2026-04-20 14:42:08,661,LOCAL,0.00,157.83,0.00,157.90,5,5.66,,0
2026-04-20 14:42:08,662,LOCAL,0.00,167.26,0.00,167.32,5,5.67,,0
2026-04-20 14:42:08,663,LOCAL,0.00,184.73,0.00,184.78,5,5.64,,0
2026-04-20 14:42:08,664,LOCAL,0.00,171.97,0.00,172.02,5,5.63,,0
2026-04-20 14:42:09,665,LOCAL,0.00,186.25,0.00,186.30,5,5.63,,0
2026-04-20 14:42:09,666,LOCAL,0.00,165.53,0.00,165.60,5,5.61,,0
2026-04-20 14:42:09,667,LOCAL,0.00,186.04,0.00,186.10,5,5.66,,0
2026-04-20 14:42:09,668,LOCAL,0.00,177.83,0.00,177.89,5,5.64,,0
2026-04-20 14:42:09,669,LOCAL,0.00,173.28,0.00,173.35,5,5.62,,0
2026-04-20 14:42:10,670,LOCAL,0.00,235.87,0.00,236.02,5,5.48,,0
2026-04-20 14:42:10,671,LOCAL,0.00,186.38,0.00,186.45,5,5.42,,0
2026-04-20 14:42:10,672,LOCAL,0.00,179.32,0.00,179.38,5,5.37,,0
2026-04-20 14:42:10,673,LOCAL,0.00,186.72,0.00,186.78,5,5.37,,0
2026-04-20 14:42:10,674,LOCAL,0.00,192.91,0.00,192.97,5,5.38,,0
2026-04-20 14:42:11,675,LOCAL,0.00,178.39,0.00,178.45,5,5.38,,0
2026-04-20 14:42:11,676,LOCAL,0.00,180.61,0.00,180.68,5,5.36,,0
2026-04-20 14:42:11,677,LOCAL,0.00,176.41,0.00,176.47,5,5.37,,0
2026-04-20 14:42:11,678,LOCAL,0.00,138.00,0.00,138.07,5,5.43,,0
2026-04-20 14:42:11,679,LOCAL,0.00,171.54,0.00,171.61,5,5.44,,0
2026-04-20 14:42:11,680,LOCAL,0.00,163.13,0.00,163.20,5,5.45,,0
2026-04-20 14:42:12,681,LOCAL,0.00,172.31,0.00,172.37,5,5.46,,0
2026-04-20 14:42:12,682,LOCAL,0.00,175.53,0.00,175.58,5,5.48,,0
2026-04-20 14:42:12,683,LOCAL,0.00,151.29,0.00,151.35,5,5.52,,0
2026-04-20 14:42:12,684,LOCAL,0.00,202.53,0.00,202.59,5,5.46,,0
2026-04-20 14:42:12,685,LOCAL,0.00,146.87,0.00,146.93,5,5.47,,0
2026-04-20 14:42:12,686,LOCAL,0.00,167.86,0.00,167.92,5,5.48,,0
2026-04-20 14:42:13,687,LOCAL,0.00,225.96,0.00,226.07,5,5.42,,0
2026-04-20 14:42:13,688,LOCAL,0.00,163.94,0.00,164.02,5,5.38,,0
2026-04-20 14:42:13,689,LOCAL,0.00,162.52,0.00,162.61,5,5.36,,0
2026-04-20 14:42:13,690,LOCAL,0.00,187.86,0.00,187.92,5,5.31,,0
2026-04-20 14:42:13,691,LOCAL,0.00,180.26,0.00,180.32,5,5.31,,0
2026-04-20 14:42:14,692,LOCAL,0.00,165.49,0.00,165.56,5,5.34,,0
2026-04-20 14:42:14,693,LOCAL,0.00,174.95,0.00,175.01,5,5.34,,0
2026-04-20 14:42:14,694,LOCAL,0.00,192.04,0.00,192.11,5,5.32,,0
2026-04-20 14:42:14,695,LOCAL,0.00,150.72,0.00,150.80,5,5.35,,0
2026-04-20 14:42:14,696,LOCAL,0.00,148.97,0.00,149.03,5,5.39,,0
2026-04-20 14:42:14,697,LOCAL,0.00,145.06,0.00,145.12,5,5.44,,0
2026-04-20 14:42:15,698,LOCAL,0.00,155.93,0.00,156.00,5,5.46,,0
2026-04-20 14:42:15,699,LOCAL,0.00,170.25,0.00,170.31,5,5.59,,0
2026-04-20 14:42:15,700,LOCAL,0.00,162.38,0.00,162.46,5,5.61,,0
2026-04-20 14:42:15,701,LOCAL,0.00,155.61,0.00,155.67,5,5.64,,0
2026-04-20 14:42:15,702,LOCAL,0.00,168.70,0.00,168.77,5,5.65,,0
2026-04-20 14:42:15,703,LOCAL,0.00,194.57,0.00,194.62,5,5.63,,0
2026-04-20 14:42:16,704,LOCAL,0.00,187.57,0.00,187.63,5,5.62,,0
2026-04-20 14:42:16,705,LOCAL,0.00,172.84,0.00,172.91,5,5.62,,0
2026-04-20 14:42:16,706,LOCAL,0.00,174.32,0.00,174.39,5,5.63,,0
2026-04-20 14:42:16,707,LOCAL,0.00,136.46,0.00,136.52,5,5.62,,0
2026-04-20 14:42:16,708,LOCAL,0.00,178.11,0.00,178.17,5,5.61,,0
2026-04-20 14:42:17,709,LOCAL,0.00,205.98,0.00,206.04,5,5.57,,0
2026-04-20 14:42:17,710,LOCAL,0.00,193.02,0.00,193.07,5,5.55,,0
2026-04-20 14:42:17,711,LOCAL,0.00,180.95,0.00,181.00,5,5.54,,0
2026-04-20 14:42:17,712,LOCAL,0.00,181.05,0.00,181.11,5,5.51,,0
2026-04-20 14:42:17,713,LOCAL,0.00,160.03,0.00,160.09,5,5.56,,0
2026-04-20 14:42:18,714,LOCAL,0.00,184.39,0.00,184.44,5,5.50,,0
2026-04-20 14:42:18,715,LOCAL,0.00,176.24,0.00,176.30,5,5.50,,0
2026-04-20 14:42:18,716,LOCAL,0.00,158.56,0.00,158.64,5,5.58,,0
2026-04-20 14:42:18,717,LOCAL,0.00,140.36,0.00,140.42,5,5.62,,0
2026-04-20 14:42:18,718,LOCAL,0.00,189.02,0.00,189.10,5,5.58,,0
2026-04-20 14:42:18,719,LOCAL,0.00,174.52,0.00,174.59,5,5.60,,0
2026-04-20 14:42:19,720,LOCAL,0.00,227.39,0.00,227.48,5,5.55,,0
2026-04-20 14:42:19,721,LOCAL,0.00,156.92,0.00,156.99,5,5.55,,0
2026-04-20 14:42:19,722,LOCAL,0.00,129.21,0.00,129.28,5,5.59,,0
2026-04-20 14:42:19,723,LOCAL,0.00,143.64,0.00,143.71,5,5.66,,0
2026-04-20 14:42:19,724,LOCAL,0.00,178.59,0.00,178.66,5,5.63,,0
2026-04-20 14:42:19,725,LOCAL,0.00,183.45,0.00,183.50,5,5.59,,0
2026-04-20 14:42:20,726,LOCAL,0.00,195.11,0.00,195.17,5,5.54,,0
2026-04-20 14:42:20,727,LOCAL,0.00,173.94,0.00,174.01,5,5.51,,0
2026-04-20 14:42:20,728,LOCAL,0.00,195.03,0.00,195.10,5,5.48,,0
2026-04-20 14:42:20,729,LOCAL,0.00,168.62,0.00,168.68,5,5.47,,0
2026-04-20 14:42:20,730,LOCAL,0.00,176.40,0.00,179.46,5,5.45,,0
2026-04-20 14:42:21,731,LOCAL,0.00,178.02,0.00,178.08,5,5.46,,0
2026-04-20 14:42:21,732,LOCAL,0.00,174.30,0.00,174.36,5,5.49,,0
2026-04-20 14:42:21,733,LOCAL,0.00,178.89,0.00,178.95,5,5.50,,0
2026-04-20 14:42:21,734,LOCAL,0.00,176.97,0.00,177.03,5,5.50,,0
2026-04-20 14:42:21,735,LOCAL,0.00,171.69,0.00,171.75,5,5.51,,0
2026-04-20 14:42:21,736,LOCAL,0.00,156.25,0.00,156.35,5,5.50,,0
2026-04-20 14:42:22,737,LOCAL,0.00,169.83,0.00,169.89,5,5.50,,0
2026-04-20 14:42:22,738,LOCAL,0.00,139.44,0.00,139.50,5,5.57,,0
2026-04-20 14:42:22,739,LOCAL,0.00,163.77,0.00,163.84,5,5.60,,0
2026-04-20 14:42:22,740,LOCAL,0.00,160.22,0.00,160.30,5,5.62,,0
2026-04-20 14:42:22,741,LOCAL,0.00,214.70,0.00,214.76,5,5.59,,0
2026-04-20 14:42:23,742,LOCAL,0.00,181.14,0.00,181.22,5,5.55,,0
2026-04-20 14:42:23,743,LOCAL,0.00,195.80,0.00,195.86,5,5.56,,0
2026-04-20 14:42:23,744,LOCAL,0.00,167.17,0.00,167.23,5,5.56,,0
2026-04-20 14:42:23,745,LOCAL,0.00,205.29,0.00,205.34,5,5.51,,0
2026-04-20 14:42:23,746,LOCAL,0.00,153.97,0.00,154.04,5,5.49,,0
2026-04-20 14:42:23,747,LOCAL,0.00,183.46,0.00,183.53,5,5.51,,0
2026-04-20 14:42:24,748,LOCAL,0.00,176.38,0.00,176.45,5,5.52,,0
2026-04-20 14:42:24,749,LOCAL,0.00,188.87,0.00,188.93,5,5.56,,0
2026-04-20 14:42:24,750,LOCAL,0.00,172.57,0.00,172.65,5,5.55,,0
2026-04-20 14:42:24,751,LOCAL,0.00,194.40,0.00,194.46,5,5.48,,0
2026-04-20 14:42:24,752,LOCAL,0.00,196.21,0.00,196.27,5,5.43,,0
2026-04-20 14:42:25,753,LOCAL,0.00,176.02,0.00,176.07,5,5.44,,0
2026-04-20 14:42:25,754,LOCAL,0.00,184.66,0.00,184.73,5,5.43,,0
2026-04-20 14:42:25,755,LOCAL,0.00,202.72,0.00,202.79,5,5.43,,0
2026-04-20 14:42:25,756,LOCAL,0.00,158.13,0.00,158.20,5,5.45,,0
2026-04-20 14:42:25,757,LOCAL,0.00,154.05,0.00,154.12,5,5.49,,0
2026-04-20 14:42:26,758,LOCAL,0.00,178.18,0.00,178.25,5,5.48,,0
2026-04-20 14:42:26,759,LOCAL,0.00,238.81,0.00,239.01,5,5.42,,0
2026-04-20 14:42:26,760,LOCAL,0.00,185.71,0.00,185.78,5,5.41,,0
2026-04-20 14:42:26,761,LOCAL,0.00,178.95,0.00,179.02,5,5.39,,0
2026-04-20 14:42:26,762,LOCAL,0.00,185.76,0.00,185.82,5,5.38,,0
2026-04-20 14:42:27,763,LOCAL,0.00,189.20,0.00,189.27,5,5.36,,0
2026-04-20 14:42:27,764,LOCAL,0.00,180.56,0.00,180.62,5,5.35,,0
2026-04-20 14:42:27,765,LOCAL,0.00,162.16,0.00,162.22,5,5.33,,0
2026-04-20 14:42:27,766,LOCAL,0.00,182.99,0.00,183.04,5,5.31,,0
2026-04-20 14:42:27,767,LOCAL,0.00,176.99,0.00,177.06,5,5.26,,0
2026-04-20 14:42:28,768,LOCAL,0.00,151.46,0.00,151.52,5,5.25,,0
2026-04-20 14:42:28,769,LOCAL,0.00,181.76,0.00,181.81,5,5.23,,0
2026-04-20 14:42:28,770,LOCAL,0.00,199.73,0.00,199.78,5,5.25,,0
2026-04-20 14:42:28,771,LOCAL,0.00,185.60,0.00,185.66,5,5.25,,0
2026-04-20 14:42:28,772,LOCAL,0.00,192.87,0.00,192.95,5,5.25,,0
2026-04-20 14:42:28,773,LOCAL,0.00,149.18,0.00,149.24,5,5.27,,0
2026-04-20 14:42:29,774,LOCAL,0.00,183.21,0.00,183.28,5,5.26,,0
2026-04-20 14:42:29,775,LOCAL,0.00,164.73,0.00,164.78,5,5.27,,0
2026-04-20 14:42:29,776,LOCAL,0.00,182.98,0.00,183.07,5,5.27,,0
2026-04-20 14:42:29,777,LOCAL,0.00,185.41,0.00,185.52,5,5.26,,0
2026-04-20 14:42:29,778,LOCAL,0.00,173.00,0.00,173.08,5,5.27,,0
2026-04-20 14:42:30,779,LOCAL,0.00,170.46,0.00,170.52,5,5.28,,0
2026-04-20 14:42:30,780,LOCAL,0.00,172.14,0.00,172.21,5,5.29,,0
2026-04-20 14:42:30,781,LOCAL,0.00,195.19,0.00,195.30,5,5.29,,0
2026-04-20 14:42:30,782,LOCAL,0.00,182.91,0.00,182.97,5,5.29,,0
2026-04-20 14:42:30,783,LOCAL,0.00,172.99,0.00,173.05,5,5.30,,0
2026-04-20 14:42:30,784,LOCAL,0.00,164.24,0.00,164.31,5,5.33,,0
2026-04-20 14:42:31,785,LOCAL,0.00,171.20,0.00,171.26,5,5.32,,0
2026-04-20 14:42:31,786,LOCAL,0.00,168.97,0.00,169.04,5,5.30,,0
2026-04-20 14:42:31,787,LOCAL,0.00,178.18,0.00,178.24,5,5.31,,0
2026-04-20 14:42:31,788,LOCAL,0.00,165.92,0.00,165.99,5,5.38,,0
2026-04-20 14:42:31,789,LOCAL,0.00,161.24,0.00,161.30,5,5.40,,0
2026-04-20 14:42:32,790,LOCAL,0.00,173.98,0.00,174.04,5,5.41,,0
2026-04-20 14:42:32,791,LOCAL,0.00,154.13,0.00,154.20,5,5.43,,0
2026-04-20 14:42:32,792,LOCAL,0.00,145.75,0.00,145.82,5,5.49,,0
2026-04-20 14:42:32,793,LOCAL,0.00,148.89,0.00,148.96,5,5.52,,0
2026-04-20 14:42:32,794,LOCAL,0.00,176.48,0.00,176.54,5,5.52,,0
2026-04-20 14:42:32,795,LOCAL,0.00,151.41,0.00,151.47,5,5.56,,0
2026-04-20 14:42:33,796,LOCAL,0.00,190.37,0.00,190.43,5,5.57,,0
2026-04-20 14:42:33,797,LOCAL,0.00,219.26,0.00,219.42,5,5.52,,0
2026-04-20 14:42:33,798,LOCAL,0.00,182.82,0.00,182.94,5,5.50,,0
2026-04-20 14:42:33,799,LOCAL,0.00,191.86,0.00,191.91,5,5.51,,0
2026-04-20 14:42:33,800,LOCAL,0.00,158.92,0.00,158.98,5,5.52,,0
2026-04-20 14:42:34,801,LOCAL,0.00,172.01,0.00,172.08,5,5.54,,0
2026-04-20 14:42:34,802,LOCAL,0.00,162.36,0.00,162.42,5,5.51,,0
2026-04-20 14:42:34,803,LOCAL,0.00,159.17,0.00,159.23,5,5.55,,0
2026-04-20 14:42:34,804,LOCAL,0.00,179.92,0.00,179.99,5,5.50,,0
2026-04-20 14:42:34,805,LOCAL,0.00,196.49,0.00,196.58,5,5.49,,0
2026-04-20 14:42:34,806,LOCAL,0.00,193.46,0.00,193.53,5,5.48,,0
2026-04-20 14:42:35,807,LOCAL,0.00,177.93,0.00,177.99,5,5.48,,0
2026-04-20 14:42:35,808,LOCAL,0.00,202.29,0.00,202.37,5,5.43,,0
2026-04-20 14:42:35,809,LOCAL,0.00,156.39,0.00,156.46,5,5.45,,0
2026-04-20 14:42:35,810,LOCAL,0.00,173.10,0.00,173.16,5,5.48,,0
2026-04-20 14:42:35,811,LOCAL,0.00,172.18,0.00,172.23,5,5.47,,0
2026-04-20 14:42:36,812,LOCAL,0.00,174.49,0.00,174.56,5,5.45,,0
2026-04-20 14:42:36,813,LOCAL,0.00,185.07,0.00,185.12,5,5.43,,0
2026-04-20 14:42:36,814,LOCAL,0.00,229.92,0.00,230.10,5,5.37,,0
2026-04-20 14:42:36,815,LOCAL,0.00,182.39,0.00,182.50,5,5.32,,0
2026-04-20 14:42:36,816,LOCAL,0.00,169.60,0.00,169.66,5,5.33,,0
2026-04-20 14:42:37,817,LOCAL,0.00,204.31,0.00,204.37,5,5.29,,0
2026-04-20 14:42:37,818,LOCAL,0.00,165.44,0.00,165.51,5,5.29,,0
2026-04-20 14:42:37,819,LOCAL,0.00,158.34,0.00,158.40,5,5.31,,0
2026-04-20 14:42:37,820,LOCAL,0.00,161.55,0.00,161.61,5,5.30,,0
2026-04-20 14:42:37,821,LOCAL,0.00,195.53,0.00,195.61,5,5.25,,0
2026-04-20 14:42:38,822,LOCAL,0.00,162.36,0.00,162.43,5,5.23,,0
2026-04-20 14:42:38,823,LOCAL,0.00,153.96,0.00,154.02,5,5.24,,0
2026-04-20 14:42:38,824,LOCAL,0.00,186.85,0.00,186.91,5,5.20,,0
2026-04-20 14:42:38,825,LOCAL,0.00,196.47,0.00,196.56,5,5.19,,0
2026-04-20 14:42:38,826,LOCAL,0.00,185.61,0.00,185.68,5,5.22,,0
2026-04-20 14:42:38,827,LOCAL,0.00,159.08,0.00,159.17,5,5.26,,0
2026-04-20 14:42:39,828,LOCAL,0.00,171.69,0.00,171.76,5,5.28,,0
2026-04-20 14:42:39,829,LOCAL,0.00,189.04,0.00,189.10,5,5.26,,0
2026-04-20 14:42:39,830,LOCAL,0.00,188.49,0.00,188.55,5,5.25,,0
2026-04-20 14:42:39,831,LOCAL,0.00,220.76,0.00,220.92,5,5.20,,0
2026-04-20 14:42:39,832,LOCAL,0.00,193.69,0.00,193.78,5,5.16,,0
2026-04-20 14:42:40,833,LOCAL,0.00,180.18,0.00,180.24,5,5.19,,0
2026-04-20 14:42:40,834,LOCAL,0.00,170.01,0.00,170.07,5,5.22,,0
2026-04-20 14:42:40,835,LOCAL,0.00,155.26,0.00,155.33,5,5.24,,0
2026-04-20 14:42:40,836,LOCAL,0.00,156.24,0.00,156.32,5,5.25,,0
2026-04-20 14:42:40,837,LOCAL,0.00,163.71,0.00,163.76,5,5.29,,0
2026-04-20 14:42:41,838,LOCAL,0.00,183.07,0.00,183.14,5,5.27,,0
2026-04-20 14:42:41,839,LOCAL,0.00,167.40,0.00,167.47,5,5.26,,0
2026-04-20 14:42:41,840,LOCAL,0.00,171.43,0.00,171.49,5,5.28,,0
2026-04-20 14:42:41,841,LOCAL,0.00,177.82,0.00,177.88,5,5.30,,0
2026-04-20 14:42:41,842,LOCAL,0.00,149.60,0.00,149.67,5,5.32,,0
2026-04-20 14:42:41,843,LOCAL,0.00,151.88,0.00,151.93,5,5.40,,0
2026-04-20 14:42:42,844,LOCAL,0.00,149.47,0.00,149.53,5,5.46,,0
2026-04-20 14:42:42,845,LOCAL,0.00,165.14,0.00,165.21,5,5.46,,0
2026-04-20 14:42:42,846,LOCAL,0.00,141.63,0.00,141.69,5,5.53,,0
2026-04-20 14:42:42,847,LOCAL,0.00,157.17,0.00,157.24,5,5.55,,0
2026-04-20 14:42:42,848,LOCAL,0.00,158.64,0.00,158.71,5,5.56,,0
2026-04-20 14:42:42,849,LOCAL,0.00,172.67,0.00,172.74,5,5.55,,0
2026-04-20 14:42:43,850,LOCAL,0.00,167.86,0.00,167.92,5,5.59,,0
2026-04-20 14:42:43,851,LOCAL,0.00,158.56,0.00,158.63,5,5.61,,0
2026-04-20 14:42:43,852,LOCAL,0.00,156.01,0.00,156.08,5,5.60,,0
2026-04-20 14:42:43,853,LOCAL,0.00,174.47,0.00,174.54,5,5.61,,0
2026-04-20 14:42:43,854,LOCAL,0.00,189.23,0.00,189.29,5,5.62,,0
2026-04-20 14:42:43,855,LOCAL,0.00,183.47,0.00,183.53,5,5.61,,0
2026-04-20 14:42:44,856,LOCAL,0.00,157.47,0.00,157.54,5,5.62,,0
2026-04-20 14:42:44,857,LOCAL,0.00,176.66,0.00,176.72,5,5.61,,0
2026-04-20 14:42:44,858,LOCAL,0.00,176.47,0.00,176.54,5,5.63,,0
2026-04-20 14:42:44,859,LOCAL,0.00,159.08,0.00,159.16,5,5.65,,0
2026-04-20 14:42:44,860,LOCAL,0.00,193.68,0.00,193.74,5,5.69,,0
2026-04-20 14:42:45,861,LOCAL,0.00,206.74,0.00,206.90,5,5.62,,0
2026-04-20 14:42:45,862,LOCAL,0.00,181.60,0.00,181.66,5,5.62,,0
2026-04-20 14:42:45,863,LOCAL,0.00,180.56,0.00,180.62,5,5.61,,0
2026-04-20 14:42:45,864,LOCAL,0.00,161.54,0.00,161.61,5,5.62,,0
2026-04-20 14:42:45,865,LOCAL,0.00,174.15,0.00,174.22,5,5.61,,0
2026-04-20 14:42:46,866,LOCAL,0.00,180.70,0.00,180.76,5,5.61,,0
2026-04-20 14:42:46,867,LOCAL,0.00,174.74,0.00,174.80,5,5.60,,0
2026-04-20 14:42:46,868,LOCAL,0.00,191.04,0.00,191.10,5,5.58,,0
2026-04-20 14:42:46,869,LOCAL,0.00,186.28,0.00,186.38,5,5.55,,0
2026-04-20 14:42:46,870,LOCAL,0.00,174.10,0.00,174.16,5,5.56,,0
2026-04-20 14:42:46,871,LOCAL,0.00,185.90,0.00,185.96,5,5.53,,0
2026-04-20 14:42:47,872,LOCAL,0.00,188.75,0.00,188.85,5,5.48,,0
2026-04-20 14:42:47,873,LOCAL,0.00,162.71,0.00,162.77,5,5.48,,0
2026-04-20 14:42:47,874,LOCAL,0.00,175.08,0.00,175.15,5,5.46,,0
2026-04-20 14:42:47,875,LOCAL,0.00,192.80,0.00,192.86,5,5.41,,0
2026-04-20 14:42:47,876,LOCAL,0.00,167.64,0.00,167.69,5,5.40,,0
2026-04-20 14:42:48,877,LOCAL,0.00,243.55,0.00,243.72,5,5.31,,0
2026-04-20 14:42:48,878,LOCAL,0.00,220.77,0.00,220.88,5,5.23,,0
2026-04-20 14:42:48,879,LOCAL,0.00,153.69,0.00,153.76,5,5.24,,0
2026-04-20 14:42:48,880,LOCAL,0.00,175.17,0.00,175.23,5,5.22,,0
2026-04-20 14:42:48,881,LOCAL,0.00,159.70,0.00,159.75,5,5.23,,0
2026-04-20 14:42:49,882,LOCAL,0.00,137.01,0.00,137.07,5,5.27,,0
2026-04-20 14:42:49,883,LOCAL,0.00,168.42,0.00,168.48,5,5.29,,0
2026-04-20 14:42:49,884,LOCAL,0.00,170.24,0.00,170.32,5,5.31,,0
2026-04-20 14:42:49,885,LOCAL,0.00,181.42,0.00,181.49,5,5.29,,0
2026-04-20 14:42:49,886,LOCAL,0.00,168.99,0.00,169.05,5,5.28,,0
2026-04-20 14:42:49,887,LOCAL,0.00,182.83,0.00,182.89,5,5.28,,0
2026-04-20 14:42:50,888,LOCAL,0.00,185.96,0.00,186.04,5,5.25,,0
2026-04-20 14:42:50,889,LOCAL,0.00,170.54,0.00,170.60,5,5.27,,0
2026-04-20 14:42:50,890,LOCAL,0.00,179.32,0.00,179.40,5,5.36,,0
2026-04-20 14:42:50,891,LOCAL,0.00,180.63,0.00,180.70,5,5.36,,0
2026-04-20 14:42:50,892,LOCAL,0.00,164.47,0.00,164.53,5,5.37,,0
2026-04-20 14:42:51,893,LOCAL,0.00,185.35,0.00,185.41,5,5.34,,0
2026-04-20 14:42:51,894,LOCAL,0.00,163.99,0.00,164.06,5,5.34,,0
2026-04-20 14:42:51,895,LOCAL,0.00,163.36,0.00,163.44,5,5.35,,0
2026-04-20 14:42:51,896,LOCAL,0.00,192.59,0.00,192.66,5,5.34,,0
2026-04-20 14:42:51,897,LOCAL,0.00,196.12,0.00,196.18,5,5.34,,0
2026-04-20 14:42:52,898,LOCAL,0.00,171.42,0.00,171.49,5,5.36,,0
2026-04-20 14:42:52,899,LOCAL,0.00,174.35,0.00,174.42,5,5.36,,0
2026-04-20 14:42:52,900,LOCAL,0.00,161.73,0.00,161.79,5,5.39,,0
2026-04-20 14:42:52,901,LOCAL,0.00,186.65,0.00,186.71,5,5.40,,0
2026-04-20 14:42:52,902,LOCAL,0.00,149.92,0.00,149.98,5,5.42,,0
2026-04-20 14:42:52,903,LOCAL,0.00,202.81,0.00,202.87,5,5.40,,0
2026-04-20 14:42:53,904,LOCAL,0.00,165.59,0.00,165.66,5,5.43,,0
2026-04-20 14:42:53,905,LOCAL,0.00,146.43,0.00,146.49,5,5.44,,0
2026-04-20 14:42:53,906,LOCAL,0.00,144.35,0.00,144.41,5,5.55,,0
2026-04-20 14:42:53,907,LOCAL,0.00,170.31,0.00,170.37,5,5.62,,0
2026-04-20 14:42:53,908,LOCAL,0.00,163.61,0.00,163.68,5,5.61,,0
2026-04-20 14:42:53,909,LOCAL,0.00,159.27,0.00,159.34,5,5.63,,0
2026-04-20 14:42:54,910,LOCAL,0.00,186.31,0.00,186.37,5,5.60,,0
2026-04-20 14:42:54,911,LOCAL,0.00,171.85,0.00,171.91,5,5.56,,0
2026-04-20 14:42:54,912,LOCAL,0.00,172.27,0.00,172.33,5,5.56,,0
2026-04-20 14:42:54,913,LOCAL,0.00,174.64,0.00,174.70,5,5.56,,0
2026-04-20 14:42:54,914,LOCAL,0.00,178.34,0.00,178.40,5,5.56,,0
2026-04-20 14:42:55,915,LOCAL,0.00,186.65,0.00,186.71,5,5.55,,0
2026-04-20 14:42:55,916,LOCAL,0.00,188.88,0.00,188.93,5,5.54,,0
2026-04-20 14:42:55,917,LOCAL,0.00,230.54,0.00,230.63,5,5.51,,0
2026-04-20 14:42:55,918,LOCAL,0.00,182.92,0.00,182.99,5,5.50,,0
2026-04-20 14:42:55,919,LOCAL,0.00,195.02,0.00,195.09,5,5.49,,0
2026-04-20 14:42:56,920,LOCAL,0.00,203.15,0.00,203.21,5,5.47,,0
2026-04-20 14:42:56,921,LOCAL,0.00,138.10,0.00,138.16,5,5.48,,0
2026-04-20 14:42:56,922,LOCAL,0.00,178.25,0.00,178.32,5,5.50,,0
2026-04-20 14:42:56,923,LOCAL,0.00,180.50,0.00,180.56,5,5.50,,0
2026-04-20 14:42:56,924,LOCAL,0.00,179.40,0.00,179.46,5,5.49,,0
2026-04-20 14:42:56,925,LOCAL,0.00,193.22,0.00,193.27,5,5.49,,0
2026-04-20 14:42:57,926,LOCAL,0.00,150.92,0.00,150.98,5,5.54,,0
2026-04-20 14:42:57,927,LOCAL,0.00,193.58,0.00,193.64,5,5.52,,0
2026-04-20 14:42:57,928,LOCAL,0.00,149.60,0.00,149.66,5,5.53,,0
2026-04-20 14:42:57,929,LOCAL,0.00,156.61,0.00,156.66,5,5.53,,0
2026-04-20 14:42:57,930,LOCAL,0.00,193.41,0.00,193.47,5,5.53,,0
2026-04-20 14:42:57,931,LOCAL,0.00,132.09,0.00,132.17,5,5.54,,0
2026-04-20 14:42:58,932,LOCAL,0.00,152.14,0.00,152.21,5,5.59,,0
2026-04-20 14:42:58,933,LOCAL,0.00,172.35,0.00,172.42,5,5.58,,0
2026-04-20 14:42:58,934,LOCAL,0.00,193.29,0.00,193.35,5,5.54,,0
2026-04-20 14:42:58,935,LOCAL,0.00,165.82,0.00,165.87,5,5.51,,0
2026-04-20 14:42:58,936,LOCAL,0.00,194.84,0.00,194.90,5,5.49,,0
2026-04-20 14:42:59,937,LOCAL,0.00,164.20,0.00,164.25,5,5.49,,0
2026-04-20 14:42:59,938,LOCAL,0.00,189.30,0.00,189.36,5,5.46,,0
2026-04-20 14:42:59,939,LOCAL,0.00,179.59,0.00,179.66,5,5.45,,0
2026-04-20 14:42:59,940,LOCAL,0.00,168.62,0.00,168.68,5,5.46,,0
2026-04-20 14:42:59,941,LOCAL,0.00,166.17,0.00,166.23,5,5.46,,0
2026-04-20 14:42:59,942,LOCAL,0.00,155.97,0.00,156.03,5,5.46,,0
2026-04-20 14:43:00,943,LOCAL,0.00,162.14,0.00,162.21,5,5.47,,0
2026-04-20 14:43:00,944,LOCAL,0.00,172.35,0.00,172.41,5,5.47,,0
2026-04-20 14:43:00,945,LOCAL,0.00,186.59,0.00,186.65,5,5.47,,0
2026-04-20 14:43:00,946,LOCAL,0.00,187.62,0.00,187.68,5,5.50,,0
2026-04-20 14:43:00,947,LOCAL,0.00,147.71,0.00,147.77,5,5.53,,0
2026-04-20 14:43:01,948,LOCAL,0.00,162.33,0.00,162.40,5,5.55,,0
2026-04-20 14:43:01,949,LOCAL,0.00,140.95,0.00,141.01,5,5.60,,0
2026-04-20 14:43:01,950,LOCAL,0.00,174.20,0.00,174.27,5,5.57,,0
2026-04-20 14:43:01,951,LOCAL,0.00,176.50,0.00,176.57,5,5.58,,0
2026-04-20 14:43:01,952,LOCAL,0.00,144.83,0.00,144.89,5,5.62,,0
2026-04-20 14:43:01,953,LOCAL,0.00,163.09,0.00,163.16,5,5.63,,0
2026-04-20 14:43:02,954,LOCAL,0.00,183.96,0.00,184.03,5,5.64,,0
2026-04-20 14:43:02,955,LOCAL,0.00,141.33,0.00,141.39,5,5.65,,0
2026-04-20 14:43:02,956,LOCAL,0.00,176.84,0.00,176.91,5,5.67,,0
2026-04-20 14:43:02,957,LOCAL,0.00,174.55,0.00,174.62,5,5.64,,0
2026-04-20 14:43:02,958,LOCAL,0.00,192.72,0.00,192.82,5,5.61,,0
2026-04-20 14:43:02,959,LOCAL,0.00,179.88,0.00,179.95,5,5.62,,0
2026-04-20 14:43:03,960,LOCAL,0.00,177.87,0.00,177.93,5,5.56,,0
2026-04-20 14:43:03,961,LOCAL,0.00,194.49,0.00,194.55,5,5.52,,0
2026-04-20 14:43:03,962,LOCAL,0.00,184.58,0.00,184.65,5,5.50,,0
2026-04-20 14:43:03,963,LOCAL,0.00,184.66,0.00,184.71,5,5.50,,0
2026-04-20 14:43:03,964,LOCAL,0.00,188.86,0.00,188.92,5,5.47,,0
2026-04-20 14:43:04,965,LOCAL,0.00,183.70,0.00,183.79,5,5.50,,0
2026-04-20 14:43:04,966,LOCAL,0.00,169.26,0.00,169.32,5,5.50,,0
2026-04-20 14:43:04,967,LOCAL,0.00,173.83,0.00,173.89,5,5.50,,0
2026-04-20 14:43:04,968,LOCAL,0.00,187.27,0.00,187.33,5,5.50,,0
2026-04-20 14:43:04,969,LOCAL,0.00,177.10,0.00,177.15,5,5.48,,0
2026-04-20 14:43:05,970,LOCAL,0.00,193.65,0.00,193.71,5,5.45,,0
2026-04-20 14:43:05,971,LOCAL,0.00,199.60,0.00,199.66,5,5.43,,0
2026-04-20 14:43:05,972,LOCAL,0.00,168.95,0.00,169.01,5,5.44,,0
2026-04-20 14:43:05,973,LOCAL,0.00,180.31,0.00,180.37,5,5.44,,0
2026-04-20 14:43:05,974,LOCAL,0.00,172.53,0.00,172.60,5,5.44,,0
2026-04-20 14:43:06,975,LOCAL,0.00,138.00,0.00,138.07,5,5.48,,0
2026-04-20 14:43:06,976,LOCAL,0.00,146.31,0.00,146.37,5,5.48,,0
2026-04-20 14:43:06,977,LOCAL,0.00,169.06,0.00,169.13,5,5.49,,0
2026-04-20 14:43:06,978,LOCAL,0.00,187.05,0.00,187.11,5,5.44,,0
2026-04-20 14:43:06,979,LOCAL,0.00,234.89,0.00,235.05,5,5.38,,0
2026-04-20 14:43:06,980,LOCAL,0.00,198.68,0.00,198.77,5,5.34,,0
2026-04-20 14:43:07,981,LOCAL,0.00,184.80,0.00,184.86,5,5.29,,0
2026-04-20 14:43:07,982,LOCAL,0.00,173.45,0.00,173.51,5,5.28,,0
2026-04-20 14:43:07,983,LOCAL,0.00,183.30,0.00,183.36,5,5.28,,0
2026-04-20 14:43:07,984,LOCAL,0.00,154.79,0.00,154.85,5,5.27,,0
2026-04-20 14:43:07,985,LOCAL,0.00,156.96,0.00,157.01,5,5.29,,0
2026-04-20 14:43:08,986,LOCAL,0.00,175.34,0.00,175.41,5,5.29,,0
2026-04-20 14:43:08,987,LOCAL,0.00,122.46,0.00,122.51,5,5.35,,0
2026-04-20 14:43:08,988,LOCAL,0.00,187.42,0.00,187.48,5,5.34,,0
2026-04-20 14:43:08,989,LOCAL,0.00,161.31,0.00,161.37,5,5.38,,0
2026-04-20 14:43:08,990,LOCAL,0.00,169.93,0.00,169.99,5,5.39,,0
2026-04-20 14:43:08,991,LOCAL,0.00,187.47,0.00,187.54,5,5.38,,0
2026-04-20 14:43:09,992,LOCAL,0.00,188.52,0.00,188.58,5,5.38,,0
2026-04-20 14:43:09,993,LOCAL,0.00,187.51,0.00,187.59,5,5.38,,0
2026-04-20 14:43:09,994,LOCAL,0.00,173.82,0.00,173.88,5,5.39,,0
2026-04-20 14:43:09,995,LOCAL,0.00,194.51,0.00,194.57,5,5.37,,0
2026-04-20 14:43:09,996,LOCAL,0.00,176.86,0.00,176.92,5,5.38,,0
2026-04-20 14:43:10,997,LOCAL,0.00,179.33,0.00,179.39,5,5.39,,0
2026-04-20 14:43:10,998,LOCAL,0.00,146.31,0.00,146.38,5,5.44,,0
2026-04-20 14:43:10,999,LOCAL,0.00,168.56,0.00,168.63,5,5.46,,0
2026-04-20 14:43:10,1000,LOCAL,0.00,172.45,0.00,172.52,5,5.49,,0
2026-04-20 14:43:10,1001,LOCAL,0.00,173.47,0.00,173.54,5,5.49,,0
2026-04-20 14:43:10,1002,LOCAL,0.00,255.90,0.00,256.10,5,5.41,,0
2026-04-20 14:43:11,1003,LOCAL,0.00,202.12,0.00,202.26,5,5.38,,0
2026-04-20 14:43:11,1004,LOCAL,0.00,181.68,0.00,181.74,5,5.35,,0
2026-04-20 14:43:11,1005,LOCAL,0.00,189.80,0.00,189.87,5,5.32,,0
2026-04-20 14:43:11,1006,LOCAL,0.00,149.03,0.00,149.09,5,5.34,,0
2026-04-20 14:43:11,1007,LOCAL,0.00,154.03,0.00,154.09,5,5.39,,0
2026-04-20 14:43:12,1008,LOCAL,0.00,192.42,0.00,192.47,5,5.42,,0
2026-04-20 14:43:12,1009,LOCAL,0.00,171.07,0.00,171.16,5,5.46,,0
2026-04-20 14:43:12,1010,LOCAL,0.00,179.49,0.00,179.56,5,5.47,,0
2026-04-20 14:43:12,1011,LOCAL,0.00,190.11,0.00,190.17,5,5.45,,0
2026-04-20 14:43:12,1012,LOCAL,0.00,195.11,0.00,195.17,5,5.45,,0
2026-04-20 14:43:13,1013,LOCAL,0.00,183.51,0.00,183.61,5,5.41,,0
2026-04-20 14:43:13,1014,LOCAL,0.00,190.02,0.00,190.08,5,5.36,,0
2026-04-20 14:43:13,1015,LOCAL,0.00,181.23,0.00,181.30,5,5.35,,0
2026-04-20 14:43:13,1016,LOCAL,0.00,170.96,0.00,171.03,5,5.30,,0
2026-04-20 14:43:13,1017,LOCAL,0.00,183.92,0.00,183.97,5,5.30,,0
2026-04-20 14:43:14,1018,LOCAL,0.00,179.51,0.00,179.58,5,5.27,,0
2026-04-20 14:43:14,1019,LOCAL,0.00,237.25,0.00,237.42,5,5.22,,0
2026-04-20 14:43:14,1020,LOCAL,0.00,195.20,0.00,195.38,5,5.21,,0
2026-04-20 14:43:14,1021,LOCAL,0.00,176.29,0.00,176.36,5,5.22,,0
2026-04-20 14:43:14,1022,LOCAL,0.00,166.89,0.00,166.95,5,5.25,,0
2026-04-20 14:43:15,1023,LOCAL,0.00,167.99,0.00,168.04,5,5.25,,0
2026-04-20 14:43:15,1024,LOCAL,0.00,177.69,0.00,177.76,5,5.27,,0
2026-04-20 14:43:15,1025,LOCAL,0.00,152.44,0.00,152.50,5,5.29,,0
2026-04-20 14:43:15,1026,LOCAL,0.00,165.09,0.00,165.16,5,5.28,,0
2026-04-20 14:43:15,1027,LOCAL,0.00,179.58,0.00,179.63,5,5.25,,0
2026-04-20 14:43:15,1028,LOCAL,0.00,175.20,0.00,175.27,5,5.24,,0
2026-04-20 14:43:16,1029,LOCAL,0.00,152.92,0.00,152.99,5,5.26,,0
2026-04-20 14:43:16,1030,LOCAL,0.00,167.02,0.00,167.09,5,5.26,,0
2026-04-20 14:43:16,1031,LOCAL,0.00,192.74,0.00,192.80,5,5.33,,0
2026-04-20 14:43:16,1032,LOCAL,0.00,159.35,0.00,159.41,5,5.39,,0
2026-04-20 14:43:16,1033,LOCAL,0.00,159.69,0.00,159.75,5,5.41,,0
2026-04-20 14:43:16,1034,LOCAL,0.00,185.86,0.00,185.92,5,5.41,,0
2026-04-20 14:43:17,1035,LOCAL,0.00,190.89,0.00,190.95,5,5.37,,0
2026-04-20 14:43:17,1036,LOCAL,0.00,177.83,0.00,177.89,5,5.35,,0
2026-04-20 14:43:17,1037,LOCAL,0.00,179.85,0.00,179.91,5,5.37,,0
2026-04-20 14:43:17,1038,LOCAL,0.00,178.07,0.00,178.14,5,5.36,,0
2026-04-20 14:43:17,1039,LOCAL,0.00,188.53,0.00,188.60,5,5.35,,0
2026-04-20 14:43:18,1040,LOCAL,0.00,177.95,0.00,178.02,5,5.35,,0
2026-04-20 14:43:18,1041,LOCAL,0.00,193.54,0.00,193.60,5,5.34,,0
2026-04-20 14:43:18,1042,LOCAL,0.00,173.57,0.00,173.62,5,5.36,,0
2026-04-20 14:43:18,1043,LOCAL,0.00,133.54,0.00,133.61,5,5.43,,0
2026-04-20 14:43:18,1044,LOCAL,0.00,161.13,0.00,161.20,5,5.46,,0
2026-04-20 14:43:18,1045,LOCAL,0.00,169.36,0.00,169.42,5,5.47,,0
2026-04-20 14:43:19,1046,LOCAL,0.00,136.72,0.00,136.80,5,5.50,,0
2026-04-20 14:43:19,1047,LOCAL,0.00,160.19,0.00,160.25,5,5.53,,0
2026-04-20 14:43:19,1048,LOCAL,0.00,214.51,0.00,214.66,5,5.49,,0
2026-04-20 14:43:19,1049,LOCAL,0.00,136.45,0.00,136.52,5,5.56,,0
2026-04-20 14:43:19,1050,LOCAL,0.00,184.84,0.00,184.90,5,5.55,,0
2026-04-20 14:43:20,1051,LOCAL,0.00,161.57,0.00,161.64,5,5.56,,0
2026-04-20 14:43:20,1052,LOCAL,0.00,152.50,0.00,152.56,5,5.57,,0
2026-04-20 14:43:20,1053,LOCAL,0.00,191.82,0.00,191.91,5,5.56,,0
2026-04-20 14:43:20,1054,LOCAL,0.00,165.93,0.00,165.99,5,5.54,,0
2026-04-20 14:43:20,1055,LOCAL,0.00,175.24,0.00,175.34,5,5.55,,0
2026-04-20 14:43:20,1056,LOCAL,0.00,170.45,0.00,170.55,5,5.54,,0
2026-04-20 14:43:21,1057,LOCAL,0.00,151.52,0.00,151.60,5,5.55,,0
2026-04-20 14:43:21,1058,LOCAL,0.00,180.34,0.00,180.41,5,5.51,,0
2026-04-20 14:43:21,1059,LOCAL,0.00,184.05,0.00,184.12,5,5.49,,0
2026-04-20 14:43:21,1060,LOCAL,0.00,208.69,0.00,208.75,5,5.47,,0
2026-04-20 14:43:21,1061,LOCAL,0.00,199.60,0.00,199.66,5,5.43,,0
2026-04-20 14:43:22,1062,LOCAL,0.00,169.82,0.00,169.89,5,5.41,,0
2026-04-20 14:43:22,1063,LOCAL,0.00,162.43,0.00,162.54,5,5.44,,0
2026-04-20 14:43:22,1064,LOCAL,0.00,186.54,0.00,186.60,5,5.44,,0
2026-04-20 14:43:22,1065,LOCAL,0.00,247.10,0.00,247.19,5,5.36,,0
2026-04-20 14:43:22,1066,LOCAL,0.00,166.60,0.00,166.67,5,5.38,,0
2026-04-20 14:43:23,1067,LOCAL,0.00,169.65,0.00,169.70,5,5.40,,0
2026-04-20 14:43:23,1068,LOCAL,0.00,183.97,0.00,184.03,5,5.40,,0
2026-04-20 14:43:23,1069,LOCAL,0.00,179.07,0.00,179.13,5,5.41,,0
2026-04-20 14:43:23,1070,LOCAL,0.00,162.51,0.00,162.58,5,5.44,,0
2026-04-20 14:43:23,1071,LOCAL,0.00,189.31,0.00,189.37,5,5.43,,0
2026-04-20 14:43:24,1072,LOCAL,0.00,187.86,0.00,187.93,5,5.36,,0
2026-04-20 14:43:24,1073,LOCAL,0.00,155.00,0.00,155.06,5,5.36,,0
2026-04-20 14:43:24,1074,LOCAL,0.00,174.43,0.00,174.50,5,5.36,,0
2026-04-20 14:43:24,1075,LOCAL,0.00,190.98,0.00,191.04,5,5.33,,0
2026-04-20 14:43:24,1076,LOCAL,0.00,190.41,0.00,190.47,5,5.30,,0
2026-04-20 14:43:24,1077,LOCAL,0.00,167.43,0.00,167.48,5,5.40,,0
2026-04-20 14:43:25,1078,LOCAL,0.00,139.06,0.00,139.12,5,5.41,,0
2026-04-20 14:43:25,1079,LOCAL,0.00,141.38,0.00,141.43,5,5.46,,0
2026-04-20 14:43:25,1080,LOCAL,0.00,159.25,0.00,159.31,5,5.46,,0
2026-04-20 14:43:25,1081,LOCAL,0.00,176.77,0.00,176.84,5,5.44,,0
2026-04-20 14:43:25,1082,LOCAL,0.00,186.22,0.00,186.29,5,5.44,,0
2026-04-20 14:43:25,1083,LOCAL,0.00,183.69,0.00,183.74,5,5.42,,0
2026-04-20 14:43:26,1084,LOCAL,0.00,162.58,0.00,162.64,5,5.44,,0
2026-04-20 14:43:26,1085,LOCAL,0.00,181.01,0.00,181.07,5,5.44,,0
2026-04-20 14:43:26,1086,LOCAL,0.00,169.24,0.00,169.31,5,5.43,,0
2026-04-20 14:43:26,1087,LOCAL,0.00,173.12,0.00,173.18,5,5.45,,0
2026-04-20 14:43:26,1088,LOCAL,0.00,276.06,0.00,276.25,5,5.34,,0
2026-04-20 14:43:27,1089,LOCAL,0.00,192.05,0.00,192.16,5,5.34,,0
2026-04-20 14:43:27,1090,LOCAL,0.00,196.66,0.00,196.78,5,5.34,,0
2026-04-20 14:43:27,1091,LOCAL,0.00,180.47,0.00,180.52,5,5.34,,0
2026-04-20 14:43:27,1092,LOCAL,0.00,174.95,0.00,175.01,5,5.33,,0
2026-04-20 14:43:27,1093,LOCAL,0.00,162.67,0.00,162.73,5,5.35,,0
2026-04-20 14:43:28,1094,LOCAL,0.00,168.49,0.00,168.55,5,5.44,,0
2026-04-20 14:43:28,1095,LOCAL,0.00,192.89,0.00,192.96,5,5.41,,0
2026-04-20 14:43:28,1096,LOCAL,0.00,172.71,0.00,172.82,5,5.41,,0
2026-04-20 14:43:28,1097,LOCAL,0.00,166.90,0.00,166.97,5,5.43,,0
2026-04-20 14:43:28,1098,LOCAL,0.00,120.82,0.00,120.88,5,5.48,,0
2026-04-20 14:43:28,1099,LOCAL,0.00,168.57,0.00,168.64,5,5.48,,0
2026-04-20 14:43:29,1100,LOCAL,0.00,167.07,0.00,167.13,5,5.51,,0
2026-04-20 14:43:29,1101,LOCAL,0.00,135.84,0.00,135.91,5,5.56,,0
2026-04-20 14:43:29,1102,LOCAL,0.00,117.61,0.00,117.69,5,5.60,,0
2026-04-20 14:43:29,1103,LOCAL,0.00,171.48,0.00,171.54,5,5.60,,0
2026-04-20 14:43:29,1104,LOCAL,0.00,150.42,0.00,150.48,5,5.64,,0
2026-04-20 14:43:29,1105,LOCAL,0.00,165.56,0.00,165.62,5,5.67,,0
2026-04-20 14:43:30,1106,LOCAL,0.00,151.59,0.00,151.65,5,5.69,,0
2026-04-20 14:43:30,1107,LOCAL,0.00,180.33,0.00,180.40,5,5.65,,0
2026-04-20 14:43:30,1108,LOCAL,0.00,162.83,0.00,162.90,5,5.61,,0
2026-04-20 14:43:30,1109,LOCAL,0.00,153.01,0.00,153.07,5,5.60,,0
2026-04-20 14:43:30,1110,LOCAL,0.00,163.67,0.00,163.73,5,5.61,,0
2026-04-20 14:43:30,1111,LOCAL,0.00,175.37,0.00,175.43,5,5.62,,0
2026-04-20 14:43:31,1112,LOCAL,0.00,163.72,0.00,163.78,5,5.62,,0
2026-04-20 14:43:31,1113,LOCAL,0.00,225.69,0.00,225.85,5,5.56,,0
2026-04-20 14:43:31,1114,LOCAL,0.00,162.52,0.00,162.63,5,5.59,,0
2026-04-20 14:43:31,1115,LOCAL,0.00,155.68,0.00,155.75,5,5.60,,0
2026-04-20 14:43:31,1116,LOCAL,0.00,195.11,0.00,195.16,5,5.59,,0
2026-04-20 14:43:32,1117,LOCAL,0.00,171.67,0.00,171.72,5,5.73,,0
2026-04-20 14:43:32,1118,LOCAL,0.00,154.96,0.00,155.04,5,5.79,,0
2026-04-20 14:43:32,1119,LOCAL,0.00,122.12,0.00,122.18,5,5.86,,0
2026-04-20 14:43:32,1120,LOCAL,0.00,176.50,0.00,176.58,5,5.87,,0
2026-04-20 14:43:32,1121,LOCAL,0.00,169.60,0.00,169.66,5,5.87,,0
2026-04-20 14:43:32,1122,LOCAL,0.00,167.53,0.00,167.63,5,5.85,,0
2026-04-20 14:43:33,1123,LOCAL,0.00,157.23,0.00,157.29,5,5.86,,0
2026-04-20 14:43:33,1124,LOCAL,0.00,163.68,0.00,163.73,5,5.88,,0
2026-04-20 14:43:33,1125,LOCAL,0.00,190.06,0.00,190.12,5,5.87,,0
2026-04-20 14:43:33,1126,LOCAL,0.00,162.05,0.00,162.12,5,5.87,,0
2026-04-20 14:43:33,1127,LOCAL,0.00,163.71,0.00,163.78,5,5.82,,0
2026-04-20 14:43:33,1128,LOCAL,0.00,163.33,0.00,163.41,5,5.82,,0
2026-04-20 14:43:34,1129,LOCAL,0.00,186.00,0.00,186.08,5,5.79,,0
2026-04-20 14:43:34,1130,LOCAL,0.00,160.62,0.00,160.68,5,5.77,,0
2026-04-20 14:43:34,1131,LOCAL,0.00,177.97,0.00,178.02,5,5.71,,0
2026-04-20 14:43:34,1132,LOCAL,0.00,192.06,0.00,192.12,5,5.68,,0
2026-04-20 14:43:34,1133,LOCAL,0.00,167.49,0.00,167.55,5,5.66,,0
2026-04-20 14:43:35,1134,LOCAL,0.00,202.57,0.00,202.63,5,5.62,,0
2026-04-20 14:43:35,1135,LOCAL,0.00,182.96,0.00,183.03,5,5.58,,0
2026-04-20 14:43:35,1136,LOCAL,0.00,189.30,0.00,189.37,5,5.55,,0
2026-04-20 14:43:35,1137,LOCAL,0.00,191.97,0.00,192.02,5,5.54,,0
2026-04-20 14:43:35,1138,LOCAL,0.00,161.58,0.00,161.63,5,5.54,,0
2026-04-20 14:43:35,1139,LOCAL,0.00,182.86,0.00,182.92,5,5.51,,0
2026-04-20 14:43:36,1140,LOCAL,0.00,180.79,0.00,180.85,5,5.51,,0
2026-04-20 14:43:36,1141,LOCAL,0.00,192.17,0.00,192.23,5,5.50,,0
2026-04-20 14:43:36,1142,LOCAL,0.00,180.93,0.00,181.00,5,5.55,,0
2026-04-20 14:43:36,1143,LOCAL,0.00,167.56,0.00,167.62,5,5.54,,0
2026-04-20 14:43:36,1144,LOCAL,0.00,188.26,0.00,188.31,5,5.49,,0
2026-04-20 14:43:37,1145,LOCAL,0.00,176.22,0.00,176.28,5,5.50,,0
2026-04-20 14:43:37,1146,LOCAL,0.00,196.74,0.00,196.79,5,5.48,,0
2026-04-20 14:43:37,1147,LOCAL,0.00,182.31,0.00,182.37,5,5.45,,0
2026-04-20 14:43:37,1148,LOCAL,0.00,202.06,0.00,202.13,5,5.38,,0
2026-04-20 14:43:37,1149,LOCAL,0.00,173.60,0.00,173.66,5,5.38,,0
2026-04-20 14:43:38,1150,LOCAL,0.00,171.69,0.00,171.76,5,5.38,,0
2026-04-20 14:43:38,1151,LOCAL,0.00,153.56,0.00,166.73,5,5.39,,0
2026-04-20 14:43:38,1152,LOCAL,0.00,232.41,0.00,232.64,5,5.31,,0
2026-04-20 14:43:38,1153,LOCAL,0.00,175.31,0.00,175.40,5,5.28,,0
2026-04-20 14:43:38,1154,LOCAL,0.00,207.74,0.00,207.81,5,5.25,,0
2026-04-20 14:43:39,1155,LOCAL,0.00,138.49,0.00,138.58,5,5.28,,0
2026-04-20 14:43:39,1156,LOCAL,0.00,156.93,0.00,157.00,5,5.27,,0
2026-04-20 14:43:39,1157,LOCAL,0.00,204.26,0.00,204.32,5,5.24,,0
2026-04-20 14:43:39,1158,LOCAL,0.00,186.53,0.00,186.59,5,5.25,,0
2026-04-20 14:43:39,1159,LOCAL,0.00,162.24,0.00,162.30,5,5.24,,0
2026-04-20 14:43:39,1160,LOCAL,0.00,199.00,0.00,199.06,5,5.22,,0
2026-04-20 14:43:40,1161,LOCAL,0.00,156.89,0.00,156.94,5,5.27,,0
2026-04-20 14:43:40,1162,LOCAL,0.00,180.47,0.00,180.54,5,5.24,,0
2026-04-20 14:43:40,1163,LOCAL,0.00,189.11,0.00,189.17,5,5.25,,0
2026-04-20 14:43:40,1164,LOCAL,0.00,170.61,0.00,170.67,5,5.26,,0
2026-04-20 14:43:40,1165,LOCAL,0.00,188.76,0.00,188.82,5,5.28,,0
2026-04-20 14:43:41,1166,LOCAL,0.00,174.32,0.00,174.42,5,5.30,,0
2026-04-20 14:43:41,1167,LOCAL,0.00,177.29,0.00,177.36,5,5.28,,0
2026-04-20 14:43:41,1168,LOCAL,0.00,162.62,0.00,162.68,5,5.30,,0
2026-04-20 14:43:41,1169,LOCAL,0.00,190.56,0.00,190.63,5,5.27,,0
2026-04-20 14:43:41,1170,LOCAL,0.00,171.72,0.00,171.78,5,5.29,,0
2026-04-20 14:43:42,1171,LOCAL,0.00,127.42,0.00,127.49,5,5.34,,0
2026-04-20 14:43:42,1172,LOCAL,0.00,185.56,0.00,185.63,5,5.32,,0
2026-04-20 14:43:42,1173,LOCAL,0.00,164.64,0.00,164.70,5,5.35,,0
2026-04-20 14:43:42,1174,LOCAL,0.00,176.78,0.00,176.89,5,5.35,,0
2026-04-20 14:43:42,1175,LOCAL,0.00,202.62,0.00,202.68,5,5.34,,0
2026-04-20 14:43:42,1176,LOCAL,0.00,175.91,0.00,175.97,5,5.35,,0
2026-04-20 14:43:43,1177,LOCAL,0.00,196.37,0.00,196.44,5,5.34,,0
2026-04-20 14:43:43,1178,LOCAL,0.00,180.12,0.00,180.17,5,5.33,,0
2026-04-20 14:43:43,1179,LOCAL,0.00,175.04,0.00,175.10,5,5.33,,0
2026-04-20 14:43:43,1180,LOCAL,0.00,178.48,0.00,178.54,5,5.31,,0
2026-04-20 14:43:43,1181,LOCAL,0.00,168.08,0.00,168.14,5,5.38,,0
2026-04-20 14:43:44,1182,LOCAL,0.00,163.85,0.00,163.91,5,5.42,,0
2026-04-20 14:43:44,1183,LOCAL,0.00,165.89,0.00,165.95,5,5.46,,0
2026-04-20 14:43:44,1184,LOCAL,0.00,180.84,0.00,180.90,5,5.42,,0
2026-04-20 14:43:44,1185,LOCAL,0.00,177.06,0.00,177.12,5,5.41,,0
2026-04-20 14:43:44,1186,LOCAL,0.00,176.55,0.00,176.61,5,5.44,,0
2026-04-20 14:43:44,1187,LOCAL,0.00,164.21,0.00,164.27,5,5.46,,0
2026-04-20 14:43:45,1188,LOCAL,0.00,177.24,0.00,177.30,5,5.45,,0
2026-04-20 14:43:45,1189,LOCAL,0.00,226.21,0.00,226.29,5,5.43,,0
2026-04-20 14:43:45,1190,LOCAL,0.00,207.87,0.00,207.95,5,5.38,,0
2026-04-20 14:43:45,1191,LOCAL,0.00,173.06,0.00,173.13,5,5.40,,0
2026-04-20 14:43:45,1192,LOCAL,0.00,175.17,0.00,175.25,5,5.41,,0
2026-04-20 14:43:46,1193,LOCAL,0.00,166.36,0.00,166.47,5,5.39,,0
2026-04-20 14:43:46,1194,LOCAL,0.00,152.99,0.00,153.06,5,5.43,,0
2026-04-20 14:43:46,1195,LOCAL,0.00,167.24,0.00,167.31,5,5.42,,0
2026-04-20 14:43:46,1196,LOCAL,0.00,150.52,0.00,150.58,5,5.45,,0
2026-04-20 14:43:46,1197,LOCAL,0.00,152.27,0.00,152.34,5,5.48,,0
2026-04-20 14:43:46,1198,LOCAL,0.00,196.00,0.00,196.09,5,5.49,,0
2026-04-20 14:43:47,1199,LOCAL,0.00,192.81,0.00,192.88,5,5.46,,0
2026-04-20 14:43:47,1200,LOCAL,0.00,193.10,0.00,193.16,5,5.40,,0
2026-04-20 14:43:47,1201,LOCAL,0.00,190.43,0.00,190.49,5,5.39,,0
2026-04-20 14:43:47,1202,LOCAL,0.00,172.87,0.00,172.94,5,5.39,,0
2026-04-20 14:43:47,1203,LOCAL,0.00,161.74,0.00,161.80,5,5.41,,0
2026-04-20 14:43:48,1204,LOCAL,0.00,155.06,0.00,155.13,5,5.45,,0
2026-04-20 14:43:48,1205,LOCAL,0.00,166.16,0.00,166.22,5,5.46,,0
2026-04-20 14:43:48,1206,LOCAL,0.00,120.55,0.00,120.61,5,5.55,,0
2026-04-20 14:43:48,1207,LOCAL,0.00,179.81,0.00,179.87,5,5.55,,0
2026-04-20 14:43:48,1208,LOCAL,0.00,160.67,0.00,160.73,5,5.57,,0
2026-04-20 14:43:48,1209,LOCAL,0.00,176.55,0.00,176.62,5,5.57,,0
2026-04-20 14:43:49,1210,LOCAL,0.00,192.04,0.00,192.10,5,5.55,,0
2026-04-20 14:43:49,1211,LOCAL,0.00,170.41,0.00,170.49,5,5.52,,0
2026-04-20 14:43:49,1212,LOCAL,0.00,242.44,0.00,242.64,5,5.45,,0
2026-04-20 14:43:49,1213,LOCAL,0.00,193.84,0.00,193.95,5,5.40,,0
2026-04-20 14:43:49,1214,LOCAL,0.00,172.72,0.00,172.79,5,5.42,,0
2026-04-20 14:43:50,1215,LOCAL,0.00,182.91,0.00,182.97,5,5.41,,0
2026-04-20 14:43:50,1216,LOCAL,0.00,156.40,0.00,156.47,5,5.42,,0
2026-04-20 14:43:50,1217,LOCAL,0.00,161.96,0.00,162.05,5,5.43,,0
2026-04-20 14:43:50,1218,LOCAL,0.00,182.47,0.00,182.54,5,5.47,,0
2026-04-20 14:43:50,1219,LOCAL,0.00,174.83,0.00,174.89,5,5.50,,0
2026-04-20 14:43:51,1220,LOCAL,0.00,176.86,0.00,176.92,5,5.50,,0
2026-04-20 14:43:51,1221,LOCAL,0.00,155.04,0.00,155.13,5,5.52,,0
2026-04-20 14:43:51,1222,LOCAL,0.00,162.19,0.00,162.25,5,5.54,,0
2026-04-20 14:43:51,1223,LOCAL,0.00,184.26,0.00,184.31,5,5.50,,0
2026-04-20 14:43:51,1224,LOCAL,0.00,183.49,0.00,183.55,5,5.50,,0
2026-04-20 14:43:51,1225,LOCAL,0.00,180.57,0.00,180.62,5,5.46,,0
2026-04-20 14:43:52,1226,LOCAL,0.00,180.37,0.00,180.44,5,5.42,,0
2026-04-20 14:43:52,1227,LOCAL,0.00,166.12,0.00,166.18,5,5.45,,0
2026-04-20 14:43:52,1228,LOCAL,0.00,182.85,0.00,182.90,5,5.46,,0
2026-04-20 14:43:52,1229,LOCAL,0.00,173.72,0.00,173.78,5,5.49,,0
2026-04-20 14:43:52,1230,LOCAL,0.00,176.07,0.00,176.12,5,5.50,,0
2026-04-20 14:43:53,1231,LOCAL,0.00,167.96,0.00,168.01,5,5.51,,0
2026-04-20 14:43:53,1232,LOCAL,0.00,174.69,0.00,174.76,5,5.51,,0
2026-04-20 14:43:53,1233,LOCAL,0.00,183.07,0.00,183.13,5,5.48,,0
2026-04-20 14:43:53,1234,LOCAL,0.00,171.82,0.00,171.88,5,5.46,,0
2026-04-20 14:43:53,1235,LOCAL,0.00,132.76,0.00,132.82,5,5.45,,0
2026-04-20 14:43:53,1236,LOCAL,0.00,175.76,0.00,175.83,5,5.45,,0
2026-04-20 14:43:54,1237,LOCAL,0.00,180.72,0.00,180.77,5,5.43,,0
2026-04-20 14:43:54,1238,LOCAL,0.00,171.50,0.00,171.56,5,5.45,,0
2026-04-20 14:43:54,1239,LOCAL,0.00,173.86,0.00,173.92,5,5.47,,0
2026-04-20 14:43:54,1240,LOCAL,0.00,183.95,0.00,184.01,5,5.47,,0
2026-04-20 14:43:54,1241,LOCAL,0.00,189.91,0.00,189.99,5,5.52,,0
2026-04-20 14:43:54,1242,LOCAL,0.00,172.65,0.00,172.71,5,5.58,,0
2026-04-20 14:43:55,1243,LOCAL,0.00,164.54,0.00,164.62,5,5.59,,0
2026-04-20 14:43:55,1244,LOCAL,0.00,157.85,0.00,157.91,5,5.59,,0
2026-04-20 14:43:55,1245,LOCAL,0.00,163.81,0.00,163.88,5,5.57,,0
2026-04-20 14:43:55,1246,LOCAL,0.00,166.56,0.00,166.62,5,5.57,,0
2026-04-20 14:43:55,1247,LOCAL,0.00,152.32,0.00,152.39,5,5.59,,0
2026-04-20 14:43:56,1248,LOCAL,0.00,159.52,0.00,159.58,5,5.61,,0
2026-04-20 14:43:56,1249,LOCAL,0.00,144.36,0.00,144.42,5,5.64,,0
2026-04-20 14:43:56,1250,LOCAL,0.00,177.67,0.00,177.74,5,5.62,,0
2026-04-20 14:43:56,1251,LOCAL,0.00,170.19,0.00,170.24,5,5.62,,0
2026-04-20 14:43:56,1252,LOCAL,0.00,232.60,0.00,240.87,5,5.56,,0
2026-04-20 14:43:56,1253,LOCAL,0.00,161.98,0.00,162.05,5,5.55,,0
2026-04-20 14:43:57,1254,LOCAL,0.00,177.10,0.00,177.17,5,5.57,,0
2026-04-20 14:43:57,1255,LOCAL,0.00,178.56,0.00,178.63,5,5.58,,0
2026-04-20 14:43:57,1256,LOCAL,0.00,168.45,0.00,168.51,5,5.57,,0
2026-04-20 14:43:57,1257,LOCAL,0.00,160.67,0.00,160.73,5,5.58,,0
2026-04-20 14:43:57,1258,LOCAL,0.00,155.35,0.00,155.42,5,5.59,,0
2026-04-20 14:43:58,1259,LOCAL,0.00,164.39,0.00,164.46,5,5.59,,0
2026-04-20 14:43:58,1260,LOCAL,0.00,171.56,0.00,171.62,5,5.58,,0
2026-04-20 14:43:58,1261,LOCAL,0.00,156.23,0.00,156.29,5,5.61,,0
2026-04-20 14:43:58,1262,LOCAL,0.00,195.64,0.00,195.70,5,5.60,,0
2026-04-20 14:43:58,1263,LOCAL,0.00,173.03,0.00,173.09,5,5.59,,0
2026-04-20 14:43:58,1264,LOCAL,0.00,149.91,0.00,149.97,5,5.57,,0
2026-04-20 14:43:59,1265,LOCAL,0.00,176.93,0.00,176.99,5,5.57,,0
2026-04-20 14:43:59,1266,LOCAL,0.00,173.69,0.00,173.76,5,5.57,,0
2026-04-20 14:43:59,1267,LOCAL,0.00,172.51,0.00,172.63,5,5.57,,0
2026-04-20 14:43:59,1268,LOCAL,0.00,169.00,0.00,169.06,5,5.57,,0
2026-04-20 14:43:59,1269,LOCAL,0.00,197.81,0.00,197.87,5,5.56,,0
2026-04-20 14:43:59,1270,LOCAL,0.00,187.13,0.00,187.19,5,5.57,,0
2026-04-20 14:44:00,1271,LOCAL,0.00,252.39,0.00,252.49,5,5.46,,0
2026-04-20 14:44:00,1272,LOCAL,0.00,173.83,0.00,173.91,5,5.45,,0
2026-04-20 14:44:00,1273,LOCAL,0.00,171.32,0.00,171.40,5,5.45,,0
2026-04-20 14:44:00,1274,LOCAL,0.00,166.35,0.00,166.41,5,5.46,,0
2026-04-20 14:44:00,1275,LOCAL,0.00,213.52,0.00,213.59,5,5.41,,0
2026-04-20 14:44:01,1276,LOCAL,0.00,174.98,0.00,175.05,5,5.40,,0
2026-04-20 14:44:01,1277,LOCAL,0.00,196.05,0.00,196.11,5,5.37,,0
2026-04-20 14:44:01,1278,LOCAL,0.00,184.47,0.00,184.54,5,5.33,,0
2026-04-20 14:44:01,1279,LOCAL,0.00,167.59,0.00,167.65,5,5.34,,0
2026-04-20 14:44:01,1280,LOCAL,0.00,168.05,0.00,168.11,5,5.35,,0
2026-04-20 14:44:02,1281,LOCAL,0.00,185.34,0.00,185.40,5,5.40,,0
2026-04-20 14:44:02,1282,LOCAL,0.00,156.06,0.00,156.14,5,5.43,,0
2026-04-20 14:44:02,1283,LOCAL,0.00,165.98,0.00,166.05,5,5.44,,0
2026-04-20 14:44:02,1284,LOCAL,0.00,176.70,0.00,176.76,5,5.44,,0
2026-04-20 14:44:02,1285,LOCAL,0.00,189.84,0.00,189.90,5,5.42,,0
2026-04-20 14:44:03,1286,LOCAL,0.00,184.97,0.00,185.03,5,5.40,,0
2026-04-20 14:44:03,1287,LOCAL,0.00,167.30,0.00,167.39,5,5.40,,0
2026-04-20 14:44:03,1288,LOCAL,0.00,269.81,0.00,269.91,5,5.30,,0
2026-04-20 14:44:03,1289,LOCAL,0.00,140.86,0.00,140.94,5,5.32,,0
2026-04-20 14:44:03,1290,LOCAL,0.00,129.89,0.00,129.97,5,5.35,,0
2026-04-20 14:44:03,1291,LOCAL,0.00,148.52,0.00,148.58,5,5.39,,0
2026-04-20 14:44:04,1292,LOCAL,0.00,179.86,0.00,179.91,5,5.40,,0
2026-04-20 14:44:04,1293,LOCAL,0.00,162.65,0.00,162.72,5,5.37,,0
2026-04-20 14:44:04,1294,LOCAL,0.00,154.49,0.00,154.56,5,5.40,,0
2026-04-20 14:44:04,1295,LOCAL,0.00,158.03,0.00,158.09,5,5.42,,0
2026-04-20 14:44:04,1296,LOCAL,0.00,192.01,0.00,192.07,5,5.39,,0
2026-04-20 14:44:04,1297,LOCAL,0.00,180.17,0.00,180.23,5,5.38,,0
2026-04-20 14:44:05,1298,LOCAL,0.00,179.34,0.00,179.41,5,5.40,,0
2026-04-20 14:44:05,1299,LOCAL,0.00,176.05,0.00,176.11,5,5.40,,0
2026-04-20 14:44:05,1300,LOCAL,0.00,186.20,0.00,186.28,5,5.48,,0
2026-04-20 14:44:05,1301,LOCAL,0.00,176.61,0.00,176.68,5,5.48,,0
2026-04-20 14:44:05,1302,LOCAL,0.00,159.44,0.00,159.50,5,5.50,,0
2026-04-20 14:44:06,1303,LOCAL,0.00,167.94,0.00,168.00,5,5.50,,0
2026-04-20 14:44:06,1304,LOCAL,0.00,181.58,0.00,181.64,5,5.53,,0
2026-04-20 14:44:06,1305,LOCAL,0.00,174.43,0.00,174.50,5,5.53,,0
2026-04-20 14:44:06,1306,LOCAL,0.00,247.61,0.00,247.70,5,5.47,,0
2026-04-20 14:44:06,1307,LOCAL,0.00,177.06,0.00,177.13,5,5.46,,0
2026-04-20 14:44:07,1308,LOCAL,0.00,149.52,0.00,149.59,5,5.49,,0
2026-04-20 14:44:07,1309,LOCAL,0.00,168.22,0.00,168.30,5,5.49,,0
2026-04-20 14:44:07,1310,LOCAL,0.00,178.69,0.00,178.77,5,5.49,,0
2026-04-20 14:44:07,1311,LOCAL,0.00,167.99,0.00,168.05,5,5.49,,0
2026-04-20 14:44:07,1312,LOCAL,0.00,175.11,0.00,175.17,5,5.47,,0
2026-04-20 14:44:07,1313,LOCAL,0.00,178.63,0.00,178.71,5,5.45,,0
2026-04-20 14:44:08,1314,LOCAL,0.00,180.42,0.00,180.48,5,5.47,,0
2026-04-20 14:44:08,1315,LOCAL,0.00,172.62,0.00,172.69,5,5.49,,0
2026-04-20 14:44:08,1316,LOCAL,0.00,175.30,0.00,175.36,5,5.48,,0
2026-04-20 14:44:08,1317,LOCAL,0.00,164.49,0.00,164.55,5,5.60,,0
2026-04-20 14:44:08,1318,LOCAL,0.00,180.58,0.00,180.64,5,5.57,,0
2026-04-20 14:44:09,1319,LOCAL,0.00,162.82,0.00,162.88,5,5.52,,0
2026-04-20 14:44:09,1320,LOCAL,0.00,161.30,0.00,161.37,5,5.51,,0
2026-04-20 14:44:09,1321,LOCAL,0.00,171.63,0.00,171.69,5,5.52,,0
2026-04-20 14:44:09,1322,LOCAL,0.00,188.18,0.00,188.23,5,5.50,,0
2026-04-20 14:44:09,1323,LOCAL,0.00,230.21,0.00,230.39,5,5.43,,0
2026-04-20 14:44:09,1324,LOCAL,0.00,196.22,0.00,196.29,5,5.37,,0
2026-04-20 14:44:10,1325,LOCAL,0.00,176.67,0.00,176.75,5,5.39,,0
2026-04-20 14:44:10,1326,LOCAL,0.00,155.81,0.00,155.88,5,5.40,,0
2026-04-20 14:44:10,1327,LOCAL,0.00,165.45,0.00,165.51,5,5.42,,0
2026-04-20 14:44:10,1328,LOCAL,0.00,157.73,0.00,157.79,5,5.44,,0
2026-04-20 14:44:10,1329,LOCAL,0.00,197.89,0.00,197.96,5,5.42,,0
2026-04-20 14:44:11,1330,LOCAL,0.00,148.85,0.00,148.92,5,5.45,,0
2026-04-20 14:44:11,1331,LOCAL,0.00,169.99,0.00,170.05,5,5.44,,0
2026-04-20 14:44:11,1332,LOCAL,0.00,178.50,0.00,178.57,5,5.42,,0
2026-04-20 14:44:11,1333,LOCAL,0.00,122.13,0.00,122.20,5,5.48,,0
2026-04-20 14:44:11,1334,LOCAL,0.00,151.56,0.00,151.63,5,5.50,,0
2026-04-20 14:44:11,1335,LOCAL,0.00,175.66,0.00,175.72,5,5.59,,0
2026-04-20 14:44:12,1336,LOCAL,0.00,151.90,0.00,151.96,5,5.63,,0
2026-04-20 14:44:12,1337,LOCAL,0.00,140.05,0.00,140.12,5,5.64,,0
2026-04-20 14:44:12,1338,LOCAL,0.00,189.64,0.00,189.71,5,5.61,,0
2026-04-20 14:44:12,1339,LOCAL,0.00,170.06,0.00,170.12,5,5.61,,0
2026-04-20 14:44:12,1340,LOCAL,0.00,131.77,0.00,131.85,5,5.64,,0
2026-04-20 14:44:12,1341,LOCAL,0.00,245.91,0.00,246.07,5,5.57,,0
2026-04-20 14:44:13,1342,LOCAL,0.00,163.77,0.00,163.85,5,5.58,,0
2026-04-20 14:44:13,1343,LOCAL,0.00,174.39,0.00,174.54,5,5.59,,0
2026-04-20 14:44:13,1344,LOCAL,0.00,180.06,0.00,180.11,5,5.58,,0
2026-04-20 14:44:13,1345,LOCAL,0.00,194.42,0.00,194.48,5,5.56,,0
2026-04-20 14:44:13,1346,LOCAL,0.00,184.63,0.00,184.70,5,5.54,,0
2026-04-20 14:44:14,1347,LOCAL,0.00,153.66,0.00,153.73,5,5.56,,0
2026-04-20 14:44:14,1348,LOCAL,0.00,163.72,0.00,163.80,5,5.56,,0
2026-04-20 14:44:14,1349,LOCAL,0.00,168.26,0.00,168.33,5,5.55,,0
2026-04-20 14:44:14,1350,LOCAL,0.00,143.50,0.00,143.57,5,5.56,,0
2026-04-20 14:44:14,1351,LOCAL,0.00,177.59,0.00,177.65,5,5.56,,0
2026-04-20 14:44:14,1352,LOCAL,0.00,170.67,0.00,170.74,5,5.61,,0
2026-04-20 14:44:15,1353,LOCAL,0.00,196.04,0.00,196.12,5,5.63,,0
2026-04-20 14:44:15,1354,LOCAL,0.00,167.42,0.00,167.53,5,5.64,,0
2026-04-20 14:44:15,1355,LOCAL,0.00,179.87,0.00,179.92,5,5.63,,0
2026-04-20 14:44:15,1356,LOCAL,0.00,177.05,0.00,177.11,5,5.62,,0
2026-04-20 14:44:15,1357,LOCAL,0.00,163.55,0.00,163.61,5,5.61,,0
2026-04-20 14:44:16,1358,LOCAL,0.00,173.71,0.00,173.76,5,5.65,,0
2026-04-20 14:44:16,1359,LOCAL,0.00,174.18,0.00,174.24,5,5.62,,0
2026-04-20 14:44:16,1360,LOCAL,0.00,176.26,0.00,176.32,5,5.62,,0
2026-04-20 14:44:16,1361,LOCAL,0.00,167.02,0.00,167.08,5,5.64,,0
2026-04-20 14:44:16,1362,LOCAL,0.00,180.59,0.00,180.64,5,5.57,,0
2026-04-20 14:44:16,1363,LOCAL,0.00,187.10,0.00,187.16,5,5.53,,0
2026-04-20 14:44:17,1364,LOCAL,0.00,175.51,0.00,175.58,5,5.52,,0
2026-04-20 14:44:17,1365,LOCAL,0.00,180.16,0.00,180.22,5,5.49,,0
2026-04-20 14:44:17,1366,LOCAL,0.00,193.50,0.00,193.56,5,5.45,,0
2026-04-20 14:44:17,1367,LOCAL,0.00,172.31,0.00,172.37,5,5.46,,0
2026-04-20 14:44:17,1368,LOCAL,0.00,256.24,0.00,256.35,5,5.38,,0
2026-04-20 14:44:18,1369,LOCAL,0.00,183.78,0.00,183.87,5,5.34,,0
2026-04-20 14:44:18,1370,LOCAL,0.00,170.64,0.00,170.71,5,5.40,,0
2026-04-20 14:44:18,1371,LOCAL,0.00,181.71,0.00,181.77,5,5.39,,0
2026-04-20 14:44:18,1372,LOCAL,0.00,182.82,0.00,182.90,5,5.38,,0
2026-04-20 14:44:18,1373,LOCAL,0.00,168.58,0.00,168.66,5,5.38,,0
2026-04-20 14:44:19,1374,LOCAL,0.00,171.39,0.00,171.45,5,5.40,,0
2026-04-20 14:44:19,1375,LOCAL,0.00,168.45,0.00,168.51,5,5.42,,0
2026-04-20 14:44:19,1376,LOCAL,0.00,168.66,0.00,168.72,5,5.40,,0
2026-04-20 14:44:19,1377,LOCAL,0.00,199.02,0.00,199.08,5,5.38,,0
2026-04-20 14:44:19,1378,LOCAL,0.00,170.18,0.00,170.25,5,5.37,,0
2026-04-20 14:44:20,1379,LOCAL,0.00,195.00,0.00,195.06,5,5.34,,0
2026-04-20 14:44:20,1380,LOCAL,0.00,190.16,0.00,190.23,5,5.32,,0
2026-04-20 14:44:20,1381,LOCAL,0.00,174.95,0.00,175.02,5,5.32,,0
2026-04-20 14:44:20,1382,LOCAL,0.00,180.55,0.00,180.61,5,5.34,,0
2026-04-20 14:44:20,1383,LOCAL,0.00,169.67,0.00,169.73,5,5.34,,0
2026-04-20 14:44:20,1384,LOCAL,0.00,191.30,0.00,191.36,5,5.33,,0
2026-04-20 14:44:21,1385,LOCAL,0.00,153.52,0.00,153.58,5,5.35,,0
2026-04-20 14:44:21,1386,LOCAL,0.00,215.61,0.00,215.81,5,5.31,,0
2026-04-20 14:44:21,1387,LOCAL,0.00,185.52,0.00,185.59,5,5.27,,0
2026-04-20 14:44:21,1388,LOCAL,0.00,149.72,0.00,149.78,5,5.29,,0
2026-04-20 14:44:21,1389,LOCAL,0.00,165.70,0.00,165.76,5,5.29,,0
2026-04-20 14:44:22,1390,LOCAL,0.00,174.01,0.00,174.17,5,5.28,,0
2026-04-20 14:44:22,1391,LOCAL,0.00,185.89,0.00,185.95,5,5.29,,0
2026-04-20 14:44:22,1392,LOCAL,0.00,176.14,0.00,176.21,5,5.30,,0
2026-04-20 14:44:22,1393,LOCAL,0.00,158.80,0.00,158.92,5,5.31,,0
2026-04-20 14:44:22,1394,LOCAL,0.00,186.57,0.00,186.65,5,5.29,,0
2026-04-20 14:44:22,1395,LOCAL,0.00,185.44,0.00,185.50,5,5.30,,0
2026-04-20 14:44:23,1396,LOCAL,0.00,169.49,0.00,169.55,5,5.31,,0
2026-04-20 14:44:23,1397,LOCAL,0.00,189.00,0.00,189.07,5,5.37,,0
2026-04-20 14:44:23,1398,LOCAL,0.00,166.04,0.00,166.09,5,5.40,,0
2026-04-20 14:44:23,1399,LOCAL,0.00,180.75,0.00,180.81,5,5.39,,0
2026-04-20 14:44:23,1400,LOCAL,0.00,175.43,0.00,175.50,5,5.41,,0
2026-04-20 14:44:24,1401,LOCAL,0.00,173.18,0.00,173.24,5,5.42,,0
2026-04-20 14:44:24,1402,LOCAL,0.00,174.80,0.00,174.87,5,5.42,,0
2026-04-20 14:44:24,1403,LOCAL,0.00,239.16,0.00,239.39,5,5.35,,0
2026-04-20 14:44:24,1404,LOCAL,0.00,166.42,0.00,166.53,5,5.33,,0
2026-04-20 14:44:24,1405,LOCAL,0.00,171.60,0.00,171.66,5,5.33,,0
2026-04-20 14:44:25,1406,LOCAL,0.00,179.34,0.00,179.41,5,5.34,,0
2026-04-20 14:44:25,1407,LOCAL,0.00,190.16,0.00,190.22,5,5.33,,0
2026-04-20 14:44:25,1408,LOCAL,0.00,155.14,0.00,155.20,5,5.37,,0
2026-04-20 14:44:25,1409,LOCAL,0.00,189.31,0.00,189.37,5,5.39,,0
2026-04-20 14:44:25,1410,LOCAL,0.00,137.10,0.00,137.16,5,5.42,,0
2026-04-20 14:44:25,1411,LOCAL,0.00,146.86,0.00,146.93,5,5.44,,0
2026-04-20 14:44:26,1412,LOCAL,0.00,169.40,0.00,169.47,5,5.42,,0
2026-04-20 14:44:26,1413,LOCAL,0.00,167.52,0.00,167.58,5,5.44,,0
2026-04-20 14:44:26,1414,LOCAL,0.00,185.71,0.00,185.76,5,5.40,,0
2026-04-20 14:44:26,1415,LOCAL,0.00,157.81,0.00,157.86,5,5.46,,0
2026-04-20 14:44:26,1416,LOCAL,0.00,183.92,0.00,183.99,5,5.48,,0
2026-04-20 14:44:27,1417,LOCAL,0.00,176.73,0.00,176.79,5,5.45,,0
2026-04-20 14:44:27,1418,LOCAL,0.00,157.45,0.00,157.51,5,5.48,,0
2026-04-20 14:44:27,1419,LOCAL,0.00,164.97,0.00,165.08,5,5.47,,0
2026-04-20 14:44:27,1420,LOCAL,0.00,174.86,0.00,174.93,5,5.47,,0
2026-04-20 14:44:27,1421,LOCAL,0.00,185.16,0.00,185.26,5,5.45,,0
2026-04-20 14:44:27,1422,LOCAL,0.00,161.42,0.00,161.49,5,5.45,,0
2026-04-20 14:44:28,1423,LOCAL,0.00,240.27,0.00,240.43,5,5.40,,0
2026-04-20 14:44:28,1424,LOCAL,0.00,153.71,0.00,153.80,5,5.40,,0
2026-04-20 14:44:28,1425,LOCAL,0.00,165.67,0.00,165.73,5,5.40,,0
2026-04-20 14:44:28,1426,LOCAL,0.00,165.12,0.00,165.21,5,5.42,,0
2026-04-20 14:44:28,1427,LOCAL,0.00,146.83,0.00,146.89,5,5.44,,0
2026-04-20 14:44:29,1428,LOCAL,0.00,151.30,0.00,151.36,5,5.45,,0
2026-04-20 14:44:29,1429,LOCAL,0.00,152.26,0.00,152.33,5,5.48,,0
2026-04-20 14:44:29,1430,LOCAL,0.00,167.11,0.00,167.18,5,5.47,,0
2026-04-20 14:44:29,1431,LOCAL,0.00,170.16,0.00,170.23,5,5.49,,0
2026-04-20 14:44:29,1432,LOCAL,0.00,176.05,0.00,176.11,5,5.56,,0
2026-04-20 14:44:29,1433,LOCAL,0.00,203.21,0.00,203.28,5,5.53,,0
2026-04-20 14:44:30,1434,LOCAL,0.00,190.16,0.00,190.23,5,5.49,,0
2026-04-20 14:44:30,1435,LOCAL,0.00,173.82,0.00,173.88,5,5.50,,0
2026-04-20 14:44:30,1436,LOCAL,0.00,129.52,0.00,129.58,5,5.56,,0
2026-04-20 14:44:30,1437,LOCAL,0.00,178.28,0.00,178.35,5,5.53,,0
2026-04-20 14:44:30,1438,LOCAL,0.00,176.90,0.00,176.97,5,5.55,,0
2026-04-20 14:44:31,1439,LOCAL,0.00,170.57,0.00,170.64,5,5.52,,0
2026-04-20 14:44:31,1440,LOCAL,0.00,181.38,0.00,181.43,5,5.50,,0
2026-04-20 14:44:31,1441,LOCAL,0.00,170.82,0.00,170.88,5,5.51,,0
2026-04-20 14:44:31,1442,LOCAL,0.00,235.80,0.00,236.00,5,5.40,,0
2026-04-20 14:44:31,1443,LOCAL,0.00,151.56,0.00,151.61,5,5.43,,0
2026-04-20 14:44:32,1444,LOCAL,0.00,165.94,0.00,166.03,5,5.40,,0
2026-04-20 14:44:32,1445,LOCAL,0.00,159.86,0.00,159.92,5,5.43,,0
2026-04-20 14:44:32,1446,LOCAL,0.00,166.99,0.00,167.05,5,5.42,,0
2026-04-20 14:44:32,1447,LOCAL,0.00,125.38,0.00,125.44,5,5.45,,0
2026-04-20 14:44:32,1448,LOCAL,0.00,145.48,0.00,145.55,5,5.49,,0
2026-04-20 14:44:32,1449,LOCAL,0.00,149.42,0.00,149.48,5,5.53,,0
2026-04-20 14:44:32,1450,LOCAL,0.00,154.85,0.00,154.93,5,5.56,,0
2026-04-20 14:44:33,1451,LOCAL,0.00,176.32,0.00,176.39,5,5.54,,0
2026-04-20 14:44:33,1452,LOCAL,0.00,177.02,0.00,177.08,5,5.61,,0
2026-04-20 14:44:33,1453,LOCAL,0.00,162.76,0.00,162.83,5,5.64,,0
2026-04-20 14:44:33,1454,LOCAL,0.00,168.57,0.00,168.63,5,5.62,,0
2026-04-20 14:44:33,1455,LOCAL,0.00,190.26,0.00,190.32,5,5.59,,0
2026-04-20 14:44:34,1456,LOCAL,0.00,177.45,0.00,177.52,5,5.56,,0
2026-04-20 14:44:34,1457,LOCAL,0.00,131.72,0.00,131.84,5,5.60,,0
2026-04-20 14:44:34,1458,LOCAL,0.00,155.30,0.00,155.40,5,5.59,,0
2026-04-20 14:44:34,1459,LOCAL,0.00,172.77,0.00,172.85,5,5.60,,0
2026-04-20 14:44:34,1460,LOCAL,0.00,178.93,0.00,178.99,5,5.59,,0
2026-04-20 14:44:34,1461,LOCAL,0.00,166.57,0.00,166.62,5,5.60,,0
2026-04-20 14:44:35,1462,LOCAL,0.00,188.79,0.00,188.87,5,5.61,,0
2026-04-20 14:44:35,1463,LOCAL,0.00,181.85,0.00,181.91,5,5.64,,0
2026-04-20 14:44:35,1464,LOCAL,0.00,191.75,0.00,191.80,5,5.63,,0
2026-04-20 14:44:35,1465,LOCAL,0.00,230.96,0.00,231.09,5,5.51,,0
2026-04-20 14:44:35,1466,LOCAL,0.00,173.58,0.00,173.67,5,5.50,,0
2026-04-20 14:44:36,1467,LOCAL,0.00,213.23,0.00,213.31,5,5.46,,0
2026-04-20 14:44:36,1468,LOCAL,0.00,181.62,0.00,181.68,5,5.45,,0
2026-04-20 14:44:36,1469,LOCAL,0.00,192.08,0.00,192.14,5,5.42,,0
2026-04-20 14:44:36,1470,LOCAL,0.00,174.56,0.00,174.62,5,5.41,,0
2026-04-20 14:44:36,1471,LOCAL,0.00,184.16,0.00,184.22,5,5.52,,0
2026-04-20 14:44:37,1472,LOCAL,0.00,195.17,0.00,195.23,5,5.48,,0
2026-04-20 14:44:37,1473,LOCAL,0.00,140.94,0.00,141.01,5,5.53,,0
2026-04-20 14:44:37,1474,LOCAL,0.00,184.77,0.00,184.84,5,5.51,,0
2026-04-20 14:44:37,1475,LOCAL,0.00,154.89,0.00,154.96,5,5.54,,0
2026-04-20 14:44:37,1476,LOCAL,0.00,167.24,0.00,167.32,5,5.50,,0
2026-04-20 14:44:37,1477,LOCAL,0.00,164.64,0.00,164.71,5,5.48,,0
2026-04-20 14:44:38,1478,LOCAL,0.00,160.16,0.00,160.24,5,5.46,,0
2026-04-20 14:44:38,1479,LOCAL,0.00,162.91,0.00,162.97,5,5.45,,0
2026-04-20 14:44:38,1480,LOCAL,0.00,181.99,0.00,182.05,5,5.46,,0
2026-04-20 14:44:38,1481,LOCAL,0.00,163.92,0.00,163.98,5,5.47,,0
2026-04-20 14:44:38,1482,LOCAL,0.00,183.75,0.00,183.81,5,5.45,,0
2026-04-20 14:44:39,1483,LOCAL,0.00,162.72,0.00,162.78,5,5.47,,0
2026-04-20 14:44:39,1484,LOCAL,0.00,164.42,0.00,164.48,5,5.49,,0
2026-04-20 14:44:39,1485,LOCAL,0.00,173.68,0.00,173.74,5,5.50,,0
2026-04-20 14:44:39,1486,LOCAL,0.00,149.04,0.00,149.11,5,5.48,,0
2026-04-20 14:44:39,1487,LOCAL,0.00,176.99,0.00,177.05,5,5.44,,0
2026-04-20 14:44:39,1488,LOCAL,0.00,192.07,0.00,192.16,5,5.41,,0
2026-04-20 14:44:40,1489,LOCAL,0.00,157.50,0.00,157.56,5,5.42,,0
2026-04-20 14:44:40,1490,LOCAL,0.00,215.77,0.00,215.98,5,5.36,,0
2026-04-20 14:44:40,1491,LOCAL,0.00,185.85,0.00,185.96,5,5.37,,0
2026-04-20 14:44:40,1492,LOCAL,0.00,132.38,0.00,132.44,5,5.40,,0
2026-04-20 14:44:40,1493,LOCAL,0.00,170.21,0.00,170.28,5,5.42,,0
2026-04-20 14:44:41,1494,LOCAL,0.00,187.81,0.00,187.87,5,5.48,,0
2026-04-20 14:44:41,1495,LOCAL,0.00,175.24,0.00,175.31,5,5.49,,0
2026-04-20 14:44:41,1496,LOCAL,0.00,181.59,0.00,181.65,5,5.51,,0
2026-04-20 14:44:41,1497,LOCAL,0.00,180.22,0.00,180.27,5,5.52,,0
2026-04-20 14:44:41,1498,LOCAL,0.00,164.76,0.00,164.82,5,5.57,,0
2026-04-20 14:44:41,1499,LOCAL,0.00,157.15,0.00,157.22,5,5.57,,0
2026-04-20 14:44:42,1500,LOCAL,0.00,132.08,0.00,132.13,5,5.61,,0
2026-04-20 14:44:42,1501,LOCAL,0.00,146.12,0.00,146.18,5,5.65,,0
2026-04-20 14:44:42,1502,LOCAL,0.00,212.21,0.00,212.27,5,5.57,,0
2026-04-20 14:44:42,1503,LOCAL,0.00,156.44,0.00,156.51,5,5.60,,0
2026-04-20 14:44:42,1504,LOCAL,0.00,155.89,0.00,155.96,5,5.57,,0
2026-04-20 14:44:42,1505,LOCAL,0.00,183.65,0.00,183.71,5,5.56,,0
2026-04-20 14:44:43,1506,LOCAL,0.00,198.54,0.00,198.61,5,5.52,,0
2026-04-20 14:44:43,1507,LOCAL,0.00,136.38,0.00,136.46,5,5.54,,0
2026-04-20 14:44:43,1508,LOCAL,0.00,187.91,0.00,187.97,5,5.53,,0
2026-04-20 14:44:43,1509,LOCAL,0.00,191.41,0.00,191.47,5,5.51,,0
2026-04-20 14:44:43,1510,LOCAL,0.00,176.49,0.00,176.54,5,5.49,,0
2026-04-20 14:44:44,1511,LOCAL,0.00,188.47,0.00,188.53,5,5.48,,0
2026-04-20 14:44:44,1512,LOCAL,0.00,194.23,0.00,194.29,5,5.45,,0
2026-04-20 14:44:44,1513,LOCAL,0.00,175.62,0.00,175.68,5,5.45,,0
2026-04-20 14:44:44,1514,LOCAL,0.00,166.33,0.00,166.41,5,5.44,,0
2026-04-20 14:44:44,1515,LOCAL,0.00,175.22,0.00,175.27,5,5.41,,0
2026-04-20 14:44:45,1516,LOCAL,0.00,165.54,0.00,165.60,5,5.44,,0
2026-04-20 14:44:45,1517,LOCAL,0.00,177.38,0.00,177.49,5,5.46,,0
2026-04-20 14:44:45,1518,LOCAL,0.00,176.70,0.00,176.76,5,5.46,,0
2026-04-20 14:44:45,1519,LOCAL,0.00,170.12,0.00,170.20,5,5.51,,0
2026-04-20 14:44:45,1520,LOCAL,0.00,172.43,0.00,172.49,5,5.53,,0
2026-04-20 14:44:45,1521,LOCAL,0.00,173.05,0.00,173.11,5,5.51,,0
2026-04-20 14:44:46,1522,LOCAL,0.00,149.82,0.00,149.88,5,5.52,,0
2026-04-20 14:44:46,1523,LOCAL,0.00,174.03,0.00,174.10,5,5.53,,0
2026-04-20 14:44:46,1524,LOCAL,0.00,166.80,0.00,166.86,5,5.53,,0
2026-04-20 14:44:46,1525,LOCAL,0.00,162.81,0.00,162.87,5,5.55,,0
2026-04-20 14:44:46,1526,LOCAL,0.00,185.96,0.00,186.02,5,5.53,,0
2026-04-20 14:44:47,1527,LOCAL,0.00,191.50,0.00,191.56,5,5.50,,0
2026-04-20 14:44:47,1528,LOCAL,0.00,166.57,0.00,166.64,5,5.51,,0
2026-04-20 14:44:47,1529,LOCAL,0.00,180.97,0.00,181.03,5,5.47,,0
2026-04-20 14:44:47,1530,LOCAL,0.00,216.70,0.00,216.80,5,5.41,,0
2026-04-20 14:44:47,1531,LOCAL,0.00,175.98,0.00,176.04,5,5.43,,0
2026-04-20 14:44:47,1532,LOCAL,0.00,192.99,0.00,193.04,5,5.40,,0
2026-04-20 14:44:48,1533,LOCAL,0.00,200.26,0.00,200.32,5,5.37,,0
2026-04-20 14:44:48,1534,LOCAL,0.00,189.18,0.00,189.25,5,5.35,,0
2026-04-20 14:44:48,1535,LOCAL,0.00,181.33,0.00,181.39,5,5.37,,0
2026-04-20 14:44:48,1536,LOCAL,0.00,178.66,0.00,178.72,5,5.34,,0
2026-04-20 14:44:48,1537,LOCAL,0.00,191.21,0.00,191.28,5,5.33,,0
2026-04-20 14:44:49,1538,LOCAL,0.00,176.25,0.00,176.31,5,5.36,,0
2026-04-20 14:44:49,1539,LOCAL,0.00,192.89,0.00,192.95,5,5.35,,0
2026-04-20 14:44:49,1540,LOCAL,0.00,174.86,0.00,174.93,5,5.36,,0
2026-04-20 14:44:49,1541,LOCAL,0.00,132.87,0.00,132.93,5,5.43,,0
2026-04-20 14:44:49,1542,LOCAL,0.00,169.28,0.00,169.40,5,5.43,,0
2026-04-20 14:44:50,1543,LOCAL,0.00,173.95,0.00,174.02,5,5.43,,0
2026-04-20 14:44:50,1544,LOCAL,0.00,182.75,0.00,182.82,5,5.41,,0
2026-04-20 14:44:50,1545,LOCAL,0.00,179.82,0.00,179.88,5,5.38,,0
2026-04-20 14:44:50,1546,LOCAL,0.00,195.04,0.00,195.15,5,5.36,,0
2026-04-20 14:44:50,1547,LOCAL,0.00,189.50,0.00,189.56,5,5.33,,0
2026-04-20 14:44:51,1548,LOCAL,0.00,177.10,0.00,177.16,5,5.32,,0
2026-04-20 14:44:51,1549,LOCAL,0.00,176.95,0.00,177.01,5,5.32,,0
2026-04-20 14:44:51,1550,LOCAL,0.00,180.52,0.00,180.59,5,5.30,,0
2026-04-20 14:44:51,1551,LOCAL,0.00,199.20,0.00,199.28,5,5.24,,0
2026-04-20 14:44:51,1552,LOCAL,0.00,184.80,0.00,184.87,5,5.23,,0
2026-04-20 14:44:52,1553,LOCAL,0.00,182.96,0.00,183.04,5,5.21,,0
2026-04-20 14:44:52,1554,LOCAL,0.00,185.71,0.00,185.78,5,5.20,,0
2026-04-20 14:44:52,1555,LOCAL,0.00,159.68,0.00,159.75,5,5.24,,0
2026-04-20 14:44:52,1556,LOCAL,0.00,187.28,0.00,187.34,5,5.25,,0
2026-04-20 14:44:52,1557,LOCAL,0.00,170.54,0.00,170.60,5,5.25,,0
2026-04-20 14:44:52,1558,LOCAL,0.00,168.66,0.00,168.72,5,5.26,,0
2026-04-20 14:44:53,1559,LOCAL,0.00,168.09,0.00,168.15,5,5.30,,0
2026-04-20 14:44:53,1560,LOCAL,0.00,162.13,0.00,162.19,5,5.32,,0
2026-04-20 14:44:53,1561,LOCAL,0.00,159.74,0.00,159.81,5,5.36,,0
2026-04-20 14:44:53,1562,LOCAL,0.00,160.50,0.00,160.58,5,5.39,,0
2026-04-20 14:44:53,1563,LOCAL,0.00,163.20,0.00,163.27,5,5.41,,0
2026-04-20 14:44:53,1564,LOCAL,0.00,185.09,0.00,185.15,5,5.40,,0
2026-04-20 14:44:54,1565,LOCAL,0.00,167.13,0.00,167.19,5,5.41,,0
2026-04-20 14:44:54,1566,LOCAL,0.00,161.18,0.00,161.25,5,5.44,,0
2026-04-20 14:44:54,1567,LOCAL,0.00,187.81,0.00,187.88,5,5.43,,0
2026-04-20 14:44:54,1568,LOCAL,0.00,234.13,0.00,234.26,5,5.37,,0
2026-04-20 14:44:54,1569,LOCAL,0.00,189.65,0.00,189.73,5,5.36,,0
2026-04-20 14:44:55,1570,LOCAL,0.00,192.52,0.00,192.61,5,5.30,,0
2026-04-20 14:44:55,1571,LOCAL,0.00,185.38,0.00,185.43,5,5.29,,0
2026-04-20 14:44:55,1572,LOCAL,0.00,153.87,0.00,153.93,5,5.31,,0
2026-04-20 14:44:55,1573,LOCAL,0.00,168.44,0.00,168.50,5,5.31,,0
2026-04-20 14:44:55,1574,LOCAL,0.00,159.90,0.00,159.97,5,5.35,,0
2026-04-20 14:44:56,1575,LOCAL,0.00,176.88,0.00,177.01,5,5.37,,0
2026-04-20 14:44:56,1576,LOCAL,0.00,184.59,0.00,184.65,5,5.37,,0
2026-04-20 14:44:56,1577,LOCAL,0.00,154.80,0.00,154.87,5,5.41,,0
2026-04-20 14:44:56,1578,LOCAL,0.00,184.38,0.00,184.46,5,5.40,,0
2026-04-20 14:44:56,1579,LOCAL,0.00,190.93,0.00,190.99,5,5.40,,0
2026-04-20 14:44:56,1580,LOCAL,0.00,143.26,0.00,143.37,5,5.45,,0
2026-04-20 14:44:57,1581,LOCAL,0.00,177.27,0.00,177.34,5,5.45,,0
2026-04-20 14:44:57,1582,LOCAL,0.00,160.88,0.00,160.95,5,5.48,,0
2026-04-20 14:44:57,1583,LOCAL,0.00,175.32,0.00,175.40,5,5.49,,0
2026-04-20 14:44:57,1584,LOCAL,0.00,198.70,0.00,198.76,5,5.45,,0
2026-04-20 14:44:57,1585,LOCAL,0.00,241.45,0.00,241.53,5,5.40,,0
2026-04-20 14:44:58,1586,LOCAL,0.00,171.21,0.00,171.30,5,5.40,,0
2026-04-20 14:44:58,1587,LOCAL,0.00,181.12,0.00,181.18,5,5.38,,0
2026-04-20 14:44:58,1588,LOCAL,0.00,159.37,0.00,159.44,5,5.40,,0
2026-04-20 14:44:58,1589,LOCAL,0.00,174.89,0.00,175.03,5,5.38,,0
2026-04-20 14:44:58,1590,LOCAL,0.00,172.49,0.00,172.56,5,5.36,,0
2026-04-20 14:44:59,1591,LOCAL,0.00,181.38,0.00,181.45,5,5.36,,0
2026-04-20 14:44:59,1592,LOCAL,0.00,205.15,0.00,205.22,5,5.33,,0
2026-04-20 14:44:59,1593,LOCAL,0.00,190.91,0.00,190.97,5,5.33,,0
2026-04-20 14:44:59,1594,LOCAL,0.00,174.68,0.00,174.74,5,5.33,,0
2026-04-20 14:44:59,1595,LOCAL,0.00,176.69,0.00,176.75,5,5.31,,0
2026-04-20 14:44:59,1596,LOCAL,0.00,190.04,0.00,190.10,5,5.29,,0
2026-04-20 14:45:00,1597,LOCAL,0.00,185.04,0.00,185.10,5,5.35,,0
2026-04-20 14:45:00,1598,LOCAL,0.00,185.38,0.00,185.44,5,5.36,,0
2026-04-20 14:45:00,1599,LOCAL,0.00,198.95,0.00,199.02,5,5.35,,0
2026-04-20 14:45:00,1600,LOCAL,0.00,167.96,0.00,168.03,5,5.37,,0
2026-04-20 14:45:00,1601,LOCAL,0.00,175.83,0.00,175.90,5,5.33,,0
2026-04-20 14:45:01,1602,LOCAL,0.00,249.13,0.00,249.24,5,5.27,,0
2026-04-20 14:45:01,1603,LOCAL,0.00,189.30,0.00,189.46,5,5.24,,0
2026-04-20 14:45:01,1604,LOCAL,0.00,189.22,0.00,189.30,5,5.22,,0
2026-04-20 14:45:01,1605,LOCAL,0.00,162.13,0.00,162.19,5,5.25,,0
2026-04-20 14:45:01,1606,LOCAL,0.00,181.00,0.00,181.06,5,5.22,,0
2026-04-20 14:45:02,1607,LOCAL,0.00,154.37,0.00,154.44,5,5.24,,0
2026-04-20 14:45:02,1608,LOCAL,0.00,165.65,0.00,165.71,5,5.26,,0
2026-04-20 14:45:02,1609,LOCAL,0.00,203.97,0.00,204.02,5,5.22,,0
2026-04-20 14:45:02,1610,LOCAL,0.00,169.37,0.00,169.43,5,5.24,,0
2026-04-20 14:45:02,1611,LOCAL,0.00,193.64,0.00,193.70,5,5.21,,0
2026-04-20 14:45:03,1612,LOCAL,0.00,177.46,0.00,177.51,5,5.21,,0
2026-04-20 14:45:03,1613,LOCAL,0.00,135.81,0.00,135.87,5,5.27,,0
2026-04-20 14:45:03,1614,LOCAL,0.00,145.51,0.00,145.57,5,5.35,,0
2026-04-20 14:45:03,1615,LOCAL,0.00,201.15,0.00,201.21,5,5.32,,0
2026-04-20 14:45:03,1616,LOCAL,0.00,185.96,0.00,186.03,5,5.32,,0
2026-04-20 14:45:03,1617,LOCAL,0.00,190.11,0.00,190.17,5,5.29,,0
2026-04-20 14:45:04,1618,LOCAL,0.00,207.35,0.00,207.40,5,5.27,,0
2026-04-20 14:45:04,1619,LOCAL,0.00,174.41,0.00,174.47,5,5.25,,0
2026-04-20 14:45:04,1620,LOCAL,0.00,274.95,0.00,275.04,5,5.17,,0
2026-04-20 14:45:04,1621,LOCAL,0.00,164.53,0.00,164.59,5,5.19,,0
2026-04-20 14:45:04,1622,LOCAL,0.00,189.35,0.00,189.41,5,5.19,,0
2026-04-20 14:45:05,1623,LOCAL,0.00,196.56,0.00,196.62,5,5.17,,0
2026-04-20 14:45:05,1624,LOCAL,0.00,170.71,0.00,170.76,5,5.17,,0
2026-04-20 14:45:05,1625,LOCAL,0.00,175.98,0.00,176.04,5,5.20,,0
2026-04-20 14:45:05,1626,LOCAL,0.00,183.10,0.00,183.16,5,5.20,,0
2026-04-20 14:45:05,1627,LOCAL,0.00,204.77,0.00,204.84,5,5.18,,0
2026-04-20 14:45:06,1628,LOCAL,0.00,132.51,0.00,132.58,5,5.25,,0
2026-04-20 14:45:06,1629,LOCAL,0.00,179.68,0.00,179.74,5,5.24,,0
2026-04-20 14:45:06,1630,LOCAL,0.00,183.77,0.00,183.82,5,5.25,,0
2026-04-20 14:45:06,1631,LOCAL,0.00,180.49,0.00,180.56,5,5.32,,0
2026-04-20 14:45:06,1632,LOCAL,0.00,164.06,0.00,164.13,5,5.35,,0
2026-04-20 14:45:07,1633,LOCAL,0.00,186.33,0.00,186.40,5,5.35,,0
2026-04-20 14:45:07,1634,LOCAL,0.00,181.47,0.00,181.53,5,5.34,,0
2026-04-20 14:45:07,1635,LOCAL,0.00,164.83,0.00,164.90,5,5.37,,0
2026-04-20 14:45:07,1636,LOCAL,0.00,186.33,0.00,186.39,5,5.34,,0
2026-04-20 14:45:07,1637,LOCAL,0.00,178.40,0.00,178.45,5,5.33,,0
2026-04-20 14:45:07,1638,LOCAL,0.00,193.09,0.00,193.15,5,5.33,,0
2026-04-20 14:45:08,1639,LOCAL,0.00,168.14,0.00,168.20,5,5.32,,0
2026-04-20 14:45:08,1640,LOCAL,0.00,171.33,0.00,171.39,5,5.34,,0
2026-04-20 14:45:08,1641,LOCAL,0.00,187.33,0.00,187.39,5,5.33,,0
2026-04-20 14:45:08,1642,LOCAL,0.00,177.98,0.00,178.04,5,5.29,,0
2026-04-20 14:45:08,1643,LOCAL,0.00,179.74,0.00,179.81,5,5.26,,0
2026-04-20 14:45:09,1644,LOCAL,0.00,190.26,0.00,190.32,5,5.26,,0
2026-04-20 14:45:09,1645,LOCAL,0.00,175.21,0.00,175.28,5,5.27,,0
2026-04-20 14:45:09,1646,LOCAL,0.00,153.68,0.00,153.75,5,5.31,,0
2026-04-20 14:45:09,1647,LOCAL,0.00,191.39,0.00,191.45,5,5.32,,0
2026-04-20 14:45:09,1648,LOCAL,0.00,202.99,0.00,203.13,5,5.23,,0
2026-04-20 14:45:10,1649,LOCAL,0.00,164.24,0.00,164.30,5,5.33,,0
2026-04-20 14:45:10,1650,LOCAL,0.00,153.74,0.00,153.81,5,5.35,,0
2026-04-20 14:45:10,1651,LOCAL,0.00,178.71,0.00,178.80,5,5.34,,0
2026-04-20 14:45:10,1652,LOCAL,0.00,169.21,0.00,169.28,5,5.37,,0
2026-04-20 14:45:10,1653,LOCAL,0.00,187.65,0.00,187.71,5,5.34,,0
2026-04-20 14:45:10,1654,LOCAL,0.00,169.69,0.00,169.76,5,5.34,,0
2026-04-20 14:45:11,1655,LOCAL,0.00,149.12,0.00,149.18,5,5.36,,0
2026-04-20 14:45:11,1656,LOCAL,0.00,175.47,0.00,175.60,5,5.38,,0
2026-04-20 14:45:11,1657,LOCAL,0.00,196.34,0.00,196.40,5,5.32,,0
2026-04-20 14:45:11,1658,LOCAL,0.00,160.28,0.00,160.34,5,5.34,,0
2026-04-20 14:45:11,1659,LOCAL,0.00,187.42,0.00,187.47,5,5.33,,0
2026-04-20 14:45:12,1660,LOCAL,0.00,206.85,0.00,206.92,5,5.31,,0
2026-04-20 14:45:12,1661,LOCAL,0.00,174.77,0.00,174.83,5,5.30,,0
2026-04-20 14:45:12,1662,LOCAL,0.00,174.39,0.00,174.45,5,5.31,,0
2026-04-20 14:45:12,1663,LOCAL,0.00,174.18,0.00,174.25,5,5.30,,0
2026-04-20 14:45:12,1664,LOCAL,0.00,169.43,0.00,169.48,5,5.29,,0
2026-04-20 14:45:13,1665,LOCAL,0.00,178.55,0.00,178.61,5,5.27,,0
2026-04-20 14:45:13,1666,LOCAL,0.00,177.05,0.00,177.11,5,5.26,,0
2026-04-20 14:45:13,1667,LOCAL,0.00,132.09,0.00,132.15,5,5.32,,0
2026-04-20 14:45:13,1668,LOCAL,0.00,168.94,0.00,169.02,5,5.33,,0
2026-04-20 14:45:13,1669,LOCAL,0.00,183.30,0.00,183.36,5,5.31,,0
2026-04-20 14:45:13,1670,LOCAL,0.00,193.99,0.00,194.06,5,5.30,,0
2026-04-20 14:45:14,1671,LOCAL,0.00,215.85,0.00,215.95,5,5.26,,0
2026-04-20 14:45:14,1672,LOCAL,0.00,175.16,0.00,175.24,5,5.26,,0
2026-04-20 14:45:14,1673,LOCAL,0.00,161.76,0.00,161.84,5,5.30,,0
2026-04-20 14:45:14,1674,LOCAL,0.00,199.71,0.00,199.77,5,5.28,,0
2026-04-20 14:45:14,1675,LOCAL,0.00,187.01,0.00,187.08,5,5.24,,0
2026-04-20 14:45:15,1676,LOCAL,0.00,176.81,0.00,176.87,5,5.25,,0
2026-04-20 14:45:15,1677,LOCAL,0.00,148.59,0.00,148.71,5,5.37,,0
2026-04-20 14:45:15,1678,LOCAL,0.00,183.61,0.00,183.67,5,5.36,,0
2026-04-20 14:45:15,1679,LOCAL,0.00,163.86,0.00,163.92,5,5.35,CLOUD,1
2026-04-20 14:45:15,1680,LOCAL,0.00,164.77,0.00,164.83,5,5.37,CLOUD,1
2026-04-20 14:45:16,1681,LOCAL,0.00,181.82,0.00,181.88,5,5.36,CLOUD,1
2026-04-20 14:45:16,1682,LOCAL,0.00,159.44,0.00,159.50,5,5.40,CLOUD,1
2026-04-20 14:45:16,1683,LOCAL,0.00,168.84,0.00,168.90,5,5.40,CLOUD,1
2026-04-20 14:45:16,1684,LOCAL,0.00,169.75,0.00,169.81,5,5.39,CLOUD,1
2026-04-20 14:45:16,1685,LOCAL,0.00,176.59,0.00,176.70,5,5.40,CLOUD,1
2026-04-20 14:45:16,1686,LOCAL,0.00,185.58,0.00,185.65,5,5.41,CLOUD,1
2026-04-20 14:45:17,1687,LOCAL,0.00,166.23,0.00,166.29,5,5.40,CLOUD,1
2026-04-20 14:45:17,1688,LOCAL,0.00,154.76,0.00,154.83,5,5.43,CLOUD,1
2026-04-20 14:45:17,1689,LOCAL,0.00,181.57,0.00,181.65,5,5.45,CLOUD,1
2026-04-20 14:45:17,1690,LOCAL,0.00,229.12,0.00,229.30,5,5.39,CLOUD,2
2026-04-20 14:45:17,1691,LOCAL,0.00,184.34,0.00,184.51,5,5.37,CLOUD,2
2026-04-20 14:45:18,1692,LOCAL,0.00,171.71,0.00,171.77,5,5.39,CLOUD,2
2026-04-20 14:45:18,1693,LOCAL,0.00,173.84,0.00,173.90,5,5.38,CLOUD,2
2026-04-20 14:45:18,1694,LOCAL,0.00,183.18,0.00,183.24,5,5.40,CLOUD,2
2026-04-20 14:45:18,1695,LOCAL,0.00,163.26,0.00,163.34,5,5.42,CLOUD,2
2026-04-20 14:45:18,1696,LOCAL,0.00,189.54,0.00,189.60,5,5.37,CLOUD,2
2026-04-20 14:45:18,1697,LOCAL,0.00,175.48,0.00,175.54,5,5.35,CLOUD,2
2026-04-20 14:45:19,1698,LOCAL,0.00,172.59,0.00,172.67,5,5.36,CLOUD,2
2026-04-20 14:45:19,1699,LOCAL,0.00,184.48,0.00,184.55,5,5.37,CLOUD,2
2026-04-20 14:45:19,1700,LOCAL,0.00,145.03,0.00,145.10,5,5.45,,0
2026-04-20 14:45:19,1701,LOCAL,0.00,170.48,0.00,170.54,5,5.44,,0
2026-04-20 14:45:19,1702,LOCAL,0.00,194.78,0.00,199.50,5,5.40,,0
2026-04-20 14:45:20,1703,LOCAL,0.00,170.30,0.00,170.37,5,5.43,,0
2026-04-20 14:45:20,1704,LOCAL,0.00,168.31,0.00,168.38,5,5.46,,0
2026-04-20 14:45:20,1705,LOCAL,0.00,176.67,0.00,176.74,5,5.46,,0
2026-04-20 14:45:20,1706,LOCAL,0.00,150.54,0.00,150.61,5,5.45,,0
2026-04-20 14:45:20,1707,LOCAL,0.00,238.80,0.00,238.98,5,5.39,,0
2026-04-20 14:45:21,1708,LOCAL,0.00,183.70,0.00,183.80,5,5.37,,0
2026-04-20 14:45:21,1709,LOCAL,0.00,188.82,0.00,188.88,5,5.36,,0
2026-04-20 14:45:21,1710,LOCAL,0.00,185.03,0.00,185.09,5,5.35,,0
2026-04-20 14:45:21,1711,LOCAL,0.00,155.38,0.00,155.45,5,5.35,CLOUD,1
2026-04-20 14:45:21,1712,LOCAL,0.00,182.96,0.00,183.02,5,5.34,CLOUD,1
2026-04-20 14:45:21,1713,LOCAL,0.00,187.65,0.00,187.71,5,5.33,CLOUD,1
2026-04-20 14:45:22,1714,LOCAL,0.00,149.63,0.00,149.69,5,5.34,CLOUD,1
2026-04-20 14:45:22,1715,LOCAL,0.00,167.16,0.00,167.23,5,5.36,CLOUD,1
2026-04-20 14:45:22,1716,LOCAL,0.00,182.06,0.00,182.13,5,5.35,CLOUD,1
2026-04-20 14:45:22,1717,LOCAL,0.00,170.40,0.00,170.46,5,5.33,CLOUD,1
2026-04-20 14:45:22,1718,LOCAL,0.00,208.17,0.00,208.23,5,5.29,CLOUD,1
2026-04-20 14:45:23,1719,LOCAL,0.00,184.65,0.00,184.75,5,5.34,CLOUD,1
2026-04-20 14:45:23,1720,LOCAL,0.00,127.25,0.00,127.34,5,5.41,CLOUD,1
2026-04-20 14:45:23,1721,LOCAL,0.00,156.31,0.00,156.41,5,5.43,CLOUD,1
2026-04-20 14:45:23,1722,LOCAL,0.00,138.91,0.00,138.99,5,5.47,CLOUD,2
2026-04-20 14:45:23,1723,LOCAL,0.00,162.90,0.00,162.96,5,5.49,CLOUD,2
2026-04-20 14:45:23,1724,LOCAL,0.00,174.13,0.00,174.19,5,5.46,CLOUD,2
2026-04-20 14:45:24,1725,LOCAL,0.00,265.06,0.00,265.15,5,5.37,CLOUD,2
2026-04-20 14:45:24,1726,LOCAL,0.00,172.38,0.00,174.99,5,5.39,CLOUD,2
2026-04-20 14:45:24,1727,LOCAL,0.00,162.59,0.00,162.65,5,5.40,CLOUD,2
2026-04-20 14:45:24,1728,LOCAL,0.00,171.43,0.00,171.50,5,5.42,CLOUD,2
2026-04-20 14:45:24,1729,LOCAL,0.00,183.56,0.00,183.65,5,5.37,CLOUD,2
2026-04-20 14:45:25,1730,LOCAL,0.00,169.10,0.00,169.18,5,5.38,CLOUD,2
2026-04-20 14:45:25,1731,LOCAL,0.00,184.89,0.00,184.95,5,5.39,CLOUD,2
2026-04-20 14:45:25,1732,LOCAL,0.00,282.89,0.00,282.97,5,5.28,CLOUD,2
2026-04-20 14:45:25,1733,CLOUD,25.92,15794.21,99.83,15920.76,6,1.37,,0
2026-04-20 14:45:41,1734,CLOUD,24.83,13444.09,107.50,13577.74,6,0.84,,0
2026-04-20 14:45:55,1735,LOCAL,0.00,269.73,0.00,269.81,5,0.83,,0
2026-04-20 14:45:55,1736,LOCAL,0.00,197.96,0.00,198.03,5,0.84,,0
2026-04-20 14:45:55,1737,LOCAL,0.00,184.95,0.00,185.01,5,0.84,,0
2026-04-20 14:45:55,1738,LOCAL,0.00,174.90,0.00,174.96,5,0.84,,0
2026-04-20 14:45:56,1739,LOCAL,0.00,167.04,0.00,167.11,5,0.84,,0
2026-04-20 14:45:56,1740,LOCAL,0.00,202.91,0.00,202.98,5,0.83,,0
2026-04-20 14:45:56,1741,LOCAL,0.00,179.77,0.00,179.83,5,0.83,,0
2026-04-20 14:45:56,1742,LOCAL,0.00,179.55,0.00,179.62,5,0.83,,0
2026-04-20 14:45:56,1743,LOCAL,0.00,236.59,0.00,236.75,5,0.83,,0
2026-04-20 14:45:57,1744,LOCAL,0.00,206.75,0.00,206.87,5,0.83,,0
2026-04-20 14:45:57,1745,LOCAL,0.00,187.18,0.00,187.24,5,0.83,,0
2026-04-20 14:45:57,1746,LOCAL,0.00,200.73,0.00,200.78,5,0.83,,0
2026-04-20 14:45:57,1747,LOCAL,0.00,164.31,0.00,164.37,5,0.83,CLOUD,1
2026-04-20 14:45:57,1748,LOCAL,0.00,157.71,0.00,157.78,5,0.83,CLOUD,1
2026-04-20 14:45:58,1749,LOCAL,0.00,206.67,0.00,206.74,5,0.83,CLOUD,1
2026-04-20 14:45:58,1750,LOCAL,0.00,198.45,0.00,198.50,5,0.83,CLOUD,1
2026-04-20 14:45:58,1751,LOCAL,0.00,188.08,0.00,188.14,5,0.83,CLOUD,1
2026-04-20 14:45:58,1752,LOCAL,0.00,200.10,0.00,200.18,5,0.83,CLOUD,1
2026-04-20 14:45:58,1753,LOCAL,0.00,207.89,0.00,207.95,5,0.83,CLOUD,1
2026-04-20 14:45:59,1754,LOCAL,0.00,209.48,0.00,209.82,5,0.83,CLOUD,1
2026-04-20 14:45:59,1755,LOCAL,0.00,165.74,0.00,165.84,5,0.83,CLOUD,1
2026-04-20 14:45:59,1756,LOCAL,0.00,172.43,0.00,172.52,5,0.83,CLOUD,1
2026-04-20 14:45:59,1757,LOCAL,0.00,184.79,0.00,184.86,5,0.83,CLOUD,2
2026-04-20 14:45:59,1758,LOCAL,0.00,180.00,0.00,180.06,5,0.83,CLOUD,2
2026-04-20 14:46:00,1759,LOCAL,0.00,158.88,0.00,158.95,5,0.83,CLOUD,2
2026-04-20 14:46:00,1760,LOCAL,0.00,184.68,0.00,184.76,5,0.83,CLOUD,2
2026-04-20 14:46:00,1761,LOCAL,0.00,175.82,0.00,175.89,5,0.83,CLOUD,2
2026-04-20 14:46:00,1762,LOCAL,0.00,180.45,0.00,180.54,5,1.51,CLOUD,2
2026-04-20 14:46:00,1763,LOCAL,0.00,192.21,0.00,192.27,5,4.99,CLOUD,2
2026-04-20 14:46:01,1764,LOCAL,0.00,188.93,0.00,188.99,5,5.06,CLOUD,2
2026-04-20 14:46:01,1765,LOCAL,0.00,187.55,0.00,187.62,5,5.07,CLOUD,2
2026-04-20 14:46:01,1766,LOCAL,0.00,164.59,0.00,164.66,5,5.10,CLOUD,2
2026-04-20 14:46:01,1767,LOCAL,0.00,173.18,0.00,173.25,5,5.10,CLOUD,2
2026-04-20 14:46:01,1768,LOCAL,0.00,173.89,0.00,173.96,5,5.10,,0
2026-04-20 14:46:02,1769,LOCAL,0.00,206.07,0.00,206.16,5,5.09,,0
2026-04-20 14:46:02,1770,CLOUD,36.56,18288.15,104.88,18430.33,6,1.21,,0
2026-04-20 14:46:20,1771,CLOUD,33.68,14317.85,119.09,14480.97,6,0.76,,0
2026-04-20 14:46:35,1772,LOCAL,0.00,289.55,0.00,289.62,5,0.76,,0
2026-04-20 14:46:35,1773,LOCAL,0.00,190.98,0.00,191.04,5,0.76,,0
2026-04-20 14:46:35,1774,LOCAL,0.00,204.31,0.00,204.38,5,0.76,,0
2026-04-20 14:46:35,1775,LOCAL,0.00,188.18,0.00,188.25,5,0.76,,0
2026-04-20 14:46:36,1776,LOCAL,0.00,185.33,0.00,185.40,5,0.76,,0
2026-04-20 14:46:36,1777,LOCAL,0.00,213.96,0.00,214.02,5,0.76,,0
2026-04-20 14:46:36,1778,LOCAL,0.00,183.41,0.00,183.48,5,0.76,,0
2026-04-20 14:46:36,1779,LOCAL,0.00,179.72,0.00,179.79,5,0.76,,0
2026-04-20 14:46:36,1780,LOCAL,0.00,246.85,0.00,247.05,5,0.76,,0
2026-04-20 14:46:37,1781,LOCAL,0.00,231.75,0.00,231.84,5,0.76,,0
2026-04-20 14:46:37,1782,LOCAL,0.00,202.17,0.00,202.24,5,0.76,,0
2026-04-20 14:46:37,1783,LOCAL,0.00,170.20,0.00,170.26,5,0.76,,0
2026-04-20 14:46:37,1784,LOCAL,0.00,182.73,0.00,182.79,5,0.76,,0
2026-04-20 14:46:37,1785,LOCAL,0.00,140.51,0.00,140.59,5,0.76,,0
2026-04-20 14:46:38,1786,LOCAL,0.00,171.89,0.00,171.96,5,0.76,CLOUD,1
2026-04-20 14:46:38,1787,LOCAL,0.00,168.71,0.00,168.78,5,0.76,CLOUD,1
2026-04-20 14:46:38,1788,LOCAL,0.00,137.21,0.00,137.27,5,0.76,CLOUD,1
2026-04-20 14:46:38,1789,LOCAL,0.00,173.76,0.00,173.82,5,0.76,CLOUD,1
2026-04-20 14:46:38,1790,LOCAL,0.00,145.00,0.00,145.06,5,0.76,CLOUD,1
2026-04-20 14:46:38,1791,LOCAL,0.00,152.87,0.00,152.93,5,0.76,CLOUD,1
2026-04-20 14:46:39,1792,LOCAL,0.00,169.67,0.00,169.75,5,0.76,CLOUD,1
2026-04-20 14:46:39,1793,LOCAL,0.00,176.49,0.00,176.56,5,0.76,CLOUD,1
2026-04-20 14:46:39,1794,LOCAL,0.00,179.42,0.00,179.50,5,0.76,CLOUD,1
2026-04-20 14:46:39,1795,LOCAL,0.00,184.22,0.00,184.29,5,0.76,CLOUD,1
2026-04-20 14:46:39,1796,LOCAL,0.00,160.56,0.00,160.63,5,0.76,CLOUD,1
2026-04-20 14:46:40,1797,LOCAL,0.00,181.87,0.00,181.97,5,0.76,CLOUD,2
2026-04-20 14:46:40,1798,LOCAL,0.00,230.65,0.00,242.59,5,0.76,CLOUD,2
2026-04-20 14:46:40,1799,LOCAL,0.00,214.96,0.00,215.09,5,1.45,CLOUD,2
2026-04-20 14:46:40,1800,LOCAL,0.00,149.84,0.00,149.92,5,5.06,CLOUD,2
2026-04-20 14:46:40,1801,LOCAL,0.00,178.19,0.00,178.26,5,5.17,CLOUD,2
2026-04-20 14:46:41,1802,LOCAL,0.00,191.80,0.00,191.86,5,5.17,CLOUD,2
2026-04-20 14:46:41,1803,LOCAL,0.00,150.37,0.00,150.43,5,5.22,CLOUD,2
2026-04-20 14:46:41,1804,LOCAL,0.00,185.68,0.00,185.75,5,5.22,CLOUD,2
2026-04-20 14:46:41,1805,LOCAL,0.00,198.62,0.00,198.70,5,5.21,CLOUD,2
2026-04-20 14:46:41,1806,LOCAL,0.00,170.38,0.00,170.45,5,5.26,CLOUD,2
2026-04-20 14:46:41,1807,LOCAL,0.00,181.03,0.00,181.10,5,5.26,CLOUD,2
2026-04-20 14:46:42,1808,LOCAL,0.00,166.51,0.00,166.58,5,5.28,,0
2026-04-20 14:46:42,1809,LOCAL,0.00,166.39,0.00,166.47,5,5.34,,0
2026-04-20 14:46:42,1810,LOCAL,0.00,172.05,0.00,172.12,5,5.43,,0
2026-04-20 14:46:42,1811,LOCAL,0.00,183.17,0.00,183.23,5,5.45,,0
2026-04-20 14:46:42,1812,LOCAL,0.00,196.49,0.00,196.58,5,5.43,,0
2026-04-20 14:46:43,1813,LOCAL,0.00,197.92,0.00,197.99,5,5.43,,0
2026-04-20 14:46:43,1814,LOCAL,0.00,172.47,0.00,172.53,5,5.41,,0
2026-04-20 14:46:43,1815,LOCAL,0.00,229.47,0.00,229.60,5,5.34,,0
2026-04-20 14:46:43,1816,LOCAL,0.00,189.99,0.00,190.07,5,5.33,,0
2026-04-20 14:46:43,1817,LOCAL,0.00,185.32,0.00,185.38,5,5.28,,0
2026-04-20 14:46:44,1818,LOCAL,0.00,172.48,0.00,172.55,5,5.27,CLOUD,1
2026-04-20 14:46:44,1819,LOCAL,0.00,174.01,0.00,174.07,5,5.25,CLOUD,1
2026-04-20 14:46:44,1820,LOCAL,0.00,165.84,0.00,165.90,5,5.24,CLOUD,1
2026-04-20 14:46:44,1821,LOCAL,0.00,181.06,0.00,181.12,5,5.24,CLOUD,1
2026-04-20 14:46:44,1822,LOCAL,0.00,189.54,0.00,189.60,5,5.24,CLOUD,1
2026-04-20 14:46:45,1823,LOCAL,0.00,174.28,0.00,174.34,5,5.26,CLOUD,1
2026-04-20 14:46:45,1824,LOCAL,0.00,190.91,0.00,190.97,5,5.25,CLOUD,1
2026-04-20 14:46:45,1825,LOCAL,0.00,196.13,0.00,196.20,5,5.20,CLOUD,1
2026-04-20 14:46:45,1826,LOCAL,0.00,208.49,0.00,208.55,5,5.18,CLOUD,1
2026-04-20 14:46:45,1827,LOCAL,0.00,186.59,0.00,186.64,5,5.22,CLOUD,1
2026-04-20 14:46:46,1828,LOCAL,0.00,171.18,0.00,171.24,5,5.28,CLOUD,1
2026-04-20 14:46:46,1829,LOCAL,0.00,176.79,0.00,176.86,5,5.26,CLOUD,2
2026-04-20 14:46:46,1830,LOCAL,0.00,216.20,0.00,216.26,5,5.23,CLOUD,2
2026-04-20 14:46:46,1831,LOCAL,0.00,187.16,0.00,187.22,5,5.23,CLOUD,2
2026-04-20 14:46:46,1832,LOCAL,0.00,149.87,0.00,149.93,5,5.23,CLOUD,2
2026-04-20 14:46:46,1833,LOCAL,0.00,233.53,0.00,233.59,5,5.16,CLOUD,2
2026-04-20 14:46:47,1834,LOCAL,0.00,187.32,0.00,187.40,5,5.17,CLOUD,2
2026-04-20 14:46:47,1835,LOCAL,0.00,187.17,0.00,187.25,5,5.14,CLOUD,2
2026-04-20 14:46:47,1836,LOCAL,0.00,183.23,0.00,183.29,5,5.14,CLOUD,2
2026-04-20 14:46:47,1837,LOCAL,0.00,170.99,0.00,171.05,5,5.13,CLOUD,2
2026-04-20 14:46:47,1838,LOCAL,0.00,184.99,0.00,185.06,5,5.12,CLOUD,2
2026-04-20 14:46:48,1839,LOCAL,0.00,249.55,0.00,249.64,5,5.06,,0
2026-04-20 14:46:48,1840,CLOUD,22.13,14120.63,176.79,14340.17,6,1.46,,0
2026-04-20 14:47:02,1841,CLOUD,38.16,15695.60,116.42,15851.16,6,0.82,LOCAL,2
2026-04-20 14:47:18,1842,CLOUD,26.94,3951.15,97.34,4075.84,6,0.74,,0
2026-04-20 14:47:22,1843,CLOUD,13.87,6514.34,107.34,6636.04,6,0.63,,0
2026-04-20 14:47:29,1844,CLOUD,27.45,8904.90,109.87,9043.09,6,0.53,,0
2026-04-20 14:47:38,1845,CLOUD,18.51,11855.31,138.54,12013.15,6,0.44,LOCAL,1
2026-04-20 14:47:50,1846,LOCAL,0.00,233.00,0.00,233.07,5,0.44,,0
2026-04-20 14:47:50,1847,LOCAL,0.00,186.18,0.00,186.25,5,0.44,,0
2026-04-20 14:47:50,1848,LOCAL,0.00,183.35,0.00,183.40,5,0.44,,0
2026-04-20 14:47:51,1849,LOCAL,0.00,188.58,0.00,188.64,5,0.44,,0
2026-04-20 14:47:51,1850,LOCAL,0.00,190.43,0.00,190.50,5,0.44,,0
2026-04-20 14:47:51,1851,LOCAL,0.00,188.73,0.00,188.80,5,0.44,,0
2026-04-20 14:47:51,1852,LOCAL,0.00,165.77,0.00,165.86,5,0.44,,0
2026-04-20 14:47:51,1853,LOCAL,0.00,148.27,0.00,148.37,5,0.44,,0
2026-04-20 14:47:52,1854,LOCAL,0.00,149.68,0.00,149.75,5,0.44,,0
2026-04-20 14:47:52,1855,LOCAL,0.00,167.99,0.00,168.06,5,0.44,,0
2026-04-20 14:47:52,1856,LOCAL,0.00,218.52,0.00,218.62,5,0.44,,0
2026-04-20 14:47:52,1857,LOCAL,0.00,200.97,0.00,201.13,5,0.44,,0
2026-04-20 14:47:52,1858,LOCAL,0.00,181.90,0.00,181.96,5,0.44,,0
2026-04-20 14:47:52,1859,LOCAL,0.00,169.18,0.00,169.25,5,0.44,,0
2026-04-20 14:47:53,1860,LOCAL,0.00,197.69,0.00,197.76,5,0.44,,0
2026-04-20 14:47:53,1861,LOCAL,0.00,165.39,0.00,165.45,5,0.44,,0
2026-04-20 14:47:53,1862,LOCAL,0.00,193.69,0.00,193.76,5,0.44,,0
2026-04-20 14:47:53,1863,LOCAL,0.00,171.68,0.00,171.75,5,0.44,,0
2026-04-20 14:47:53,1864,LOCAL,0.00,163.93,0.00,164.00,5,0.44,,0
2026-04-20 14:47:54,1865,LOCAL,0.00,173.97,0.00,174.04,5,0.44,,0
2026-04-20 14:47:54,1866,LOCAL,0.00,171.22,0.00,171.28,5,0.44,,0
2026-04-20 14:47:54,1867,LOCAL,0.00,177.80,0.00,177.87,5,0.44,,0
2026-04-20 14:47:54,1868,LOCAL,0.00,186.10,0.00,186.16,5,0.44,,0
2026-04-20 14:47:54,1869,LOCAL,0.00,221.78,0.00,221.85,5,0.56,,0
2026-04-20 14:47:55,1870,LOCAL,0.00,182.74,0.00,182.80,5,0.79,,0
2026-04-20 14:47:55,1871,LOCAL,0.00,131.27,0.00,131.33,5,0.89,,0
2026-04-20 14:47:55,1872,LOCAL,0.00,172.17,0.00,172.23,5,1.11,,0
2026-04-20 14:47:55,1873,LOCAL,0.00,186.15,0.00,186.20,5,1.68,,0
2026-04-20 14:47:55,1874,LOCAL,0.00,178.65,0.00,178.72,5,5.29,,0
2026-04-20 14:47:55,1875,LOCAL,0.00,185.16,0.00,185.22,5,5.33,,0
2026-04-20 14:47:56,1876,LOCAL,0.00,183.36,0.00,183.43,5,5.35,,0
2026-04-20 14:47:56,1877,LOCAL,0.00,198.64,0.00,198.71,5,5.33,,0
2026-04-20 14:47:56,1878,LOCAL,0.00,191.39,0.00,191.46,5,5.33,,0
2026-04-20 14:47:56,1879,LOCAL,0.00,189.33,0.00,189.39,5,5.34,,0
2026-04-20 14:47:56,1880,LOCAL,0.00,194.39,0.00,194.45,5,5.35,,0
2026-04-20 14:47:57,1881,LOCAL,0.00,200.95,0.00,201.01,5,5.31,,0
2026-04-20 14:47:57,1882,LOCAL,0.00,171.94,0.00,171.99,5,5.29,,0
2026-04-20 14:47:57,1883,LOCAL,0.00,174.03,0.00,174.11,5,5.28,,0
2026-04-20 14:47:57,1884,LOCAL,0.00,180.17,0.00,180.23,5,5.27,,0
2026-04-20 14:47:57,1885,LOCAL,0.00,137.67,0.00,137.73,5,5.34,,0
2026-04-20 14:47:57,1886,LOCAL,0.00,171.24,0.00,171.31,5,5.35,,0
2026-04-20 14:47:58,1887,LOCAL,0.00,274.96,0.00,275.07,5,5.27,,0
2026-04-20 14:47:58,1888,LOCAL,0.00,139.71,0.00,139.79,5,5.30,,0
2026-04-20 14:47:58,1889,LOCAL,0.00,166.59,0.00,166.65,5,5.33,,0
2026-04-20 14:47:58,1890,LOCAL,0.00,205.36,0.00,205.42,5,5.28,,0
2026-04-20 14:47:58,1891,LOCAL,0.00,193.40,0.00,193.47,5,5.29,,0
2026-04-20 14:47:59,1892,LOCAL,0.00,177.11,0.00,177.17,5,5.29,,0
2026-04-20 14:47:59,1893,LOCAL,0.00,161.59,0.00,161.66,5,5.30,CLOUD,1
2026-04-20 14:47:59,1894,LOCAL,0.00,154.79,0.00,156.01,5,5.30,CLOUD,1
2026-04-20 14:47:59,1895,LOCAL,0.00,182.31,0.00,182.38,5,5.29,CLOUD,1
2026-04-20 14:47:59,1896,LOCAL,0.00,186.76,0.00,186.83,5,5.28,CLOUD,1
2026-04-20 14:48:00,1897,LOCAL,0.00,204.52,0.00,204.58,5,5.26,CLOUD,1
2026-04-20 14:48:00,1898,LOCAL,0.00,234.52,0.00,234.58,5,5.24,CLOUD,1
2026-04-20 14:48:00,1899,LOCAL,0.00,201.63,0.00,201.70,5,5.22,CLOUD,1
2026-04-20 14:48:00,1900,LOCAL,0.00,132.45,0.00,132.52,5,5.22,CLOUD,1
2026-04-20 14:48:00,1901,LOCAL,0.00,167.17,0.00,167.24,5,5.22,CLOUD,1
2026-04-20 14:48:01,1902,LOCAL,0.00,170.54,0.00,170.61,5,5.24,CLOUD,1
2026-04-20 14:48:01,1903,LOCAL,0.00,241.64,0.00,242.04,5,5.18,CLOUD,2
2026-04-20 14:48:01,1904,LOCAL,0.00,197.41,0.00,197.49,5,5.17,CLOUD,2
2026-04-20 14:48:01,1905,LOCAL,0.00,180.86,0.00,180.92,5,5.17,CLOUD,2
2026-04-20 14:48:01,1906,LOCAL,0.00,179.05,0.00,179.11,5,5.19,CLOUD,2
2026-04-20 14:48:02,1907,LOCAL,0.00,176.78,0.00,176.85,5,5.20,CLOUD,2
2026-04-20 14:48:02,1908,LOCAL,0.00,174.34,0.00,174.40,5,5.18,CLOUD,2
2026-04-20 14:48:02,1909,LOCAL,0.00,131.86,0.00,131.93,5,5.24,CLOUD,2
2026-04-20 14:48:02,1910,LOCAL,0.00,165.20,0.00,165.27,5,5.29,CLOUD,2
2026-04-20 14:48:02,1911,LOCAL,0.00,167.38,0.00,167.45,5,5.28,CLOUD,2
2026-04-20 14:48:02,1912,LOCAL,0.00,186.78,0.00,186.84,5,5.27,CLOUD,2
2026-04-20 14:48:03,1913,LOCAL,0.00,257.45,0.00,257.52,5,5.20,CLOUD,2
2026-04-20 14:48:03,1914,CLOUD,25.81,9601.24,107.44,9736.44,6,1.91,,0
2026-04-20 14:48:13,1915,CLOUD,30.51,15374.65,123.12,15529.09,6,0.95,LOCAL,2
2026-04-20 14:48:28,1916,LOCAL,0.00,251.88,0.00,251.96,5,0.95,,0
2026-04-20 14:48:28,1917,LOCAL,0.00,200.91,0.00,200.97,5,0.95,,0
2026-04-20 14:48:29,1918,LOCAL,0.00,214.79,0.00,214.85,5,0.95,CLOUD,1
2026-04-20 14:48:29,1919,LOCAL,0.00,175.17,0.00,175.23,5,0.95,CLOUD,1
2026-04-20 14:48:29,1920,LOCAL,0.00,164.60,0.00,164.66,5,0.95,CLOUD,1
2026-04-20 14:48:29,1921,LOCAL,0.00,201.64,0.00,201.70,5,0.95,CLOUD,1
2026-04-20 14:48:29,1922,LOCAL,0.00,269.40,0.00,269.60,5,0.94,CLOUD,1
2026-04-20 14:48:30,1923,LOCAL,0.00,167.70,0.00,167.77,5,0.94,CLOUD,1
2026-04-20 14:48:30,1924,LOCAL,0.00,176.06,0.00,176.12,5,0.94,CLOUD,1
2026-04-20 14:48:30,1925,LOCAL,0.00,158.07,0.00,158.13,5,0.94,CLOUD,1
2026-04-20 14:48:30,1926,LOCAL,0.00,205.73,0.00,205.80,5,0.94,CLOUD,1
2026-04-20 14:48:31,1927,LOCAL,0.00,188.96,0.00,189.03,5,0.95,CLOUD,1
2026-04-20 14:48:31,1928,LOCAL,0.00,202.48,0.00,202.55,5,0.95,CLOUD,2
2026-04-20 14:48:31,1929,LOCAL,0.00,172.33,0.00,172.39,5,0.94,CLOUD,2
2026-04-20 14:48:31,1930,LOCAL,0.00,183.83,0.00,183.90,5,0.94,CLOUD,2
2026-04-20 14:48:31,1931,LOCAL,0.00,182.25,0.00,182.32,5,0.94,CLOUD,2
2026-04-20 14:48:31,1932,LOCAL,0.00,180.02,0.00,180.09,5,0.95,CLOUD,2
2026-04-20 14:48:32,1933,LOCAL,0.00,176.03,0.00,176.10,5,0.95,CLOUD,2
2026-04-20 14:48:32,1934,LOCAL,0.00,177.17,0.00,177.23,5,0.95,CLOUD,2
2026-04-20 14:48:32,1935,LOCAL,0.00,194.50,0.00,194.56,5,0.95,CLOUD,2
2026-04-20 14:48:32,1936,LOCAL,0.00,201.59,0.00,201.65,5,0.94,CLOUD,2
2026-04-20 14:48:32,1937,LOCAL,0.00,181.79,0.00,181.85,5,0.94,CLOUD,2
2026-04-20 14:48:33,1938,LOCAL,0.00,329.29,0.00,329.39,5,0.94,,0
2026-04-20 14:48:33,1939,CLOUD,25.77,6412.06,205.89,6644.18,6,0.78,,0
2026-04-20 14:48:40,1940,LOCAL,0.00,250.17,0.00,250.24,5,0.77,,0
2026-04-20 14:48:40,1941,LOCAL,0.00,217.01,0.00,217.07,5,0.77,,0
2026-04-20 14:48:40,1942,LOCAL,0.00,237.02,0.00,237.10,5,0.77,,0
2026-04-20 14:48:40,1943,LOCAL,0.00,217.70,0.00,217.76,5,1.04,,0
2026-04-20 14:48:41,1944,LOCAL,0.00,154.08,0.00,154.14,5,2.31,,0
2026-04-20 14:48:41,1945,LOCAL,0.00,149.52,0.00,149.58,5,2.33,,0
2026-04-20 14:48:41,1946,LOCAL,0.00,196.77,0.00,196.83,5,2.34,,0
2026-04-20 14:48:41,1947,LOCAL,0.00,156.46,0.00,156.53,5,2.34,CLOUD,1
2026-04-20 14:48:41,1948,LOCAL,0.00,131.96,0.00,132.04,5,2.35,CLOUD,1
2026-04-20 14:48:41,1949,LOCAL,0.00,193.25,0.00,193.31,5,2.35,CLOUD,1
2026-04-20 14:48:42,1950,LOCAL,0.00,165.54,0.00,165.62,5,2.36,CLOUD,1
2026-04-20 14:48:42,1951,LOCAL,0.00,188.04,0.00,188.10,5,2.37,CLOUD,1
2026-04-20 14:48:42,1952,LOCAL,0.00,183.11,0.00,183.18,5,2.37,CLOUD,1
2026-04-20 14:48:42,1953,LOCAL,0.00,163.05,0.00,163.12,5,2.37,CLOUD,1
2026-04-20 14:48:42,1954,LOCAL,0.00,185.59,0.00,185.69,5,2.37,CLOUD,1
2026-04-20 14:48:43,1955,LOCAL,0.00,241.63,0.00,241.73,5,2.36,CLOUD,1
2026-04-20 14:48:43,1956,LOCAL,0.00,162.98,0.00,163.09,5,2.36,CLOUD,1
2026-04-20 14:48:43,1957,LOCAL,0.00,154.60,0.00,154.67,5,2.37,CLOUD,1
2026-04-20 14:48:43,1958,LOCAL,0.00,179.90,0.00,179.97,5,2.37,CLOUD,2
2026-04-20 14:48:43,1959,LOCAL,0.00,171.80,0.00,171.86,5,2.37,CLOUD,2
2026-04-20 14:48:44,1960,LOCAL,0.00,195.68,0.00,195.74,5,2.37,CLOUD,2
2026-04-20 14:48:44,1961,LOCAL,0.00,204.11,0.00,204.17,5,2.37,CLOUD,2
2026-04-20 14:48:44,1962,LOCAL,0.00,188.42,0.00,188.49,5,2.36,CLOUD,2
2026-04-20 14:48:44,1963,LOCAL,0.00,146.04,0.00,146.10,5,2.37,CLOUD,2
2026-04-20 14:48:44,1964,LOCAL,0.00,178.56,0.00,178.63,5,2.38,CLOUD,2
2026-04-20 14:48:44,1965,LOCAL,0.00,187.79,0.00,187.85,5,2.38,CLOUD,2
2026-04-20 14:48:45,1966,LOCAL,0.00,192.23,0.00,192.31,5,2.38,CLOUD,2
2026-04-20 14:48:45,1967,LOCAL,0.00,188.78,0.00,188.84,5,2.41,CLOUD,2
2026-04-20 14:48:45,1968,LOCAL,0.00,172.04,0.00,172.10,5,5.19,CLOUD,2
2026-04-20 14:48:45,1969,LOCAL,0.00,219.60,0.00,219.69,5,5.21,,0
2026-04-20 14:48:45,1970,CLOUD,13.99,8255.09,108.07,8377.96,6,2.11,,0
2026-04-20 14:48:54,1971,CLOUD,30.58,6165.72,109.07,6305.76,6,1.47,LOCAL,1
2026-04-20 14:49:00,1972,CLOUD,23.40,3904.70,107.63,4036.18,6,1.23,,0
2026-04-20 14:49:04,1973,CLOUD,29.64,7994.62,133.49,8158.21,6,0.92,,0
2026-04-20 14:49:12,1974,LOCAL,0.00,264.48,0.00,264.56,5,0.91,,0
2026-04-20 14:49:13,1975,LOCAL,0.00,205.75,0.00,205.83,5,0.91,,0
2026-04-20 14:49:13,1976,LOCAL,0.00,290.94,0.00,291.04,5,0.91,,0
2026-04-20 14:49:13,1977,LOCAL,0.00,202.87,0.00,202.94,5,0.91,,0
2026-04-20 14:49:13,1978,LOCAL,0.00,188.50,0.00,188.56,5,0.91,,0
2026-04-20 14:49:14,1979,LOCAL,0.00,179.50,0.00,179.56,5,0.91,CLOUD,1
2026-04-20 14:49:14,1980,LOCAL,0.00,180.32,0.00,180.39,5,0.91,CLOUD,1
2026-04-20 14:49:14,1981,LOCAL,0.00,166.18,0.00,166.25,5,0.91,CLOUD,1
2026-04-20 14:49:14,1982,LOCAL,0.00,180.30,0.00,180.37,5,0.91,CLOUD,1
2026-04-20 14:49:14,1983,LOCAL,0.00,170.87,0.00,170.95,5,0.91,CLOUD,1
2026-04-20 14:49:14,1984,LOCAL,0.00,175.39,0.00,175.46,5,0.91,CLOUD,1
2026-04-20 14:49:15,1985,LOCAL,0.00,190.19,0.00,190.27,5,0.91,CLOUD,1
2026-04-20 14:49:15,1986,LOCAL,0.00,192.19,0.00,192.26,5,0.91,CLOUD,1
2026-04-20 14:49:15,1987,LOCAL,0.00,210.15,0.00,210.21,5,0.91,CLOUD,1
2026-04-20 14:49:15,1988,LOCAL,0.00,181.74,0.00,181.81,5,0.91,CLOUD,1
2026-04-20 14:49:15,1989,LOCAL,0.00,182.22,0.00,182.29,5,0.91,CLOUD,2
2026-04-20 14:49:16,1990,LOCAL,0.00,194.12,0.00,194.19,5,0.91,CLOUD,2
2026-04-20 14:49:16,1991,LOCAL,0.00,203.39,0.00,203.45,5,0.91,CLOUD,2
2026-04-20 14:49:16,1992,LOCAL,0.00,277.60,0.00,277.71,5,0.90,CLOUD,2
2026-04-20 14:49:16,1993,LOCAL,0.00,202.06,0.00,202.32,5,0.90,CLOUD,2
2026-04-20 14:49:17,1994,LOCAL,0.00,197.91,0.00,197.97,5,0.90,CLOUD,2
2026-04-20 14:49:17,1995,LOCAL,0.00,176.33,0.00,176.40,5,0.90,CLOUD,2
2026-04-20 14:49:17,1996,LOCAL,0.00,171.84,0.00,171.91,5,0.90,CLOUD,2
2026-04-20 14:49:17,1997,LOCAL,0.00,176.64,0.00,176.71,5,0.90,CLOUD,2
2026-04-20 14:49:17,1998,LOCAL,0.00,187.28,0.00,187.35,5,0.91,CLOUD,2
2026-04-20 14:49:17,1999,LOCAL,0.00,217.82,0.00,217.99,5,1.21,,0
2026-04-20 14:49:18,2000,LOCAL,0.00,233.22,0.00,233.36,5,1.63,,0
2026-04-20 14:49:18,2001,CLOUD,33.86,14871.72,123.86,15030.24,6,1.01,,0
2026-04-20 14:49:33,2002,CLOUD,35.67,6662.99,104.23,6803.28,6,1.06,LOCAL,1
2026-04-20 14:49:40,2003,CLOUD,21.54,4013.14,94.87,4130.02,6,0.93,LOCAL,1
2026-04-20 14:49:44,2004,CLOUD,24.56,4599.64,184.11,4816.90,6,0.81,LOCAL,1
2026-04-20 14:49:49,2005,LOCAL,0.00,270.48,0.00,270.70,5,0.81,,0
2026-04-20 14:49:49,2006,LOCAL,0.00,195.55,0.00,195.61,5,0.81,,0
2026-04-20 14:49:49,2007,LOCAL,0.00,183.27,0.00,183.36,5,0.81,,0
2026-04-20 14:49:49,2008,LOCAL,0.00,181.90,0.00,181.98,5,0.81,,0
2026-04-20 14:49:50,2009,LOCAL,0.00,202.91,0.00,202.98,5,0.81,CLOUD,1
2026-04-20 14:49:50,2010,LOCAL,0.00,197.44,0.00,197.51,5,0.81,CLOUD,1
2026-04-20 14:49:50,2011,LOCAL,0.00,185.20,0.00,185.26,5,0.81,CLOUD,1
2026-04-20 14:49:50,2012,LOCAL,0.00,180.00,0.00,180.07,5,0.81,CLOUD,1
2026-04-20 14:49:50,2013,LOCAL,0.00,151.00,0.00,151.06,5,0.81,CLOUD,1
2026-04-20 14:49:51,2014,LOCAL,0.00,189.50,0.00,189.56,5,0.81,CLOUD,1
2026-04-20 14:49:51,2015,LOCAL,0.00,160.63,0.00,160.70,5,0.81,CLOUD,1
2026-04-20 14:49:51,2016,LOCAL,0.00,172.57,0.00,172.64,5,0.81,CLOUD,1
2026-04-20 14:49:51,2017,LOCAL,0.00,181.14,0.00,181.21,5,0.81,CLOUD,1
2026-04-20 14:49:51,2018,LOCAL,0.00,197.45,0.00,197.51,5,0.81,CLOUD,1
2026-04-20 14:49:52,2019,LOCAL,0.00,179.26,0.00,179.33,5,0.81,CLOUD,1
2026-04-20 14:49:52,2020,LOCAL,0.00,195.16,0.00,195.23,5,0.81,CLOUD,2
2026-04-20 14:49:52,2021,LOCAL,0.00,175.19,0.00,175.25,5,0.81,CLOUD,2
2026-04-20 14:49:52,2022,LOCAL,0.00,186.00,0.00,186.06,5,0.81,CLOUD,2
2026-04-20 14:49:52,2023,LOCAL,0.00,185.76,0.00,185.82,5,0.81,CLOUD,2
2026-04-20 14:49:53,2024,LOCAL,0.00,173.43,0.00,173.49,5,0.81,CLOUD,2
2026-04-20 14:49:53,2025,LOCAL,0.00,168.51,0.00,168.58,5,0.81,CLOUD,2
2026-04-20 14:49:53,2026,LOCAL,0.00,185.51,0.00,185.59,5,0.81,CLOUD,2
2026-04-20 14:49:53,2027,LOCAL,0.00,185.89,0.00,185.96,5,0.81,CLOUD,2
2026-04-20 14:49:53,2028,LOCAL,0.00,195.35,0.00,195.41,5,0.81,CLOUD,2
2026-04-20 14:49:54,2029,LOCAL,0.00,178.35,0.00,178.41,5,0.81,CLOUD,2
2026-04-20 14:49:54,2030,LOCAL,0.00,222.97,0.00,226.13,5,1.39,,0
2026-04-20 14:49:54,2031,LOCAL,0.00,179.66,0.00,179.78,5,2.02,,0
2026-04-20 14:49:54,2032,CLOUD,24.69,8047.06,88.18,8160.73,6,1.58,,0
2026-04-20 14:50:02,2033,LOCAL,0.00,268.57,0.00,268.70,5,2.08,,0
2026-04-20 14:50:03,2034,LOCAL,0.00,195.96,0.00,196.04,5,2.09,,0
2026-04-20 14:50:03,2035,LOCAL,0.00,210.56,0.00,210.64,5,2.09,,0
2026-04-20 14:50:03,2036,LOCAL,0.00,169.60,0.00,169.66,5,2.10,,0
2026-04-20 14:50:03,2037,LOCAL,0.00,164.66,0.00,164.76,5,2.09,,0
2026-04-20 14:50:04,2038,LOCAL,0.00,200.87,0.00,200.94,5,2.10,,0
2026-04-20 14:50:04,2039,LOCAL,0.00,201.99,0.00,202.05,5,2.10,,0
2026-04-20 14:50:04,2040,LOCAL,0.00,190.32,0.00,190.40,5,2.10,,0
2026-04-20 14:50:04,2041,LOCAL,0.00,180.71,0.00,180.78,5,2.10,,0
2026-04-20 14:50:04,2042,LOCAL,0.00,201.32,0.00,201.39,5,2.09,,0
2026-04-20 14:50:04,2043,LOCAL,0.00,183.46,0.00,183.53,5,2.09,,0
2026-04-20 14:50:05,2044,LOCAL,0.00,186.23,0.00,186.31,5,2.09,,0
2026-04-20 14:50:05,2045,LOCAL,0.00,179.53,0.00,179.60,5,2.09,,0
2026-04-20 14:50:05,2046,LOCAL,0.00,188.06,0.00,188.12,5,2.09,,0
2026-04-20 14:50:05,2047,LOCAL,0.00,173.70,0.00,173.78,5,2.09,,0
2026-04-20 14:50:05,2048,LOCAL,0.00,196.42,0.00,196.50,5,2.09,,0
2026-04-20 14:50:06,2049,LOCAL,0.00,178.94,0.00,179.01,5,2.09,,0
2026-04-20 14:50:06,2050,LOCAL,0.00,189.60,0.00,189.66,5,2.09,,0
2026-04-20 14:50:06,2051,LOCAL,0.00,208.56,0.00,208.63,5,2.08,,0
2026-04-20 14:50:06,2052,LOCAL,0.00,179.09,0.00,179.15,5,2.09,,0
2026-04-20 14:50:06,2053,LOCAL,0.00,174.77,0.00,174.84,5,2.08,,0
2026-04-20 14:50:07,2054,LOCAL,0.00,231.40,0.00,231.58,5,2.07,,0
2026-04-20 14:50:07,2055,LOCAL,0.00,162.55,0.00,162.62,5,2.07,,0
2026-04-20 14:50:07,2056,LOCAL,0.00,185.34,0.00,185.42,5,2.07,,0
2026-04-20 14:50:07,2057,LOCAL,0.00,191.90,0.00,191.96,5,2.07,,0
2026-04-20 14:50:08,2058,LOCAL,0.00,179.90,0.00,179.96,5,2.07,,0
2026-04-20 14:50:08,2059,LOCAL,0.00,171.72,0.00,171.83,5,2.08,,0
2026-04-20 14:50:08,2060,LOCAL,0.00,173.51,0.00,173.57,5,2.08,,0
2026-04-20 14:50:08,2061,LOCAL,0.00,188.89,0.00,188.95,5,4.89,,0
2026-04-20 14:50:08,2062,LOCAL,0.00,191.32,0.00,191.39,5,5.05,CLOUD,1
2026-04-20 14:50:08,2063,LOCAL,0.00,196.05,0.00,196.11,5,5.06,CLOUD,1
2026-04-20 14:50:09,2064,LOCAL,0.00,177.57,0.00,177.64,5,5.09,CLOUD,1
2026-04-20 14:50:09,2065,LOCAL,0.00,166.50,0.00,166.56,5,5.08,CLOUD,1
2026-04-20 14:50:09,2066,LOCAL,0.00,167.77,0.00,167.83,5,5.09,CLOUD,1
2026-04-20 14:50:09,2067,LOCAL,0.00,183.68,0.00,183.74,5,5.10,CLOUD,1
2026-04-20 14:50:09,2068,LOCAL,0.00,175.16,0.00,175.22,5,5.13,CLOUD,1
2026-04-20 14:50:10,2069,LOCAL,0.00,167.45,0.00,167.51,5,5.14,CLOUD,1
2026-04-20 14:50:10,2070,LOCAL,0.00,241.13,0.00,241.34,5,5.07,CLOUD,1
2026-04-20 14:50:10,2071,LOCAL,0.00,154.30,0.00,154.39,5,5.09,CLOUD,1
2026-04-20 14:50:10,2072,LOCAL,0.00,166.05,0.00,166.12,5,5.11,CLOUD,2
2026-04-20 14:50:10,2073,LOCAL,0.00,163.05,0.00,163.11,5,5.12,CLOUD,2
2026-04-20 14:50:11,2074,LOCAL,0.00,173.89,0.00,173.95,5,5.13,CLOUD,2
2026-04-20 14:50:11,2075,LOCAL,0.00,174.02,0.00,174.08,5,5.14,CLOUD,2
2026-04-20 14:50:11,2076,LOCAL,0.00,179.79,0.00,179.85,5,5.14,CLOUD,2
2026-04-20 14:50:11,2077,LOCAL,0.00,193.50,0.00,193.56,5,5.15,CLOUD,2
2026-04-20 14:50:11,2078,LOCAL,0.00,205.65,0.00,205.72,5,5.14,CLOUD,2
2026-04-20 14:50:12,2079,LOCAL,0.00,178.67,0.00,178.72,5,5.14,CLOUD,2
2026-04-20 14:50:12,2080,LOCAL,0.00,165.80,0.00,165.86,5,5.17,CLOUD,2
2026-04-20 14:50:12,2081,LOCAL,0.00,184.10,0.00,184.17,5,5.17,CLOUD,2
2026-04-20 14:50:12,2082,LOCAL,0.00,191.64,0.00,191.71,5,5.16,CLOUD,2
2026-04-20 14:50:12,2083,LOCAL,0.00,261.08,0.00,261.26,5,5.19,,0
2026-04-20 14:50:13,2084,LOCAL,0.00,182.44,0.00,182.65,5,5.19,,0
2026-04-20 14:50:13,2085,CLOUD,31.48,6339.36,94.12,6465.36,6,2.44,,0
2026-04-20 14:50:19,2086,LOCAL,0.00,268.76,0.00,268.84,5,2.43,,0
2026-04-20 14:50:19,2087,LOCAL,0.00,224.75,0.00,224.81,5,2.42,,0
2026-04-20 14:50:20,2088,LOCAL,0.00,229.11,0.00,229.16,5,2.41,,0
2026-04-20 14:50:20,2089,LOCAL,0.00,262.32,0.00,262.41,5,2.39,,0
2026-04-20 14:50:20,2090,LOCAL,0.00,195.52,0.00,195.61,5,2.39,,0
2026-04-20 14:50:20,2091,LOCAL,0.00,170.30,0.00,170.36,5,2.39,,0
2026-04-20 14:50:21,2092,LOCAL,0.00,176.29,0.00,176.36,5,2.39,,0
2026-04-20 14:50:21,2093,LOCAL,0.00,181.65,0.00,181.71,5,2.39,CLOUD,1
2026-04-20 14:50:21,2094,LOCAL,0.00,172.30,0.00,172.37,5,2.39,CLOUD,1
2026-04-20 14:50:21,2095,LOCAL,0.00,181.13,0.00,181.22,5,2.39,CLOUD,1
2026-04-20 14:50:21,2096,LOCAL,0.00,199.93,0.00,200.00,5,2.39,CLOUD,1
2026-04-20 14:50:22,2097,LOCAL,0.00,195.99,0.00,196.05,5,2.38,CLOUD,1
2026-04-20 14:50:22,2098,LOCAL,0.00,199.96,0.00,200.02,5,2.38,CLOUD,1
2026-04-20 14:50:22,2099,LOCAL,0.00,147.63,0.00,147.69,5,2.40,CLOUD,1
2026-04-20 14:50:22,2100,LOCAL,0.00,193.80,0.00,193.88,5,2.40,CLOUD,1
2026-04-20 14:50:22,2101,LOCAL,0.00,177.35,0.00,177.42,5,2.39,CLOUD,1
2026-04-20 14:50:22,2102,LOCAL,0.00,199.02,0.00,199.09,5,2.38,CLOUD,1
2026-04-20 14:50:23,2103,LOCAL,0.00,176.22,0.00,176.28,5,2.38,CLOUD,2
2026-04-20 14:50:23,2104,LOCAL,0.00,194.39,0.00,194.45,5,2.38,CLOUD,2
2026-04-20 14:50:23,2105,LOCAL,0.00,184.13,0.00,184.20,5,2.38,CLOUD,2
2026-04-20 14:50:23,2106,LOCAL,0.00,287.20,0.00,287.28,5,2.36,CLOUD,2
2026-04-20 14:50:24,2107,LOCAL,0.00,183.45,0.00,183.58,5,2.36,CLOUD,2
2026-04-20 14:50:24,2108,LOCAL,0.00,141.65,0.00,141.76,5,2.37,CLOUD,2
2026-04-20 14:50:24,2109,LOCAL,0.00,179.79,0.00,179.86,5,2.37,CLOUD,2
2026-04-20 14:50:24,2110,LOCAL,0.00,186.44,0.00,186.50,5,2.37,CLOUD,2
2026-04-20 14:50:24,2111,LOCAL,0.00,179.16,0.00,179.23,5,2.37,CLOUD,2
2026-04-20 14:50:24,2112,LOCAL,0.00,195.34,0.00,195.41,5,2.38,CLOUD,2
2026-04-20 14:50:25,2113,LOCAL,0.00,226.85,0.00,227.04,5,2.38,CLOUD,2
2026-04-20 14:50:25,2114,LOCAL,0.00,197.45,0.00,198.72,5,4.87,,0
2026-04-20 14:50:25,2115,CLOUD,23.73,5418.15,110.83,5553.17,6,2.58,,0
2026-04-20 14:50:31,2116,CLOUD,14.37,7337.77,103.16,7455.84,6,1.57,LOCAL,2
2026-04-20 14:50:38,2117,CLOUD,37.83,6036.45,134.57,6220.42,6,1.19,LOCAL,2
2026-04-20 14:50:44,2118,LOCAL,0.00,256.86,0.00,256.94,5,1.19,CLOUD,1
2026-04-20 14:50:45,2119,LOCAL,0.00,182.18,0.00,182.26,5,1.19,CLOUD,1
2026-04-20 14:50:45,2120,LOCAL,0.00,195.46,0.00,195.52,5,1.18,CLOUD,1
2026-04-20 14:50:45,2121,LOCAL,0.00,175.67,0.00,175.74,5,1.18,CLOUD,1
2026-04-20 14:50:45,2122,LOCAL,0.00,165.73,0.00,165.79,5,1.19,CLOUD,1
2026-04-20 14:50:45,2123,LOCAL,0.00,275.69,0.00,275.88,5,1.18,CLOUD,1
2026-04-20 14:50:46,2124,LOCAL,0.00,207.65,0.00,232.44,5,1.18,CLOUD,1
2026-04-20 14:50:46,2125,LOCAL,0.00,199.55,0.00,199.60,5,1.18,CLOUD,1
2026-04-20 14:50:46,2126,LOCAL,0.00,189.43,0.00,189.58,5,1.18,CLOUD,2
2026-04-20 14:50:46,2127,LOCAL,0.00,218.74,0.00,218.79,5,1.18,CLOUD,2
2026-04-20 14:50:47,2128,LOCAL,0.00,171.53,0.00,172.76,5,1.18,CLOUD,2
2026-04-20 14:50:47,2129,LOCAL,0.00,166.48,0.00,166.54,5,1.18,CLOUD,2
2026-04-20 14:50:47,2130,LOCAL,0.00,177.21,0.00,177.27,5,1.18,CLOUD,2
2026-04-20 14:50:47,2131,LOCAL,0.00,187.51,0.00,187.57,5,1.18,CLOUD,2
2026-04-20 14:50:47,2132,LOCAL,0.00,188.92,0.00,188.99,5,1.18,CLOUD,2
2026-04-20 14:50:48,2133,LOCAL,0.00,174.87,0.00,174.94,5,1.18,CLOUD,2
2026-04-20 14:50:48,2134,LOCAL,0.00,173.07,0.00,173.13,5,1.18,CLOUD,2
2026-04-20 14:50:48,2135,LOCAL,0.00,174.00,0.00,174.07,5,1.18,CLOUD,2
2026-04-20 14:50:48,2136,LOCAL,0.00,182.65,0.00,182.72,5,1.18,CLOUD,2
2026-04-20 14:50:48,2137,LOCAL,0.00,224.08,0.00,224.27,5,1.18,,0
2026-04-20 14:50:48,2138,CLOUD,31.93,7265.96,107.67,7405.94,6,0.91,,0
2026-04-20 14:50:56,2139,LOCAL,0.00,267.20,0.00,267.28,5,0.91,,0
2026-04-20 14:50:56,2140,LOCAL,0.00,255.40,0.00,255.46,5,0.91,,0
2026-04-20 14:50:56,2141,LOCAL,0.00,262.93,0.00,263.02,5,0.91,,0
2026-04-20 14:50:57,2142,LOCAL,0.00,177.90,0.00,177.98,5,0.91,,0
2026-04-20 14:50:57,2143,LOCAL,0.00,172.81,0.00,172.88,5,0.91,,0
2026-04-20 14:50:57,2144,LOCAL,0.00,170.06,0.00,170.11,5,1.09,CLOUD,1
2026-04-20 14:50:57,2145,LOCAL,0.00,177.37,0.00,177.43,5,1.51,CLOUD,1
2026-04-20 14:50:57,2146,LOCAL,0.00,172.86,0.00,172.92,5,2.20,CLOUD,1
2026-04-20 14:50:58,2147,LOCAL,0.00,164.37,0.00,164.44,5,2.21,CLOUD,1
2026-04-20 14:50:58,2148,LOCAL,0.00,180.53,0.00,180.59,5,2.21,CLOUD,1
2026-04-20 14:50:58,2149,LOCAL,0.00,172.11,0.00,172.17,5,2.22,CLOUD,1
2026-04-20 14:50:58,2150,LOCAL,0.00,166.45,0.00,166.51,5,2.21,CLOUD,1
2026-04-20 14:50:58,2151,LOCAL,0.00,186.66,0.00,186.72,5,2.21,CLOUD,1
2026-04-20 14:50:59,2152,LOCAL,0.00,182.59,0.00,182.66,5,2.23,CLOUD,1
2026-04-20 14:50:59,2153,LOCAL,0.00,162.46,0.00,162.52,5,2.24,CLOUD,1
2026-04-20 14:50:59,2154,LOCAL,0.00,173.47,0.00,173.53,5,2.25,CLOUD,1
2026-04-20 14:50:59,2155,LOCAL,0.00,181.02,0.00,181.09,5,2.25,CLOUD,2
2026-04-20 14:50:59,2156,LOCAL,0.00,196.60,0.00,196.66,5,2.25,CLOUD,2
2026-04-20 14:50:59,2157,LOCAL,0.00,152.22,0.00,152.29,5,2.25,CLOUD,2
2026-04-20 14:51:00,2158,LOCAL,0.00,228.40,0.00,228.55,5,2.24,CLOUD,2
2026-04-20 14:51:00,2159,LOCAL,0.00,175.36,0.00,175.44,5,2.24,CLOUD,2
2026-04-20 14:51:00,2160,LOCAL,0.00,187.90,0.00,187.96,5,2.24,CLOUD,2
2026-04-20 14:51:00,2161,LOCAL,0.00,182.12,0.00,182.19,5,2.23,CLOUD,2
2026-04-20 14:51:00,2162,LOCAL,0.00,161.73,0.00,161.79,5,2.24,CLOUD,2
2026-04-20 14:51:01,2163,LOCAL,0.00,196.18,0.00,196.25,5,2.23,CLOUD,2
2026-04-20 14:51:01,2164,LOCAL,0.00,175.53,0.00,175.60,5,2.24,CLOUD,2
2026-04-20 14:51:01,2165,LOCAL,0.00,215.25,0.00,215.45,5,2.23,,0
2026-04-20 14:51:01,2166,LOCAL,0.00,186.71,0.00,186.79,5,2.23,,0
2026-04-20 14:51:01,2167,CLOUD,29.43,7222.62,112.69,7365.15,6,2.24,,0
2026-04-20 14:51:09,2168,CLOUD,21.77,4237.29,111.63,4371.11,6,1.70,,0
2026-04-20 14:51:13,2169,CLOUD,25.82,6105.04,130.94,6262.19,6,1.26,LOCAL,1
2026-04-20 14:51:20,2170,CLOUD,35.98,5527.91,102.41,5666.67,6,1.02,LOCAL,1
2026-04-20 14:51:25,2171,CLOUD,22.05,3395.12,101.27,3518.85,6,0.91,,0
2026-04-20 14:51:29,2172,CLOUD,21.55,5135.43,112.12,5269.46,6,0.79,,0
2026-04-20 14:51:34,2173,CLOUD,25.44,4196.56,108.68,4331.05,6,0.71,,0
2026-04-20 14:51:38,2174,CLOUD,38.08,3840.41,93.96,3972.85,6,0.65,LOCAL,2
2026-04-20 14:51:42,2175,LOCAL,0.00,271.67,0.00,271.82,5,0.64,,0
2026-04-20 14:51:43,2176,LOCAL,0.00,205.07,0.00,205.13,5,0.64,,0
2026-04-20 14:51:43,2177,LOCAL,0.00,172.31,0.00,172.37,5,0.64,,0
2026-04-20 14:51:43,2178,LOCAL,0.00,157.89,0.00,157.95,5,0.64,,0
2026-04-20 14:51:43,2179,LOCAL,0.00,165.56,0.00,165.63,5,0.65,,0
2026-04-20 14:51:43,2180,LOCAL,0.00,135.81,0.00,135.88,5,0.65,,0
2026-04-20 14:51:43,2181,LOCAL,0.00,167.72,0.00,167.80,5,0.65,,0
2026-04-20 14:51:44,2182,LOCAL,0.00,204.61,0.00,204.68,5,0.65,,0
2026-04-20 14:51:44,2183,LOCAL,0.00,177.91,0.00,177.96,5,0.65,,0
2026-04-20 14:51:44,2184,LOCAL,0.00,163.45,0.00,163.54,5,0.65,,0
2026-04-20 14:51:44,2185,LOCAL,0.00,177.51,0.00,177.58,5,0.65,,0
2026-04-20 14:51:44,2186,LOCAL,0.00,194.87,0.00,194.95,5,0.65,,0
2026-04-20 14:51:45,2187,LOCAL,0.00,199.36,0.00,199.42,5,0.65,,0
2026-04-20 14:51:45,2188,LOCAL,0.00,216.06,0.00,216.14,5,0.65,,0
2026-04-20 14:51:45,2189,LOCAL,0.00,173.77,0.00,173.84,5,0.65,,0
2026-04-20 14:51:45,2190,LOCAL,0.00,164.66,0.00,164.72,5,0.65,,0
2026-04-20 14:51:45,2191,LOCAL,0.00,178.44,0.00,178.52,5,0.65,,0
2026-04-20 14:51:46,2192,LOCAL,0.00,186.93,0.00,186.99,5,0.65,,0
2026-04-20 14:51:46,2193,LOCAL,0.00,177.19,0.00,177.25,5,0.65,CLOUD,1
2026-04-20 14:51:46,2194,LOCAL,0.00,165.88,0.00,165.96,5,0.65,CLOUD,1
2026-04-20 14:51:46,2195,LOCAL,0.00,182.64,0.00,182.72,5,0.65,CLOUD,1
2026-04-20 14:51:46,2196,LOCAL,0.00,173.49,0.00,173.55,5,0.77,CLOUD,1
2026-04-20 14:51:47,2197,LOCAL,0.00,176.98,0.00,177.05,5,0.87,CLOUD,1
2026-04-20 14:51:47,2198,LOCAL,0.00,185.93,0.00,186.00,5,1.06,CLOUD,1
2026-04-20 14:51:47,2199,LOCAL,0.00,171.31,0.00,171.38,5,1.32,CLOUD,1
2026-04-20 14:51:47,2200,LOCAL,0.00,170.47,0.00,170.54,5,1.56,CLOUD,1
2026-04-20 14:51:47,2201,LOCAL,0.00,207.61,0.00,207.68,5,2.15,CLOUD,1
2026-04-20 14:51:47,2202,LOCAL,0.00,178.90,0.00,178.97,5,3.10,CLOUD,1
2026-04-20 14:51:48,2203,LOCAL,0.00,203.86,0.00,203.92,5,5.19,CLOUD,2
2026-04-20 14:51:48,2204,LOCAL,0.00,227.54,0.00,227.69,5,5.24,CLOUD,2
2026-04-20 14:51:48,2205,LOCAL,0.00,178.11,0.00,178.22,5,5.25,CLOUD,2
2026-04-20 14:51:48,2206,LOCAL,0.00,172.02,0.00,172.08,5,5.25,CLOUD,2
2026-04-20 14:51:49,2207,LOCAL,0.00,197.12,0.00,197.22,5,5.20,CLOUD,2
2026-04-20 14:51:49,2208,LOCAL,0.00,185.93,0.00,185.99,5,5.18,CLOUD,2
2026-04-20 14:51:49,2209,LOCAL,0.00,156.69,0.00,156.76,5,5.17,CLOUD,2
2026-04-20 14:51:49,2210,LOCAL,0.00,196.67,0.00,196.74,5,5.12,CLOUD,2
2026-04-20 14:51:49,2211,LOCAL,0.00,204.98,0.00,205.05,5,5.12,CLOUD,2
2026-04-20 14:51:49,2212,LOCAL,0.00,185.32,0.00,185.38,5,5.11,CLOUD,2
2026-04-20 14:51:50,2213,LOCAL,0.00,227.42,0.00,227.60,5,5.06,,0
2026-04-20 14:51:50,2214,LOCAL,0.00,183.09,0.00,183.35,5,5.05,,0
2026-04-20 14:51:50,2215,CLOUD,35.79,3076.62,104.13,3216.95,6,3.31,,0
2026-04-20 14:51:53,2216,CLOUD,35.14,6042.89,107.82,6186.31,6,1.97,,0
2026-04-20 14:52:00,2217,CLOUD,19.84,3828.25,121.07,3969.55,6,1.57,LOCAL,1
2026-04-20 14:52:04,2218,CLOUD,25.79,3829.49,108.46,3964.19,6,1.30,,0
2026-04-20 14:52:07,2219,CLOUD,29.97,3312.34,121.12,3463.86,6,1.13,LOCAL,1
2026-04-20 14:52:11,2220,CLOUD,25.84,4787.17,104.32,4917.75,6,0.96,,0
2026-04-20 14:52:16,2221,CLOUD,39.42,3069.38,100.03,3209.27,6,0.87,,0
2026-04-20 14:52:19,2222,CLOUD,25.27,3069.43,113.70,3208.84,6,0.80,,0
2026-04-20 14:52:22,2223,CLOUD,13.86,4228.39,106.43,4349.08,6,0.72,,0
2026-04-20 14:52:27,2224,CLOUD,14.03,4352.15,105.75,4472.39,6,0.65,,0
2026-04-20 14:52:31,2225,CLOUD,37.76,3074.04,113.69,3225.90,6,0.61,LOCAL,1
2026-04-20 14:52:34,2226,LOCAL,0.00,277.99,0.00,278.06,5,0.60,,0
2026-04-20 14:52:35,2227,LOCAL,0.00,204.99,0.00,205.07,5,0.60,,0
2026-04-20 14:52:35,2228,LOCAL,0.00,331.11,0.00,331.19,5,0.60,,0
2026-04-20 14:52:35,2229,LOCAL,0.00,191.51,0.00,191.59,5,0.60,,0
2026-04-20 14:52:35,2230,LOCAL,0.00,193.71,0.00,193.78,5,0.60,,0
2026-04-20 14:52:36,2231,LOCAL,0.00,186.04,0.00,186.11,5,0.60,CLOUD,1
2026-04-20 14:52:36,2232,LOCAL,0.00,187.80,0.00,187.87,5,0.60,CLOUD,1
2026-04-20 14:52:36,2233,LOCAL,0.00,184.03,0.00,184.10,5,0.60,CLOUD,1
2026-04-20 14:52:36,2234,LOCAL,0.00,198.37,0.00,198.43,5,0.60,CLOUD,1
2026-04-20 14:52:36,2235,LOCAL,0.00,182.08,0.00,182.14,5,0.60,CLOUD,1
2026-04-20 14:52:37,2236,LOCAL,0.00,165.16,0.00,165.25,5,0.60,CLOUD,1
2026-04-20 14:52:37,2237,LOCAL,0.00,217.25,0.00,217.31,5,0.60,CLOUD,1
2026-04-20 14:52:37,2238,LOCAL,0.00,175.35,0.00,175.43,5,0.60,CLOUD,1
2026-04-20 14:52:37,2239,LOCAL,0.00,187.01,0.00,187.08,5,0.60,CLOUD,1
2026-04-20 14:52:37,2240,LOCAL,0.00,187.71,0.00,187.78,5,0.60,CLOUD,1
2026-04-20 14:52:38,2241,LOCAL,0.00,170.99,0.00,171.05,5,0.60,CLOUD,2
2026-04-20 14:52:38,2242,LOCAL,0.00,178.39,0.00,178.45,5,0.60,CLOUD,2
2026-04-20 14:52:38,2243,LOCAL,0.00,154.97,0.00,155.06,5,0.60,CLOUD,2
2026-04-20 14:52:38,2244,LOCAL,0.00,299.99,0.00,300.18,5,0.64,CLOUD,2
2026-04-20 14:52:38,2245,LOCAL,0.00,220.69,0.00,220.78,5,0.74,CLOUD,2
2026-04-20 14:52:39,2246,LOCAL,0.00,176.76,0.00,176.82,5,0.82,CLOUD,2
2026-04-20 14:52:39,2247,LOCAL,0.00,181.80,0.00,181.88,5,0.92,CLOUD,2
2026-04-20 14:52:39,2248,LOCAL,0.00,185.47,0.00,185.54,5,1.03,CLOUD,2
2026-04-20 14:52:39,2249,LOCAL,0.00,169.24,0.00,169.35,5,1.23,CLOUD,2
2026-04-20 14:52:39,2250,LOCAL,0.00,163.74,0.00,163.81,5,1.42,CLOUD,2
2026-04-20 14:52:40,2251,LOCAL,0.00,241.70,0.00,241.79,5,1.66,,0
2026-04-20 14:52:40,2252,CLOUD,35.37,4172.67,124.73,4333.29,6,1.66,,0
2026-04-20 14:52:44,2253,CLOUD,26.21,4066.09,130.94,4228.91,6,1.68,LOCAL,1
2026-04-20 14:52:48,2254,LOCAL,0.00,295.82,0.00,295.93,5,2.03,,0
2026-04-20 14:52:49,2255,LOCAL,0.00,186.93,0.00,187.00,5,2.04,,0
2026-04-20 14:52:49,2256,LOCAL,0.00,176.34,0.00,176.41,5,2.04,,0
2026-04-20 14:52:49,2257,LOCAL,0.00,180.99,0.00,181.06,5,2.07,,0
2026-04-20 14:52:49,2258,LOCAL,0.00,283.02,0.00,283.21,5,2.05,,0
2026-04-20 14:52:50,2259,LOCAL,0.00,191.28,0.00,191.36,5,2.05,,0
2026-04-20 14:52:50,2260,LOCAL,0.00,208.87,0.00,208.93,5,2.04,,0
2026-04-20 14:52:50,2261,LOCAL,0.00,201.82,0.00,201.89,5,2.04,,0
2026-04-20 14:52:50,2262,LOCAL,0.00,192.67,0.00,192.76,5,2.04,,0
2026-04-20 14:52:50,2263,LOCAL,0.00,202.99,0.00,203.06,5,2.04,,0
2026-04-20 14:52:51,2264,LOCAL,0.00,184.08,0.00,184.16,5,2.04,,0
2026-04-20 14:52:51,2265,LOCAL,0.00,166.79,0.00,166.86,5,2.04,,0
2026-04-20 14:52:51,2266,LOCAL,0.00,176.60,0.00,176.67,5,2.04,,0
2026-04-20 14:52:51,2267,LOCAL,0.00,173.84,0.00,173.91,5,2.04,,0
2026-04-20 14:52:51,2268,LOCAL,0.00,194.87,0.00,194.98,5,2.04,CLOUD,1
2026-04-20 14:52:52,2269,LOCAL,0.00,190.53,0.00,190.59,5,2.04,CLOUD,1
2026-04-20 14:52:52,2270,LOCAL,0.00,144.81,0.00,144.87,5,2.05,CLOUD,1
2026-04-20 14:52:52,2271,LOCAL,0.00,183.03,0.00,183.13,5,2.04,CLOUD,1
2026-04-20 14:52:52,2272,LOCAL,0.00,197.61,0.00,197.69,5,2.04,CLOUD,1
2026-04-20 14:52:52,2273,LOCAL,0.00,210.01,0.00,210.07,5,2.05,CLOUD,1
2026-04-20 14:52:53,2274,LOCAL,0.00,208.16,0.00,208.25,5,2.05,CLOUD,1
2026-04-20 14:52:53,2275,LOCAL,0.00,186.17,0.00,186.23,5,2.06,CLOUD,1
2026-04-20 14:52:53,2276,LOCAL,0.00,203.09,0.00,203.16,5,2.05,CLOUD,1
2026-04-20 14:52:53,2277,LOCAL,0.00,207.29,0.00,207.36,5,2.05,CLOUD,1
2026-04-20 14:52:53,2278,LOCAL,0.00,203.47,0.00,203.54,5,2.04,CLOUD,2
2026-04-20 14:52:54,2279,LOCAL,0.00,186.45,0.00,186.51,5,2.04,CLOUD,2
2026-04-20 14:52:54,2280,LOCAL,0.00,152.58,0.00,152.64,5,2.06,CLOUD,2
2026-04-20 14:52:54,2281,LOCAL,0.00,190.38,0.00,190.44,5,2.91,CLOUD,2
2026-04-20 14:52:54,2282,LOCAL,0.00,165.62,0.00,165.69,5,4.93,CLOUD,2
2026-04-20 14:52:54,2283,LOCAL,0.00,150.60,0.00,150.66,5,5.06,CLOUD,2
2026-04-20 14:52:54,2284,LOCAL,0.00,193.90,0.00,193.97,5,5.07,CLOUD,2
2026-04-20 14:52:55,2285,LOCAL,0.00,193.64,0.00,193.72,5,5.06,CLOUD,2
2026-04-20 14:52:55,2286,LOCAL,0.00,191.06,0.00,191.14,5,5.04,CLOUD,2
2026-04-20 14:52:55,2287,LOCAL,0.00,158.37,0.00,158.44,5,5.17,CLOUD,2
2026-04-20 14:52:55,2288,LOCAL,0.00,177.36,0.00,177.44,5,5.20,CLOUD,2
2026-04-20 14:52:55,2289,LOCAL,0.00,165.38,0.00,165.44,5,5.24,,0
2026-04-20 14:52:56,2290,LOCAL,0.00,223.43,0.00,223.51,5,5.22,,0
2026-04-20 14:52:56,2291,LOCAL,0.00,174.13,0.00,174.20,5,5.25,,0
2026-04-20 14:52:56,2292,CLOUD,25.60,7269.87,121.64,7417.51,6,2.27,,0
2026-04-20 14:53:03,2293,LOCAL,0.00,247.93,0.00,247.99,5,2.26,,0
2026-04-20 14:53:04,2294,LOCAL,0.00,190.94,0.00,191.02,5,2.26,,0
2026-04-20 14:53:04,2295,LOCAL,0.00,192.12,0.00,192.18,5,2.26,,0
2026-04-20 14:53:04,2296,LOCAL,0.00,166.24,0.00,166.31,5,2.26,,0
2026-04-20 14:53:04,2297,LOCAL,0.00,176.79,0.00,176.85,5,2.26,,0
2026-04-20 14:53:04,2298,LOCAL,0.00,181.64,0.00,181.70,5,2.26,,0
2026-04-20 14:53:05,2299,LOCAL,0.00,152.38,0.00,152.44,5,2.26,,0
2026-04-20 14:53:05,2300,LOCAL,0.00,279.42,0.00,279.59,5,2.24,,0
2026-04-20 14:53:05,2301,LOCAL,0.00,230.98,0.00,231.05,5,2.24,,0
2026-04-20 14:53:05,2302,LOCAL,0.00,175.19,0.00,175.26,5,2.24,,0
2026-04-20 14:53:05,2303,LOCAL,0.00,191.97,0.00,192.04,5,2.24,,0
2026-04-20 14:53:06,2304,LOCAL,0.00,190.35,0.00,190.42,5,2.24,,0
2026-04-20 14:53:06,2305,LOCAL,0.00,184.61,0.00,184.67,5,2.25,,0
2026-04-20 14:53:06,2306,LOCAL,0.00,163.52,0.00,163.59,5,2.25,CLOUD,1
2026-04-20 14:53:06,2307,LOCAL,0.00,188.75,0.00,188.81,5,2.26,CLOUD,1
2026-04-20 14:53:06,2308,LOCAL,0.00,167.03,0.00,167.09,5,2.26,CLOUD,1
2026-04-20 14:53:07,2309,LOCAL,0.00,184.29,0.00,184.36,5,2.25,CLOUD,1
2026-04-20 14:53:07,2310,LOCAL,0.00,158.51,0.00,158.59,5,2.26,CLOUD,1
2026-04-20 14:53:07,2311,LOCAL,0.00,211.96,0.00,212.03,5,2.25,CLOUD,1
2026-04-20 14:53:07,2312,LOCAL,0.00,184.96,0.00,185.03,5,2.24,CLOUD,1
2026-04-20 14:53:07,2313,LOCAL,0.00,170.35,0.00,170.42,5,2.25,CLOUD,1
2026-04-20 14:53:08,2314,LOCAL,0.00,163.91,0.00,163.98,5,2.25,CLOUD,1
2026-04-20 14:53:08,2315,LOCAL,0.00,154.55,0.00,154.61,5,2.25,CLOUD,1
2026-04-20 14:53:08,2316,LOCAL,0.00,166.60,0.00,166.65,5,2.25,CLOUD,1
2026-04-20 14:53:08,2317,LOCAL,0.00,226.64,0.00,226.73,5,2.24,CLOUD,2
2026-04-20 14:53:08,2318,LOCAL,0.00,189.94,0.00,190.02,5,2.24,CLOUD,2
2026-04-20 14:53:08,2319,LOCAL,0.00,192.97,0.00,193.04,5,2.24,CLOUD,2
2026-04-20 14:53:09,2320,LOCAL,0.00,176.69,0.00,176.75,5,2.24,CLOUD,2
2026-04-20 14:53:09,2321,LOCAL,0.00,194.44,0.00,194.52,5,5.09,CLOUD,2
2026-04-20 14:53:09,2322,LOCAL,0.00,208.62,0.00,208.68,5,5.14,CLOUD,2
2026-04-20 14:53:09,2323,LOCAL,0.00,202.83,0.00,202.89,5,5.14,CLOUD,2
2026-04-20 14:53:09,2324,LOCAL,0.00,206.95,0.00,207.01,5,5.12,CLOUD,2
2026-04-20 14:53:10,2325,LOCAL,0.00,179.60,0.00,179.68,5,5.10,CLOUD,2
2026-04-20 14:53:10,2326,LOCAL,0.00,182.97,0.00,183.06,5,5.11,CLOUD,2
2026-04-20 14:53:10,2327,LOCAL,0.00,245.70,0.00,245.90,5,5.05,,0
2026-04-20 14:53:10,2328,LOCAL,0.00,206.30,0.00,206.44,5,5.00,,0
2026-04-20 14:53:11,2329,CLOUD,25.85,6113.53,107.50,6247.31,6,2.47,,0
2026-04-20 14:53:17,2330,CLOUD,24.05,4613.43,178.03,4815.99,6,1.77,LOCAL,1
2026-04-20 14:53:22,2331,CLOUD,25.89,5590.81,96.21,5713.34,6,1.33,,0
2026-04-20 14:53:27,2332,CLOUD,33.52,5917.66,103.07,6054.67,6,1.05,,0
2026-04-20 14:53:33,2333,CLOUD,23.15,4943.00,107.38,5079.84,6,0.89,LOCAL,1
2026-04-20 14:53:38,2334,CLOUD,25.84,3029.99,67.14,3123.37,6,0.82,,0
2026-04-20 14:53:42,2335,CLOUD,13.90,2955.79,90.12,3060.22,6,0.75,,0
2026-04-20 14:53:45,2336,CLOUD,29.86,3543.52,106.69,3680.55,6,0.69,,0
2026-04-20 14:53:48,2337,CLOUD,25.30,3334.79,115.51,3475.98,6,0.64,,0
2026-04-20 14:53:52,2338,CLOUD,25.93,4086.21,98.95,4211.54,6,0.59,,0
2026-04-20 14:53:56,2339,CLOUD,25.71,5431.34,91.09,5548.52,6,0.53,LOCAL,1
2026-04-20 14:54:02,2340,CLOUD,24.53,6495.93,94.69,6615.59,6,0.47,LOCAL,1
2026-04-20 14:54:08,2341,LOCAL,0.00,290.43,0.00,290.51,5,0.47,,0
2026-04-20 14:54:09,2342,LOCAL,0.00,192.36,0.00,192.47,5,0.47,,0
2026-04-20 14:54:09,2343,LOCAL,0.00,182.17,0.00,182.24,5,0.47,,0
2026-04-20 14:54:09,2344,LOCAL,0.00,197.56,0.00,197.62,5,0.47,,0
2026-04-20 14:54:09,2345,LOCAL,0.00,188.01,0.00,188.08,5,0.47,,0
2026-04-20 14:54:09,2346,LOCAL,0.00,163.18,0.00,163.28,5,0.47,,0
2026-04-20 14:54:10,2347,LOCAL,0.00,197.84,0.00,197.91,5,0.47,,0
2026-04-20 14:54:10,2348,LOCAL,0.00,186.07,0.00,186.16,5,0.47,,0
2026-04-20 14:54:10,2349,LOCAL,0.00,183.09,0.00,183.15,5,0.47,,0
2026-04-20 14:54:10,2350,LOCAL,0.00,171.74,0.00,171.80,5,0.47,,0
2026-04-20 14:54:10,2351,LOCAL,0.00,202.55,0.00,202.62,5,0.47,,0
2026-04-20 14:54:10,2352,LOCAL,0.00,171.47,0.00,171.53,5,0.47,,0
2026-04-20 14:54:11,2353,LOCAL,0.00,188.49,0.00,188.55,5,0.47,CLOUD,1
2026-04-20 14:54:11,2354,LOCAL,0.00,135.33,0.00,135.41,5,0.47,CLOUD,1
2026-04-20 14:54:11,2355,LOCAL,0.00,155.69,0.00,155.77,5,0.47,CLOUD,1
2026-04-20 14:54:11,2356,LOCAL,0.00,179.62,0.00,179.68,5,0.47,CLOUD,1
2026-04-20 14:54:11,2357,LOCAL,0.00,168.03,0.00,168.09,5,0.48,CLOUD,1
2026-04-20 14:54:12,2358,LOCAL,0.00,189.96,0.00,190.02,5,0.53,CLOUD,1
2026-04-20 14:54:12,2359,LOCAL,0.00,157.28,0.00,157.34,5,0.58,CLOUD,1
2026-04-20 14:54:12,2360,LOCAL,0.00,121.84,0.00,121.90,5,0.65,CLOUD,1
2026-04-20 14:54:12,2361,LOCAL,0.00,174.74,0.00,174.81,5,0.75,CLOUD,1
2026-04-20 14:54:12,2362,LOCAL,0.00,179.62,0.00,179.68,5,0.85,CLOUD,1
2026-04-20 14:54:12,2363,LOCAL,0.00,164.96,0.00,165.03,5,0.94,CLOUD,1
2026-04-20 14:54:13,2364,LOCAL,0.00,178.86,0.00,178.92,5,1.03,CLOUD,1
2026-04-20 14:54:13,2365,LOCAL,0.00,166.78,0.00,166.85,5,1.18,CLOUD,2
2026-04-20 14:54:13,2366,LOCAL,0.00,173.20,0.00,173.26,5,1.36,CLOUD,2
2026-04-20 14:54:13,2367,LOCAL,0.00,194.07,0.00,194.13,5,1.68,CLOUD,2
2026-04-20 14:54:13,2368,LOCAL,0.00,179.43,0.00,179.50,5,2.43,CLOUD,2
2026-04-20 14:54:14,2369,LOCAL,0.00,169.04,0.00,169.10,5,5.28,CLOUD,2
2026-04-20 14:54:14,2370,LOCAL,0.00,183.67,0.00,183.73,5,5.40,CLOUD,2
2026-04-20 14:54:14,2371,LOCAL,0.00,165.21,0.00,165.28,5,5.42,CLOUD,2
2026-04-20 14:54:14,2372,LOCAL,0.00,215.56,0.00,215.65,5,5.39,CLOUD,2
2026-04-20 14:54:14,2373,LOCAL,0.00,190.18,0.00,190.26,5,5.39,CLOUD,2
2026-04-20 14:54:15,2374,LOCAL,0.00,172.40,0.00,172.47,5,5.42,CLOUD,2
2026-04-20 14:54:15,2375,LOCAL,0.00,188.74,0.00,188.96,5,5.40,,0
2026-04-20 14:54:15,2376,LOCAL,0.00,192.46,0.00,192.58,5,5.37,,0
2026-04-20 14:54:15,2377,CLOUD,37.60,4427.54,103.23,4568.74,6,2.97,,0
2026-04-20 14:54:20,2378,CLOUD,14.16,4824.46,106.45,4945.55,6,2.00,LOCAL,1
2026-04-20 14:54:25,2379,CLOUD,13.59,6579.26,99.03,6692.27,6,1.38,,0
2026-04-20 14:54:31,2380,CLOUD,25.53,5063.36,105.16,5194.46,6,1.11,LOCAL,2
2026-04-20 14:54:37,2381,LOCAL,0.00,222.10,0.00,227.89,5,1.11,,0
2026-04-20 14:54:37,2382,LOCAL,0.00,194.79,0.00,194.86,5,1.11,,0
2026-04-20 14:54:37,2383,LOCAL,0.00,180.81,0.00,180.87,5,1.11,,0
2026-04-20 14:54:37,2384,LOCAL,0.00,174.87,0.00,175.02,5,1.11,,0
2026-04-20 14:54:37,2385,LOCAL,0.00,173.58,0.00,173.67,5,1.11,,0
2026-04-20 14:54:38,2386,LOCAL,0.00,174.00,0.00,174.07,5,1.11,,0
2026-04-20 14:54:38,2387,LOCAL,0.00,169.57,0.00,169.64,5,1.11,,0
2026-04-20 14:54:38,2388,LOCAL,0.00,163.96,0.00,164.02,5,1.11,,0
2026-04-20 14:54:38,2389,LOCAL,0.00,190.58,0.00,190.66,5,1.11,,0
2026-04-20 14:54:38,2390,LOCAL,0.00,197.65,0.00,197.71,5,1.11,,0
2026-04-20 14:54:38,2391,LOCAL,0.00,256.07,0.00,256.17,5,1.10,,0
2026-04-20 14:54:39,2392,LOCAL,0.00,175.35,0.00,175.42,5,1.10,,0
2026-04-20 14:54:39,2393,LOCAL,0.00,170.94,0.00,171.00,5,1.10,,0
2026-04-20 14:54:39,2394,LOCAL,0.00,176.06,0.00,176.12,5,1.10,,0
2026-04-20 14:54:39,2395,LOCAL,0.00,174.70,0.00,174.77,5,1.10,,0
2026-04-20 14:54:39,2396,LOCAL,0.00,189.03,0.00,189.09,5,1.10,CLOUD,1
2026-04-20 14:54:40,2397,LOCAL,0.00,187.38,0.00,187.46,5,1.10,CLOUD,1
2026-04-20 14:54:40,2398,LOCAL,0.00,173.32,0.00,173.39,5,1.10,CLOUD,1
2026-04-20 14:54:40,2399,LOCAL,0.00,200.42,0.00,200.51,5,1.10,CLOUD,1
2026-04-20 14:54:40,2400,LOCAL,0.00,172.70,0.00,172.76,5,1.10,CLOUD,1
2026-04-20 14:54:40,2401,LOCAL,0.00,164.47,0.00,164.53,5,1.10,CLOUD,1
2026-04-20 14:54:41,2402,LOCAL,0.00,172.46,0.00,172.60,5,1.10,CLOUD,1
2026-04-20 14:54:41,2403,LOCAL,0.00,173.81,0.00,173.89,5,1.10,CLOUD,1
2026-04-20 14:54:41,2404,LOCAL,0.00,179.35,0.00,179.41,5,1.10,CLOUD,1
2026-04-20 14:54:41,2405,LOCAL,0.00,184.09,0.00,184.17,5,1.10,CLOUD,1
2026-04-20 14:54:41,2406,LOCAL,0.00,177.58,0.00,177.66,5,1.32,CLOUD,1
2026-04-20 14:54:42,2407,LOCAL,0.00,190.95,0.00,191.03,5,1.69,CLOUD,2
2026-04-20 14:54:42,2408,LOCAL,0.00,176.11,0.00,176.20,5,2.73,CLOUD,2
2026-04-20 14:54:42,2409,LOCAL,0.00,170.55,0.00,170.61,5,5.19,CLOUD,2
2026-04-20 14:54:42,2410,LOCAL,0.00,192.97,0.00,193.03,5,5.22,CLOUD,2
2026-04-20 14:54:42,2411,LOCAL,0.00,180.35,0.00,180.42,5,5.24,CLOUD,2
2026-04-20 14:54:43,2412,LOCAL,0.00,163.92,0.00,163.99,5,5.26,CLOUD,2
2026-04-20 14:54:43,2413,LOCAL,0.00,163.75,0.00,163.81,5,5.28,CLOUD,2
2026-04-20 14:54:43,2414,LOCAL,0.00,176.17,0.00,176.23,5,5.27,CLOUD,2
2026-04-20 14:54:43,2415,LOCAL,0.00,172.46,0.00,172.51,5,5.27,CLOUD,2
2026-04-20 14:54:43,2416,LOCAL,0.00,133.73,0.00,133.79,5,5.32,CLOUD,2
2026-04-20 14:54:43,2417,LOCAL,0.00,157.56,0.00,157.62,5,5.33,CLOUD,2
2026-04-20 14:54:44,2418,LOCAL,0.00,158.03,0.00,158.11,5,5.37,,0
2026-04-20 14:54:44,2419,LOCAL,0.00,280.07,0.00,280.16,5,5.27,,0
2026-04-20 14:54:44,2420,CLOUD,41.57,7971.12,118.75,8131.87,6,2.17,,0
2026-04-20 14:54:52,2421,LOCAL,0.00,265.79,0.00,265.87,5,2.15,,0
2026-04-20 14:54:52,2422,LOCAL,0.00,207.94,0.00,208.00,5,2.15,,0
2026-04-20 14:54:53,2423,LOCAL,0.00,202.58,0.00,202.65,5,2.14,,0
2026-04-20 14:54:53,2424,LOCAL,0.00,169.12,0.00,169.19,5,2.14,,0
2026-04-20 14:54:53,2425,LOCAL,0.00,185.58,0.00,185.65,5,2.14,,0
2026-04-20 14:54:53,2426,LOCAL,0.00,231.90,0.00,231.97,5,2.13,,0
2026-04-20 14:54:53,2427,LOCAL,0.00,189.64,0.00,189.70,5,2.13,,0
2026-04-20 14:54:54,2428,LOCAL,0.00,222.20,0.00,222.36,5,2.12,,0
2026-04-20 14:54:54,2429,LOCAL,0.00,171.37,0.00,171.43,5,2.12,,0
2026-04-20 14:54:54,2430,LOCAL,0.00,185.26,0.00,185.32,5,2.12,,0
2026-04-20 14:54:54,2431,LOCAL,0.00,171.46,0.00,171.53,5,2.12,,0
2026-04-20 14:54:55,2432,LOCAL,0.00,197.97,0.00,198.04,5,2.12,,0
2026-04-20 14:54:55,2433,LOCAL,0.00,190.92,0.00,190.99,5,2.12,CLOUD,1
2026-04-20 14:54:55,2434,LOCAL,0.00,184.13,0.00,184.19,5,2.12,CLOUD,1
2026-04-20 14:54:55,2435,LOCAL,0.00,177.69,0.00,177.75,5,2.12,CLOUD,1
2026-04-20 14:54:55,2436,LOCAL,0.00,146.11,0.00,146.18,5,2.12,CLOUD,1
2026-04-20 14:54:55,2437,LOCAL,0.00,184.46,0.00,184.53,5,2.12,CLOUD,1
2026-04-20 14:54:56,2438,LOCAL,0.00,171.08,0.00,171.14,5,2.12,CLOUD,1
2026-04-20 14:54:56,2439,LOCAL,0.00,169.39,0.00,169.45,5,2.12,CLOUD,1
2026-04-20 14:54:56,2440,LOCAL,0.00,180.22,0.00,180.28,5,2.12,CLOUD,1
2026-04-20 14:54:56,2441,LOCAL,0.00,191.85,0.00,191.91,5,2.12,CLOUD,1
2026-04-20 14:54:56,2442,LOCAL,0.00,180.92,0.00,180.98,5,2.11,CLOUD,1
2026-04-20 14:54:57,2443,LOCAL,0.00,179.83,0.00,179.91,5,2.12,CLOUD,1
2026-04-20 14:54:57,2444,LOCAL,0.00,142.36,0.00,142.42,5,2.12,CLOUD,2
2026-04-20 14:54:57,2445,LOCAL,0.00,179.66,0.00,179.72,5,2.11,CLOUD,2
2026-04-20 14:54:57,2446,LOCAL,0.00,148.61,0.00,148.67,5,2.11,CLOUD,2
2026-04-20 14:54:57,2447,LOCAL,0.00,173.68,0.00,173.74,5,2.11,CLOUD,2
2026-04-20 14:54:57,2448,LOCAL,0.00,174.66,0.00,174.74,5,2.13,CLOUD,2
2026-04-20 14:54:58,2449,LOCAL,0.00,189.56,0.00,189.63,5,5.10,CLOUD,2
2026-04-20 14:54:58,2450,LOCAL,0.00,247.94,0.00,248.03,5,5.11,CLOUD,2
2026-04-20 14:54:58,2451,LOCAL,0.00,184.41,0.00,184.50,5,5.10,CLOUD,2
2026-04-20 14:54:58,2452,LOCAL,0.00,182.63,0.00,182.71,5,5.11,CLOUD,2
2026-04-20 14:54:58,2453,LOCAL,0.00,181.98,0.00,182.08,5,5.12,CLOUD,2
2026-04-20 14:54:59,2454,LOCAL,0.00,181.35,0.00,181.41,5,5.14,CLOUD,2
2026-04-20 14:54:59,2455,LOCAL,0.00,228.03,0.00,228.11,5,5.13,,0
2026-04-20 14:54:59,2456,CLOUD,16.62,15115.19,113.97,15247.86,6,1.40,,0
2026-04-20 14:55:14,2457,CLOUD,30.17,7111.16,114.03,7255.78,6,1.05,LOCAL,1
2026-04-20 14:55:22,2458,LOCAL,0.00,270.48,0.00,270.55,5,1.04,,0
2026-04-20 14:55:22,2459,LOCAL,0.00,187.84,0.00,187.91,5,1.04,,0
2026-04-20 14:55:22,2460,LOCAL,0.00,196.32,0.00,196.39,5,1.04,,0
2026-04-20 14:55:22,2461,LOCAL,0.00,217.63,0.00,217.70,5,1.04,CLOUD,1
2026-04-20 14:55:23,2462,LOCAL,0.00,199.94,0.00,200.00,5,1.04,CLOUD,1
2026-04-20 14:55:23,2463,LOCAL,0.00,200.47,0.00,200.53,5,1.04,CLOUD,1
2026-04-20 14:55:23,2464,LOCAL,0.00,183.48,0.00,183.55,5,1.04,CLOUD,1
2026-04-20 14:55:23,2465,LOCAL,0.00,225.94,0.00,226.17,5,1.04,CLOUD,1
2026-04-20 14:55:23,2466,LOCAL,0.00,225.82,0.00,225.96,5,1.04,CLOUD,1
2026-04-20 14:55:24,2467,LOCAL,0.00,147.19,0.00,147.26,5,1.04,CLOUD,1
2026-04-20 14:55:24,2468,LOCAL,0.00,126.28,0.00,126.38,5,1.04,CLOUD,1
2026-04-20 14:55:24,2469,LOCAL,0.00,122.24,0.00,122.31,5,1.04,CLOUD,1
2026-04-20 14:55:24,2470,LOCAL,0.00,159.84,0.00,159.95,5,1.04,CLOUD,1
2026-04-20 14:55:24,2471,LOCAL,0.00,153.73,0.00,153.80,5,1.04,CLOUD,2
2026-04-20 14:55:24,2472,LOCAL,0.00,164.23,0.00,164.29,5,1.04,CLOUD,2
2026-04-20 14:55:25,2473,LOCAL,0.00,202.08,0.00,202.14,5,1.04,CLOUD,2
2026-04-20 14:55:25,2474,LOCAL,0.00,189.45,0.00,189.51,5,1.04,CLOUD,2
2026-04-20 14:55:25,2475,LOCAL,0.00,180.33,0.00,180.39,5,1.04,CLOUD,2
2026-04-20 14:55:25,2476,LOCAL,0.00,193.35,0.00,193.42,5,1.04,CLOUD,2
2026-04-20 14:55:25,2477,LOCAL,0.00,145.64,0.00,145.71,5,1.04,CLOUD,2
2026-04-20 14:55:25,2478,LOCAL,0.00,157.44,0.00,157.52,5,1.04,CLOUD,2
2026-04-20 14:55:26,2479,LOCAL,0.00,177.77,0.00,177.84,5,1.05,CLOUD,2
2026-04-20 14:55:26,2480,LOCAL,0.00,144.21,0.00,144.28,5,1.05,CLOUD,2
2026-04-20 14:55:26,2481,LOCAL,0.00,140.36,0.00,140.42,5,1.05,CLOUD,2
2026-04-20 14:55:26,2482,LOCAL,0.00,162.82,0.00,162.91,5,1.05,CLOUD,2
2026-04-20 14:55:26,2483,LOCAL,0.00,222.71,0.00,222.80,5,1.05,,0
2026-04-20 14:55:27,2484,LOCAL,0.00,343.08,0.00,343.19,5,1.04,,0
2026-04-20 14:55:27,2485,CLOUD,25.96,9053.63,128.73,9209.11,6,1.33,,0
2026-04-20 14:55:36,2486,LOCAL,0.00,228.56,0.00,228.66,5,1.97,,0
2026-04-20 14:55:36,2487,LOCAL,0.00,190.70,0.00,190.80,5,1.98,,0
2026-04-20 14:55:37,2488,LOCAL,0.00,175.09,0.00,175.15,5,1.98,,0
2026-04-20 14:55:37,2489,LOCAL,0.00,252.36,0.00,252.46,5,1.98,,0
2026-04-20 14:55:37,2490,LOCAL,0.00,207.41,0.00,207.48,5,1.97,,0
2026-04-20 14:55:37,2491,LOCAL,0.00,192.62,0.00,192.68,5,1.98,,0
2026-04-20 14:55:37,2492,LOCAL,0.00,168.33,0.00,168.40,5,1.98,,0
2026-04-20 14:55:38,2493,LOCAL,0.00,160.88,0.00,160.94,5,1.98,,0
2026-04-20 14:55:38,2494,LOCAL,0.00,189.45,0.00,189.51,5,1.99,,0
2026-04-20 14:55:38,2495,LOCAL,0.00,178.21,0.00,178.30,5,1.99,,0
2026-04-20 14:55:38,2496,LOCAL,0.00,155.07,0.00,155.12,5,1.99,,0
2026-04-20 14:55:38,2497,LOCAL,0.00,194.04,0.00,194.21,5,1.99,,0
2026-04-20 14:55:39,2498,LOCAL,0.00,169.82,0.00,169.90,5,1.98,,0
2026-04-20 14:55:39,2499,LOCAL,0.00,200.15,0.00,200.21,5,1.97,,0
2026-04-20 14:55:39,2500,LOCAL,0.00,169.50,0.00,169.56,5,1.97,CLOUD,1
2026-04-20 14:55:39,2501,LOCAL,0.00,205.10,0.00,205.16,5,1.97,CLOUD,1
2026-04-20 14:55:39,2502,LOCAL,0.00,208.19,0.00,208.26,5,1.97,CLOUD,1
2026-04-20 14:55:39,2503,LOCAL,0.00,213.02,0.00,213.09,5,1.96,CLOUD,1
2026-04-20 14:55:40,2504,LOCAL,0.00,188.91,0.00,188.97,5,1.96,CLOUD,1
2026-04-20 14:55:40,2505,LOCAL,0.00,212.36,0.00,220.61,5,1.96,CLOUD,1
2026-04-20 14:55:40,2506,LOCAL,0.00,179.26,0.00,179.37,5,1.95,CLOUD,1
2026-04-20 14:55:40,2507,LOCAL,0.00,207.66,0.00,207.73,5,1.95,CLOUD,1
2026-04-20 14:55:41,2508,LOCAL,0.00,170.29,0.00,170.40,5,1.95,CLOUD,1
2026-04-20 14:55:41,2509,LOCAL,0.00,154.00,0.00,154.07,5,1.95,,0
2026-04-20 14:55:41,2510,LOCAL,0.00,178.93,0.00,179.00,5,1.94,,0
2026-04-20 14:55:41,2511,LOCAL,0.00,187.81,0.00,187.88,5,1.94,,0
2026-04-20 14:55:41,2512,LOCAL,0.00,154.88,0.00,154.98,5,1.95,,0
2026-04-20 14:55:41,2513,LOCAL,0.00,176.03,0.00,176.09,5,1.97,,0
2026-04-20 14:55:42,2514,LOCAL,0.00,185.01,0.00,185.10,5,5.07,,0
2026-04-20 14:55:42,2515,LOCAL,0.00,174.91,0.00,174.97,5,5.13,,0
2026-04-20 14:55:42,2516,LOCAL,0.00,164.72,0.00,164.79,5,5.17,,0
2026-04-20 14:55:42,2517,LOCAL,0.00,160.23,0.00,160.30,5,5.20,,0
2026-04-20 14:55:42,2518,LOCAL,0.00,216.68,0.00,216.74,5,5.23,,0
2026-04-20 14:55:43,2519,LOCAL,0.00,174.86,0.00,174.97,5,5.27,,0
2026-04-20 14:55:43,2520,LOCAL,0.00,184.99,0.00,185.14,5,5.28,,0
2026-04-20 14:55:43,2521,LOCAL,0.00,176.62,0.00,176.68,5,5.27,,0
2026-04-20 14:55:43,2522,LOCAL,0.00,172.17,0.00,172.23,5,5.27,,0
2026-04-20 14:55:43,2523,LOCAL,0.00,181.71,0.00,181.77,5,5.27,,0
2026-04-20 14:55:43,2524,LOCAL,0.00,164.43,0.00,164.50,5,5.28,,0
2026-04-20 14:55:44,2525,LOCAL,0.00,157.66,0.00,157.74,5,5.27,,0
2026-04-20 14:55:44,2526,LOCAL,0.00,190.80,0.00,190.86,5,5.28,,0
2026-04-20 14:55:44,2527,LOCAL,0.00,185.79,0.00,185.86,5,5.26,,0
2026-04-20 14:55:44,2528,LOCAL,0.00,184.58,0.00,184.64,5,5.28,,0
2026-04-20 14:55:44,2529,LOCAL,0.00,186.31,0.00,186.38,5,5.27,,0
2026-04-20 14:55:45,2530,LOCAL,0.00,173.48,0.00,173.56,5,5.30,,0
2026-04-20 14:55:45,2531,LOCAL,0.00,176.46,0.00,176.54,5,5.32,,0
2026-04-20 14:55:45,2532,LOCAL,0.00,173.40,0.00,173.48,5,5.36,,0
2026-04-20 14:55:45,2533,LOCAL,0.00,170.45,0.00,170.53,5,5.38,,0
2026-04-20 14:55:45,2534,LOCAL,0.00,187.43,0.00,187.50,5,5.42,,0
2026-04-20 14:55:45,2535,LOCAL,0.00,184.09,0.00,184.15,5,5.43,,0
2026-04-20 14:55:46,2536,LOCAL,0.00,165.84,0.00,165.92,5,5.47,,0
2026-04-20 14:55:46,2537,LOCAL,0.00,162.84,0.00,162.90,5,5.49,,0
2026-04-20 14:55:46,2538,LOCAL,0.00,174.03,0.00,174.12,5,5.45,,0
2026-04-20 14:55:46,2539,LOCAL,0.00,202.42,0.00,202.48,5,5.43,,0
2026-04-20 14:55:46,2540,LOCAL,0.00,177.72,0.00,177.80,5,5.44,,0
2026-04-20 14:55:47,2541,LOCAL,0.00,243.09,0.00,243.16,5,5.33,,0
2026-04-20 14:55:47,2542,LOCAL,0.00,178.74,0.00,178.80,5,5.34,,0
2026-04-20 14:55:47,2543,LOCAL,0.00,151.90,0.00,151.96,5,5.38,,0
2026-04-20 14:55:47,2544,LOCAL,0.00,242.34,0.00,242.51,5,5.27,,0
2026-04-20 14:55:47,2545,LOCAL,0.00,150.10,0.00,150.17,5,5.27,,0
2026-04-20 14:55:48,2546,LOCAL,0.00,163.24,0.00,163.31,5,5.26,,0
2026-04-20 14:55:48,2547,LOCAL,0.00,166.80,0.00,166.87,5,5.30,,0
2026-04-20 14:55:48,2548,LOCAL,0.00,154.62,0.00,154.69,5,5.32,,0
2026-04-20 14:55:48,2549,LOCAL,0.00,184.64,0.00,184.70,5,5.32,,0
2026-04-20 14:55:48,2550,LOCAL,0.00,192.38,0.00,192.45,5,5.28,,0
2026-04-20 14:55:49,2551,LOCAL,0.00,195.65,0.00,195.72,5,5.27,,0
2026-04-20 14:55:49,2552,LOCAL,0.00,174.76,0.00,174.82,5,5.28,,0
2026-04-20 14:55:49,2553,LOCAL,0.00,163.83,0.00,163.88,5,5.29,,0
2026-04-20 14:55:49,2554,LOCAL,0.00,192.34,0.00,192.40,5,5.26,,0
2026-04-20 14:55:49,2555,LOCAL,0.00,135.48,0.00,135.54,5,5.31,,0
2026-04-20 14:55:49,2556,LOCAL,0.00,178.48,0.00,178.58,5,5.32,,0
2026-04-20 14:55:50,2557,LOCAL,0.00,171.83,0.00,171.93,5,5.32,,0
2026-04-20 14:55:50,2558,LOCAL,0.00,191.21,0.00,191.28,5,5.31,,0
2026-04-20 14:55:50,2559,LOCAL,0.00,204.67,0.00,204.75,5,5.27,,0
2026-04-20 14:55:50,2560,LOCAL,0.00,155.52,0.00,155.58,5,5.30,,0
2026-04-20 14:55:50,2561,LOCAL,0.00,144.57,0.00,144.63,5,5.33,,0
2026-04-20 14:55:51,2562,LOCAL,0.00,172.54,0.00,172.61,5,5.32,,0
2026-04-20 14:55:51,2563,LOCAL,0.00,177.70,0.00,177.76,5,5.33,,0
2026-04-20 14:55:51,2564,LOCAL,0.00,161.60,0.00,161.66,5,5.35,,0
2026-04-20 14:55:51,2565,LOCAL,0.00,187.99,0.00,188.05,5,5.33,,0
2026-04-20 14:55:51,2566,LOCAL,0.00,167.74,0.00,167.81,5,5.33,,0
2026-04-20 14:55:51,2567,LOCAL,0.00,190.54,0.00,190.61,5,5.32,,0
2026-04-20 14:55:52,2568,LOCAL,0.00,132.66,0.00,132.71,5,5.38,,0
2026-04-20 14:55:52,2569,LOCAL,0.00,187.91,0.00,187.98,5,5.38,,0
2026-04-20 14:55:52,2570,LOCAL,0.00,181.43,0.00,181.50,5,5.46,,0
2026-04-20 14:55:52,2571,LOCAL,0.00,168.77,0.00,168.82,5,5.46,,0
2026-04-20 14:55:52,2572,LOCAL,0.00,162.50,0.00,162.55,5,5.45,,0
2026-04-20 14:55:53,2573,LOCAL,0.00,174.88,0.00,174.96,5,5.56,,0
2026-04-20 14:55:53,2574,LOCAL,0.00,167.99,0.00,168.05,5,5.55,,0
2026-04-20 14:55:53,2575,LOCAL,0.00,198.15,0.00,198.20,5,5.51,,0
2026-04-20 14:55:53,2576,LOCAL,0.00,199.99,0.00,200.06,5,5.49,,0
2026-04-20 14:55:53,2577,LOCAL,0.00,161.80,0.00,161.87,5,5.47,,0
2026-04-20 14:55:53,2578,LOCAL,0.00,162.17,0.00,162.23,5,5.48,,0
2026-04-20 14:55:54,2579,LOCAL,0.00,190.02,0.00,190.08,5,5.50,,0
2026-04-20 14:55:54,2580,LOCAL,0.00,182.87,0.00,182.93,5,5.51,,0
2026-04-20 14:55:54,2581,LOCAL,0.00,195.12,0.00,195.18,5,5.49,,0
2026-04-20 14:55:54,2582,LOCAL,0.00,178.89,0.00,178.96,5,5.49,,0
2026-04-20 14:55:54,2583,LOCAL,0.00,191.38,0.00,191.44,5,5.49,,0
2026-04-20 14:55:55,2584,LOCAL,0.00,172.25,0.00,172.31,5,5.45,,0
2026-04-20 14:55:55,2585,LOCAL,0.00,186.15,0.00,186.21,5,5.44,,0
2026-04-20 14:55:55,2586,LOCAL,0.00,188.08,0.00,188.15,5,5.42,,0
2026-04-20 14:55:55,2587,LOCAL,0.00,191.77,0.00,191.83,5,5.41,,0
2026-04-20 14:55:55,2588,LOCAL,0.00,273.57,0.00,273.66,5,5.36,,0
2026-04-20 14:55:56,2589,LOCAL,0.00,178.38,0.00,178.46,5,5.32,,0
2026-04-20 14:55:56,2590,LOCAL,0.00,183.96,0.00,184.02,5,5.28,,0
2026-04-20 14:55:56,2591,LOCAL,0.00,156.17,0.00,156.24,5,5.32,,0
2026-04-20 14:55:56,2592,LOCAL,0.00,184.06,0.00,184.12,5,5.31,,0
2026-04-20 14:55:56,2593,LOCAL,0.00,186.83,0.00,186.91,5,5.28,,0
2026-04-20 14:55:57,2594,LOCAL,0.00,164.49,0.00,164.54,5,5.29,,0
2026-04-20 14:55:57,2595,LOCAL,0.00,188.10,0.00,188.15,5,5.27,,0
2026-04-20 14:55:57,2596,LOCAL,0.00,193.36,0.00,193.42,5,5.27,,0
2026-04-20 14:55:57,2597,LOCAL,0.00,151.90,0.00,151.97,5,5.26,,0
2026-04-20 14:55:57,2598,LOCAL,0.00,147.22,0.00,147.29,5,5.29,,0
2026-04-20 14:55:57,2599,LOCAL,0.00,172.53,0.00,172.62,5,5.29,,0
2026-04-20 14:55:58,2600,LOCAL,0.00,176.44,0.00,176.51,5,5.29,,0
2026-04-20 14:55:58,2601,LOCAL,0.00,190.44,0.00,190.50,5,5.26,,0
2026-04-20 14:55:58,2602,LOCAL,0.00,129.35,0.00,129.41,5,5.29,,0
2026-04-20 14:55:58,2603,LOCAL,0.00,172.88,0.00,172.94,5,5.30,,0
2026-04-20 14:55:58,2604,LOCAL,0.00,168.74,0.00,168.80,5,5.33,,0
2026-04-20 14:55:59,2605,LOCAL,0.00,235.63,0.00,235.82,5,5.29,,0
2026-04-20 14:55:59,2606,LOCAL,0.00,158.37,0.00,158.47,5,5.27,,0
2026-04-20 14:55:59,2607,LOCAL,0.00,180.35,0.00,180.41,5,5.26,,0
2026-04-20 14:55:59,2608,LOCAL,0.00,179.30,0.00,179.37,5,5.27,,0
2026-04-20 14:55:59,2609,LOCAL,0.00,179.35,0.00,179.43,5,5.26,,0
2026-04-20 14:56:00,2610,LOCAL,0.00,177.58,0.00,177.65,5,5.28,,0
2026-04-20 14:56:00,2611,LOCAL,0.00,186.61,0.00,186.68,5,5.26,,0
2026-04-20 14:56:00,2612,LOCAL,0.00,185.83,0.00,185.89,5,5.26,,0
2026-04-20 14:56:00,2613,LOCAL,0.00,202.66,0.00,202.73,5,5.23,,0
2026-04-20 14:56:00,2614,LOCAL,0.00,123.01,0.00,123.07,5,5.30,,0
2026-04-20 14:56:00,2615,LOCAL,0.00,181.22,0.00,181.29,5,5.32,,0
2026-04-20 14:56:01,2616,LOCAL,0.00,144.08,0.00,144.14,5,5.38,,0
2026-04-20 14:56:01,2617,LOCAL,0.00,161.14,0.00,161.33,5,5.47,,0
2026-04-20 14:56:01,2618,LOCAL,0.00,176.23,0.00,176.29,5,5.49,,0
2026-04-20 14:56:01,2619,LOCAL,0.00,182.74,0.00,182.79,5,5.49,,0
2026-04-20 14:56:01,2620,LOCAL,0.00,187.64,0.00,187.69,5,5.45,,0
2026-04-20 14:56:02,2621,LOCAL,0.00,191.75,0.00,191.82,5,5.45,,0
2026-04-20 14:56:02,2622,LOCAL,0.00,243.89,0.00,244.10,5,5.39,,0
2026-04-20 14:56:02,2623,LOCAL,0.00,191.72,0.00,191.80,5,5.35,,0
2026-04-20 14:56:02,2624,LOCAL,0.00,187.22,0.00,187.29,5,5.32,,0
2026-04-20 14:56:02,2625,LOCAL,0.00,157.39,0.00,157.46,5,5.34,,0
2026-04-20 14:56:03,2626,LOCAL,0.00,177.48,0.00,177.55,5,5.31,,0
2026-04-20 14:56:03,2627,LOCAL,0.00,190.91,0.00,190.98,5,5.27,,0
2026-04-20 14:56:03,2628,LOCAL,0.00,167.68,0.00,167.74,5,5.29,CLOUD,1
2026-04-20 14:56:03,2629,LOCAL,0.00,176.20,0.00,176.26,5,5.29,CLOUD,1
2026-04-20 14:56:03,2630,LOCAL,0.00,194.28,0.00,194.38,5,5.29,CLOUD,1
2026-04-20 14:56:04,2631,LOCAL,0.00,166.95,0.00,167.02,5,5.26,CLOUD,1
2026-04-20 14:56:04,2632,LOCAL,0.00,148.57,0.00,148.64,5,5.27,CLOUD,1
2026-04-20 14:56:04,2633,LOCAL,0.00,175.99,0.00,176.08,5,5.26,CLOUD,1
2026-04-20 14:56:04,2634,LOCAL,0.00,196.86,0.00,196.93,5,5.29,CLOUD,1
2026-04-20 14:56:04,2635,LOCAL,0.00,201.18,0.00,201.24,5,5.29,CLOUD,1
2026-04-20 14:56:04,2636,LOCAL,0.00,175.25,0.00,176.38,5,5.29,CLOUD,1
2026-04-20 14:56:05,2637,LOCAL,0.00,157.42,0.00,157.49,5,5.31,CLOUD,1
2026-04-20 14:56:05,2638,LOCAL,0.00,172.61,0.00,172.68,5,5.32,CLOUD,2
2026-04-20 14:56:05,2639,LOCAL,0.00,177.37,0.00,177.43,5,5.32,CLOUD,2
2026-04-20 14:56:05,2640,LOCAL,0.00,185.28,0.00,185.35,5,5.33,CLOUD,2
2026-04-20 14:56:05,2641,LOCAL,0.00,178.60,0.00,178.68,5,5.33,CLOUD,2
2026-04-20 14:56:06,2642,LOCAL,0.00,164.35,0.00,164.41,5,5.37,CLOUD,2
2026-04-20 14:56:06,2643,LOCAL,0.00,189.41,0.00,189.47,5,5.30,CLOUD,2
2026-04-20 14:56:06,2644,LOCAL,0.00,169.03,0.00,169.08,5,5.31,CLOUD,2
2026-04-20 14:56:06,2645,LOCAL,0.00,173.48,0.00,173.54,5,5.28,CLOUD,2
2026-04-20 14:56:06,2646,LOCAL,0.00,174.09,0.00,174.16,5,5.28,CLOUD,2
2026-04-20 14:56:06,2647,LOCAL,0.00,260.19,0.00,260.27,5,5.20,CLOUD,2
2026-04-20 14:56:07,2648,LOCAL,0.00,230.21,0.00,230.32,5,5.15,CLOUD,2
2026-04-20 14:56:07,2649,CLOUD,30.34,7769.21,138.06,7948.87,6,2.16,,0
2026-04-20 14:56:15,2650,CLOUD,25.78,4672.60,130.40,4833.94,6,1.61,LOCAL,2
2026-04-20 14:56:20,2651,LOCAL,0.00,256.39,0.00,256.48,5,1.61,CLOUD,1
2026-04-20 14:56:20,2652,LOCAL,0.00,204.11,0.00,204.17,5,1.61,CLOUD,1
2026-04-20 14:56:20,2653,LOCAL,0.00,236.99,0.00,237.08,5,1.60,CLOUD,1
2026-04-20 14:56:20,2654,LOCAL,0.00,199.88,0.00,199.95,5,1.60,CLOUD,1
2026-04-20 14:56:21,2655,LOCAL,0.00,194.23,0.00,194.30,5,1.60,CLOUD,1
2026-04-20 14:56:21,2656,LOCAL,0.00,196.36,0.00,196.48,5,1.60,CLOUD,1
2026-04-20 14:56:21,2657,LOCAL,0.00,202.29,0.00,202.36,5,1.59,CLOUD,1
2026-04-20 14:56:21,2658,LOCAL,0.00,182.96,0.00,183.04,5,1.59,CLOUD,2
2026-04-20 14:56:22,2659,LOCAL,0.00,191.33,0.00,191.40,5,1.59,CLOUD,2
2026-04-20 14:56:22,2660,LOCAL,0.00,190.08,0.00,190.17,5,1.59,CLOUD,2
2026-04-20 14:56:22,2661,LOCAL,0.00,208.35,0.00,208.42,5,1.59,CLOUD,2
2026-04-20 14:56:22,2662,LOCAL,0.00,183.85,0.00,183.92,5,1.59,CLOUD,2
2026-04-20 14:56:22,2663,LOCAL,0.00,173.19,0.00,173.25,5,1.59,CLOUD,2
2026-04-20 14:56:22,2664,LOCAL,0.00,182.64,0.00,182.73,5,1.59,CLOUD,2
2026-04-20 14:56:23,2665,LOCAL,0.00,184.37,0.00,184.43,5,1.59,CLOUD,2
2026-04-20 14:56:23,2666,LOCAL,0.00,172.81,0.00,172.88,5,1.59,CLOUD,2
2026-04-20 14:56:23,2667,LOCAL,0.00,212.73,0.00,212.78,5,1.59,CLOUD,2
2026-04-20 14:56:23,2668,LOCAL,0.00,222.07,0.00,222.16,5,1.58,,0
2026-04-20 14:56:23,2669,CLOUD,36.60,3619.20,117.34,3773.55,6,1.32,,0
2026-04-20 14:56:27,2670,CLOUD,16.47,5509.79,111.18,5637.89,6,1.06,,0
2026-04-20 14:56:33,2671,CLOUD,21.35,4503.69,101.13,4626.55,6,0.91,LOCAL,1
2026-04-20 14:56:38,2672,LOCAL,0.00,261.06,0.00,261.13,5,0.91,,0
2026-04-20 14:56:38,2673,LOCAL,0.00,205.46,0.00,205.53,5,0.91,,0
2026-04-20 14:56:38,2674,LOCAL,0.00,177.95,0.00,178.02,5,0.91,,0
2026-04-20 14:56:38,2675,LOCAL,0.00,194.33,0.00,194.40,5,0.91,CLOUD,1
2026-04-20 14:56:38,2676,LOCAL,0.00,179.95,0.00,180.01,5,0.91,CLOUD,1
2026-04-20 14:56:39,2677,LOCAL,0.00,201.03,0.00,201.09,5,0.91,CLOUD,1
2026-04-20 14:56:39,2678,LOCAL,0.00,223.36,0.00,223.42,5,1.20,CLOUD,1
2026-04-20 14:56:39,2679,LOCAL,0.00,247.62,0.00,247.71,5,1.48,CLOUD,1
2026-04-20 14:56:39,2680,LOCAL,0.00,148.84,0.00,148.96,5,1.49,CLOUD,1
2026-04-20 14:56:39,2681,LOCAL,0.00,183.01,0.00,183.07,5,1.49,CLOUD,1
2026-04-20 14:56:40,2682,LOCAL,0.00,184.80,0.00,184.87,5,1.50,CLOUD,1
2026-04-20 14:56:40,2683,LOCAL,0.00,197.94,0.00,198.00,5,1.50,CLOUD,1
2026-04-20 14:56:40,2684,LOCAL,0.00,169.75,0.00,169.83,5,1.50,CLOUD,1
2026-04-20 14:56:40,2685,LOCAL,0.00,180.22,0.00,180.30,5,1.50,,0
2026-04-20 14:56:40,2686,LOCAL,0.00,166.86,0.00,166.92,5,1.50,,0
2026-04-20 14:56:41,2687,LOCAL,0.00,178.13,0.00,178.20,5,1.50,,0
2026-04-20 14:56:41,2688,LOCAL,0.00,163.73,0.00,163.80,5,1.51,,0
2026-04-20 14:56:41,2689,LOCAL,0.00,169.77,0.00,169.84,5,1.51,,0
2026-04-20 14:56:41,2690,LOCAL,0.00,165.35,0.00,165.41,5,1.51,,0
2026-04-20 14:56:41,2691,LOCAL,0.00,199.89,0.00,199.95,5,1.51,,0
2026-04-20 14:56:42,2692,LOCAL,0.00,165.75,0.00,165.83,5,1.51,,0
2026-04-20 14:56:42,2693,LOCAL,0.00,191.14,0.00,191.20,5,1.51,,0
2026-04-20 14:56:42,2694,LOCAL,0.00,181.33,0.00,181.40,5,1.51,,0
2026-04-20 14:56:42,2695,LOCAL,0.00,200.22,0.00,200.27,5,1.51,,0
2026-04-20 14:56:42,2696,LOCAL,0.00,175.14,0.00,175.20,5,1.51,,0
2026-04-20 14:56:42,2697,LOCAL,0.00,191.60,0.00,191.66,5,1.51,,0
2026-04-20 14:56:43,2698,LOCAL,0.00,195.02,0.00,195.10,5,1.86,,0
2026-04-20 14:56:43,2699,LOCAL,0.00,176.44,0.00,176.51,5,2.86,,0
2026-04-20 14:56:43,2700,LOCAL,0.00,136.92,0.00,136.98,5,5.14,,0
2026-04-20 14:56:43,2701,LOCAL,0.00,164.19,0.00,164.25,5,5.24,,0
2026-04-20 14:56:43,2702,LOCAL,0.00,165.72,0.00,165.79,5,5.28,,0
2026-04-20 14:56:44,2703,LOCAL,0.00,186.35,0.00,186.42,5,5.27,,0
2026-04-20 14:56:44,2704,LOCAL,0.00,167.09,0.00,167.16,5,5.30,,0
2026-04-20 14:56:44,2705,LOCAL,0.00,164.81,0.00,164.87,5,5.31,,0
2026-04-20 14:56:44,2706,LOCAL,0.00,181.65,0.00,181.71,5,5.33,,0
2026-04-20 14:56:44,2707,LOCAL,0.00,167.48,0.00,167.54,5,5.37,,0
2026-04-20 14:56:44,2708,LOCAL,0.00,169.10,0.00,169.21,5,5.45,,0
2026-04-20 14:56:45,2709,LOCAL,0.00,166.12,0.00,166.18,5,5.43,,0
2026-04-20 14:56:45,2710,LOCAL,0.00,172.35,0.00,172.41,5,5.47,,0
2026-04-20 14:56:45,2711,LOCAL,0.00,173.37,0.00,173.43,5,5.48,,0
2026-04-20 14:56:45,2712,LOCAL,0.00,157.88,0.00,157.95,5,5.52,,0
2026-04-20 14:56:45,2713,LOCAL,0.00,166.05,0.00,166.11,5,5.52,,0
2026-04-20 14:56:46,2714,LOCAL,0.00,174.54,0.00,181.09,5,5.52,,0
2026-04-20 14:56:46,2715,LOCAL,0.00,191.22,0.00,191.28,5,5.49,,0
2026-04-20 14:56:46,2716,LOCAL,0.00,185.16,0.00,185.22,5,5.49,,0
2026-04-20 14:56:46,2717,LOCAL,0.00,157.82,0.00,157.90,5,5.48,,0
2026-04-20 14:56:46,2718,LOCAL,0.00,233.25,0.00,233.34,5,5.41,,0
2026-04-20 14:56:47,2719,LOCAL,0.00,195.15,0.00,195.21,5,5.38,,0
2026-04-20 14:56:47,2720,LOCAL,0.00,194.83,0.00,194.89,5,5.40,,0
2026-04-20 14:56:47,2721,LOCAL,0.00,170.83,0.00,170.89,5,5.40,,0
2026-04-20 14:56:47,2722,LOCAL,0.00,198.43,0.00,198.49,5,5.37,,0
2026-04-20 14:56:47,2723,LOCAL,0.00,196.57,0.00,196.63,5,5.36,,0
2026-04-20 14:56:47,2724,LOCAL,0.00,207.95,0.00,208.02,5,5.35,,0
2026-04-20 14:56:48,2725,LOCAL,0.00,176.48,0.00,176.54,5,5.36,,0
2026-04-20 14:56:48,2726,LOCAL,0.00,164.27,0.00,164.33,5,5.37,,0
2026-04-20 14:56:48,2727,LOCAL,0.00,148.04,0.00,148.11,5,5.43,,0
2026-04-20 14:56:48,2728,LOCAL,0.00,155.52,0.00,155.60,5,5.47,CLOUD,1
2026-04-20 14:56:48,2729,LOCAL,0.00,181.51,0.00,181.58,5,5.42,CLOUD,1
2026-04-20 14:56:49,2730,LOCAL,0.00,178.94,0.00,179.01,5,5.40,CLOUD,1
2026-04-20 14:56:49,2731,LOCAL,0.00,174.20,0.00,174.26,5,5.38,CLOUD,1
2026-04-20 14:56:49,2732,LOCAL,0.00,161.56,0.00,161.62,5,5.40,CLOUD,1
2026-04-20 14:56:49,2733,LOCAL,0.00,173.93,0.00,173.99,5,5.40,CLOUD,1
2026-04-20 14:56:49,2734,LOCAL,0.00,196.61,0.00,196.69,5,5.37,CLOUD,1
2026-04-20 14:56:50,2735,LOCAL,0.00,148.70,0.00,148.77,5,5.40,CLOUD,1
2026-04-20 14:56:50,2736,LOCAL,0.00,186.32,0.00,186.38,5,5.37,CLOUD,1
2026-04-20 14:56:50,2737,LOCAL,0.00,178.80,0.00,178.87,5,5.36,CLOUD,1
2026-04-20 14:56:50,2738,LOCAL,0.00,162.51,0.00,162.58,5,5.34,CLOUD,1
2026-04-20 14:56:50,2739,LOCAL,0.00,157.71,0.00,157.78,5,5.35,CLOUD,2
2026-04-20 14:56:50,2740,LOCAL,0.00,192.49,0.00,192.56,5,5.34,CLOUD,2
2026-04-20 14:56:51,2741,LOCAL,0.00,221.96,0.00,231.46,5,5.19,CLOUD,2
2026-04-20 14:56:51,2742,LOCAL,0.00,172.64,0.00,172.73,5,5.19,CLOUD,2
2026-04-20 14:56:51,2743,LOCAL,0.00,184.57,0.00,184.63,5,5.20,CLOUD,2
2026-04-20 14:56:51,2744,LOCAL,0.00,147.01,0.00,147.08,5,5.24,CLOUD,2
2026-04-20 14:56:51,2745,LOCAL,0.00,166.29,0.00,166.36,5,5.24,CLOUD,2
2026-04-20 14:56:52,2746,LOCAL,0.00,173.52,0.00,173.58,5,5.24,CLOUD,2
2026-04-20 14:56:52,2747,LOCAL,0.00,136.19,0.00,136.26,5,5.34,CLOUD,2
2026-04-20 14:56:52,2748,LOCAL,0.00,163.71,0.00,163.78,5,5.37,CLOUD,2
2026-04-20 14:56:52,2749,LOCAL,0.00,165.75,0.00,165.81,5,5.40,CLOUD,2
2026-04-20 14:56:52,2750,LOCAL,0.00,155.25,0.00,155.31,5,5.41,,0
2026-04-20 14:56:52,2751,LOCAL,0.00,164.61,0.00,164.68,5,5.44,,0
2026-04-20 14:56:53,2752,LOCAL,0.00,175.31,0.00,175.37,5,5.46,,0
2026-04-20 14:56:53,2753,LOCAL,0.00,182.80,0.00,182.87,5,5.48,,0
2026-04-20 14:56:53,2754,LOCAL,0.00,167.72,0.00,167.79,5,5.49,,0
2026-04-20 14:56:53,2755,LOCAL,0.00,181.01,0.00,181.12,5,5.48,,0
2026-04-20 14:56:53,2756,LOCAL,0.00,176.09,0.00,176.16,5,5.45,,0
2026-04-20 14:56:54,2757,LOCAL,0.00,181.49,0.00,181.55,5,5.42,,0
2026-04-20 14:56:54,2758,LOCAL,0.00,130.53,0.00,130.59,5,5.46,,0
2026-04-20 14:56:54,2759,LOCAL,0.00,122.26,0.00,122.32,5,5.52,,0
2026-04-20 14:56:54,2760,LOCAL,0.00,191.94,0.00,192.00,5,5.51,,0
2026-04-20 14:56:54,2761,LOCAL,0.00,174.25,0.00,174.32,5,5.51,,0
2026-04-20 14:56:54,2762,LOCAL,0.00,210.18,0.00,210.24,5,5.47,,0
2026-04-20 14:56:55,2763,LOCAL,0.00,176.20,0.00,176.26,5,5.50,,0
2026-04-20 14:56:55,2764,LOCAL,0.00,175.65,0.00,175.71,5,5.48,,0
2026-04-20 14:56:55,2765,LOCAL,0.00,169.59,0.00,169.65,5,5.51,,0
2026-04-20 14:56:55,2766,LOCAL,0.00,192.51,0.00,192.58,5,5.50,,0
2026-04-20 14:56:55,2767,LOCAL,0.00,162.90,0.00,162.97,5,5.53,,0
2026-04-20 14:56:55,2768,LOCAL,0.00,133.01,0.00,133.08,5,5.54,,0
2026-04-20 14:56:56,2769,LOCAL,0.00,166.68,0.00,166.75,5,5.57,,0
2026-04-20 14:56:56,2770,LOCAL,0.00,174.25,0.00,174.32,5,5.69,,0
2026-04-20 14:56:56,2771,LOCAL,0.00,185.53,0.00,185.60,5,5.69,,0
2026-04-20 14:56:56,2772,LOCAL,0.00,193.32,0.00,193.39,5,5.68,,0
2026-04-20 14:56:56,2773,LOCAL,0.00,153.46,0.00,153.52,5,5.67,,0
2026-04-20 14:56:57,2774,LOCAL,0.00,187.65,0.00,187.71,5,5.66,,0
2026-04-20 14:56:57,2775,LOCAL,0.00,168.27,0.00,168.35,5,5.67,,0
2026-04-20 14:56:57,2776,LOCAL,0.00,171.52,0.00,171.59,5,5.63,,0
2026-04-20 14:56:57,2777,LOCAL,0.00,184.97,0.00,185.03,5,5.61,,0
2026-04-20 14:56:57,2778,LOCAL,0.00,188.40,0.00,188.50,5,5.58,,0
2026-04-20 14:56:57,2779,LOCAL,0.00,193.21,0.00,193.28,5,5.54,,0
2026-04-20 14:56:58,2780,LOCAL,0.00,166.47,0.00,166.54,5,5.56,,0
2026-04-20 14:56:58,2781,LOCAL,0.00,167.17,0.00,167.24,5,5.55,,0
2026-04-20 14:56:58,2782,LOCAL,0.00,190.66,0.00,190.72,5,5.55,,0
2026-04-20 14:56:58,2783,LOCAL,0.00,163.89,0.00,163.95,5,5.57,CLOUD,1
2026-04-20 14:56:58,2784,LOCAL,0.00,181.57,0.00,181.63,5,5.57,CLOUD,1
2026-04-20 14:56:59,2785,LOCAL,0.00,153.70,0.00,153.77,5,5.58,CLOUD,1
2026-04-20 14:56:59,2786,LOCAL,0.00,166.44,0.00,166.51,5,5.59,CLOUD,1
2026-04-20 14:56:59,2787,LOCAL,0.00,186.89,0.00,186.95,5,5.53,CLOUD,1
2026-04-20 14:56:59,2788,LOCAL,0.00,170.51,0.00,170.61,5,5.48,CLOUD,1
2026-04-20 14:56:59,2789,LOCAL,0.00,154.86,0.00,154.94,5,5.52,CLOUD,1
2026-04-20 14:56:59,2790,LOCAL,0.00,161.68,0.00,161.75,5,5.52,CLOUD,1
2026-04-20 14:57:00,2791,LOCAL,0.00,161.84,0.00,161.91,5,5.57,CLOUD,1
2026-04-20 14:57:00,2792,LOCAL,0.00,175.09,0.00,175.15,5,5.57,CLOUD,1
2026-04-20 14:57:00,2793,LOCAL,0.00,183.02,0.00,183.16,5,5.55,CLOUD,1
2026-04-20 14:57:00,2794,LOCAL,0.00,187.56,0.00,187.63,5,5.53,CLOUD,1
2026-04-20 14:57:00,2795,LOCAL,0.00,227.41,0.00,227.59,5,5.49,CLOUD,2
2026-04-20 14:57:01,2796,LOCAL,0.00,188.89,0.00,188.98,5,5.43,CLOUD,2
2026-04-20 14:57:01,2797,LOCAL,0.00,149.02,0.00,149.09,5,5.43,CLOUD,2
2026-04-20 14:57:01,2798,LOCAL,0.00,134.89,0.00,134.95,5,5.45,CLOUD,2
2026-04-20 14:57:01,2799,LOCAL,0.00,170.09,0.00,170.16,5,5.47,CLOUD,2
2026-04-20 14:57:01,2800,LOCAL,0.00,173.04,0.00,173.11,5,5.47,CLOUD,2
2026-04-20 14:57:01,2801,LOCAL,0.00,166.74,0.00,166.80,5,5.50,CLOUD,2
2026-04-20 14:57:02,2802,LOCAL,0.00,183.94,0.00,183.99,5,5.47,CLOUD,2
2026-04-20 14:57:02,2803,LOCAL,0.00,174.69,0.00,174.75,5,5.49,CLOUD,2
2026-04-20 14:57:02,2804,LOCAL,0.00,184.23,0.00,184.29,5,5.47,CLOUD,2
2026-04-20 14:57:02,2805,LOCAL,0.00,268.54,0.00,268.63,5,5.38,CLOUD,2
2026-04-20 14:57:02,2806,CLOUD,29.82,3029.89,106.17,3166.37,6,3.46,,0
2026-04-20 14:57:06,2807,CLOUD,30.00,3850.80,103.06,3985.46,6,2.38,,0
2026-04-20 14:57:10,2808,CLOUD,15.51,5826.32,91.05,5933.34,6,1.62,,0
2026-04-20 14:57:16,2809,CLOUD,25.94,7573.05,114.55,7713.97,6,1.14,,0
2026-04-20 14:57:23,2810,CLOUD,14.37,6162.89,107.01,6284.72,6,0.92,,0
2026-04-20 14:57:30,2811,CLOUD,25.50,6156.68,113.97,6296.55,6,0.77,LOCAL,2
2026-04-20 14:57:36,2812,CLOUD,25.59,4210.41,101.65,4338.07,6,0.69,,0
2026-04-20 14:57:40,2813,CLOUD,25.44,7258.57,95.92,7380.33,6,0.59,LOCAL,2
2026-04-20 14:57:48,2814,CLOUD,28.15,4836.05,104.15,4968.79,6,0.54,LOCAL,1
2026-04-20 14:57:53,2815,LOCAL,0.00,260.44,0.00,260.51,5,0.54,,0
2026-04-20 14:57:53,2816,LOCAL,0.00,190.75,0.00,190.81,5,0.54,,0
2026-04-20 14:57:53,2817,LOCAL,0.00,166.97,0.00,167.03,5,0.54,,0
2026-04-20 14:57:53,2818,LOCAL,0.00,195.38,0.00,195.44,5,0.54,,0
2026-04-20 14:57:54,2819,LOCAL,0.00,202.31,0.00,202.43,5,0.54,,0
2026-04-20 14:57:54,2820,LOCAL,0.00,193.29,0.00,193.35,5,0.54,,0
2026-04-20 14:57:54,2821,LOCAL,0.00,185.07,0.00,185.13,5,0.54,,0
2026-04-20 14:57:54,2822,LOCAL,0.00,176.05,0.00,176.12,5,0.54,,0
2026-04-20 14:57:54,2823,LOCAL,0.00,265.48,0.00,265.64,5,0.54,,0
2026-04-20 14:57:55,2824,LOCAL,0.00,195.46,0.00,195.53,5,0.54,,0
2026-04-20 14:57:55,2825,LOCAL,0.00,187.39,0.00,187.45,5,0.54,,0
2026-04-20 14:57:55,2826,LOCAL,0.00,212.71,0.00,212.78,5,0.53,,0
2026-04-20 14:57:55,2827,LOCAL,0.00,202.85,0.00,202.91,5,0.53,,0
2026-04-20 14:57:55,2828,LOCAL,0.00,211.79,0.00,211.85,5,0.53,,0
2026-04-20 14:57:56,2829,LOCAL,0.00,228.75,0.00,228.82,5,0.53,CLOUD,1
2026-04-20 14:57:56,2830,LOCAL,0.00,187.39,0.00,187.46,5,0.53,CLOUD,1
2026-04-20 14:57:56,2831,LOCAL,0.00,168.23,0.00,168.29,5,0.53,CLOUD,1
2026-04-20 14:57:56,2832,LOCAL,0.00,202.88,0.00,202.93,5,0.53,CLOUD,1
2026-04-20 14:57:56,2833,LOCAL,0.00,191.97,0.00,192.03,5,0.53,CLOUD,1
2026-04-20 14:57:57,2834,LOCAL,0.00,184.41,0.00,184.47,5,0.53,CLOUD,1
2026-04-20 14:57:57,2835,LOCAL,0.00,191.55,0.00,191.61,5,0.56,CLOUD,1
2026-04-20 14:57:57,2836,LOCAL,0.00,166.85,0.00,166.91,5,0.61,CLOUD,1
2026-04-20 14:57:57,2837,LOCAL,0.00,195.05,0.00,195.11,5,0.69,CLOUD,1
2026-04-20 14:57:57,2838,LOCAL,0.00,175.28,0.00,175.34,5,0.85,CLOUD,1
2026-04-20 14:57:58,2839,LOCAL,0.00,177.21,0.00,177.27,5,1.03,CLOUD,2
2026-04-20 14:57:58,2840,LOCAL,0.00,225.49,0.00,225.62,5,1.31,CLOUD,2
2026-04-20 14:57:58,2841,LOCAL,0.00,183.31,0.00,183.37,5,1.61,CLOUD,2
2026-04-20 14:57:58,2842,LOCAL,0.00,193.64,0.00,193.71,5,2.68,CLOUD,2
2026-04-20 14:57:58,2843,LOCAL,0.00,171.75,0.00,171.82,5,4.84,CLOUD,2
2026-04-20 14:57:59,2844,LOCAL,0.00,217.23,0.00,217.31,5,4.87,CLOUD,2
2026-04-20 14:57:59,2845,LOCAL,0.00,183.46,0.00,183.52,5,4.88,CLOUD,2
2026-04-20 14:57:59,2846,LOCAL,0.00,154.93,0.00,155.01,5,4.89,CLOUD,2
2026-04-20 14:57:59,2847,LOCAL,0.00,172.12,0.00,172.19,5,4.90,CLOUD,2
2026-04-20 14:57:59,2848,LOCAL,0.00,170.02,0.00,170.08,5,4.94,,0
2026-04-20 14:58:00,2849,LOCAL,0.00,166.17,0.00,166.24,5,4.96,,0
2026-04-20 14:58:00,2850,LOCAL,0.00,199.54,0.00,199.61,5,4.93,,0
2026-04-20 14:58:00,2851,LOCAL,0.00,142.14,0.00,142.21,5,4.95,,0
2026-04-20 14:58:00,2852,LOCAL,0.00,193.51,0.00,193.58,5,5.01,,0
2026-04-20 14:58:00,2853,LOCAL,0.00,171.68,0.00,171.74,5,5.06,,0
2026-04-20 14:58:01,2854,LOCAL,0.00,174.00,0.00,174.08,5,5.07,,0
2026-04-20 14:58:01,2855,LOCAL,0.00,185.90,0.00,185.96,5,5.08,,0
2026-04-20 14:58:01,2856,LOCAL,0.00,250.37,0.00,250.45,5,5.03,,0
2026-04-20 14:58:01,2857,LOCAL,0.00,178.24,0.00,178.32,5,5.05,,0
2026-04-20 14:58:01,2858,LOCAL,0.00,191.40,0.00,191.48,5,5.08,,0
2026-04-20 14:58:02,2859,LOCAL,0.00,179.51,0.00,179.61,5,5.09,CLOUD,1
2026-04-20 14:58:02,2860,LOCAL,0.00,165.08,0.00,165.14,5,5.08,CLOUD,1
2026-04-20 14:58:02,2861,LOCAL,0.00,193.60,0.00,193.66,5,5.07,CLOUD,1
2026-04-20 14:58:02,2862,LOCAL,0.00,160.68,0.00,160.75,5,5.09,CLOUD,1
2026-04-20 14:58:02,2863,LOCAL,0.00,186.27,0.00,186.34,5,5.09,CLOUD,1
2026-04-20 14:58:03,2864,LOCAL,0.00,210.25,0.00,210.32,5,5.08,CLOUD,1
2026-04-20 14:58:03,2865,LOCAL,0.00,224.84,0.00,224.90,5,5.04,CLOUD,1
2026-04-20 14:58:03,2866,LOCAL,0.00,146.51,0.00,146.57,5,5.06,CLOUD,1
2026-04-20 14:58:03,2867,LOCAL,0.00,145.75,0.00,145.81,5,5.08,CLOUD,1
2026-04-20 14:58:03,2868,LOCAL,0.00,177.70,0.00,177.75,5,5.07,CLOUD,1
2026-04-20 14:58:03,2869,LOCAL,0.00,202.12,0.00,202.18,5,5.18,CLOUD,2
2026-04-20 14:58:04,2870,LOCAL,0.00,170.54,0.00,170.61,5,5.19,CLOUD,2
2026-04-20 14:58:04,2871,LOCAL,0.00,161.12,0.00,161.19,5,5.21,CLOUD,2
2026-04-20 14:58:04,2872,LOCAL,0.00,171.47,0.00,171.53,5,5.20,CLOUD,2
2026-04-20 14:58:04,2873,LOCAL,0.00,167.45,0.00,167.51,5,5.24,CLOUD,2
2026-04-20 14:58:04,2874,LOCAL,0.00,176.60,0.00,176.67,5,5.24,CLOUD,2
2026-04-20 14:58:05,2875,LOCAL,0.00,173.84,0.00,173.90,5,5.24,CLOUD,2
2026-04-20 14:58:05,2876,LOCAL,0.00,165.41,0.00,165.46,5,5.27,CLOUD,2
2026-04-20 14:58:05,2877,LOCAL,0.00,206.93,0.00,206.99,5,5.22,CLOUD,2
2026-04-20 14:58:05,2878,LOCAL,0.00,168.59,0.00,168.65,5,5.22,CLOUD,2
2026-04-20 14:58:05,2879,LOCAL,0.00,245.99,0.00,246.16,5,5.19,CLOUD,2
2026-04-20 14:58:06,2880,LOCAL,0.00,189.13,0.00,189.22,5,5.14,,0
2026-04-20 14:58:06,2881,CLOUD,13.90,9453.03,100.86,9568.57,6,1.93,,0
2026-04-20 14:58:15,2882,CLOUD,36.66,9467.14,128.43,9633.04,6,1.19,LOCAL,2
2026-04-20 14:58:25,2883,LOCAL,0.00,311.38,0.00,311.45,5,1.18,,0
2026-04-20 14:58:25,2884,LOCAL,0.00,198.44,0.00,198.51,5,1.18,,0
2026-04-20 14:58:26,2885,LOCAL,0.00,181.13,0.00,181.20,5,1.18,,0
2026-04-20 14:58:26,2886,LOCAL,0.00,168.19,0.00,168.26,5,1.18,,0
2026-04-20 14:58:26,2887,LOCAL,0.00,191.65,0.00,191.75,5,1.18,,0
2026-04-20 14:58:26,2888,LOCAL,0.00,158.76,0.00,158.89,5,1.18,,0
2026-04-20 14:58:26,2889,LOCAL,0.00,194.62,0.00,194.72,5,1.18,,0
2026-04-20 14:58:26,2890,LOCAL,0.00,169.09,0.00,169.15,5,1.18,,0
2026-04-20 14:58:27,2891,LOCAL,0.00,255.00,0.00,255.17,5,1.18,,0
2026-04-20 14:58:27,2892,LOCAL,0.00,205.38,0.00,205.47,5,1.18,,0
2026-04-20 14:58:27,2893,LOCAL,0.00,173.89,0.00,174.00,5,1.18,,0
2026-04-20 14:58:27,2894,LOCAL,0.00,175.95,0.00,176.01,5,1.18,,0
2026-04-20 14:58:28,2895,LOCAL,0.00,168.74,0.00,168.81,5,1.18,,0
2026-04-20 14:58:28,2896,LOCAL,0.00,183.50,0.00,183.57,5,1.18,,0
2026-04-20 14:58:28,2897,LOCAL,0.00,170.30,0.00,170.36,5,1.18,CLOUD,1
2026-04-20 14:58:28,2898,LOCAL,0.00,197.94,0.00,198.00,5,1.18,CLOUD,1
2026-04-20 14:58:28,2899,LOCAL,0.00,171.67,0.00,171.73,5,1.18,CLOUD,1
2026-04-20 14:58:28,2900,LOCAL,0.00,175.32,0.00,175.38,5,1.18,CLOUD,1
2026-04-20 14:58:29,2901,LOCAL,0.00,185.43,0.00,185.48,5,1.18,CLOUD,1
2026-04-20 14:58:29,2902,LOCAL,0.00,177.10,0.00,177.17,5,1.18,CLOUD,1
2026-04-20 14:58:29,2903,LOCAL,0.00,165.03,0.00,165.09,5,1.18,CLOUD,1
2026-04-20 14:58:29,2904,LOCAL,0.00,172.38,0.00,172.44,5,1.18,CLOUD,1
2026-04-20 14:58:29,2905,LOCAL,0.00,175.93,0.00,176.00,5,1.18,CLOUD,1
2026-04-20 14:58:30,2906,LOCAL,0.00,195.30,0.00,195.44,5,1.18,CLOUD,1
2026-04-20 14:58:30,2907,LOCAL,0.00,167.67,0.00,167.73,5,1.18,CLOUD,2
2026-04-20 14:58:30,2908,LOCAL,0.00,315.62,0.00,315.71,5,1.18,CLOUD,2
2026-04-20 14:58:30,2909,LOCAL,0.00,185.13,0.00,185.24,5,1.18,CLOUD,2
2026-04-20 14:58:30,2910,LOCAL,0.00,177.57,0.00,177.66,5,1.90,CLOUD,2
2026-04-20 14:58:31,2911,LOCAL,0.00,173.63,0.00,173.69,5,5.01,CLOUD,2
2026-04-20 14:58:31,2912,LOCAL,0.00,216.34,0.00,216.40,5,5.09,CLOUD,2
2026-04-20 14:58:31,2913,LOCAL,0.00,202.20,0.00,202.26,5,5.09,CLOUD,2
2026-04-20 14:58:31,2914,LOCAL,0.00,218.11,0.00,218.19,5,5.05,CLOUD,2
2026-04-20 14:58:31,2915,LOCAL,0.00,176.82,0.00,176.90,5,5.05,CLOUD,2
2026-04-20 14:58:32,2916,LOCAL,0.00,171.55,0.00,171.61,5,5.06,CLOUD,2
2026-04-20 14:58:32,2917,LOCAL,0.00,239.66,0.00,239.74,5,4.98,,0
2026-04-20 14:58:32,2918,CLOUD,25.87,7513.66,122.47,7662.42,6,2.18,,0
2026-04-20 14:58:40,2919,CLOUD,31.13,4484.24,149.00,4664.90,6,1.63,LOCAL,1
2026-04-20 14:58:44,2920,LOCAL,0.00,239.86,0.00,239.92,5,1.63,,0
2026-04-20 14:58:45,2921,LOCAL,0.00,203.10,0.00,203.16,5,1.63,,0
2026-04-20 14:58:45,2922,LOCAL,0.00,183.05,0.00,183.11,5,1.64,,0
2026-04-20 14:58:45,2923,LOCAL,0.00,178.41,0.00,178.47,5,1.64,,0
2026-04-20 14:58:45,2924,LOCAL,0.00,184.02,0.00,184.09,5,1.63,,0
2026-04-20 14:58:45,2925,LOCAL,0.00,168.27,0.00,168.37,5,1.64,,0
2026-04-20 14:58:46,2926,LOCAL,0.00,154.74,0.00,154.81,5,1.64,,0
2026-04-20 14:58:46,2927,LOCAL,0.00,183.44,0.00,183.50,5,1.64,,0
2026-04-20 14:58:46,2928,LOCAL,0.00,186.03,0.00,186.09,5,1.63,,0
2026-04-20 14:58:46,2929,LOCAL,0.00,269.73,0.00,269.80,5,1.63,,0
2026-04-20 14:58:46,2930,LOCAL,0.00,142.08,0.00,142.17,5,1.63,,0
2026-04-20 14:58:47,2931,LOCAL,0.00,222.75,0.00,222.81,5,1.63,,0
2026-04-20 14:58:47,2932,LOCAL,0.00,179.57,0.00,179.63,5,1.62,,0
2026-04-20 14:58:47,2933,LOCAL,0.00,166.21,0.00,166.27,5,1.63,,0
2026-04-20 14:58:47,2934,LOCAL,0.00,186.79,0.00,186.85,5,1.62,,0
2026-04-20 14:58:47,2935,LOCAL,0.00,176.75,0.00,176.81,5,1.62,,0
2026-04-20 14:58:48,2936,LOCAL,0.00,168.83,0.00,168.90,5,1.62,,0
2026-04-20 14:58:48,2937,LOCAL,0.00,175.06,0.00,175.17,5,1.64,,0
2026-04-20 14:58:48,2938,LOCAL,0.00,194.95,0.00,195.05,5,1.64,,0
2026-04-20 14:58:48,2939,LOCAL,0.00,174.22,0.00,174.28,5,1.64,,0
2026-04-20 14:58:48,2940,LOCAL,0.00,167.83,0.00,167.89,5,1.64,,0
2026-04-20 14:58:49,2941,LOCAL,0.00,218.44,0.00,218.51,5,1.64,,0
2026-04-20 14:58:49,2942,LOCAL,0.00,199.36,0.00,199.42,5,1.64,,0
2026-04-20 14:58:49,2943,LOCAL,0.00,191.63,0.00,191.69,5,1.64,,0
2026-04-20 14:58:49,2944,LOCAL,0.00,188.18,0.00,188.25,5,1.64,,0
2026-04-20 14:58:49,2945,LOCAL,0.00,252.79,0.00,252.95,5,1.63,,0
2026-04-20 14:58:50,2946,LOCAL,0.00,197.33,0.00,197.41,5,1.63,,0
2026-04-20 14:58:50,2947,LOCAL,0.00,196.20,0.00,196.26,5,2.82,,0
2026-04-20 14:58:50,2948,LOCAL,0.00,197.71,0.00,197.82,5,4.99,,0
2026-04-20 14:58:50,2949,LOCAL,0.00,179.46,0.00,179.61,5,5.04,,0
2026-04-20 14:58:50,2950,LOCAL,0.00,175.09,0.00,175.16,5,5.07,,0
2026-04-20 14:58:51,2951,LOCAL,0.00,173.90,0.00,173.96,5,5.07,,0
2026-04-20 14:58:51,2952,LOCAL,0.00,153.65,0.00,153.71,5,5.09,,0
2026-04-20 14:58:51,2953,LOCAL,0.00,172.38,0.00,172.44,5,5.10,,0
2026-04-20 14:58:51,2954,LOCAL,0.00,172.34,0.00,172.41,5,5.09,,0
2026-04-20 14:58:51,2955,LOCAL,0.00,182.66,0.00,182.73,5,5.07,CLOUD,1
2026-04-20 14:58:51,2956,LOCAL,0.00,212.11,0.00,212.17,5,5.06,CLOUD,1
2026-04-20 14:58:52,2957,LOCAL,0.00,176.26,0.00,176.32,5,5.07,CLOUD,1
2026-04-20 14:58:52,2958,LOCAL,0.00,179.95,0.00,180.03,5,5.15,CLOUD,1
2026-04-20 14:58:52,2959,LOCAL,0.00,174.11,0.00,174.18,5,5.13,CLOUD,1
2026-04-20 14:58:52,2960,LOCAL,0.00,160.75,0.00,160.82,5,5.18,CLOUD,1
2026-04-20 14:58:52,2961,LOCAL,0.00,182.40,0.00,182.46,5,5.17,CLOUD,1
2026-04-20 14:58:53,2962,LOCAL,0.00,178.03,0.00,178.09,5,5.16,CLOUD,1
2026-04-20 14:58:53,2963,LOCAL,0.00,194.43,0.00,194.49,5,5.17,CLOUD,1
2026-04-20 14:58:53,2964,LOCAL,0.00,171.00,0.00,171.07,5,5.20,CLOUD,1
2026-04-20 14:58:53,2965,LOCAL,0.00,200.48,0.00,200.54,5,5.17,CLOUD,1
2026-04-20 14:58:53,2966,LOCAL,0.00,177.38,0.00,177.44,5,5.18,CLOUD,2
2026-04-20 14:58:54,2967,LOCAL,0.00,159.59,0.00,159.65,5,5.21,CLOUD,2
2026-04-20 14:58:54,2968,LOCAL,0.00,187.03,0.00,187.10,5,5.21,CLOUD,2
2026-04-20 14:58:54,2969,LOCAL,0.00,203.60,0.00,203.65,5,5.18,CLOUD,2
2026-04-20 14:58:54,2970,LOCAL,0.00,232.56,0.00,232.62,5,5.16,CLOUD,2
2026-04-20 14:58:54,2971,LOCAL,0.00,165.30,0.00,165.36,5,5.18,CLOUD,2
2026-04-20 14:58:55,2972,LOCAL,0.00,169.64,0.00,169.70,5,5.21,CLOUD,2
2026-04-20 14:58:55,2973,LOCAL,0.00,161.81,0.00,161.87,5,5.24,CLOUD,2
2026-04-20 14:58:55,2974,LOCAL,0.00,157.94,0.00,158.01,5,5.32,CLOUD,2
2026-04-20 14:58:55,2975,LOCAL,0.00,211.11,0.00,211.18,5,5.31,CLOUD,2
2026-04-20 14:58:55,2976,LOCAL,0.00,192.87,0.00,192.94,5,5.32,,0
2026-04-20 14:58:55,2977,LOCAL,0.00,248.06,0.00,248.16,5,5.27,,0
2026-04-20 14:58:56,2978,CLOUD,25.91,6742.52,114.72,6883.61,6,2.38,,0
2026-04-20 14:59:03,2979,CLOUD,30.58,4439.13,99.73,4569.83,6,1.75,,0
2026-04-20 14:59:07,2980,CLOUD,14.05,4819.21,119.61,4953.30,6,1.36,,0
2026-04-20 14:59:12,2981,CLOUD,43.79,3437.90,105.61,3587.67,6,1.17,LOCAL,1
2026-04-20 14:59:16,2982,CLOUD,21.88,5075.70,120.22,5218.43,6,0.97,,0
2026-04-20 14:59:21,2983,CLOUD,25.65,4483.81,97.10,4606.92,6,0.85,,0
2026-04-20 14:59:26,2984,CLOUD,28.62,4263.91,133.71,4426.70,6,0.75,,0
2026-04-20 14:59:30,2985,CLOUD,39.86,7160.72,120.39,7321.35,6,0.63,LOCAL,1
2026-04-20 14:59:37,2986,LOCAL,0.00,262.04,0.00,262.12,5,0.63,,0
2026-04-20 14:59:38,2987,LOCAL,0.00,199.33,0.00,199.41,5,0.63,,0
2026-04-20 14:59:38,2988,LOCAL,0.00,207.05,0.00,207.12,5,0.63,,0
2026-04-20 14:59:38,2989,LOCAL,0.00,161.93,0.00,162.01,5,0.63,CLOUD,1
2026-04-20 14:59:38,2990,LOCAL,0.00,179.38,0.00,179.44,5,0.63,CLOUD,1
2026-04-20 14:59:38,2991,LOCAL,0.00,223.59,0.00,223.66,5,0.63,CLOUD,1
2026-04-20 14:59:39,2992,LOCAL,0.00,178.97,0.00,179.03,5,0.63,CLOUD,1
2026-04-20 14:59:39,2993,LOCAL,0.00,182.28,0.00,182.36,5,0.63,CLOUD,1
2026-04-20 14:59:39,2994,LOCAL,0.00,269.71,0.00,269.89,5,0.63,CLOUD,1
2026-04-20 14:59:39,2995,LOCAL,0.00,219.51,0.00,219.59,5,0.63,CLOUD,1
2026-04-20 14:59:40,2996,LOCAL,0.00,203.56,0.00,203.62,5,0.63,CLOUD,1
2026-04-20 14:59:40,2997,LOCAL,0.00,175.81,0.00,175.89,5,0.63,CLOUD,1
2026-04-20 14:59:40,2998,LOCAL,0.00,215.62,0.00,215.68,5,0.63,CLOUD,1
2026-04-20 14:59:40,2999,LOCAL,0.00,210.87,0.00,210.93,5,0.63,CLOUD,2
2026-04-20 14:59:40,3000,LOCAL,0.00,183.26,0.00,183.32,5,0.63,CLOUD,2
2026-04-20 14:59:41,3001,LOCAL,0.00,186.94,0.00,187.00,5,0.63,CLOUD,2
2026-04-20 14:59:41,3002,LOCAL,0.00,179.12,0.00,179.19,5,0.63,CLOUD,2
2026-04-20 14:59:41,3003,LOCAL,0.00,209.53,0.00,209.58,5,0.63,CLOUD,2
2026-04-20 14:59:41,3004,LOCAL,0.00,163.15,0.00,163.21,5,0.63,CLOUD,2
2026-04-20 14:59:41,3005,LOCAL,0.00,173.55,0.00,173.61,5,0.63,CLOUD,2
2026-04-20 14:59:42,3006,LOCAL,0.00,184.26,0.00,184.33,5,0.63,CLOUD,2
2026-04-20 14:59:42,3007,LOCAL,0.00,191.12,0.00,191.19,5,0.74,CLOUD,2
2026-04-20 14:59:42,3008,LOCAL,0.00,194.11,0.00,194.18,5,0.83,CLOUD,2
2026-04-20 14:59:42,3009,LOCAL,0.00,277.45,0.00,277.52,5,0.96,,0
2026-04-20 14:59:42,3010,CLOUD,25.75,11094.20,113.83,11241.02,6,0.76,,0
2026-04-20 14:59:54,3011,LOCAL,0.00,257.06,0.00,257.16,5,0.88,,0
2026-04-20 14:59:54,3012,LOCAL,0.00,201.94,0.00,202.00,5,1.02,,0
2026-04-20 14:59:54,3013,LOCAL,0.00,184.42,0.00,184.49,5,1.19,,0
2026-04-20 14:59:54,3014,LOCAL,0.00,282.58,0.00,282.66,5,1.68,,0
2026-04-20 14:59:55,3015,LOCAL,0.00,165.65,0.00,165.75,5,1.69,,0
2026-04-20 14:59:55,3016,LOCAL,0.00,195.00,0.00,195.06,5,1.69,,0
2026-04-20 14:59:55,3017,LOCAL,0.00,184.96,0.00,185.05,5,1.69,,0
2026-04-20 14:59:55,3018,LOCAL,0.00,199.25,0.00,199.31,5,1.69,,0
2026-04-20 14:59:55,3019,LOCAL,0.00,197.65,0.00,197.70,5,1.69,,0
2026-04-20 14:59:56,3020,LOCAL,0.00,196.05,0.00,196.11,5,1.69,,0
2026-04-20 14:59:56,3021,LOCAL,0.00,179.09,0.00,179.15,5,1.69,,0
2026-04-20 14:59:56,3022,LOCAL,0.00,178.77,0.00,178.84,5,1.69,,0
2026-04-20 14:59:56,3023,LOCAL,0.00,183.14,0.00,183.22,5,1.70,,0
2026-04-20 14:59:56,3024,LOCAL,0.00,192.82,0.00,192.88,5,1.70,,0
2026-04-20 14:59:57,3025,LOCAL,0.00,147.15,0.00,147.22,5,1.71,,0
2026-04-20 14:59:57,3026,LOCAL,0.00,120.13,0.00,120.18,5,1.71,,0
2026-04-20 14:59:57,3027,LOCAL,0.00,205.83,0.00,205.90,5,1.71,,0
2026-04-20 14:59:57,3028,LOCAL,0.00,159.07,0.00,159.14,5,1.72,,0
2026-04-20 14:59:57,3029,LOCAL,0.00,179.78,0.00,179.85,5,1.72,,0
2026-04-20 14:59:57,3030,LOCAL,0.00,177.83,0.00,177.90,5,1.72,,0
2026-04-20 14:59:58,3031,LOCAL,0.00,240.19,0.00,240.33,5,1.70,,0
2026-04-20 14:59:58,3032,LOCAL,0.00,169.85,0.00,169.91,5,1.71,,0
2026-04-20 14:59:58,3033,LOCAL,0.00,173.00,0.00,173.06,5,1.71,,0
2026-04-20 14:59:58,3034,LOCAL,0.00,201.23,0.00,201.29,5,1.71,,0
2026-04-20 14:59:59,3035,LOCAL,0.00,184.98,0.00,185.07,5,1.71,,0
2026-04-20 14:59:59,3036,LOCAL,0.00,177.36,0.00,177.43,5,1.71,CLOUD,1
2026-04-20 14:59:59,3037,LOCAL,0.00,183.11,0.00,183.18,5,1.71,CLOUD,1
2026-04-20 14:59:59,3038,LOCAL,0.00,168.75,0.00,168.82,5,1.72,CLOUD,1
2026-04-20 14:59:59,3039,LOCAL,0.00,178.18,0.00,178.25,5,5.00,CLOUD,1
2026-04-20 14:59:59,3040,LOCAL,0.00,181.76,0.00,181.83,5,5.08,CLOUD,1
2026-04-20 15:00:00,3041,LOCAL,0.00,177.81,0.00,177.87,5,5.11,CLOUD,1
2026-04-20 15:00:00,3042,LOCAL,0.00,199.93,0.00,199.99,5,5.08,CLOUD,1
2026-04-20 15:00:00,3043,LOCAL,0.00,208.74,0.00,208.83,5,5.16,CLOUD,1
2026-04-20 15:00:00,3044,LOCAL,0.00,169.88,0.00,169.95,5,5.16,CLOUD,1
2026-04-20 15:00:00,3045,LOCAL,0.00,156.59,0.00,156.85,5,5.19,CLOUD,1
2026-04-20 15:00:01,3046,LOCAL,0.00,182.53,0.00,182.59,5,5.20,CLOUD,1
2026-04-20 15:00:01,3047,LOCAL,0.00,249.18,0.00,249.36,5,5.15,CLOUD,2
2026-04-20 15:00:01,3048,LOCAL,0.00,171.03,0.00,171.10,5,5.16,CLOUD,2
2026-04-20 15:00:01,3049,LOCAL,0.00,219.37,0.00,219.44,5,5.13,CLOUD,2
2026-04-20 15:00:01,3050,LOCAL,0.00,166.73,0.00,166.80,5,5.14,CLOUD,2
2026-04-20 15:00:02,3051,LOCAL,0.00,200.70,0.00,200.76,5,5.12,CLOUD,2
2026-04-20 15:00:02,3052,LOCAL,0.00,178.41,0.00,178.48,5,5.11,CLOUD,2
2026-04-20 15:00:02,3053,LOCAL,0.00,171.96,0.00,172.06,5,5.14,CLOUD,2
2026-04-20 15:00:02,3054,LOCAL,0.00,190.86,0.00,190.94,5,5.11,CLOUD,2
2026-04-20 15:00:02,3055,LOCAL,0.00,210.85,0.00,210.92,5,5.03,CLOUD,2
2026-04-20 15:00:03,3056,LOCAL,0.00,183.44,0.00,183.51,5,5.04,,0
2026-04-20 15:00:03,3057,LOCAL,0.00,209.78,0.00,209.88,5,4.99,,0
2026-04-20 15:00:03,3058,CLOUD,24.30,3922.60,79.06,4026.38,6,3.01,,0
2026-04-20 15:00:07,3059,CLOUD,13.55,5190.53,110.97,5315.40,6,1.96,LOCAL,2
2026-04-20 15:00:12,3060,CLOUD,29.02,4052.61,98.27,4180.30,6,1.56,LOCAL,1
2026-04-20 15:00:17,3061,CLOUD,21.55,3872.28,111.61,4005.84,6,1.29,,0
2026-04-20 15:00:21,3062,CLOUD,29.03,4984.82,122.02,5136.28,6,1.06,LOCAL,1
2026-04-20 15:00:26,3063,CLOUD,71.63,3217.34,187.87,3477.70,6,0.94,,0
2026-04-20 15:00:29,3064,CLOUD,31.27,6216.65,101.70,6350.05,6,0.79,,0
2026-04-20 15:00:36,3065,CLOUD,25.33,5900.43,125.16,6051.32,6,0.68,LOCAL,2
2026-04-20 15:00:42,3066,CLOUD,21.66,2967.74,89.55,3079.36,6,0.63,,0
2026-04-20 15:00:45,3067,CLOUD,28.80,2935.94,87.02,3052.12,6,0.60,,0
2026-04-20 15:00:48,3068,CLOUD,29.20,3233.97,106.40,3370.01,6,0.56,,0
2026-04-20 15:00:51,3069,CLOUD,25.53,5391.19,172.98,5590.07,6,0.51,,0
2026-04-20 15:00:57,3070,CLOUD,25.96,5011.64,111.01,5149.06,6,0.47,LOCAL,2
2026-04-20 15:01:02,3071,CLOUD,25.88,2878.22,100.96,3005.48,6,0.45,LOCAL,1
2026-04-20 15:01:05,3072,CLOUD,30.63,3655.35,114.66,3801.07,6,0.42,,0
2026-04-20 15:01:09,3073,CLOUD,30.48,3995.17,108.36,4134.40,6,0.40,,0
2026-04-20 15:01:13,3074,CLOUD,31.97,4189.55,116.30,4338.46,6,0.38,,0
2026-04-20 15:01:17,3075,CLOUD,26.08,7242.00,122.80,7391.27,6,0.35,LOCAL,2
2026-04-20 15:01:25,3076,CLOUD,25.83,4466.86,120.59,4613.69,6,0.33,LOCAL,1
2026-04-20 15:01:29,3077,LOCAL,0.00,269.48,0.00,269.55,5,0.33,,0
2026-04-20 15:01:30,3078,LOCAL,0.00,213.14,0.00,213.20,5,0.33,,0
2026-04-20 15:01:30,3079,LOCAL,0.00,202.25,0.00,202.32,5,0.33,,0
2026-04-20 15:01:30,3080,LOCAL,0.00,176.56,0.00,176.62,5,0.33,,0
2026-04-20 15:01:30,3081,LOCAL,0.00,189.17,0.00,189.22,5,0.33,,0
2026-04-20 15:01:30,3082,LOCAL,0.00,197.13,0.00,197.20,5,0.33,,0
2026-04-20 15:01:31,3083,LOCAL,0.00,170.65,0.00,170.70,5,0.33,,0
2026-04-20 15:01:31,3084,LOCAL,0.00,296.80,0.00,296.88,5,0.33,,0
2026-04-20 15:01:31,3085,LOCAL,0.00,174.07,0.00,174.13,5,0.33,CLOUD,1
2026-04-20 15:01:31,3086,LOCAL,0.00,187.27,0.00,187.34,5,0.33,CLOUD,1
2026-04-20 15:01:31,3087,LOCAL,0.00,188.59,0.00,188.68,5,0.34,CLOUD,1
2026-04-20 15:01:32,3088,LOCAL,0.00,188.38,0.00,188.49,5,0.37,CLOUD,1
2026-04-20 15:01:32,3089,LOCAL,0.00,179.32,0.00,179.41,5,0.38,CLOUD,1
2026-04-20 15:01:32,3090,LOCAL,0.00,201.45,0.00,201.52,5,0.40,CLOUD,1
2026-04-20 15:01:32,3091,LOCAL,0.00,166.50,0.00,166.56,5,0.44,CLOUD,1
2026-04-20 15:01:32,3092,LOCAL,0.00,181.29,0.00,181.37,5,0.46,CLOUD,1
2026-04-20 15:01:33,3093,LOCAL,0.00,197.83,0.00,197.90,5,0.51,CLOUD,1
2026-04-20 15:01:33,3094,LOCAL,0.00,186.28,0.00,186.35,5,0.57,CLOUD,1
2026-04-20 15:01:33,3095,LOCAL,0.00,181.02,0.00,181.31,5,0.60,CLOUD,2
2026-04-20 15:01:33,3096,LOCAL,0.00,180.15,0.00,180.22,5,0.64,CLOUD,2
2026-04-20 15:01:33,3097,LOCAL,0.00,177.43,0.00,177.51,5,0.68,CLOUD,2
2026-04-20 15:01:34,3098,LOCAL,0.00,161.22,0.00,161.32,5,0.79,CLOUD,2
2026-04-20 15:01:34,3099,LOCAL,0.00,197.04,0.00,197.12,5,0.91,CLOUD,2
2026-04-20 15:01:34,3100,LOCAL,0.00,162.53,0.00,162.61,5,1.00,CLOUD,2
2026-04-20 15:01:34,3101,LOCAL,0.00,172.22,0.00,172.28,5,1.14,CLOUD,2
2026-04-20 15:01:34,3102,LOCAL,0.00,192.23,0.00,192.30,5,1.35,CLOUD,2
2026-04-20 15:01:35,3103,LOCAL,0.00,189.15,0.00,189.21,5,1.67,CLOUD,2
2026-04-20 15:01:35,3104,LOCAL,0.00,168.39,0.00,168.46,5,2.85,CLOUD,2
2026-04-20 15:01:35,3105,LOCAL,0.00,258.47,0.00,258.55,5,4.96,CLOUD,2
2026-04-20 15:01:35,3106,LOCAL,0.00,283.33,0.00,283.42,5,4.96,,0
2026-04-20 15:01:35,3107,CLOUD,24.30,11120.59,82.89,11241.76,6,1.72,,0
2026-04-20 15:01:47,3108,LOCAL,0.00,261.00,0.00,261.09,5,1.71,,0
2026-04-20 15:01:47,3109,LOCAL,0.00,199.92,0.00,199.98,5,1.71,,0
2026-04-20 15:01:47,3110,LOCAL,0.00,216.03,0.00,216.09,5,1.71,,0
2026-04-20 15:01:47,3111,LOCAL,0.00,185.49,0.00,185.55,5,1.71,,0
2026-04-20 15:01:48,3112,LOCAL,0.00,184.67,0.00,184.73,5,1.71,,0
2026-04-20 15:01:48,3113,LOCAL,0.00,176.99,0.00,177.06,5,1.72,,0
2026-04-20 15:01:48,3114,LOCAL,0.00,197.73,0.00,197.84,5,1.72,,0
2026-04-20 15:01:48,3115,LOCAL,0.00,209.46,0.00,209.65,5,1.71,,0
2026-04-20 15:01:48,3116,LOCAL,0.00,183.48,0.00,183.55,5,1.71,,0
2026-04-20 15:01:49,3117,LOCAL,0.00,213.45,0.00,213.51,5,1.71,,0
2026-04-20 15:01:49,3118,LOCAL,0.00,157.59,0.00,157.69,5,1.71,,0
2026-04-20 15:01:49,3119,LOCAL,0.00,180.97,0.00,181.03,5,1.71,,0
2026-04-20 15:01:49,3120,LOCAL,0.00,191.99,0.00,192.05,5,1.71,,0
2026-04-20 15:01:49,3121,LOCAL,0.00,188.24,0.00,188.30,5,1.71,CLOUD,1
2026-04-20 15:01:50,3122,LOCAL,0.00,191.28,0.00,191.34,5,1.71,CLOUD,1
2026-04-20 15:01:50,3123,LOCAL,0.00,181.03,0.00,181.10,5,1.71,CLOUD,1
2026-04-20 15:01:50,3124,LOCAL,0.00,158.25,0.00,158.32,5,1.71,CLOUD,1
2026-04-20 15:01:50,3125,LOCAL,0.00,157.44,0.00,157.51,5,1.71,CLOUD,1
2026-04-20 15:01:50,3126,LOCAL,0.00,199.59,0.00,199.64,5,1.71,CLOUD,1
2026-04-20 15:01:51,3127,LOCAL,0.00,144.13,0.00,144.20,5,1.71,CLOUD,1
2026-04-20 15:01:51,3128,LOCAL,0.00,189.87,0.00,189.95,5,1.71,CLOUD,1
2026-04-20 15:01:51,3129,LOCAL,0.00,173.31,0.00,173.37,5,1.71,CLOUD,1
2026-04-20 15:01:51,3130,LOCAL,0.00,185.59,0.00,185.66,5,1.71,CLOUD,1
2026-04-20 15:01:51,3131,LOCAL,0.00,182.33,0.00,182.39,5,1.71,CLOUD,1
2026-04-20 15:01:51,3132,LOCAL,0.00,212.45,0.00,212.50,5,1.71,CLOUD,2
2026-04-20 15:01:52,3133,LOCAL,0.00,126.49,0.00,126.55,5,1.71,CLOUD,2
2026-04-20 15:01:52,3134,LOCAL,0.00,182.17,0.00,182.24,5,1.72,CLOUD,2
2026-04-20 15:01:52,3135,LOCAL,0.00,219.28,0.00,219.33,5,1.73,CLOUD,2
2026-04-20 15:01:52,3136,LOCAL,0.00,192.94,0.00,193.00,5,5.03,CLOUD,2
2026-04-20 15:01:52,3137,LOCAL,0.00,145.43,0.00,145.49,5,5.14,CLOUD,2
2026-04-20 15:01:53,3138,LOCAL,0.00,160.37,0.00,160.44,5,5.17,CLOUD,2
2026-04-20 15:01:53,3139,LOCAL,0.00,162.01,0.00,162.08,5,5.21,CLOUD,2
2026-04-20 15:01:53,3140,LOCAL,0.00,170.02,0.00,170.08,5,5.21,CLOUD,2
2026-04-20 15:01:53,3141,LOCAL,0.00,175.11,0.00,175.18,5,5.23,CLOUD,2
2026-04-20 15:01:53,3142,LOCAL,0.00,168.69,0.00,168.77,5,5.25,CLOUD,2
2026-04-20 15:01:53,3143,LOCAL,0.00,213.53,0.00,213.70,5,5.23,,0
2026-04-20 15:01:54,3144,LOCAL,0.00,180.69,0.00,180.81,5,5.27,,0
2026-04-20 15:01:54,3145,CLOUD,13.99,9691.42,118.72,9825.11,6,1.92,,0
2026-04-20 15:02:04,3146,CLOUD,24.16,5615.94,148.97,5789.54,6,1.40,LOCAL,2
2026-04-20 15:02:10,3147,LOCAL,0.00,252.65,0.00,252.83,5,1.40,CLOUD,2
2026-04-20 15:02:10,3148,LOCAL,0.00,204.09,0.00,204.18,5,1.39,CLOUD,2
2026-04-20 15:02:10,3149,LOCAL,0.00,249.20,0.00,249.28,5,1.39,,0
2026-04-20 15:02:10,3150,CLOUD,13.73,5108.77,97.38,5220.32,6,1.12,,0
2026-04-20 15:02:16,3151,CLOUD,23.77,3388.49,112.34,3524.98,6,0.99,LOCAL,1
2026-04-20 15:02:19,3152,CLOUD,25.75,3741.22,113.65,3881.07,6,0.88,,0
2026-04-20 15:02:23,3153,CLOUD,24.82,4773.59,109.95,4908.74,6,0.77,,0
2026-04-20 15:02:28,3154,CLOUD,25.46,8154.28,187.73,8369.20,6,0.63,,0
2026-04-20 15:02:36,3155,CLOUD,24.42,6343.43,196.13,6576.70,6,0.55,,0
2026-04-20 15:02:43,3156,CLOUD,30.86,4818.11,104.92,4954.33,6,0.51,,0
2026-04-20 15:02:48,3157,CLOUD,24.63,5190.98,114.74,5330.73,6,0.47,,0
2026-04-20 15:02:53,3158,CLOUD,13.97,8324.42,98.88,8464.58,6,0.41,,0
2026-04-20 15:03:02,3159,LOCAL,0.00,341.48,0.00,341.68,5,0.41,,0
2026-04-20 15:03:02,3160,LOCAL,0.00,199.74,0.00,199.82,5,0.41,,0
2026-04-20 15:03:02,3161,LOCAL,0.00,188.69,0.00,188.76,5,0.41,,0
2026-04-20 15:03:02,3162,LOCAL,0.00,251.42,0.00,251.49,5,0.41,,0
2026-04-20 15:03:03,3163,LOCAL,0.00,178.82,0.00,178.88,5,0.41,,0
2026-04-20 15:03:03,3164,LOCAL,0.00,179.68,0.00,179.75,5,0.41,,0
2026-04-20 15:03:03,3165,LOCAL,0.00,162.43,0.00,162.49,5,0.41,,0
2026-04-20 15:03:03,3166,LOCAL,0.00,179.42,0.00,179.49,5,0.41,,0
2026-04-20 15:03:03,3167,LOCAL,0.00,192.79,0.00,192.87,5,0.41,,0
2026-04-20 15:03:04,3168,LOCAL,0.00,165.05,0.00,165.15,5,0.41,,0
2026-04-20 15:03:04,3169,LOCAL,0.00,169.90,0.00,169.96,5,0.41,,0
2026-04-20 15:03:04,3170,LOCAL,0.00,187.87,0.00,187.93,5,0.41,,0
2026-04-20 15:03:04,3171,LOCAL,0.00,192.22,0.00,192.29,5,0.41,,0
2026-04-20 15:03:04,3172,LOCAL,0.00,161.42,0.00,161.48,5,0.41,,0
2026-04-20 15:03:05,3173,LOCAL,0.00,203.83,0.00,203.88,5,0.41,,0
2026-04-20 15:03:05,3174,LOCAL,0.00,188.01,0.00,188.07,5,0.47,,0
2026-04-20 15:03:05,3175,LOCAL,0.00,197.58,0.00,197.65,5,0.52,,0
2026-04-20 15:03:05,3176,LOCAL,0.00,191.64,0.00,191.71,5,0.52,,0
2026-04-20 15:03:05,3177,LOCAL,0.00,150.69,0.00,150.75,5,0.52,,0
2026-04-20 15:03:05,3178,LOCAL,0.00,197.03,0.00,197.08,5,0.52,,0
2026-04-20 15:03:06,3179,LOCAL,0.00,174.22,0.00,174.27,5,0.58,,0
2026-04-20 15:03:06,3180,LOCAL,0.00,194.28,0.00,194.35,5,0.62,,0
2026-04-20 15:03:06,3181,LOCAL,0.00,181.00,0.00,181.06,5,0.67,,0
2026-04-20 15:03:06,3182,LOCAL,0.00,195.63,0.00,195.69,5,0.75,,0
2026-04-20 15:03:06,3183,LOCAL,0.00,155.11,0.00,155.17,5,0.95,,0
2026-04-20 15:03:07,3184,LOCAL,0.00,154.15,0.00,154.21,5,1.21,,0
2026-04-20 15:03:07,3185,LOCAL,0.00,195.65,0.00,195.70,5,1.51,,0
2026-04-20 15:03:07,3186,LOCAL,0.00,172.82,0.00,172.88,5,2.06,,0
2026-04-20 15:03:07,3187,LOCAL,0.00,198.85,0.00,198.91,5,5.01,,0
2026-04-20 15:03:07,3188,LOCAL,0.00,193.26,0.00,193.32,5,5.15,,0
2026-04-20 15:03:08,3189,LOCAL,0.00,186.73,0.00,186.80,5,5.18,,0
2026-04-20 15:03:08,3190,LOCAL,0.00,172.17,0.00,172.23,5,5.19,,0
2026-04-20 15:03:08,3191,LOCAL,0.00,252.35,0.00,252.54,5,5.17,,0
2026-04-20 15:03:08,3192,LOCAL,0.00,170.85,0.00,182.88,5,5.16,,0
2026-04-20 15:03:08,3193,LOCAL,0.00,178.80,0.00,178.87,5,5.17,,0
2026-04-20 15:03:09,3194,LOCAL,0.00,182.41,0.00,182.48,5,5.15,,0
2026-04-20 15:03:09,3195,LOCAL,0.00,170.29,0.00,170.36,5,5.15,,0
2026-04-20 15:03:09,3196,LOCAL,0.00,198.12,0.00,198.18,5,5.15,,0
2026-04-20 15:03:09,3197,LOCAL,0.00,182.78,0.00,182.84,5,5.14,,0
2026-04-20 15:03:09,3198,LOCAL,0.00,176.43,0.00,176.50,5,5.14,,0
2026-04-20 15:03:10,3199,LOCAL,0.00,206.45,0.00,206.51,5,5.13,,0
2026-04-20 15:03:10,3200,LOCAL,0.00,177.27,0.00,177.32,5,5.13,,0
2026-04-20 15:03:10,3201,LOCAL,0.00,179.60,0.00,179.66,5,5.12,,0
2026-04-20 15:03:10,3202,LOCAL,0.00,164.04,0.00,164.10,5,5.16,,0
2026-04-20 15:03:10,3203,LOCAL,0.00,164.53,0.00,164.65,5,5.17,,0
2026-04-20 15:03:11,3204,LOCAL,0.00,153.41,0.00,153.48,5,5.21,,0
2026-04-20 15:03:11,3205,LOCAL,0.00,177.14,0.00,177.21,5,5.21,,0
2026-04-20 15:03:11,3206,LOCAL,0.00,181.42,0.00,181.49,5,5.17,,0
2026-04-20 15:03:11,3207,LOCAL,0.00,202.27,0.00,202.33,5,5.15,,0
2026-04-20 15:03:11,3208,LOCAL,0.00,221.90,0.00,222.12,5,5.02,,0
2026-04-20 15:03:12,3209,LOCAL,0.00,169.50,0.00,169.61,5,5.04,,0
2026-04-20 15:03:12,3210,LOCAL,0.00,170.95,0.00,171.01,5,5.05,CLOUD,1
2026-04-20 15:03:12,3211,LOCAL,0.00,175.13,0.00,175.23,5,5.06,CLOUD,1
2026-04-20 15:03:12,3212,LOCAL,0.00,178.19,0.00,178.25,5,5.04,CLOUD,1
2026-04-20 15:03:12,3213,LOCAL,0.00,181.61,0.00,181.67,5,5.02,CLOUD,1
2026-04-20 15:03:13,3214,LOCAL,0.00,166.45,0.00,166.51,5,5.06,CLOUD,1
2026-04-20 15:03:13,3215,LOCAL,0.00,189.36,0.00,189.42,5,5.06,CLOUD,1
2026-04-20 15:03:13,3216,LOCAL,0.00,147.13,0.00,147.18,5,5.10,CLOUD,1
2026-04-20 15:03:13,3217,LOCAL,0.00,164.91,0.00,164.98,5,5.12,CLOUD,1
2026-04-20 15:03:13,3218,LOCAL,0.00,172.72,0.00,172.78,5,5.14,CLOUD,1
2026-04-20 15:03:13,3219,LOCAL,0.00,170.70,0.00,170.76,5,5.13,CLOUD,1
2026-04-20 15:03:14,3220,LOCAL,0.00,182.94,0.00,183.01,5,5.22,CLOUD,1
2026-04-20 15:03:14,3221,LOCAL,0.00,193.75,0.00,193.81,5,5.22,CLOUD,1
2026-04-20 15:03:14,3222,LOCAL,0.00,176.83,0.00,176.91,5,5.21,CLOUD,2
2026-04-20 15:03:14,3223,LOCAL,0.00,155.46,0.00,155.53,5,5.23,CLOUD,2
2026-04-20 15:03:14,3224,LOCAL,0.00,160.44,0.00,160.50,5,5.26,CLOUD,2
2026-04-20 15:03:15,3225,LOCAL,0.00,141.44,0.00,141.50,5,5.31,CLOUD,2
2026-04-20 15:03:15,3226,LOCAL,0.00,178.31,0.00,178.37,5,5.32,CLOUD,2
2026-04-20 15:03:15,3227,LOCAL,0.00,155.90,0.00,155.97,5,5.32,CLOUD,2
2026-04-20 15:03:15,3228,LOCAL,0.00,179.20,0.00,179.27,5,5.36,CLOUD,2
2026-04-20 15:03:15,3229,LOCAL,0.00,164.81,0.00,164.87,5,5.37,CLOUD,2
2026-04-20 15:03:15,3230,LOCAL,0.00,171.45,0.00,171.51,5,5.39,CLOUD,2
2026-04-20 15:03:16,3231,LOCAL,0.00,163.85,0.00,163.92,5,5.39,CLOUD,2
2026-04-20 15:03:16,3232,LOCAL,0.00,241.97,0.00,242.05,5,5.32,CLOUD,2
2026-04-20 15:03:16,3233,LOCAL,0.00,190.07,0.00,190.14,5,5.30,,0
2026-04-20 15:03:16,3234,CLOUD,47.56,7353.50,106.53,7508.02,6,2.27,,0
2026-04-20 15:03:24,3235,CLOUD,28.10,5973.03,112.97,6114.49,6,1.55,LOCAL,1
2026-04-20 15:03:30,3236,LOCAL,0.00,231.93,0.00,232.00,5,1.55,,0
2026-04-20 15:03:30,3237,LOCAL,0.00,182.73,0.00,182.79,5,1.56,,0
2026-04-20 15:03:30,3238,LOCAL,0.00,180.65,0.00,180.71,5,1.56,,0
2026-04-20 15:03:30,3239,LOCAL,0.00,179.97,0.00,180.03,5,1.56,,0
2026-04-20 15:03:31,3240,LOCAL,0.00,207.40,0.00,207.46,5,1.56,CLOUD,1
2026-04-20 15:03:31,3241,LOCAL,0.00,175.47,0.00,175.57,5,1.56,CLOUD,1
2026-04-20 15:03:31,3242,LOCAL,0.00,180.43,0.00,180.49,5,1.56,CLOUD,1
2026-04-20 15:03:31,3243,LOCAL,0.00,191.07,0.00,191.13,5,1.55,CLOUD,1
2026-04-20 15:03:31,3244,LOCAL,0.00,261.61,0.00,261.71,5,1.55,CLOUD,1
2026-04-20 15:03:32,3245,LOCAL,0.00,155.14,0.00,155.22,5,1.55,CLOUD,1
2026-04-20 15:03:32,3246,LOCAL,0.00,179.96,0.00,180.04,5,1.54,CLOUD,1
2026-04-20 15:03:32,3247,LOCAL,0.00,161.08,0.00,161.14,5,1.55,CLOUD,1
2026-04-20 15:03:32,3248,LOCAL,0.00,166.92,0.00,166.98,5,1.54,CLOUD,1
2026-04-20 15:03:32,3249,LOCAL,0.00,164.97,0.00,165.06,5,1.55,CLOUD,1
2026-04-20 15:03:33,3250,LOCAL,0.00,201.87,0.00,201.94,5,1.54,CLOUD,2
2026-04-20 15:03:33,3251,LOCAL,0.00,185.62,0.00,185.69,5,1.54,CLOUD,2
2026-04-20 15:03:33,3252,LOCAL,0.00,175.35,0.00,175.42,5,1.54,CLOUD,2
2026-04-20 15:03:33,3253,LOCAL,0.00,162.13,0.00,162.19,5,1.54,CLOUD,2
2026-04-20 15:03:33,3254,LOCAL,0.00,194.23,0.00,194.29,5,1.54,CLOUD,2
2026-04-20 15:03:34,3255,LOCAL,0.00,165.60,0.00,165.67,5,1.54,CLOUD,2
2026-04-20 15:03:34,3256,LOCAL,0.00,184.30,0.00,184.37,5,1.53,CLOUD,2
2026-04-20 15:03:34,3257,LOCAL,0.00,166.60,0.00,166.67,5,1.54,CLOUD,2
2026-04-20 15:03:34,3258,LOCAL,0.00,193.85,0.00,193.91,5,1.53,CLOUD,2
2026-04-20 15:03:34,3259,LOCAL,0.00,216.33,0.00,216.40,5,1.53,CLOUD,2
2026-04-20 15:03:35,3260,LOCAL,0.00,279.89,0.00,280.02,5,1.52,CLOUD,2
2026-04-20 15:03:35,3261,CLOUD,25.79,8053.47,105.01,8185.08,6,1.07,,0
2026-04-20 15:03:43,3262,CLOUD,13.54,6527.78,104.39,6646.15,6,0.87,LOCAL,1
2026-04-20 15:03:50,3263,CLOUD,26.02,9632.72,134.92,9794.43,6,0.81,,0
2026-04-20 15:03:59,3264,CLOUD,33.46,4365.28,134.09,4533.27,6,0.85,LOCAL,2
2026-04-20 15:04:04,3265,LOCAL,0.00,263.58,0.00,263.65,5,0.85,,0
2026-04-20 15:04:04,3266,LOCAL,0.00,203.33,0.00,203.39,5,0.85,,0
2026-04-20 15:04:04,3267,LOCAL,0.00,205.53,0.00,205.60,5,0.85,,0
2026-04-20 15:04:05,3268,LOCAL,0.00,201.27,0.00,201.35,5,0.85,,0
2026-04-20 15:04:05,3269,LOCAL,0.00,198.72,0.00,198.80,5,0.85,,0
2026-04-20 15:04:05,3270,LOCAL,0.00,200.57,0.00,200.63,5,0.85,,0
2026-04-20 15:04:05,3271,LOCAL,0.00,246.30,0.00,246.41,5,0.84,,0
2026-04-20 15:04:06,3272,LOCAL,0.00,207.00,0.00,207.16,5,0.84,,0
2026-04-20 15:04:06,3273,LOCAL,0.00,180.87,0.00,180.94,5,0.85,,0
2026-04-20 15:04:06,3274,LOCAL,0.00,168.00,0.00,168.07,5,0.85,,0
2026-04-20 15:04:06,3275,LOCAL,0.00,189.47,0.00,189.53,5,0.84,,0
2026-04-20 15:04:06,3276,LOCAL,0.00,200.73,0.00,200.79,5,0.84,,0
2026-04-20 15:04:07,3277,LOCAL,0.00,189.57,0.00,189.63,5,0.84,,0
2026-04-20 15:04:07,3278,LOCAL,0.00,181.74,0.00,181.84,5,0.84,,0
2026-04-20 15:04:07,3279,LOCAL,0.00,148.66,0.00,148.73,5,0.84,,0
2026-04-20 15:04:07,3280,LOCAL,0.00,191.96,0.00,192.06,5,0.84,,0
2026-04-20 15:04:07,3281,LOCAL,0.00,183.56,0.00,183.63,5,0.84,,0
2026-04-20 15:04:08,3282,LOCAL,0.00,164.45,0.00,164.51,5,0.84,,0
2026-04-20 15:04:08,3283,LOCAL,0.00,170.60,0.00,170.66,5,0.84,,0
2026-04-20 15:04:08,3284,LOCAL,0.00,196.85,0.00,196.92,5,0.84,,0
2026-04-20 15:04:08,3285,LOCAL,0.00,181.09,0.00,181.16,5,0.84,,0
2026-04-20 15:04:08,3286,LOCAL,0.00,204.11,0.00,204.18,5,0.84,,0
2026-04-20 15:04:08,3287,LOCAL,0.00,190.91,0.00,190.96,5,0.84,,0
2026-04-20 15:04:09,3288,LOCAL,0.00,164.83,0.00,164.89,5,0.84,,0
2026-04-20 15:04:09,3289,LOCAL,0.00,180.89,0.00,180.95,5,0.85,,0
2026-04-20 15:04:09,3290,LOCAL,0.00,272.11,0.00,272.42,5,1.10,,0
2026-04-20 15:04:09,3291,LOCAL,0.00,192.47,0.00,192.59,5,1.46,,0
2026-04-20 15:04:10,3292,LOCAL,0.00,192.42,0.00,196.08,5,2.81,,0
2026-04-20 15:04:10,3293,LOCAL,0.00,187.34,0.00,187.41,5,4.85,,0
2026-04-20 15:04:10,3294,LOCAL,0.00,171.04,0.00,171.12,5,4.94,,0
2026-04-20 15:04:10,3295,LOCAL,0.00,177.09,0.00,198.08,5,4.96,,0
2026-04-20 15:04:10,3296,LOCAL,0.00,205.85,0.00,205.91,5,4.97,,0
2026-04-20 15:04:11,3297,LOCAL,0.00,185.75,0.00,185.81,5,4.99,,0
2026-04-20 15:04:11,3298,LOCAL,0.00,183.61,0.00,183.68,5,5.00,,0
2026-04-20 15:04:11,3299,LOCAL,0.00,170.09,0.00,170.16,5,5.01,,0
2026-04-20 15:04:11,3300,LOCAL,0.00,171.68,0.00,171.75,5,5.06,,0
2026-04-20 15:04:11,3301,LOCAL,0.00,171.15,0.00,171.25,5,5.10,,0
2026-04-20 15:04:11,3302,LOCAL,0.00,193.09,0.00,193.18,5,5.09,,0
2026-04-20 15:04:12,3303,LOCAL,0.00,188.53,0.00,188.58,5,5.08,,0
2026-04-20 15:04:12,3304,LOCAL,0.00,156.85,0.00,156.90,5,5.11,,0
2026-04-20 15:04:12,3305,LOCAL,0.00,177.92,0.00,177.99,5,5.13,,0
2026-04-20 15:04:12,3306,LOCAL,0.00,160.95,0.00,161.01,5,5.16,,0
2026-04-20 15:04:12,3307,LOCAL,0.00,185.74,0.00,185.80,5,5.16,,0
2026-04-20 15:04:13,3308,LOCAL,0.00,197.12,0.00,197.17,5,5.12,,0
2026-04-20 15:04:13,3309,LOCAL,0.00,181.05,0.00,181.12,5,5.14,,0
2026-04-20 15:04:13,3310,LOCAL,0.00,180.03,0.00,180.09,5,5.13,,0
2026-04-20 15:04:13,3311,LOCAL,0.00,191.75,0.00,191.81,5,5.10,,0
2026-04-20 15:04:13,3312,LOCAL,0.00,183.19,0.00,183.26,5,5.08,,0
2026-04-20 15:04:14,3313,LOCAL,0.00,172.31,0.00,172.38,5,5.10,,0
2026-04-20 15:04:14,3314,LOCAL,0.00,171.07,0.00,171.13,5,5.11,,0
2026-04-20 15:04:14,3315,LOCAL,0.00,165.64,0.00,165.69,5,5.15,,0
2026-04-20 15:04:14,3316,LOCAL,0.00,212.42,0.00,212.49,5,5.11,,0
2026-04-20 15:04:14,3317,LOCAL,0.00,179.00,0.00,179.06,5,5.10,,0
2026-04-20 15:04:15,3318,LOCAL,0.00,200.11,0.00,200.17,5,5.06,,0
2026-04-20 15:04:15,3319,LOCAL,0.00,187.30,0.00,187.39,5,5.15,,0
2026-04-20 15:04:15,3320,LOCAL,0.00,182.69,0.00,182.75,5,5.18,,0
2026-04-20 15:04:15,3321,LOCAL,0.00,183.07,0.00,183.14,5,5.19,,0
2026-04-20 15:04:15,3322,LOCAL,0.00,165.24,0.00,165.30,5,5.21,,0
2026-04-20 15:04:16,3323,LOCAL,0.00,161.93,0.00,161.99,5,5.21,,0
2026-04-20 15:04:16,3324,LOCAL,0.00,177.00,0.00,177.06,5,5.22,,0
2026-04-20 15:04:16,3325,LOCAL,0.00,179.89,0.00,179.95,5,5.24,,0
2026-04-20 15:04:16,3326,LOCAL,0.00,156.52,0.00,156.60,5,5.25,,0
2026-04-20 15:04:16,3327,LOCAL,0.00,257.83,0.00,257.93,5,5.17,,0
2026-04-20 15:04:17,3328,LOCAL,0.00,196.48,0.00,196.55,5,5.16,,0
2026-04-20 15:04:17,3329,LOCAL,0.00,183.69,0.00,183.75,5,5.16,,0
2026-04-20 15:04:17,3330,LOCAL,0.00,162.86,0.00,162.92,5,5.17,,0
2026-04-20 15:04:17,3331,LOCAL,0.00,176.01,0.00,176.08,5,5.19,,0
2026-04-20 15:04:17,3332,LOCAL,0.00,175.17,0.00,175.24,5,5.20,,0
2026-04-20 15:04:17,3333,LOCAL,0.00,179.27,0.00,179.33,5,5.18,,0
2026-04-20 15:04:18,3334,LOCAL,0.00,198.30,0.00,198.35,5,5.17,,0
2026-04-20 15:04:18,3335,LOCAL,0.00,148.15,0.00,148.21,5,5.19,,0
2026-04-20 15:04:18,3336,LOCAL,0.00,176.41,0.00,176.47,5,5.21,,0
2026-04-20 15:04:18,3337,LOCAL,0.00,170.77,0.00,170.83,5,5.24,,0
2026-04-20 15:04:18,3338,LOCAL,0.00,179.70,0.00,179.76,5,5.24,CLOUD,1
2026-04-20 15:04:19,3339,LOCAL,0.00,175.26,0.00,175.31,5,5.27,CLOUD,1
2026-04-20 15:04:19,3340,LOCAL,0.00,188.01,0.00,191.91,5,5.27,CLOUD,1
2026-04-20 15:04:19,3341,LOCAL,0.00,172.17,0.00,172.23,5,5.29,CLOUD,1
2026-04-20 15:04:19,3342,LOCAL,0.00,175.89,0.00,175.96,5,5.30,CLOUD,1
2026-04-20 15:04:19,3343,LOCAL,0.00,164.88,0.00,164.95,5,5.30,CLOUD,1
2026-04-20 15:04:19,3344,LOCAL,0.00,163.05,0.00,163.10,5,5.31,CLOUD,1
2026-04-20 15:04:20,3345,LOCAL,0.00,175.49,0.00,175.55,5,5.37,CLOUD,1
2026-04-20 15:04:20,3346,LOCAL,0.00,174.70,0.00,174.78,5,5.37,CLOUD,1
2026-04-20 15:04:20,3347,LOCAL,0.00,193.32,0.00,193.38,5,5.40,CLOUD,1
2026-04-20 15:04:20,3348,LOCAL,0.00,158.01,0.00,158.07,5,5.43,CLOUD,1
2026-04-20 15:04:20,3349,LOCAL,0.00,151.81,0.00,151.86,5,5.45,CLOUD,2
2026-04-20 15:04:20,3350,LOCAL,0.00,175.33,0.00,175.39,5,5.43,CLOUD,2
2026-04-20 15:04:21,3351,LOCAL,0.00,177.98,0.00,178.03,5,5.42,CLOUD,2
2026-04-20 15:04:21,3352,LOCAL,0.00,170.78,0.00,170.84,5,5.42,CLOUD,2
2026-04-20 15:04:21,3353,LOCAL,0.00,194.57,0.00,194.63,5,5.42,CLOUD,2
2026-04-20 15:04:21,3354,LOCAL,0.00,187.42,0.00,187.49,5,5.42,CLOUD,2
2026-04-20 15:04:21,3355,LOCAL,0.00,170.55,0.00,170.63,5,5.40,CLOUD,2
2026-04-20 15:04:22,3356,LOCAL,0.00,168.43,0.00,168.49,5,5.52,CLOUD,2
2026-04-20 15:04:22,3357,LOCAL,0.00,184.95,0.00,185.01,5,5.53,CLOUD,2
2026-04-20 15:04:22,3358,LOCAL,0.00,189.49,0.00,189.56,5,5.53,CLOUD,2
2026-04-20 15:04:22,3359,LOCAL,0.00,135.80,0.00,135.86,5,5.56,CLOUD,2
2026-04-20 15:04:22,3360,CLOUD,36.50,4137.13,112.27,4286.31,6,3.07,,0
2026-04-20 15:04:27,3361,CLOUD,14.84,12761.42,85.69,12862.72,6,1.31,LOCAL,2
2026-04-20 15:04:40,3362,CLOUD,14.68,9416.04,116.73,9548.19,6,0.92,LOCAL,1
2026-04-20 15:04:49,3363,LOCAL,0.00,272.90,0.00,272.98,5,0.92,,0
2026-04-20 15:04:49,3364,LOCAL,0.00,195.71,0.00,195.77,5,0.92,,0
2026-04-20 15:04:50,3365,LOCAL,0.00,191.18,0.00,191.24,5,0.92,,0
2026-04-20 15:04:50,3366,LOCAL,0.00,161.55,0.00,161.61,5,0.92,,0
2026-04-20 15:04:50,3367,LOCAL,0.00,194.65,0.00,194.71,5,0.92,,0
2026-04-20 15:04:50,3368,LOCAL,0.00,171.35,0.00,171.42,5,0.92,,0
2026-04-20 15:04:50,3369,LOCAL,0.00,138.21,0.00,138.27,5,0.92,,0
2026-04-20 15:04:51,3370,LOCAL,0.00,176.18,0.00,176.25,5,0.92,,0
2026-04-20 15:04:51,3371,LOCAL,0.00,181.67,0.00,181.74,5,0.92,,0
2026-04-20 15:04:51,3372,LOCAL,0.00,162.59,0.00,162.66,5,0.92,,0
2026-04-20 15:04:51,3373,LOCAL,0.00,165.98,0.00,166.05,5,0.92,,0
2026-04-20 15:04:51,3374,LOCAL,0.00,174.86,0.00,174.93,5,0.92,,0
2026-04-20 15:04:51,3375,LOCAL,0.00,185.74,0.00,185.81,5,0.92,,0
2026-04-20 15:04:52,3376,LOCAL,0.00,182.48,0.00,182.54,5,0.92,,0
2026-04-20 15:04:52,3377,LOCAL,0.00,191.73,0.00,191.79,5,0.92,,0
2026-04-20 15:04:52,3378,LOCAL,0.00,183.83,0.00,183.89,5,0.91,,0
2026-04-20 15:04:52,3379,LOCAL,0.00,164.20,0.00,164.26,5,0.92,,0
2026-04-20 15:04:52,3380,LOCAL,0.00,176.06,0.00,176.14,5,0.92,,0
2026-04-20 15:04:53,3381,LOCAL,0.00,186.41,0.00,186.48,5,0.92,,0
2026-04-20 15:04:53,3382,LOCAL,0.00,271.26,0.00,271.34,5,0.91,,0
2026-04-20 15:04:53,3383,LOCAL,0.00,169.43,0.00,169.50,5,0.91,,0
2026-04-20 15:04:53,3384,LOCAL,0.00,182.52,0.00,182.58,5,0.91,,0
2026-04-20 15:04:53,3385,LOCAL,0.00,169.10,0.00,169.17,5,0.91,,0
2026-04-20 15:04:54,3386,LOCAL,0.00,177.20,0.00,177.27,5,0.91,,0
2026-04-20 15:04:54,3387,LOCAL,0.00,192.50,0.00,192.56,5,0.91,CLOUD,1
2026-04-20 15:04:54,3388,LOCAL,0.00,169.32,0.00,169.40,5,0.91,CLOUD,1
2026-04-20 15:04:54,3389,LOCAL,0.00,179.07,0.00,179.13,5,1.05,CLOUD,1
2026-04-20 15:04:54,3390,LOCAL,0.00,175.33,0.00,175.39,5,1.94,CLOUD,1
2026-04-20 15:04:55,3391,LOCAL,0.00,205.55,0.00,205.62,5,5.18,CLOUD,1
2026-04-20 15:04:55,3392,LOCAL,0.00,172.69,0.00,172.75,5,5.27,CLOUD,1
2026-04-20 15:04:55,3393,LOCAL,0.00,183.56,0.00,183.63,5,5.28,CLOUD,1
2026-04-20 15:04:55,3394,LOCAL,0.00,205.28,0.00,205.34,5,5.27,CLOUD,1
2026-04-20 15:04:55,3395,LOCAL,0.00,173.25,0.00,173.31,5,5.26,CLOUD,1
2026-04-20 15:04:55,3396,LOCAL,0.00,189.92,0.00,189.98,5,5.28,CLOUD,1
2026-04-20 15:04:56,3397,LOCAL,0.00,162.32,0.00,162.38,5,5.29,CLOUD,1
2026-04-20 15:04:56,3398,LOCAL,0.00,190.08,0.00,190.15,5,5.24,CLOUD,2
2026-04-20 15:04:56,3399,LOCAL,0.00,180.13,0.00,180.19,5,5.25,CLOUD,2
2026-04-20 15:04:56,3400,LOCAL,0.00,207.94,0.00,208.01,5,5.22,CLOUD,2
2026-04-20 15:04:56,3401,LOCAL,0.00,179.01,0.00,179.07,5,5.21,CLOUD,2
2026-04-20 15:04:57,3402,LOCAL,0.00,182.30,0.00,182.36,5,5.20,CLOUD,2
2026-04-20 15:04:57,3403,LOCAL,0.00,161.94,0.00,162.00,5,5.21,CLOUD,2
2026-04-20 15:04:57,3404,LOCAL,0.00,171.30,0.00,171.36,5,5.22,CLOUD,2
2026-04-20 15:04:57,3405,LOCAL,0.00,223.60,0.00,223.66,5,5.18,CLOUD,2
2026-04-20 15:04:57,3406,LOCAL,0.00,194.19,0.00,194.25,5,5.19,CLOUD,2
2026-04-20 15:04:58,3407,LOCAL,0.00,184.55,0.00,184.61,5,5.19,CLOUD,2
2026-04-20 15:04:58,3408,LOCAL,0.00,173.95,0.00,174.04,5,5.17,,0
2026-04-20 15:04:58,3409,LOCAL,0.00,210.40,0.00,210.54,5,5.01,,0
2026-04-20 15:04:58,3410,CLOUD,25.87,8786.47,107.73,8920.91,6,2.00,,0
2026-04-20 15:05:07,3411,CLOUD,25.99,5858.56,106.70,5991.61,6,1.43,LOCAL,1
2026-04-20 15:05:13,3412,LOCAL,0.00,280.05,0.00,280.12,5,1.43,,0
2026-04-20 15:05:14,3413,LOCAL,0.00,185.38,0.00,185.45,5,1.43,,0
2026-04-20 15:05:14,3414,LOCAL,0.00,184.84,0.00,184.91,5,1.42,,0
2026-04-20 15:05:14,3415,LOCAL,0.00,191.75,0.00,191.84,5,1.42,,0
2026-04-20 15:05:14,3416,LOCAL,0.00,178.61,0.00,178.66,5,1.43,,0
2026-04-20 15:05:14,3417,LOCAL,0.00,189.89,0.00,189.95,5,1.42,,0
2026-04-20 15:05:15,3418,LOCAL,0.00,189.38,0.00,189.44,5,1.42,,0
2026-04-20 15:05:15,3419,LOCAL,0.00,182.08,0.00,182.14,5,1.42,,0
2026-04-20 15:05:15,3420,LOCAL,0.00,165.86,0.00,165.92,5,1.42,,0
2026-04-20 15:05:15,3421,LOCAL,0.00,185.05,0.00,185.11,5,1.42,,0
2026-04-20 15:05:15,3422,LOCAL,0.00,194.03,0.00,194.08,5,1.42,,0
2026-04-20 15:05:16,3423,LOCAL,0.00,185.11,0.00,185.17,5,1.42,,0
2026-04-20 15:05:16,3424,LOCAL,0.00,182.76,0.00,182.83,5,1.42,,0
2026-04-20 15:05:16,3425,LOCAL,0.00,176.83,0.00,176.89,5,1.42,,0
2026-04-20 15:05:16,3426,LOCAL,0.00,201.19,0.00,201.25,5,1.42,,0
2026-04-20 15:05:16,3427,LOCAL,0.00,165.37,0.00,165.44,5,1.42,,0
2026-04-20 15:05:16,3428,LOCAL,0.00,196.62,0.00,196.68,5,1.42,,0
2026-04-20 15:05:17,3429,LOCAL,0.00,277.14,0.00,277.22,5,1.42,,0
2026-04-20 15:05:17,3430,LOCAL,0.00,198.64,0.00,198.71,5,1.41,,0
2026-04-20 15:05:17,3431,LOCAL,0.00,190.05,0.00,190.12,5,1.41,,0
2026-04-20 15:05:17,3432,LOCAL,0.00,172.61,0.00,172.67,5,1.41,,0
2026-04-20 15:05:18,3433,LOCAL,0.00,180.66,0.00,180.73,5,1.41,,0
2026-04-20 15:05:18,3434,LOCAL,0.00,157.93,0.00,158.03,5,1.41,,0
2026-04-20 15:05:18,3435,LOCAL,0.00,178.38,0.00,178.45,5,1.41,,0
2026-04-20 15:05:18,3436,LOCAL,0.00,177.45,0.00,177.51,5,1.41,,0
2026-04-20 15:05:18,3437,LOCAL,0.00,173.32,0.00,173.39,5,1.41,,0
2026-04-20 15:05:19,3438,LOCAL,0.00,172.29,0.00,172.36,5,1.43,,0
2026-04-20 15:05:19,3439,LOCAL,0.00,161.29,0.00,161.36,5,2.50,,0
2026-04-20 15:05:19,3440,LOCAL,0.00,168.39,0.00,168.46,5,5.03,,0
2026-04-20 15:05:19,3441,LOCAL,0.00,179.48,0.00,179.57,5,5.10,,0
2026-04-20 15:05:19,3442,LOCAL,0.00,208.17,0.00,208.26,5,5.08,,0
2026-04-20 15:05:19,3443,LOCAL,0.00,201.55,0.00,201.61,5,5.08,,0
2026-04-20 15:05:20,3444,LOCAL,0.00,174.16,0.00,174.22,5,5.09,,0
2026-04-20 15:05:20,3445,LOCAL,0.00,253.78,0.00,253.86,5,5.01,,0
2026-04-20 15:05:20,3446,LOCAL,0.00,173.68,0.00,173.83,5,5.01,,0
2026-04-20 15:05:20,3447,LOCAL,0.00,178.27,0.00,178.33,5,5.05,,0
2026-04-20 15:05:20,3448,LOCAL,0.00,175.46,0.00,175.53,5,5.06,,0
2026-04-20 15:05:21,3449,LOCAL,0.00,176.25,0.00,176.32,5,5.06,,0
2026-04-20 15:05:21,3450,LOCAL,0.00,170.13,0.00,170.20,5,5.08,,0
2026-04-20 15:05:21,3451,LOCAL,0.00,197.90,0.00,197.96,5,5.07,,0
2026-04-20 15:05:21,3452,LOCAL,0.00,182.72,0.00,182.79,5,5.07,,0
2026-04-20 15:05:21,3453,LOCAL,0.00,177.59,0.00,177.66,5,5.09,,0
2026-04-20 15:05:22,3454,LOCAL,0.00,199.87,0.00,199.94,5,5.07,,0
2026-04-20 15:05:22,3455,LOCAL,0.00,130.11,0.00,130.17,5,5.12,CLOUD,1
2026-04-20 15:05:22,3456,LOCAL,0.00,138.66,0.00,138.73,5,5.15,CLOUD,1
2026-04-20 15:05:22,3457,LOCAL,0.00,185.57,0.00,185.64,5,5.16,CLOUD,1
2026-04-20 15:05:22,3458,LOCAL,0.00,192.58,0.00,192.64,5,5.24,CLOUD,1
2026-04-20 15:05:22,3459,LOCAL,0.00,189.44,0.00,189.50,5,5.26,CLOUD,1
2026-04-20 15:05:23,3460,LOCAL,0.00,178.51,0.00,178.59,5,5.28,CLOUD,1
2026-04-20 15:05:23,3461,LOCAL,0.00,196.37,0.00,196.44,5,5.25,CLOUD,1
2026-04-20 15:05:23,3462,LOCAL,0.00,293.09,0.00,293.18,5,5.15,CLOUD,1
2026-04-20 15:05:23,3463,LOCAL,0.00,219.13,0.00,219.20,5,5.10,CLOUD,1
2026-04-20 15:05:24,3464,LOCAL,0.00,208.49,0.00,208.55,5,5.08,CLOUD,1
2026-04-20 15:05:24,3465,LOCAL,0.00,165.82,0.00,165.96,5,5.10,CLOUD,1
2026-04-20 15:05:24,3466,LOCAL,0.00,176.39,0.00,176.46,5,5.12,CLOUD,2
2026-04-20 15:05:24,3467,LOCAL,0.00,177.86,0.00,177.93,5,5.13,CLOUD,2
2026-04-20 15:05:24,3468,LOCAL,0.00,170.04,0.00,170.10,5,5.13,CLOUD,2
2026-04-20 15:05:25,3469,LOCAL,0.00,213.74,0.00,213.80,5,5.09,CLOUD,2
2026-04-20 15:05:25,3470,LOCAL,0.00,199.55,0.00,199.61,5,5.09,CLOUD,2
2026-04-20 15:05:25,3471,LOCAL,0.00,170.03,0.00,170.09,5,5.12,CLOUD,2
2026-04-20 15:05:25,3472,LOCAL,0.00,171.67,0.00,171.76,5,5.13,CLOUD,2
2026-04-20 15:05:25,3473,LOCAL,0.00,172.02,0.00,172.12,5,5.13,CLOUD,2
2026-04-20 15:05:25,3474,LOCAL,0.00,175.54,0.00,175.64,5,5.20,CLOUD,2
2026-04-20 15:05:26,3475,LOCAL,0.00,182.86,0.00,182.92,5,5.21,CLOUD,2
2026-04-20 15:05:26,3476,LOCAL,0.00,245.30,0.00,245.50,5,5.14,,0
2026-04-20 15:05:26,3477,LOCAL,0.00,199.42,0.00,199.50,5,5.09,,0
2026-04-20 15:05:26,3478,CLOUD,25.63,3692.10,99.50,3817.66,6,3.11,,0
2026-04-20 15:05:30,3479,CLOUD,25.40,6568.54,109.12,6703.41,6,1.83,,0
2026-04-20 15:05:37,3480,CLOUD,25.68,5858.50,118.21,6002.98,6,1.34,LOCAL,2
2026-04-20 15:05:43,3481,LOCAL,0.00,259.82,0.00,259.89,5,1.33,CLOUD,2
2026-04-20 15:05:43,3482,LOCAL,0.00,192.08,0.00,192.15,5,1.33,CLOUD,2
2026-04-20 15:05:43,3483,LOCAL,0.00,213.72,0.00,213.79,5,1.33,CLOUD,2
2026-04-20 15:05:44,3484,LOCAL,0.00,164.43,0.00,164.52,5,1.33,CLOUD,2
2026-04-20 15:05:44,3485,LOCAL,0.00,162.71,0.00,162.82,5,1.33,CLOUD,2
2026-04-20 15:05:44,3486,LOCAL,0.00,179.48,0.00,179.55,5,1.33,CLOUD,2
2026-04-20 15:05:44,3487,LOCAL,0.00,176.06,0.00,176.12,5,1.33,CLOUD,2
2026-04-20 15:05:44,3488,LOCAL,0.00,163.66,0.00,163.72,5,1.33,CLOUD,2
2026-04-20 15:05:44,3489,LOCAL,0.00,278.02,0.00,278.14,5,1.33,,0
2026-04-20 15:05:45,3490,CLOUD,46.74,4955.83,120.30,5123.27,6,1.08,,0
2026-04-20 15:05:50,3491,CLOUD,25.60,10328.33,106.06,10460.99,6,0.78,,0
2026-04-20 15:06:00,3492,CLOUD,29.75,13539.84,87.74,13658.20,6,0.58,LOCAL,1
2026-04-20 15:06:14,3493,LOCAL,0.00,315.28,0.00,315.36,5,0.57,,0
2026-04-20 15:06:14,3494,LOCAL,0.00,218.79,0.00,218.86,5,0.57,,0
2026-04-20 15:06:15,3495,LOCAL,0.00,191.17,0.00,191.23,5,0.57,,0
2026-04-20 15:06:15,3496,LOCAL,0.00,185.65,0.00,185.72,5,0.57,,0
2026-04-20 15:06:15,3497,LOCAL,0.00,208.37,0.00,208.43,5,0.57,,0
2026-04-20 15:06:15,3498,LOCAL,0.00,214.95,0.00,215.01,5,0.57,,0
2026-04-20 15:06:15,3499,LOCAL,0.00,160.29,0.00,160.36,5,0.57,,0
2026-04-20 15:06:16,3500,LOCAL,0.00,164.27,0.00,164.34,5,0.57,,0
2026-04-20 15:06:16,3501,LOCAL,0.00,164.13,0.00,164.20,5,0.57,,0
2026-04-20 15:06:16,3502,LOCAL,0.00,217.54,0.00,217.60,5,0.57,,0
2026-04-20 15:06:16,3503,LOCAL,0.00,178.94,0.00,179.01,5,0.57,,0
2026-04-20 15:06:16,3504,LOCAL,0.00,157.63,0.00,157.70,5,0.57,,0
2026-04-20 15:06:16,3505,LOCAL,0.00,180.21,0.00,180.27,5,0.57,,0
2026-04-20 15:06:17,3506,LOCAL,0.00,162.83,0.00,162.90,5,0.57,,0
2026-04-20 15:06:17,3507,LOCAL,0.00,177.67,0.00,177.74,5,0.62,,0
2026-04-20 15:06:17,3508,LOCAL,0.00,173.91,0.00,173.97,5,0.72,CLOUD,1
2026-04-20 15:06:17,3509,LOCAL,0.00,266.61,0.00,266.69,5,0.84,CLOUD,1
2026-04-20 15:06:17,3510,LOCAL,0.00,150.72,0.00,150.83,5,0.84,CLOUD,1
2026-04-20 15:06:18,3511,LOCAL,0.00,174.33,0.00,174.40,5,0.84,CLOUD,1
2026-04-20 15:06:18,3512,LOCAL,0.00,178.22,0.00,178.29,5,0.84,CLOUD,1
2026-04-20 15:06:18,3513,LOCAL,0.00,183.19,0.00,183.25,5,0.84,CLOUD,1
2026-04-20 15:06:18,3514,LOCAL,0.00,176.93,0.00,176.99,5,0.84,CLOUD,1
2026-04-20 15:06:18,3515,LOCAL,0.00,176.02,0.00,176.07,5,0.84,CLOUD,1
2026-04-20 15:06:19,3516,LOCAL,0.00,176.46,0.00,176.52,5,0.84,CLOUD,1
2026-04-20 15:06:19,3517,LOCAL,0.00,184.34,0.00,184.39,5,0.84,CLOUD,1
2026-04-20 15:06:19,3518,LOCAL,0.00,156.11,0.00,156.19,5,0.84,CLOUD,2
2026-04-20 15:06:19,3519,LOCAL,0.00,166.01,0.00,166.07,5,0.99,CLOUD,2
2026-04-20 15:06:19,3520,LOCAL,0.00,162.34,0.00,162.40,5,1.52,CLOUD,2
2026-04-20 15:06:19,3521,LOCAL,0.00,161.53,0.00,161.63,5,5.20,CLOUD,2
2026-04-20 15:06:20,3522,LOCAL,0.00,178.01,0.00,178.11,5,5.32,CLOUD,2
2026-04-20 15:06:20,3523,LOCAL,0.00,163.71,0.00,163.77,5,5.37,CLOUD,2
2026-04-20 15:06:20,3524,LOCAL,0.00,170.06,0.00,170.14,5,5.38,CLOUD,2
2026-04-20 15:06:20,3525,LOCAL,0.00,162.14,0.00,162.23,5,5.41,CLOUD,2
2026-04-20 15:06:20,3526,LOCAL,0.00,157.17,0.00,157.26,5,5.46,CLOUD,2
2026-04-20 15:06:20,3527,LOCAL,0.00,177.08,0.00,177.16,5,5.50,CLOUD,2
2026-04-20 15:06:21,3528,LOCAL,0.00,175.36,0.00,175.42,5,5.48,CLOUD,2
2026-04-20 15:06:21,3529,LOCAL,0.00,252.17,0.00,252.25,5,5.41,CLOUD,2
2026-04-20 15:06:21,3530,CLOUD,14.28,11511.33,105.25,11631.64,6,1.72,,0
2026-04-20 15:06:33,3531,CLOUD,25.57,3928.60,106.30,4060.86,6,1.40,LOCAL,1
2026-04-20 15:06:37,3532,CLOUD,29.86,5655.05,109.00,5794.38,6,1.10,,0
2026-04-20 15:06:43,3533,CLOUD,25.34,6204.53,101.82,6332.06,6,0.89,,0
2026-04-20 15:06:49,3534,CLOUD,23.80,4014.84,98.97,4138.11,6,0.80,LOCAL,2
2026-04-20 15:06:53,3535,CLOUD,13.31,3549.91,123.01,3686.60,6,0.73,,0
2026-04-20 15:06:57,3536,CLOUD,24.22,5324.92,92.47,5442.03,6,0.64,,0
2026-04-20 15:07:02,3537,CLOUD,13.77,4956.31,99.43,5094.24,6,0.58,LOCAL,1
2026-04-20 15:07:07,3538,LOCAL,0.00,254.32,0.00,254.39,5,0.58,,0
2026-04-20 15:07:08,3539,LOCAL,0.00,276.47,0.00,276.54,5,0.58,,0
2026-04-20 15:07:08,3540,LOCAL,0.00,201.30,0.00,201.36,5,0.58,CLOUD,1
2026-04-20 15:07:08,3541,LOCAL,0.00,187.27,0.00,187.33,5,0.58,CLOUD,1
2026-04-20 15:07:08,3542,LOCAL,0.00,171.69,0.00,171.75,5,0.58,CLOUD,1
2026-04-20 15:07:08,3543,LOCAL,0.00,211.43,0.00,211.49,5,0.58,CLOUD,1
2026-04-20 15:07:09,3544,LOCAL,0.00,187.01,0.00,187.07,5,0.58,CLOUD,1
2026-04-20 15:07:09,3545,LOCAL,0.00,181.19,0.00,181.25,5,0.58,CLOUD,1
2026-04-20 15:07:09,3546,LOCAL,0.00,176.11,0.00,176.17,5,0.58,CLOUD,1
2026-04-20 15:07:09,3547,LOCAL,0.00,139.88,0.00,139.94,5,0.58,CLOUD,1
2026-04-20 15:07:09,3548,LOCAL,0.00,185.71,0.00,185.77,5,0.58,CLOUD,1
2026-04-20 15:07:10,3549,LOCAL,0.00,176.28,0.00,176.36,5,0.58,CLOUD,1
2026-04-20 15:07:10,3550,LOCAL,0.00,166.76,0.00,166.82,5,0.58,CLOUD,1
2026-04-20 15:07:10,3551,LOCAL,0.00,185.04,0.00,185.10,5,0.58,CLOUD,2
2026-04-20 15:07:10,3552,LOCAL,0.00,192.08,0.00,192.15,5,0.58,CLOUD,2
2026-04-20 15:07:10,3553,LOCAL,0.00,182.18,0.00,182.27,5,0.57,CLOUD,2
2026-04-20 15:07:11,3554,LOCAL,0.00,155.27,0.00,155.33,5,0.58,CLOUD,2
2026-04-20 15:07:11,3555,LOCAL,0.00,265.22,0.00,265.32,5,0.57,CLOUD,2
2026-04-20 15:07:11,3556,LOCAL,0.00,193.65,0.00,193.73,5,0.57,CLOUD,2
2026-04-20 15:07:11,3557,LOCAL,0.00,168.79,0.00,168.91,5,0.57,CLOUD,2
2026-04-20 15:07:11,3558,LOCAL,0.00,176.08,0.00,176.15,5,0.57,CLOUD,2
2026-04-20 15:07:12,3559,LOCAL,0.00,168.66,0.00,168.75,5,0.74,CLOUD,2
2026-04-20 15:07:12,3560,LOCAL,0.00,188.27,0.00,188.33,5,0.82,CLOUD,2
2026-04-20 15:07:12,3561,LOCAL,0.00,260.91,0.00,260.97,5,0.98,,0
2026-04-20 15:07:12,3562,CLOUD,27.77,10436.67,106.04,10571.33,6,0.86,,0
2026-04-20 15:07:23,3563,CLOUD,33.58,11176.64,104.83,11327.91,6,0.71,LOCAL,2
2026-04-20 15:07:34,3564,LOCAL,0.00,233.12,0.00,233.20,5,0.77,CLOUD,1
2026-04-20 15:07:34,3565,LOCAL,0.00,180.38,0.00,180.44,5,0.90,CLOUD,1
2026-04-20 15:07:35,3566,LOCAL,0.00,216.90,0.00,216.96,5,1.06,CLOUD,2
2026-04-20 15:07:35,3567,LOCAL,0.00,200.01,0.00,200.07,5,1.06,CLOUD,2
2026-04-20 15:07:35,3568,LOCAL,0.00,196.71,0.00,196.76,5,1.06,CLOUD,2
2026-04-20 15:07:35,3569,LOCAL,0.00,170.70,0.00,170.77,5,1.06,CLOUD,2
2026-04-20 15:07:35,3570,LOCAL,0.00,209.05,0.00,209.12,5,1.06,CLOUD,2
2026-04-20 15:07:36,3571,LOCAL,0.00,237.99,0.00,238.07,5,1.06,CLOUD,2
2026-04-20 15:07:36,3572,LOCAL,0.00,212.85,0.00,212.91,5,1.06,CLOUD,2
2026-04-20 15:07:36,3573,LOCAL,0.00,186.04,0.00,186.11,5,1.06,CLOUD,2
2026-04-20 15:07:36,3574,LOCAL,0.00,131.35,0.00,131.43,5,1.06,CLOUD,2
2026-04-20 15:07:36,3575,LOCAL,0.00,172.81,0.00,172.91,5,1.06,CLOUD,2
2026-04-20 15:07:37,3576,LOCAL,0.00,236.00,0.00,236.29,5,1.05,,0
2026-04-20 15:07:37,3577,CLOUD,26.92,12131.23,105.78,12273.42,6,0.73,,0
2026-04-20 15:07:49,3578,LOCAL,0.00,227.79,0.00,227.94,5,0.73,,0
2026-04-20 15:07:49,3579,LOCAL,0.00,184.38,0.00,184.44,5,0.73,,0
2026-04-20 15:07:50,3580,LOCAL,0.00,174.03,0.00,174.09,5,0.73,,0
2026-04-20 15:07:50,3581,LOCAL,0.00,190.42,0.00,190.49,5,0.73,,0
2026-04-20 15:07:50,3582,LOCAL,0.00,201.68,0.00,201.75,5,0.73,,0
2026-04-20 15:07:50,3583,LOCAL,0.00,207.84,0.00,207.90,5,0.73,,0
2026-04-20 15:07:50,3584,LOCAL,0.00,185.78,0.00,185.86,5,0.73,,0
2026-04-20 15:07:51,3585,LOCAL,0.00,179.18,0.00,179.24,5,0.73,,0
2026-04-20 15:07:51,3586,LOCAL,0.00,177.43,0.00,177.49,5,0.73,,0
2026-04-20 15:07:51,3587,LOCAL,0.00,172.49,0.00,172.55,5,0.73,,0
2026-04-20 15:07:51,3588,LOCAL,0.00,277.22,0.00,277.34,5,0.73,,0
2026-04-20 15:07:52,3589,LOCAL,0.00,156.96,0.00,157.04,5,0.73,,0
2026-04-20 15:07:52,3590,LOCAL,0.00,180.65,0.00,180.74,5,0.73,,0
2026-04-20 15:07:52,3591,LOCAL,0.00,217.03,0.00,217.09,5,0.99,,0
2026-04-20 15:07:52,3592,LOCAL,0.00,167.08,0.00,167.15,5,1.60,,0
2026-04-20 15:07:52,3593,LOCAL,0.00,192.57,0.00,192.63,5,1.60,,0
2026-04-20 15:07:52,3594,LOCAL,0.00,169.96,0.00,170.07,5,1.61,,0
2026-04-20 15:07:53,3595,LOCAL,0.00,171.23,0.00,171.29,5,1.61,,0
2026-04-20 15:07:53,3596,LOCAL,0.00,184.16,0.00,184.23,5,1.61,,0
2026-04-20 15:07:53,3597,LOCAL,0.00,196.08,0.00,196.24,5,1.61,CLOUD,1
2026-04-20 15:07:53,3598,LOCAL,0.00,168.90,0.00,168.97,5,1.61,CLOUD,1
2026-04-20 15:07:53,3599,LOCAL,0.00,166.47,0.00,166.54,5,1.62,CLOUD,1
2026-04-20 15:07:54,3600,LOCAL,0.00,171.16,0.00,171.23,5,1.62,CLOUD,1
2026-04-20 15:07:54,3601,LOCAL,0.00,175.59,0.00,175.65,5,1.63,CLOUD,1
2026-04-20 15:07:54,3602,LOCAL,0.00,157.18,0.00,157.24,5,1.63,CLOUD,1
2026-04-20 15:07:54,3603,LOCAL,0.00,219.85,0.00,219.90,5,1.62,CLOUD,1
2026-04-20 15:07:54,3604,LOCAL,0.00,182.93,0.00,182.99,5,1.62,CLOUD,1
2026-04-20 15:07:55,3605,LOCAL,0.00,208.72,0.00,211.83,5,1.62,CLOUD,1
2026-04-20 15:07:55,3606,LOCAL,0.00,194.97,0.00,195.06,5,4.98,CLOUD,1
2026-04-20 15:07:55,3607,LOCAL,0.00,179.89,0.00,179.95,5,5.03,CLOUD,2
2026-04-20 15:07:55,3608,LOCAL,0.00,176.95,0.00,177.01,5,5.04,CLOUD,2
2026-04-20 15:07:55,3609,LOCAL,0.00,182.12,0.00,182.19,5,5.05,CLOUD,2
2026-04-20 15:07:56,3610,LOCAL,0.00,164.29,0.00,164.35,5,5.08,CLOUD,2
2026-04-20 15:07:56,3611,LOCAL,0.00,205.18,0.00,205.24,5,5.08,CLOUD,2
2026-04-20 15:07:56,3612,LOCAL,0.00,212.66,0.00,212.72,5,5.08,CLOUD,2
2026-04-20 15:07:56,3613,LOCAL,0.00,192.94,0.00,193.00,5,5.07,CLOUD,2
2026-04-20 15:07:56,3614,LOCAL,0.00,190.25,0.00,190.32,5,5.06,CLOUD,2
2026-04-20 15:07:57,3615,LOCAL,0.00,140.90,0.00,140.96,5,5.08,CLOUD,2
2026-04-20 15:07:57,3616,LOCAL,0.00,185.34,0.00,185.43,5,5.07,CLOUD,2
2026-04-20 15:07:57,3617,LOCAL,0.00,172.16,0.00,172.23,5,5.17,CLOUD,2
2026-04-20 15:07:57,3618,LOCAL,0.00,268.12,0.00,268.23,5,5.07,,0
2026-04-20 15:07:57,3619,LOCAL,0.00,193.90,0.00,194.09,5,5.07,,0
2026-04-20 15:07:58,3620,CLOUD,27.78,8453.44,122.48,8604.52,6,2.05,,0
2026-04-20 15:08:06,3621,LOCAL,0.00,264.48,0.00,264.56,5,2.04,CLOUD,1
2026-04-20 15:08:06,3622,LOCAL,0.00,185.62,0.00,185.68,5,2.04,CLOUD,1
2026-04-20 15:08:07,3623,LOCAL,0.00,179.39,0.00,179.45,5,2.04,CLOUD,1
2026-04-20 15:08:07,3624,LOCAL,0.00,178.38,0.00,178.44,5,2.04,CLOUD,1
2026-04-20 15:08:07,3625,LOCAL,0.00,182.90,0.00,182.96,5,2.04,CLOUD,1
2026-04-20 15:08:07,3626,LOCAL,0.00,167.12,0.00,167.18,5,2.04,CLOUD,1
2026-04-20 15:08:07,3627,LOCAL,0.00,186.83,0.00,186.91,5,2.04,CLOUD,1
2026-04-20 15:08:08,3628,LOCAL,0.00,187.69,0.00,187.80,5,2.04,CLOUD,2
2026-04-20 15:08:08,3629,LOCAL,0.00,170.19,0.00,170.27,5,2.04,CLOUD,2
2026-04-20 15:08:08,3630,LOCAL,0.00,181.93,0.00,182.02,5,2.04,CLOUD,2
2026-04-20 15:08:08,3631,LOCAL,0.00,168.87,0.00,168.94,5,2.04,CLOUD,2
2026-04-20 15:08:08,3632,LOCAL,0.00,302.88,0.00,303.14,5,2.03,CLOUD,2
2026-04-20 15:08:09,3633,LOCAL,0.00,192.98,0.00,198.28,5,2.03,CLOUD,2
2026-04-20 15:08:09,3634,LOCAL,0.00,204.55,0.00,204.61,5,2.03,CLOUD,2
2026-04-20 15:08:09,3635,LOCAL,0.00,202.05,0.00,202.11,5,2.03,CLOUD,2
2026-04-20 15:08:09,3636,LOCAL,0.00,209.62,0.00,209.69,5,2.03,CLOUD,2
2026-04-20 15:08:10,3637,LOCAL,0.00,187.36,0.00,187.42,5,2.03,CLOUD,2
2026-04-20 15:08:10,3638,LOCAL,0.00,268.11,0.00,268.19,5,2.02,,0
2026-04-20 15:08:10,3639,CLOUD,32.23,4260.66,103.76,4397.04,6,1.56,,0
2026-04-20 15:08:14,3640,CLOUD,25.98,9822.77,100.43,9962.90,6,1.02,,0
2026-04-20 15:08:24,3641,LOCAL,0.00,301.47,0.00,301.56,5,1.02,,0
2026-04-20 15:08:25,3642,LOCAL,0.00,203.75,0.00,203.82,5,1.02,,0
2026-04-20 15:08:25,3643,LOCAL,0.00,213.13,0.00,213.20,5,1.02,,0
2026-04-20 15:08:25,3644,LOCAL,0.00,197.05,0.00,197.15,5,1.01,,0
2026-04-20 15:08:25,3645,LOCAL,0.00,192.82,0.00,192.89,5,1.01,,0
2026-04-20 15:08:26,3646,LOCAL,0.00,249.57,0.00,249.66,5,1.01,,0
2026-04-20 15:08:26,3647,LOCAL,0.00,202.13,0.00,202.20,5,1.01,,0
2026-04-20 15:08:26,3648,LOCAL,0.00,178.66,0.00,178.73,5,1.02,,0
2026-04-20 15:08:26,3649,LOCAL,0.00,181.91,0.00,181.98,5,1.44,CLOUD,1
2026-04-20 15:08:26,3650,LOCAL,0.00,179.07,0.00,179.15,5,1.45,CLOUD,1
2026-04-20 15:08:27,3651,LOCAL,0.00,171.52,0.00,171.58,5,1.45,CLOUD,1
2026-04-20 15:08:27,3652,LOCAL,0.00,225.14,0.00,225.19,5,1.44,CLOUD,1
2026-04-20 15:08:27,3653,LOCAL,0.00,210.47,0.00,210.54,5,1.44,CLOUD,1
2026-04-20 15:08:27,3654,LOCAL,0.00,172.65,0.00,172.77,5,1.44,CLOUD,1
2026-04-20 15:08:27,3655,LOCAL,0.00,180.52,0.00,180.58,5,1.44,CLOUD,1
2026-04-20 15:08:28,3656,LOCAL,0.00,181.64,0.00,181.70,5,1.44,CLOUD,1
2026-04-20 15:08:28,3657,LOCAL,0.00,207.99,0.00,208.06,5,1.44,CLOUD,1
2026-04-20 15:08:28,3658,LOCAL,0.00,170.21,0.00,170.27,5,1.44,CLOUD,1
2026-04-20 15:08:28,3659,LOCAL,0.00,193.98,0.00,194.04,5,1.44,CLOUD,2
2026-04-20 15:08:28,3660,LOCAL,0.00,152.41,0.00,152.46,5,1.44,CLOUD,2
2026-04-20 15:08:28,3661,LOCAL,0.00,188.04,0.00,188.12,5,1.45,CLOUD,2
2026-04-20 15:08:29,3662,LOCAL,0.00,179.86,0.00,179.93,5,1.45,CLOUD,2
2026-04-20 15:08:29,3663,LOCAL,0.00,172.88,0.00,172.94,5,1.45,CLOUD,2
2026-04-20 15:08:29,3664,LOCAL,0.00,178.04,0.00,178.11,5,1.46,CLOUD,2
2026-04-20 15:08:29,3665,LOCAL,0.00,321.38,0.00,321.55,5,1.45,CLOUD,2
2026-04-20 15:08:30,3666,LOCAL,0.00,203.05,0.00,203.12,5,1.45,CLOUD,2
2026-04-20 15:08:30,3667,LOCAL,0.00,191.96,0.00,192.02,5,1.45,CLOUD,2
2026-04-20 15:08:30,3668,LOCAL,0.00,162.70,0.00,162.77,5,1.84,CLOUD,2
2026-04-20 15:08:30,3669,LOCAL,0.00,240.30,0.00,240.46,5,4.83,,0
2026-04-20 15:08:30,3670,LOCAL,0.00,190.02,0.00,190.10,5,4.92,,0
2026-04-20 15:08:31,3671,CLOUD,29.86,5904.31,106.77,6041.33,6,2.47,,0
2026-04-20 15:08:37,3672,CLOUD,25.67,4100.32,107.63,4234.04,6,1.84,,0
2026-04-20 15:08:41,3673,CLOUD,25.46,4208.19,110.96,4345.03,6,1.46,,0
2026-04-20 15:08:45,3674,CLOUD,25.92,7760.42,136.00,7922.77,6,1.05,,0
2026-04-20 15:08:53,3675,CLOUD,25.73,4844.46,99.01,4969.59,6,0.90,LOCAL,2
2026-04-20 15:08:58,3676,LOCAL,0.00,293.07,0.00,293.15,5,0.89,CLOUD,1
2026-04-20 15:08:58,3677,LOCAL,0.00,169.73,0.00,169.84,5,0.89,CLOUD,1
2026-04-20 15:08:59,3678,LOCAL,0.00,203.80,0.00,203.90,5,0.89,CLOUD,1
2026-04-20 15:08:59,3679,LOCAL,0.00,202.75,0.00,202.80,5,0.89,CLOUD,2
2026-04-20 15:08:59,3680,LOCAL,0.00,168.38,0.00,168.49,5,0.89,CLOUD,2
2026-04-20 15:08:59,3681,LOCAL,0.00,154.31,0.00,154.39,5,0.89,CLOUD,2
2026-04-20 15:08:59,3682,LOCAL,0.00,164.22,0.00,164.36,5,0.89,CLOUD,2
2026-04-20 15:09:00,3683,LOCAL,0.00,168.22,0.00,168.32,5,0.89,CLOUD,2
2026-04-20 15:09:00,3684,LOCAL,0.00,178.05,0.00,178.19,5,0.89,CLOUD,2
2026-04-20 15:09:00,3685,LOCAL,0.00,182.29,0.00,182.37,5,0.89,CLOUD,2
2026-04-20 15:09:00,3686,LOCAL,0.00,179.32,0.00,179.39,5,0.89,CLOUD,2
2026-04-20 15:09:00,3687,LOCAL,0.00,218.29,0.00,218.35,5,0.89,CLOUD,2
2026-04-20 15:09:01,3688,LOCAL,0.00,179.20,0.00,179.26,5,0.89,CLOUD,2
2026-04-20 15:09:01,3689,LOCAL,0.00,282.61,0.00,282.70,5,0.89,,0
2026-04-20 15:09:01,3690,CLOUD,29.96,4158.17,109.19,4297.79,6,0.79,,0
2026-04-20 15:09:05,3691,CLOUD,23.81,5635.40,74.53,5734.49,6,0.69,,0
2026-04-20 15:09:11,3692,LOCAL,0.00,248.32,0.00,248.40,5,0.69,,0
2026-04-20 15:09:11,3693,LOCAL,0.00,202.06,0.00,202.12,5,0.68,,0
2026-04-20 15:09:12,3694,LOCAL,0.00,192.68,0.00,192.75,5,0.69,,0
2026-04-20 15:09:12,3695,LOCAL,0.00,209.73,0.00,209.79,5,0.69,,0
2026-04-20 15:09:12,3696,LOCAL,0.00,217.40,0.00,217.46,5,0.69,,0
2026-04-20 15:09:12,3697,LOCAL,0.00,236.18,0.00,236.25,5,0.68,,0
2026-04-20 15:09:12,3698,LOCAL,0.00,179.44,0.00,179.50,5,0.69,,0
2026-04-20 15:09:13,3699,LOCAL,0.00,194.17,0.00,194.23,5,0.69,,0
2026-04-20 15:09:13,3700,LOCAL,0.00,200.78,0.00,200.86,5,0.80,,0
2026-04-20 15:09:13,3701,LOCAL,0.00,172.65,0.00,172.71,5,0.90,,0
2026-04-20 15:09:13,3702,LOCAL,0.00,180.02,0.00,180.08,5,1.03,,0
2026-04-20 15:09:13,3703,LOCAL,0.00,170.76,0.00,170.83,5,1.42,,0
2026-04-20 15:09:14,3704,LOCAL,0.00,187.29,0.00,187.36,5,1.85,,0
2026-04-20 15:09:14,3705,LOCAL,0.00,169.52,0.00,169.58,5,1.86,,0
2026-04-20 15:09:14,3706,LOCAL,0.00,174.70,0.00,174.76,5,1.86,,0
2026-04-20 15:09:14,3707,LOCAL,0.00,191.71,0.00,191.76,5,1.86,,0
2026-04-20 15:09:14,3708,LOCAL,0.00,281.97,0.00,282.07,5,1.85,,0
2026-04-20 15:09:15,3709,LOCAL,0.00,202.87,0.00,207.08,5,1.85,,0
2026-04-20 15:09:15,3710,LOCAL,0.00,206.46,0.00,206.53,5,1.84,,0
2026-04-20 15:09:15,3711,LOCAL,0.00,185.92,0.00,185.98,5,1.85,,0
2026-04-20 15:09:15,3712,LOCAL,0.00,174.52,0.00,174.57,5,1.85,,0
2026-04-20 15:09:15,3713,LOCAL,0.00,160.96,0.00,161.02,5,1.85,,0
2026-04-20 15:09:16,3714,LOCAL,0.00,170.96,0.00,171.03,5,1.85,,0
2026-04-20 15:09:16,3715,LOCAL,0.00,171.35,0.00,171.42,5,1.85,,0
2026-04-20 15:09:16,3716,LOCAL,0.00,179.48,0.00,179.56,5,1.85,,0
2026-04-20 15:09:16,3717,LOCAL,0.00,160.69,0.00,160.76,5,1.86,,0
2026-04-20 15:09:16,3718,LOCAL,0.00,175.37,0.00,175.43,5,1.87,,0
2026-04-20 15:09:17,3719,LOCAL,0.00,181.12,0.00,181.19,5,2.55,,0
2026-04-20 15:09:17,3720,LOCAL,0.00,210.28,0.00,210.34,5,4.95,,0
2026-04-20 15:09:17,3721,LOCAL,0.00,162.96,0.00,163.02,5,5.03,,0
2026-04-20 15:09:17,3722,LOCAL,0.00,120.42,0.00,120.48,5,5.11,,0
2026-04-20 15:09:17,3723,LOCAL,0.00,183.76,0.00,183.82,5,5.12,,0
2026-04-20 15:09:17,3724,LOCAL,0.00,193.86,0.00,193.92,5,5.14,,0
2026-04-20 15:09:18,3725,LOCAL,0.00,168.78,0.00,168.84,5,5.17,,0
2026-04-20 15:09:18,3726,LOCAL,0.00,155.28,0.00,155.37,5,5.25,,0
2026-04-20 15:09:18,3727,LOCAL,0.00,184.82,0.00,184.88,5,5.25,,0
2026-04-20 15:09:18,3728,LOCAL,0.00,157.36,0.00,157.42,5,5.27,,0
2026-04-20 15:09:18,3729,LOCAL,0.00,175.56,0.00,175.63,5,5.31,,0
2026-04-20 15:09:19,3730,LOCAL,0.00,202.20,0.00,202.26,5,5.27,,0
2026-04-20 15:09:19,3731,LOCAL,0.00,192.25,0.00,192.45,5,5.18,,0
2026-04-20 15:09:19,3732,LOCAL,0.00,178.29,0.00,178.36,5,5.17,,0
2026-04-20 15:09:19,3733,LOCAL,0.00,201.00,0.00,201.06,5,5.16,CLOUD,1
2026-04-20 15:09:19,3734,LOCAL,0.00,181.07,0.00,181.13,5,5.16,CLOUD,1
2026-04-20 15:09:20,3735,LOCAL,0.00,165.23,0.00,165.30,5,5.16,CLOUD,1
2026-04-20 15:09:20,3736,LOCAL,0.00,171.77,0.00,171.83,5,5.18,CLOUD,1
2026-04-20 15:09:20,3737,LOCAL,0.00,196.54,0.00,196.60,5,5.27,CLOUD,1
2026-04-20 15:09:20,3738,LOCAL,0.00,204.49,0.00,204.57,5,5.29,CLOUD,1
2026-04-20 15:09:20,3739,LOCAL,0.00,167.07,0.00,167.18,5,5.33,CLOUD,1
2026-04-20 15:09:21,3740,LOCAL,0.00,159.52,0.00,159.58,5,5.34,CLOUD,1
2026-04-20 15:09:21,3741,LOCAL,0.00,165.35,0.00,165.40,5,5.35,CLOUD,1
2026-04-20 15:09:21,3742,LOCAL,0.00,186.21,0.00,186.26,5,5.33,CLOUD,1
2026-04-20 15:09:21,3743,LOCAL,0.00,177.09,0.00,177.15,5,5.33,CLOUD,1
2026-04-20 15:09:21,3744,LOCAL,0.00,170.85,0.00,170.91,5,5.34,CLOUD,2
2026-04-20 15:09:21,3745,LOCAL,0.00,164.86,0.00,164.92,5,5.37,CLOUD,2
2026-04-20 15:09:22,3746,LOCAL,0.00,190.24,0.00,190.31,5,5.34,CLOUD,2
2026-04-20 15:09:22,3747,LOCAL,0.00,154.47,0.00,154.53,5,5.37,CLOUD,2
2026-04-20 15:09:22,3748,LOCAL,0.00,182.70,0.00,182.77,5,5.37,CLOUD,2
2026-04-20 15:09:22,3749,LOCAL,0.00,199.97,0.00,200.03,5,5.38,CLOUD,2
2026-04-20 15:09:22,3750,LOCAL,0.00,206.10,0.00,206.15,5,5.33,CLOUD,2
2026-04-20 15:09:23,3751,LOCAL,0.00,167.87,0.00,167.94,5,5.27,CLOUD,2
2026-04-20 15:09:23,3752,LOCAL,0.00,175.11,0.00,175.16,5,5.27,CLOUD,2
2026-04-20 15:09:23,3753,LOCAL,0.00,206.33,0.00,206.39,5,5.25,CLOUD,2
2026-04-20 15:09:23,3754,LOCAL,0.00,169.37,0.00,169.43,5,5.26,,0
2026-04-20 15:09:23,3755,LOCAL,0.00,238.03,0.00,238.12,5,5.19,,0
2026-04-20 15:09:24,3756,CLOUD,13.91,14213.21,127.81,14355.85,6,1.47,,0
2026-04-20 15:09:38,3757,CLOUD,13.89,4554.70,117.24,4686.24,6,1.19,LOCAL,1
2026-04-20 15:09:43,3758,LOCAL,0.00,244.34,0.00,244.41,5,1.19,CLOUD,1
2026-04-20 15:09:43,3759,LOCAL,0.00,220.76,0.00,220.82,5,1.19,CLOUD,1
2026-04-20 15:09:43,3760,LOCAL,0.00,197.04,0.00,197.10,5,1.19,CLOUD,1
2026-04-20 15:09:43,3761,LOCAL,0.00,173.65,0.00,173.71,5,1.19,CLOUD,1
2026-04-20 15:09:44,3762,LOCAL,0.00,238.53,0.00,238.63,5,1.19,CLOUD,1
2026-04-20 15:09:44,3763,LOCAL,0.00,201.23,0.00,201.30,5,1.19,CLOUD,1
2026-04-20 15:09:44,3764,LOCAL,0.00,179.99,0.00,180.05,5,1.19,CLOUD,1
2026-04-20 15:09:44,3765,LOCAL,0.00,175.51,0.00,175.59,5,1.19,CLOUD,1
2026-04-20 15:09:44,3766,LOCAL,0.00,194.97,0.00,195.04,5,1.19,CLOUD,1
2026-04-20 15:09:45,3767,LOCAL,0.00,206.16,0.00,206.22,5,1.19,CLOUD,2
2026-04-20 15:09:45,3768,LOCAL,0.00,166.70,0.00,166.76,5,1.19,CLOUD,2
2026-04-20 15:09:45,3769,LOCAL,0.00,157.49,0.00,157.55,5,1.19,CLOUD,2
2026-04-20 15:09:45,3770,LOCAL,0.00,162.13,0.00,162.19,5,1.19,CLOUD,2
2026-04-20 15:09:45,3771,LOCAL,0.00,166.18,0.00,166.24,5,1.19,CLOUD,2
2026-04-20 15:09:46,3772,LOCAL,0.00,207.35,0.00,207.42,5,1.18,CLOUD,2
2026-04-20 15:09:46,3773,LOCAL,0.00,184.33,0.00,184.39,5,1.18,CLOUD,2
2026-04-20 15:09:46,3774,LOCAL,0.00,209.08,0.00,209.14,5,1.18,CLOUD,2
2026-04-20 15:09:46,3775,LOCAL,0.00,194.79,0.00,194.85,5,1.18,CLOUD,2
2026-04-20 15:09:46,3776,LOCAL,0.00,200.27,0.00,200.34,5,1.18,CLOUD,2
2026-04-20 15:09:47,3777,LOCAL,0.00,224.89,0.00,225.04,5,1.18,CLOUD,2
2026-04-20 15:09:47,3778,LOCAL,0.00,226.05,0.00,226.23,5,1.17,,0
2026-04-20 15:09:47,3779,CLOUD,30.17,7887.14,128.78,8046.48,6,0.89,,0
2026-04-20 15:09:55,3780,LOCAL,0.00,240.25,0.00,240.32,5,0.89,,0
2026-04-20 15:09:55,3781,LOCAL,0.00,214.98,0.00,215.05,5,0.89,,0
2026-04-20 15:09:56,3782,LOCAL,0.00,191.49,0.00,191.56,5,0.89,,0
2026-04-20 15:09:56,3783,LOCAL,0.00,192.51,0.00,192.58,5,0.89,,0
2026-04-20 15:09:56,3784,LOCAL,0.00,199.76,0.00,199.83,5,0.89,,0
2026-04-20 15:09:56,3785,LOCAL,0.00,177.58,0.00,177.69,5,1.57,,0
2026-04-20 15:09:56,3786,LOCAL,0.00,200.98,0.00,201.04,5,2.08,,0
2026-04-20 15:09:57,3787,LOCAL,0.00,187.58,0.00,187.68,5,2.09,,0
2026-04-20 15:09:57,3788,LOCAL,0.00,205.70,0.00,205.76,5,2.09,,0
2026-04-20 15:09:57,3789,LOCAL,0.00,184.82,0.00,184.89,5,2.09,,0
2026-04-20 15:09:57,3790,LOCAL,0.00,199.27,0.00,199.33,5,2.09,,0
2026-04-20 15:09:57,3791,LOCAL,0.00,178.22,0.00,178.28,5,2.10,,0
2026-04-20 15:09:58,3792,LOCAL,0.00,275.67,0.00,275.76,5,2.09,,0
2026-04-20 15:09:58,3793,LOCAL,0.00,204.17,0.00,204.24,5,2.09,,0
2026-04-20 15:09:58,3794,LOCAL,0.00,171.47,0.00,171.55,5,2.09,,0
2026-04-20 15:09:58,3795,LOCAL,0.00,188.18,0.00,188.25,5,2.09,,0
2026-04-20 15:09:58,3796,LOCAL,0.00,211.47,0.00,211.54,5,2.09,,0
2026-04-20 15:09:59,3797,LOCAL,0.00,201.03,0.00,201.09,5,2.09,,0
2026-04-20 15:09:59,3798,LOCAL,0.00,184.24,0.00,184.30,5,2.09,,0
2026-04-20 15:09:59,3799,LOCAL,0.00,165.20,0.00,165.27,5,2.09,,0
2026-04-20 15:09:59,3800,LOCAL,0.00,173.37,0.00,173.43,5,2.09,,0
2026-04-20 15:09:59,3801,LOCAL,0.00,179.82,0.00,179.89,5,2.09,,0
2026-04-20 15:10:00,3802,LOCAL,0.00,180.87,0.00,180.93,5,2.10,,0
2026-04-20 15:10:00,3803,LOCAL,0.00,185.77,0.00,185.82,5,2.10,,0
2026-04-20 15:10:00,3804,LOCAL,0.00,172.09,0.00,172.16,5,2.10,,0
2026-04-20 15:10:00,3805,LOCAL,0.00,197.30,0.00,197.37,5,2.10,,0
2026-04-20 15:10:00,3806,LOCAL,0.00,168.42,0.00,168.48,5,2.11,,0
2026-04-20 15:10:01,3807,LOCAL,0.00,173.78,0.00,173.85,5,2.12,,0
2026-04-20 15:10:01,3808,LOCAL,0.00,168.87,0.00,168.94,5,4.99,,0
2026-04-20 15:10:01,3809,LOCAL,0.00,182.78,0.00,182.86,5,5.03,,0
2026-04-20 15:10:01,3810,LOCAL,0.00,188.98,0.00,189.05,5,5.07,,0
2026-04-20 15:10:01,3811,LOCAL,0.00,174.99,0.00,175.06,5,5.09,,0
2026-04-20 15:10:01,3812,LOCAL,0.00,182.59,0.00,182.65,5,5.09,,0
2026-04-20 15:10:02,3813,LOCAL,0.00,191.12,0.00,191.18,5,5.10,,0
2026-04-20 15:10:02,3814,LOCAL,0.00,170.09,0.00,170.14,5,5.11,,0
2026-04-20 15:10:02,3815,LOCAL,0.00,178.71,0.00,178.76,5,5.14,,0
2026-04-20 15:10:02,3816,LOCAL,0.00,175.69,0.00,175.76,5,5.15,,0
2026-04-20 15:10:02,3817,LOCAL,0.00,186.01,0.00,186.06,5,5.17,,0
2026-04-20 15:10:03,3818,LOCAL,0.00,185.44,0.00,193.57,5,5.16,,0
2026-04-20 15:10:03,3819,LOCAL,0.00,183.56,0.00,183.63,5,5.17,,0
2026-04-20 15:10:03,3820,LOCAL,0.00,206.52,0.00,206.58,5,5.15,,0
2026-04-20 15:10:03,3821,LOCAL,0.00,169.60,0.00,169.66,5,5.25,,0
2026-04-20 15:10:03,3822,LOCAL,0.00,177.81,0.00,177.88,5,5.26,,0
2026-04-20 15:10:04,3823,LOCAL,0.00,191.87,0.00,191.93,5,5.25,,0
2026-04-20 15:10:04,3824,LOCAL,0.00,190.16,0.00,190.22,5,5.26,,0
2026-04-20 15:10:04,3825,LOCAL,0.00,181.98,0.00,182.05,5,5.28,,0
2026-04-20 15:10:04,3826,LOCAL,0.00,185.12,0.00,185.18,5,5.28,,0
2026-04-20 15:10:04,3827,LOCAL,0.00,188.26,0.00,188.33,5,5.28,,0
2026-04-20 15:10:05,3828,LOCAL,0.00,179.54,0.00,179.60,5,5.27,,0
2026-04-20 15:10:05,3829,LOCAL,0.00,292.04,0.00,292.12,5,5.15,,0
2026-04-20 15:10:05,3830,LOCAL,0.00,143.99,0.00,144.05,5,5.18,CLOUD,1
2026-04-20 15:10:05,3831,LOCAL,0.00,165.29,0.00,165.36,5,5.19,CLOUD,1
2026-04-20 15:10:05,3832,LOCAL,0.00,190.38,0.00,190.45,5,5.19,CLOUD,1
2026-04-20 15:10:06,3833,LOCAL,0.00,139.22,0.00,139.29,5,5.23,CLOUD,1
2026-04-20 15:10:06,3834,LOCAL,0.00,163.22,0.00,163.29,5,5.28,CLOUD,1
2026-04-20 15:10:06,3835,LOCAL,0.00,167.42,0.00,167.49,5,5.28,CLOUD,1
2026-04-20 15:10:06,3836,LOCAL,0.00,186.69,0.00,186.75,5,5.24,CLOUD,1
2026-04-20 15:10:06,3837,LOCAL,0.00,194.03,0.00,194.11,5,5.21,CLOUD,1
2026-04-20 15:10:06,3838,LOCAL,0.00,177.22,0.00,177.28,5,5.22,CLOUD,1
2026-04-20 15:10:07,3839,LOCAL,0.00,198.36,0.00,198.42,5,5.21,CLOUD,1
2026-04-20 15:10:07,3840,LOCAL,0.00,164.52,0.00,164.59,5,5.21,CLOUD,1
2026-04-20 15:10:07,3841,LOCAL,0.00,169.47,0.00,169.52,5,5.23,CLOUD,1
2026-04-20 15:10:07,3842,LOCAL,0.00,171.91,0.00,171.96,5,5.25,CLOUD,2
2026-04-20 15:10:07,3843,LOCAL,0.00,185.57,0.00,185.65,5,5.22,CLOUD,2
2026-04-20 15:10:08,3844,LOCAL,0.00,184.36,0.00,184.42,5,5.22,CLOUD,2
2026-04-20 15:10:08,3845,LOCAL,0.00,195.01,0.00,195.07,5,5.21,CLOUD,2
2026-04-20 15:10:08,3846,LOCAL,0.00,165.10,0.00,165.16,5,5.22,CLOUD,2
2026-04-20 15:10:08,3847,LOCAL,0.00,190.15,0.00,190.21,5,5.22,CLOUD,2
2026-04-20 15:10:08,3848,LOCAL,0.00,185.11,0.00,185.16,5,5.22,CLOUD,2
2026-04-20 15:10:09,3849,LOCAL,0.00,192.28,0.00,192.35,5,5.23,CLOUD,2
2026-04-20 15:10:09,3850,LOCAL,0.00,197.80,0.00,197.86,5,5.22,CLOUD,2
2026-04-20 15:10:09,3851,LOCAL,0.00,366.63,0.00,366.76,5,5.05,CLOUD,2
2026-04-20 15:10:09,3852,CLOUD,13.92,3344.98,106.70,3466.05,6,3.22,,0
2026-04-20 15:10:13,3853,CLOUD,25.40,4226.61,96.87,4368.64,6,2.20,,0
2026-04-20 15:10:17,3854,CLOUD,41.82,4911.77,122.03,5076.05,6,1.60,,0
2026-04-20 15:10:22,3855,CLOUD,14.26,4373.86,108.52,4497.01,6,1.30,LOCAL,1
2026-04-20 15:10:27,3856,CLOUD,25.58,3960.94,113.96,4100.89,6,1.10,,0
2026-04-20 15:10:31,3857,CLOUD,37.89,8196.99,109.17,8344.84,6,0.84,,0
2026-04-20 15:10:39,3858,LOCAL,0.00,232.35,0.00,232.43,5,0.84,,0
2026-04-20 15:10:39,3859,LOCAL,0.00,195.84,0.00,195.90,5,0.84,,0
2026-04-20 15:10:40,3860,LOCAL,0.00,204.28,0.00,204.33,5,0.84,,0
2026-04-20 15:10:40,3861,LOCAL,0.00,244.75,0.00,244.80,5,0.84,,0
2026-04-20 15:10:40,3862,LOCAL,0.00,190.09,0.00,190.16,5,0.84,,0
2026-04-20 15:10:40,3863,LOCAL,0.00,183.49,0.00,183.56,5,0.84,,0
2026-04-20 15:10:41,3864,LOCAL,0.00,177.37,0.00,177.43,5,0.84,,0
2026-04-20 15:10:41,3865,LOCAL,0.00,316.17,0.00,316.24,5,0.84,,0
2026-04-20 15:10:41,3866,LOCAL,0.00,185.52,0.00,185.59,5,0.84,CLOUD,1
2026-04-20 15:10:41,3867,LOCAL,0.00,159.27,0.00,159.33,5,0.84,CLOUD,1
2026-04-20 15:10:41,3868,LOCAL,0.00,173.24,0.00,173.30,5,0.84,CLOUD,1
2026-04-20 15:10:42,3869,LOCAL,0.00,149.92,0.00,150.01,5,0.84,CLOUD,1
2026-04-20 15:10:42,3870,LOCAL,0.00,159.74,0.00,159.85,5,0.84,CLOUD,1
2026-04-20 15:10:42,3871,LOCAL,0.00,152.76,0.00,152.82,5,0.84,CLOUD,1
2026-04-20 15:10:42,3872,LOCAL,0.00,170.74,0.00,170.84,5,0.84,CLOUD,1
2026-04-20 15:10:42,3873,LOCAL,0.00,178.99,0.00,179.05,5,0.84,CLOUD,1
2026-04-20 15:10:42,3874,LOCAL,0.00,160.45,0.00,160.51,5,0.84,CLOUD,1
2026-04-20 15:10:43,3875,LOCAL,0.00,172.12,0.00,172.17,5,0.84,CLOUD,1
2026-04-20 15:10:43,3876,LOCAL,0.00,167.45,0.00,167.51,5,0.84,CLOUD,1
2026-04-20 15:10:43,3877,LOCAL,0.00,199.41,0.00,199.47,5,0.84,CLOUD,1
2026-04-20 15:10:43,3878,LOCAL,0.00,195.97,0.00,196.03,5,0.84,CLOUD,2
2026-04-20 15:10:43,3879,LOCAL,0.00,162.34,0.00,162.41,5,0.84,CLOUD,2
2026-04-20 15:10:44,3880,LOCAL,0.00,171.41,0.00,171.48,5,0.84,CLOUD,2
2026-04-20 15:10:44,3881,LOCAL,0.00,162.78,0.00,162.89,5,0.93,CLOUD,2
2026-04-20 15:10:44,3882,LOCAL,0.00,259.30,0.00,259.42,5,1.08,CLOUD,2
2026-04-20 15:10:44,3883,LOCAL,0.00,179.81,0.00,179.89,5,1.32,CLOUD,2
2026-04-20 15:10:44,3884,LOCAL,0.00,167.38,0.00,167.45,5,1.64,CLOUD,2
2026-04-20 15:10:44,3885,LOCAL,0.00,168.73,0.00,168.79,5,2.11,CLOUD,2
2026-04-20 15:10:45,3886,LOCAL,0.00,178.57,0.00,178.64,5,5.17,CLOUD,2
2026-04-20 15:10:45,3887,LOCAL,0.00,180.91,0.00,180.98,5,5.22,CLOUD,2
2026-04-20 15:10:45,3888,LOCAL,0.00,266.93,0.00,267.06,5,5.14,,0
2026-04-20 15:10:45,3889,CLOUD,33.58,5722.35,112.85,5869.24,6,2.56,,0
2026-04-20 15:10:51,3890,CLOUD,21.72,5046.25,147.01,5215.43,6,1.78,LOCAL,1
2026-04-20 15:10:56,3891,LOCAL,0.00,293.71,0.00,293.78,5,1.77,,0
2026-04-20 15:10:57,3892,LOCAL,0.00,237.58,0.00,237.64,5,1.76,,0
2026-04-20 15:10:57,3893,LOCAL,0.00,178.51,0.00,178.57,5,1.76,,0
2026-04-20 15:10:57,3894,LOCAL,0.00,172.60,0.00,172.66,5,1.77,,0
2026-04-20 15:10:57,3895,LOCAL,0.00,187.82,0.00,187.88,5,1.77,,0
2026-04-20 15:10:58,3896,LOCAL,0.00,189.99,0.00,190.05,5,1.77,,0
2026-04-20 15:10:58,3897,LOCAL,0.00,178.94,0.00,179.00,5,1.77,,0
2026-04-20 15:10:58,3898,LOCAL,0.00,173.91,0.00,173.97,5,1.77,,0
2026-04-20 15:10:58,3899,LOCAL,0.00,177.42,0.00,177.49,5,1.77,,0
2026-04-20 15:10:58,3900,LOCAL,0.00,241.35,0.00,241.44,5,1.76,,0
2026-04-20 15:10:59,3901,LOCAL,0.00,215.33,0.00,215.41,5,1.75,,0
2026-04-20 15:10:59,3902,LOCAL,0.00,186.58,0.00,186.65,5,1.75,,0
2026-04-20 15:10:59,3903,LOCAL,0.00,186.50,0.00,186.58,5,1.75,,0
2026-04-20 15:10:59,3904,LOCAL,0.00,173.90,0.00,173.97,5,1.75,,0
2026-04-20 15:10:59,3905,LOCAL,0.00,160.10,0.00,160.17,5,1.75,,0
2026-04-20 15:11:00,3906,LOCAL,0.00,178.19,0.00,178.26,5,1.75,CLOUD,1
2026-04-20 15:11:00,3907,LOCAL,0.00,170.93,0.00,171.01,5,1.75,CLOUD,1
2026-04-20 15:11:00,3908,LOCAL,0.00,181.83,0.00,181.90,5,1.75,CLOUD,1
2026-04-20 15:11:00,3909,LOCAL,0.00,188.54,0.00,188.60,5,1.75,CLOUD,1
2026-04-20 15:11:00,3910,LOCAL,0.00,181.59,0.00,181.65,5,1.74,CLOUD,1
2026-04-20 15:11:00,3911,LOCAL,0.00,175.05,0.00,175.11,5,1.75,CLOUD,1
2026-04-20 15:11:01,3912,LOCAL,0.00,161.67,0.00,161.74,5,1.75,CLOUD,1
2026-04-20 15:11:01,3913,LOCAL,0.00,167.40,0.00,167.46,5,1.75,CLOUD,1
2026-04-20 15:11:01,3914,LOCAL,0.00,182.00,0.00,182.07,5,1.75,CLOUD,1
2026-04-20 15:11:01,3915,LOCAL,0.00,182.81,0.00,182.87,5,1.75,CLOUD,1
2026-04-20 15:11:01,3916,LOCAL,0.00,189.12,0.00,189.19,5,1.75,CLOUD,1
2026-04-20 15:11:02,3917,LOCAL,0.00,181.71,0.00,181.78,5,1.76,CLOUD,2
2026-04-20 15:11:02,3918,LOCAL,0.00,198.86,0.00,198.93,5,2.70,CLOUD,2
2026-04-20 15:11:02,3919,LOCAL,0.00,194.48,0.00,194.56,5,5.06,CLOUD,2
2026-04-20 15:11:02,3920,LOCAL,0.00,201.05,0.00,201.13,5,5.15,CLOUD,2
2026-04-20 15:11:02,3921,LOCAL,0.00,161.22,0.00,161.30,5,5.21,CLOUD,2
2026-04-20 15:11:03,3922,LOCAL,0.00,181.56,0.00,181.62,5,5.22,CLOUD,2
2026-04-20 15:11:03,3923,LOCAL,0.00,169.26,0.00,169.35,5,5.22,CLOUD,2
2026-04-20 15:11:03,3924,LOCAL,0.00,164.54,0.00,164.63,5,5.23,CLOUD,2
2026-04-20 15:11:03,3925,LOCAL,0.00,166.97,0.00,174.36,5,5.23,CLOUD,2
2026-04-20 15:11:03,3926,LOCAL,0.00,186.32,0.00,186.39,5,5.22,CLOUD,2
2026-04-20 15:11:03,3927,LOCAL,0.00,178.03,0.00,178.10,5,5.24,,0
2026-04-20 15:11:04,3928,LOCAL,0.00,289.67,0.00,293.28,5,5.13,,0
                                                                                                                                                                                                                                                                                                                                                                                                                                                                                                                                                                