timestamp,rtt_ms,bandwidth_kbps,bandwidth_mbps,inference_ms,error_rate_pct,network_ok,bandwidth_ok
2026-04-20T11:23:10.921598,29.85,63.12,0.0616,0.0,0.0,1,0
2026-04-20T11:23:13.983048,48.86,1466.67,1.4323,0.0,0.0,1,1
2026-04-20T11:23:17.068140,9.3,1369.18,1.3371,0.0,0.0,1,1
2026-04-20T11:23:20.153167,4.34,319.29,0.3118,0.0,0.0,1,1
2026-04-20T11:23:23.242879,4.46,2253.03,2.2002,0.0,0.0,1,1
2026-04-20T11:23:26.316526,5.2,1784.53,1.7427,0.0,0.0,1,1
2026-04-20T11:23:29.418063,440.8,332.78,0.325,0.0,0.0,0,1
2026-04-20T11:23:32.496639,53.31,1347.03,1.3155,0.0,0.0,1,1
2026-04-20T11:23:35.571171,35.94,1187.85,1.16,0.0,0.0,1,1
2026-04-20T11:23:38.638984,8.3,2583.49,2.5229,0.0,0.0,1,1
2026-04-20T11:23:41.840724,12.58,213.76,0.2087,0.0,0.0,1,1
2026-04-20T11:23:45.211295,47.88,67.08,0.0655,0.0,0.0,1,0
2026-04-20T11:23:51.176191,30.82,180.44,0.1762,0.0,0.0,1,1
2026-04-20T11:23:54.370260,60.73,235.23,0.2297,0.0,0.0,1,1
2026-04-20T11:23:57.586502,81.74,143.87,0.1405,0.0,0.0,1,1
2026-04-20T11:24:00.807775,93.55,146.45,0.143,0.0,0.0,1,1
2026-04-20T11:24:03.997423,56.48,378.87,0.37,0.0,0.0,1,1
2026-04-20T11:24:07.210888,72.53,822.96,0.8037,0.0,0.0,1,1
2026-04-20T11:24:10.414280,60.21,203.23,0.1985,0.0,0.0,1,1
2026-04-20T11:24:13.592880,47.56,2386.01,2.3301,0.0,0.0,1,1
2026-04-20T11:24:17.031649,57.15,35.01,0.0342,0.0,0.0,1,0
2026-04-20T11:24:20.187571,102.3,251.09,0.2452,0.0,0.0,1,1
2026-04-20T11:24:23.388112,36.49,228.71,0.2234,0.0,0.0,1,1
2026-04-20T11:24:26.573361,56.96,696.92,0.6806,0.0,0.0,1,1
2026-04-20T11:24:29.834494,46.8,121.13,0.1183,0.0,0.0,1,1
2026-04-20T11:24:33.002703,31.91,373.39,0.3646,0.0,0.0,1,1
2026-04-20T11:24:36.270495,52.06,229.08,0.2237,0.0,0.0,1,1
2026-04-20T11:24:39.460656,65.33,160.8,0.157,0.0,0.0,1,1
2026-04-20T11:24:42.642257,37.61,238.19,0.2326,0.0,0.0,1,1
2026-04-20T11:24:47.374944,38.31,98.8,0.0965,0.0,0.0,1,0
2026-04-20T11:24:50.719049,73.62,52.14,0.0509,0.0,0.0,1,0
2026-04-20T11:24:53.941786,54.6,238.83,0.2332,0.0,0.0,1,1
2026-04-20T11:24:57.604186,163.8,36.42,0.0356,0.0,0.0,1,0
2026-04-20T11:25:00.787475,79.99,242.09,0.2364,0.0,0.0,1,1
2026-04-20T11:25:05.759507,47.0,89.86,0.0878,0.0,0.0,1,0
2026-04-20T11:25:08.998907,83.32,90.76,0.0886,0.0,0.0,1,0
2026-04-20T11:25:12.207480,38.41,245.59,0.2398,0.0,0.0,1,1
2026-04-20T11:25:15.918899,53.55,167.22,0.1633,0.0,0.0,1,1
2026-04-20T11:25:19.109877,44.79,171.09,0.1671,0.0,0.0,1,1
2026-04-20T11:25:22.311155,41.72,145.49,0.1421,0.0,0.0,1,1
2026-04-20T11:25:25.547076,58.82,181.15,0.1769,0.0,0.0,1,1
2026-04-20T11:25:28.752052,55.77,177.12,0.173,0.0,0.0,1,1
2026-04-20T11:25:31.928152,49.5,428.58,0.4185,0.0,0.0,1,1
2026-04-20T11:25:35.120499,58.66,281.84,0.2752,0.0,0.0,1,1
2026-04-20T11:25:38.253823,18.81,1232.03,1.2032,0.0,0.0,1,1
2026-04-20T11:25:41.478388,96.55,217.86,0.2128,0.0,0.0,1,1
2026-04-20T11:25:45.832086,70.88,194.36,0.1898,0.0,0.0,1,1
2026-04-20T11:25:49.126895,62.32,64.27,0.0628,0.0,0.0,1,0
2026-04-20T11:25:52.501654,96.66,131.27,0.1282,0.0,0.0,1,1
2026-04-20T11:25:55.883777,154.68,45.71,0.0446,0.0,0.0,1,0
2026-04-20T11:25:59.055127,67.41,160.36,0.1566,0.0,0.0,1,1
2026-04-20T11:26:02.229321,72.72,2074.08,2.0255,0.0,0.0,1,1
2026-04-20T11:26:05.369542,25.7,692.67,0.6764,0.0,0.0,1,1
2026-04-20T11:26:08.514172,27.71,2272.57,2.2193,0.0,0.0,1,1
2026-04-20T11:26:11.803472,94.36,206.33,0.2015,0.0,0.0,1,1
2026-04-20T11:26:14.975822,52.47,170.05,0.1661,0.0,0.0,1,1
2026-04-20T11:26:20.257745,75.8,218.02,0.2129,0.0,0.0,1,1
2026-04-20T11:26:23.712740,47.04,63.73,0.0622,0.0,0.0,1,0
2026-04-20T11:26:27.007649,52.37,57.62,0.0563,0.0,0.0,1,0
2026-04-20T11:26:30.698173,51.65,271.36,0.265,0.0,0.0,1,1
2026-04-20T11:26:34.289115,67.5,85.05,0.0831,0.0,0.0,1,0
2026-04-20T11:26:37.516347,52.56,116.47,0.1137,0.0,0.0,1,1
2026-04-20T11:26:40.733688,41.71,112.11,0.1095,0.0,0.0,1,1
2026-04-20T11:26:43.922270,61.72,176.02,0.1719,0.0,0.0,1,1
2026-04-20T11:26:47.139423,59.47,210.22,0.2053,0.0,0.0,1,1
2026-04-20T11:26:50.361686,53.85,168.21,0.1643,0.0,0.0,1,1
2026-04-20T11:26:53.540509,53.48,246.19,0.2404,0.0,0.0,1,1
2026-04-20T11:26:57.010380,138.64,157.71,0.154,0.0,0.0,1,1
2026-04-20T11:27:00.227025,64.55,302.87,0.2958,0.0,0.0,1,1
2026-04-20T11:27:03.396374,32.44,223.21,0.218,0.0,0.0,1,1
2026-04-20T11:27:06.629718,48.57,162.0,0.1582,0.0,0.0,1,1
2026-04-20T11:27:11.051404,39.69,67.73,0.0661,0.0,0.0,1,0
2026-04-20T11:27:14.246909,48.85,216.83,0.2117,0.0,0.0,1,1
2026-04-20T11:27:17.572163,61.13,172.74,0.1687,0.0,0.0,1,1
2026-04-20T11:27:21.033948,121.25,62.31,0.0608,0.0,0.0,1,0
2026-04-20T11:27:24.193657,53.38,150.3,0.1468,0.0,0.0,1,1
2026-04-20T11:27:27.622927,84.24,60.96,0.0595,0.0,0.0,1,0
2026-04-20T11:27:30.833623,58.7,190.07,0.1856,0.0,0.0,1,1
2026-04-20T11:27:34.022967,36.55,211.34,0.2064,0.0,0.0,1,1
2026-04-20T11:27:37.255284,49.49,139.83,0.1365,0.0,0.0,1,1
2026-04-20T11:27:40.592430,71.06,120.04,0.1172,0.0,0.0,1,1
2026-04-20T11:27:43.828979,89.18,336.72,0.3288,0.0,0.0,1,1
2026-04-20T11:27:47.462649,198.7,29.66,0.029,0.0,0.0,1,0
2026-04-20T11:27:51.652116,224.61,12.2,0.0119,0.0,0.0,0,0
2026-04-20T11:27:55.241661,181.91,26.79,0.0262,0.0,0.0,1,0
2026-04-20T11:27:58.452130,73.0,1940.46,1.895,0.0,0.0,1,1
2026-04-20T11:28:01.654772,72.41,1947.44,1.9018,0.0,0.0,1,1
2026-04-20T11:28:04.847386,42.21,283.38,0.2767,0.0,0.0,1,1
2026-04-20T11:28:08.165861,103.75,67.96,0.0664,0.0,0.0,1,0
2026-04-20T11:28:11.373039,135.39,144.64,0.1413,0.0,0.0,1,1
2026-04-20T11:28:15.714659,143.78,31.23,0.0305,0.0,0.0,1,0
2026-04-20T11:28:18.813764,53.33,2745.86,2.6815,0.0,0.0,1,1
2026-04-20T11:28:21.979949,41.48,446.68,0.4362,0.0,0.0,1,1
2026-04-20T11:28:25.239845,29.35,118.81,0.116,0.0,0.0,1,1
2026-04-20T11:28:30.660681,43.92,65.51,0.064,0.0,0.0,1,0
2026-04-20T11:28:33.899687,58.98,110.18,0.1076,0.0,0.0,1,1
2026-04-20T11:28:37.115877,39.85,226.43,0.2211,0.0,0.0,1,1
2026-04-20T11:28:40.349264,57.12,329.95,0.3222,0.0,0.0,1,1
2026-04-20T11:28:43.553809,35.92,148.6,0.1451,0.0,0.0,1,1
2026-04-20T11:28:46.790819,34.32,91.88,0.0897,0.0,0.0,1,0
2026-04-20T11:28:50.014433,50.24,161.8,0.158,0.0,0.0,1,1
2026-04-20T11:28:53.358610,66.18,54.74,0.0535,0.0,0.0,1,0
2026-04-20T11:28:56.569096,37.55,103.3,0.1009,0.0,0.0,1,1
2026-04-20T11:28:59.834950,53.19,100.94,0.0986,0.0,0.0,1,1
2026-04-20T11:29:03.499955,86.36,22.97,0.0224,0.0,0.0,1,0
2026-04-20T11:29:08.243446,53.63,198.04,0.1934,0.0,0.0,1,1
2026-04-20T11:29:11.432286,54.63,251.82,0.2459,0.0,0.0,1,1
2026-04-20T11:29:14.625808,29.16,164.98,0.1611,0.0,0.0,1,1
2026-04-20T11:29:17.847544,56.57,167.82,0.1639,0.0,0.0,1,1
2026-04-20T11:29:21.121848,78.88,154.0,0.1504,0.0,0.0,1,1
2026-04-20T11:29:24.303198,44.35,2300.93,2.247,0.0,0.0,1,1
2026-04-20T11:29:27.654200,78.25,52.39,0.0512,0.0,0.0,1,0
2026-04-20T11:29:30.854164,56.07,428.49,0.4185,0.0,0.0,1,1
2026-04-20T11:29:34.263827,50.01,34.27,0.0335,0.0,0.0,1,0
2026-04-20T11:29:37.453969,49.03,178.55,0.1744,0.0,0.0,1,1
2026-04-20T11:29:40.598262,27.6,1000.55,0.9771,0.0,0.0,1,1
2026-04-20T11:29:43.762185,59.7,696.06,0.6797,0.0,0.0,1,1
2026-04-20T11:29:46.931121,80.57,439.11,0.4288,0.0,0.0,1,1
2026-04-20T11:29:50.152173,31.89,370.33,0.3617,0.0,0.0,1,1
2026-04-20T11:29:53.410821,95.42,2011.29,1.9642,0.0,0.0,1,1
2026-04-20T11:29:56.648867,71.08,89.23,0.0871,0.0,0.0,1,0
2026-04-20T11:29:59.813191,57.79,132.64,0.1295,0.0,0.0,1,1
2026-04-20T11:30:03.001014,30.98,241.38,0.2357,0.0,0.0,1,1
2026-04-20T11:30:06.366221,473.04,469.73,0.4587,0.0,0.0,0,1
2026-04-20T11:30:09.485767,39.53,1079.79,1.0545,0.0,0.0,1,1
2026-04-20T11:30:12.711764,47.9,2535.28,2.4759,0.0,0.0,1,1
2026-04-20T11:30:15.860260,73.55,2274.41,2.2211,0.0,0.0,1,1
2026-04-20T11:30:19.003767,29.19,357.96,0.3496,0.0,0.0,1,1
2026-04-20T11:30:22.173367,54.01,481.22,0.4699,0.0,0.0,1,1
2026-04-20T11:30:25.408083,95.36,912.45,0.8911,0.0,0.0,1,1
2026-04-20T11:30:28.600406,54.82,2352.72,2.2976,0.0,0.0,1,1
2026-04-20T11:30:31.813382,70.78,200.97,0.1963,0.0,0.0,1,1
2026-04-20T11:30:35.434928,77.93,23.36,0.0228,0.0,0.0,1,0
2026-04-20T11:30:38.817616,135.59,236.45,0.2309,0.0,0.0,1,1
2026-04-20T11:30:42.242463,39.14,1053.78,1.0291,0.0,0.0,1,1
2026-04-20T11:30:45.391645,4.52,1369.74,1.3376,0.0,0.0,1,1
2026-04-20T11:30:48.648387,40.87,151.52,0.148,0.0,0.0,1,1
2026-04-20T11:30:53.925420,71.2,229.65,0.2243,0.0,0.0,1,1
2026-04-20T11:30:57.731592,148.56,45.73,0.0447,0.0,0.0,1,0
2026-04-20T11:31:01.329862,85.63,111.96,0.1093,0.0,0.0,1,1
2026-04-20T11:31:04.568008,53.52,135.3,0.1321,0.0,0.0,1,1
2026-04-20T11:31:07.719520,49.13,1943.49,1.8979,0.0,0.0,1,1
2026-04-20T11:31:10.907721,39.54,240.54,0.2349,0.0,0.0,1,1
2026-04-20T11:31:14.166350,60.06,173.39,0.1693,0.0,0.0,1,1
2026-04-20T11:31:17.434162,46.54,83.47,0.0815,0.0,0.0,1,0
2026-04-20T11:31:20.651436,32.47,98.16,0.0959,0.0,0.0,1,0
2026-04-20T11:31:23.899786,48.17,133.35,0.1302,0.0,0.0,1,1
2026-04-20T11:31:27.109271,50.57,224.97,0.2197,0.0,0.0,1,1
2026-04-20T11:31:30.457976,43.85,67.08,0.0655,0.0,0.0,1,0
2026-04-20T11:31:33.586864,50.11,1306.38,1.2758,0.0,0.0,1,1
2026-04-20T11:31:36.718365,104.16,1436.22,1.4026,0.0,0.0,1,1
2026-04-20T11:31:39.868498,20.61,378.19,0.3693,0.0,0.0,1,1
2026-04-20T11:31:43.076883,113.79,163.18,0.1594,0.0,0.0,1,1
2026-04-20T11:31:46.332655,68.39,117.27,0.1145,0.0,0.0,1,1
2026-04-20T11:31:49.595856,201.78,89.57,0.0875,0.0,0.0,0,0
2026-04-20T11:31:52.891518,56.44,70.17,0.0685,0.0,0.0,1,0
2026-04-20T11:31:55.996563,19.23,2140.22,2.0901,0.0,0.0,1,1
2026-04-20T11:31:59.128091,48.87,2326.45,2.2719,0.0,0.0,1,1
2026-04-20T11:32:02.357542,80.61,119.13,0.1163,0.0,0.0,1,1
2026-04-20T11:32:05.542028,46.62,1464.17,1.4299,0.0,0.0,1,1
2026-04-20T11:32:08.712443,54.16,283.78,0.2771,0.0,0.0,1,1
2026-04-20T11:32:11.952037,60.71,91.02,0.0889,0.0,0.0,1,0
2026-04-20T11:32:15.218643,90.44,176.83,0.1727,0.0,0.0,1,1
2026-04-20T11:32:18.799511,39.44,246.1,0.2403,0.0,0.0,1,1
2026-04-20T11:32:22.113559,40.71,91.51,0.0894,0.0,0.0,1,0
2026-04-20T11:32:25.311202,53.39,185.75,0.1814,0.0,0.0,1,1
2026-04-20T11:32:28.588495,66.49,77.9,0.0761,0.0,0.0,1,0
2026-04-20T11:32:31.948918,128.45,261.48,0.2553,0.0,0.0,1,1
2026-04-20T11:32:36.110254,51.96,223.94,0.2187,0.0,0.0,1,1
2026-04-20T11:32:39.231607,56.02,1290.36,1.2601,0.0,0.0,1,1
2026-04-20T11:32:42.362940,38.82,285.92,0.2792,0.0,0.0,1,1
2026-04-20T11:32:45.699815,81.28,190.77,0.1863,0.0,0.0,1,1
2026-04-20T11:32:49.175996,82.79,112.24,0.1096,0.0,0.0,1,1
2026-04-20T11:32:52.358553,53.7,333.68,0.3259,0.0,0.0,1,1
2026-04-20T11:32:55.555531,60.17,236.72,0.2312,0.0,0.0,1,1
2026-04-20T11:32:58.779245,44.09,117.19,0.1144,0.0,0.0,1,1
2026-04-20T11:33:01.986964,73.61,244.68,0.2389,0.0,0.0,1,1
2026-04-20T11:33:05.249024,57.82,127.57,0.1246,0.0,0.0,1,1
2026-04-20T11:33:08.425883,45.62,173.55,0.1695,0.0,0.0,1,1
2026-04-20T11:33:11.595504,25.02,237.0,0.2314,0.0,0.0,1,1
2026-04-20T11:33:15.206477,71.13,107.81,0.1053,0.0,0.0,1,1
2026-04-20T11:33:18.513968,78.54,218.43,0.2133,0.0,0.0,1,1
2026-04-20T11:33:21.729930,37.93,215.6,0.2106,0.0,0.0,1,1
2026-04-20T11:33:24.917302,60.18,208.63,0.2037,0.0,0.0,1,1
2026-04-20T11:33:28.350341,43.5,226.92,0.2216,0.0,0.0,1,1
2026-04-20T11:33:31.534904,40.08,188.62,0.1842,0.0,0.0,1,1
2026-04-20T11:33:34.778812,30.2,121.45,0.1186,0.0,0.0,1,1
2026-04-20T11:33:37.953115,60.75,248.16,0.2423,0.0,0.0,1,1
2026-04-20T11:33:41.262202,77.65,151.94,0.1484,0.0,0.0,1,1
2026-04-20T11:33:44.489205,72.74,146.01,0.1426,0.0,0.0,1,1
2026-04-20T11:33:48.669892,70.02,8.0,0.0078,0.0,0.0,1,0
2026-04-20T11:33:51.907022,115.45,91.33,0.0892,0.0,0.0,1,0
2026-04-20T11:33:55.210545,47.5,244.34,0.2386,0.0,0.0,1,1
2026-04-20T11:33:58.368067,26.42,1262.54,1.2329,0.0,0.0,1,1
2026-04-20T11:34:01.561948,11.78,1983.59,1.9371,0.0,0.0,1,1
2026-04-20T11:34:04.754306,51.34,378.21,0.3693,0.0,0.0,1,1
2026-04-20T11:34:07.902935,43.39,597.82,0.5838,0.0,0.0,1,1
2026-04-20T11:34:11.062270,41.15,475.67,0.4645,0.0,0.0,1,1
2026-04-20T11:34:14.393409,67.62,57.83,0.0565,0.0,0.0,1,0
2026-04-20T11:34:17.639244,25.31,429.88,0.4198,0.0,0.0,1,1
2026-04-20T11:34:20.879656,61.3,158.09,0.1544,0.0,0.0,1,1
2026-04-20T11:34:24.100818,41.25,84.83,0.0828,0.0,0.0,1,0
2026-04-20T11:34:27.563803,35.55,133.99,0.1308,0.0,0.0,1,1
2026-04-20T11:34:31.002370,82.48,53.24,0.052,0.0,0.0,1,0
2026-04-20T11:34:34.167679,44.16,272.27,0.2659,0.0,0.0,1,1
2026-04-20T11:34:37.362300,44.88,116.19,0.1135,0.0,0.0,1,1
2026-04-20T11:34:40.851963,48.2,215.37,0.2103,0.0,0.0,1,1
2026-04-20T11:34:44.038282,49.81,174.03,0.1699,0.0,0.0,1,1
2026-04-20T11:34:47.244951,54.15,116.94,0.1142,0.0,0.0,1,1
2026-04-20T11:34:50.459048,50.83,209.8,0.2049,0.0,0.0,1,1
2026-04-20T11:34:54.515753,88.72,122.4,0.1195,0.0,0.0,1,1
2026-04-20T11:34:57.862223,92.05,210.86,0.2059,0.0,0.0,1,1
2026-04-20T11:35:01.459798,114.85,47.46,0.0463,0.0,0.0,1,0
2026-04-20T11:35:04.670068,36.62,223.26,0.218,0.0,0.0,1,1
2026-04-20T11:35:07.810041,33.91,2280.44,2.227,0.0,0.0,1,1
2026-04-20T11:35:11.006993,16.18,245.63,0.2399,0.0,0.0,1,1
2026-04-20T11:35:14.181939,50.44,239.41,0.2338,0.0,0.0,1,1
2026-04-20T11:35:17.352132,93.99,227.15,0.2218,0.0,0.0,1,1
2026-04-20T11:35:20.521328,59.82,232.69,0.2272,0.0,0.0,1,1
2026-04-20T11:35:23.796682,104.6,1342.61,1.3111,0.0,0.0,1,1
2026-04-20T11:35:27.113087,59.33,107.83,0.1053,0.0,0.0,1,1
2026-04-20T11:35:30.337446,67.51,83.67,0.0817,0.0,0.0,1,0
2026-04-20T11:35:34.984918,59.9,153.59,0.15,0.0,0.0,1,1
2026-04-20T11:35:38.334715,71.36,53.82,0.0526,0.0,0.0,1,0
2026-04-20T11:35:42.624966,36.76,96.18,0.0939,0.0,0.0,1,0
2026-04-20T11:35:45.879479,41.78,85.82,0.0838,0.0,0.0,1,0
2026-04-20T11:35:49.090272,51.51,242.6,0.2369,0.0,0.0,1,1
2026-04-20T11:35:52.696335,40.5,23.85,0.0233,0.0,0.0,1,0
2026-04-20T11:35:55.904552,82.78,103.96,0.1015,0.0,0.0,1,1
2026-04-20T11:36:00.591816,77.53,177.98,0.1738,0.0,0.0,1,1
2026-04-20T11:36:03.923135,82.75,68.57,0.067,0.0,0.0,1,0
2026-04-20T11:36:07.094877,25.2,215.86,0.2108,0.0,0.0,1,1
2026-04-20T11:36:10.447991,84.04,50.85,0.0497,0.0,0.0,1,0
2026-04-20T11:36:13.635727,56.01,213.34,0.2083,0.0,0.0,1,1
2026-04-20T11:36:16.932275,59.35,85.19,0.0832,0.0,0.0,1,0
2026-04-20T11:36:20.104060,62.99,205.63,0.2008,0.0,0.0,1,1
2026-04-20T11:36:23.321128,62.18,178.23,0.1741,0.0,0.0,1,1
2026-04-20T11:36:26.967778,53.08,45.8,0.0447,0.0,0.0,1,0
2026-04-20T11:36:31.310770,48.65,198.71,0.1941,0.0,0.0,1,1
2026-04-20T11:36:34.545517,41.6,207.95,0.2031,0.0,0.0,1,1
2026-04-20T11:36:37.819824,58.15,214.23,0.2092,0.0,0.0,1,1
2026-04-20T11:36:41.007745,30.61,145.68,0.1423,0.0,0.0,1,1
2026-04-20T11:36:44.306604,51.24,211.63,0.2067,0.0,0.0,1,1
2026-04-20T11:36:47.519667,31.38,139.09,0.1358,0.0,0.0,1,1
2026-04-20T11:36:50.854403,57.35,65.62,0.0641,0.0,0.0,1,0
2026-04-20T11:36:54.050931,31.33,98.51,0.0962,0.0,0.0,1,0
2026-04-20T11:36:57.401655,61.56,75.75,0.074,0.0,0.0,1,0
2026-04-20T11:37:00.665777,162.23,98.22,0.0959,0.0,0.0,1,0
2026-04-20T11:37:03.969172,51.47,63.42,0.0619,0.0,0.0,1,0
2026-04-20T11:37:07.244779,78.63,86.86,0.0848,0.0,0.0,1,0
2026-04-20T11:37:11.606697,50.95,193.18,0.1887,0.0,0.0,1,1
2026-04-20T11:37:14.814512,60.97,171.03,0.167,0.0,0.0,1,1
2026-04-20T11:37:18.040223,29.34,130.63,0.1276,0.0,0.0,1,1
2026-04-20T11:37:21.337255,74.31,84.42,0.0824,0.0,0.0,1,0
2026-04-20T11:37:25.137050,44.84,210.18,0.2053,0.0,0.0,1,1
2026-04-20T11:37:28.405742,43.27,74.25,0.0725,0.0,0.0,1,0
2026-04-20T11:37:31.944910,92.29,165.25,0.1614,0.0,0.0,1,1
2026-04-20T11:37:35.679575,77.8,111.22,0.1086,0.0,0.0,1,1
2026-04-20T11:37:38.784995,18.49,1820.15,1.7775,0.0,0.0,1,1
2026-04-20T11:37:41.924827,30.92,476.9,0.4657,0.0,0.0,1,1
2026-04-20T11:37:45.136217,50.15,240.92,0.2353,0.0,0.0,1,1
2026-04-20T11:37:48.680159,65.29,111.53,0.1089,0.0,0.0,1,1
2026-04-20T11:37:51.873892,71.03,241.82,0.2362,0.0,0.0,1,1
2026-04-20T11:37:54.982695,89.4,794.45,0.7758,0.0,0.0,1,1
2026-04-20T11:37:58.207756,209.07,1424.64,1.3912,0.0,0.0,0,1
2026-04-20T11:38:01.505638,46.22,68.03,0.0664,0.0,0.0,1,0
2026-04-20T11:38:04.676860,73.62,147.92,0.1445,0.0,0.0,1,1
2026-04-20T11:38:07.891147,54.68,241.56,0.2359,0.0,0.0,1,1
2026-04-20T11:38:11.137748,48.73,147.41,0.144,0.0,0.0,1,1
2026-04-20T11:38:14.433519,55.73,242.29,0.2366,0.0,0.0,1,1
2026-04-20T11:38:17.656804,59.34,153.36,0.1498,0.0,0.0,1,1
2026-04-20T11:38:20.906807,40.06,99.49,0.0972,0.0,0.0,1,0
2026-04-20T11:38:24.070680,51.04,210.78,0.2058,0.0,0.0,1,1
2026-04-20T11:38:27.364671,119.3,95.7,0.0935,0.0,0.0,1,0
2026-04-20T11:38:30.551841,48.2,228.06,0.2227,0.0,0.0,1,1
2026-04-20T11:38:34.707825,52.49,239.38,0.2338,0.0,25.0,0,1
2026-04-20T11:38:37.896100,52.74,173.28,0.1692,0.0,0.0,1,1
2026-04-20T11:38:41.230665,45.36,62.83,0.0614,0.0,0.0,1,0
2026-04-20T11:38:44.408604,34.33,219.87,0.2147,0.0,0.0,1,1
2026-04-20T11:38:47.631145,57.65,157.96,0.1543,0.0,0.0,1,1
2026-04-20T11:38:52.014332,50.49,243.42,0.2377,0.0,0.0,1,1
2026-04-20T11:38:55.244140,45.83,99.6,0.0973,0.0,0.0,1,0
2026-04-20T11:38:58.576071,64.16,216.88,0.2118,0.0,0.0,1,1
2026-04-20T11:39:01.771137,52.15,214.6,0.2096,0.0,0.0,1,1
2026-04-20T11:39:05.672276,127.71,22.93,0.0224,0.0,0.0,1,0
2026-04-20T11:39:08.873071,105.95,137.16,0.1339,0.0,0.0,1,1
2026-04-20T11:39:12.167902,91.02,74.15,0.0724,0.0,0.0,1,0
2026-04-20T11:39:15.304667,24.17,719.91,0.703,0.0,0.0,1,1
2026-04-20T11:39:18.451405,11.39,562.48,0.5493,0.0,0.0,1,1
2026-04-20T11:39:21.576271,21.45,2465.24,2.4075,0.0,0.0,1,1
2026-04-20T11:39:24.773663,36.42,333.39,0.3256,0.0,0.0,1,1
2026-04-20T11:39:27.903584,17.86,1522.92,1.4872,0.0,0.0,1,1
2026-04-20T11:39:31.053717,53.4,701.33,0.6849,0.0,0.0,1,1
2026-04-20T11:39:34.274116,37.1,557.01,0.544,0.0,0.0,1,1
2026-04-20T11:39:37.749388,92.09,42.63,0.0416,0.0,0.0,1,0
2026-04-20T11:39:40.916595,32.6,235.89,0.2304,0.0,0.0,1,1
2026-04-20T11:39:44.192680,82.0,236.34,0.2308,0.0,0.0,1,1
2026-04-20T11:39:47.390527,42.54,179.8,0.1756,0.0,0.0,1,1
2026-04-20T11:39:50.607851,41.45,216.27,0.2112,0.0,0.0,1,1
2026-04-20T11:39:53.887765,53.66,133.57,0.1304,0.0,0.0,1,1
2026-04-20T11:39:57.138272,49.22,161.75,0.158,0.0,0.0,1,1
2026-04-20T11:40:00.311278,161.8,213.74,0.2087,0.0,0.0,1,1
2026-04-20T11:40:03.503989,36.62,124.9,0.122,0.0,0.0,1,1
2026-04-20T11:40:07.027360,44.64,82.75,0.0808,0.0,0.0,1,0
2026-04-20T11:40:10.208374,89.51,169.39,0.1654,0.0,0.0,1,1
2026-04-20T11:40:13.469885,40.96,140.52,0.1372,0.0,0.0,1,1
2026-04-20T11:40:17.499559,43.73,61.86,0.0604,0.0,0.0,1,0
2026-04-20T11:40:20.696578,54.66,209.47,0.2046,0.0,0.0,1,1
2026-04-20T11:40:23.933630,39.89,86.44,0.0844,0.0,0.0,1,0
2026-04-20T11:40:27.118546,39.18,96.64,0.0944,0.0,0.0,1,0
2026-04-20T11:40:30.300795,24.88,177.04,0.1729,0.0,0.0,1,1
2026-04-20T11:40:33.561398,58.0,99.29,0.097,0.0,0.0,1,0
2026-04-20T11:40:37.103721,84.09,127.27,0.1243,0.0,0.0,1,1
2026-04-20T11:40:40.975137,126.6,22.91,0.0224,0.0,0.0,1,0
2026-04-20T11:40:44.109086,68.53,459.12,0.4484,0.0,0.0,1,1
2026-04-20T11:40:47.232112,21.02,1789.57,1.7476,0.0,0.0,1,1
2026-04-20T11:40:50.458160,56.7,177.86,0.1737,0.0,0.0,1,1
2026-04-20T11:40:53.657932,36.53,163.26,0.1594,0.0,0.0,1,1
2026-04-20T11:40:56.831181,23.95,229.43,0.2241,0.0,0.0,1,1
2026-04-20T11:41:00.623689,98.78,22.58,0.022,0.0,0.0,1,0
2026-04-20T11:41:03.799296,109.98,239.03,0.2334,0.0,0.0,1,1
2026-04-20T11:41:07.374763,55.05,563.6,0.5504,0.0,0.0,1,1
2026-04-20T11:41:10.497861,4.61,2068.96,2.0205,0.0,0.0,1,1
2026-04-20T11:41:13.702088,40.65,180.09,0.1759,0.0,0.0,1,1
2026-04-20T11:41:18.425317,65.75,239.32,0.2337,0.0,0.0,1,1
2026-04-20T11:41:21.843398,91.22,47.27,0.0462,0.0,0.0,1,0
2026-04-20T11:41:25.050191,72.57,138.13,0.1349,0.0,0.0,1,1
2026-04-20T11:41:28.301114,42.75,130.87,0.1278,0.0,0.0,1,1
2026-04-20T11:41:32.686022,109.27,42.6,0.0416,0.0,0.0,1,0
2026-04-20T11:41:36.173902,56.55,104.37,0.1019,0.0,0.0,1,1
2026-04-20T11:41:39.411580,62.65,87.98,0.0859,0.0,0.0,1,0
2026-04-20T11:41:42.618837,41.14,225.12,0.2198,0.0,0.0,1,1
2026-04-20T11:41:45.806318,73.68,203.77,0.199,0.0,0.0,1,1
2026-04-20T11:41:48.981666,40.84,207.05,0.2022,0.0,0.0,1,1
2026-04-20T11:41:52.232871,65.5,242.29,0.2366,0.0,0.0,1,1
2026-04-20T11:41:55.477590,50.88,83.81,0.0818,0.0,0.0,1,0
2026-04-20T11:41:58.688915,43.22,133.89,0.1308,0.0,0.0,1,1
2026-04-20T11:42:01.882215,29.93,227.34,0.222,0.0,0.0,1,1
2026-04-20T11:42:05.178153,52.27,105.01,0.1025,0.0,0.0,1,1
2026-04-20T11:42:08.291685,22.84,936.12,0.9142,0.0,0.0,1,1
2026-04-20T11:42:11.449710,40.43,2316.5,2.2622,0.0,0.0,1,1
2026-04-20T11:42:14.971474,74.93,35.4,0.0346,0.0,0.0,1,0
2026-04-20T11:42:18.205250,176.02,114.89,0.1122,0.0,0.0,1,1
2026-04-20T11:42:22.312845,29.0,2147.35,2.097,0.0,0.0,1,1
2026-04-20T11:42:25.439521,20.75,1231.72,1.2028,0.0,0.0,1,1
2026-04-20T11:42:28.807693,59.02,57.34,0.056,0.0,0.0,1,0
2026-04-20T11:42:32.162069,52.83,52.27,0.051,0.0,0.0,1,0
2026-04-20T11:42:35.356306,37.07,169.88,0.1659,0.0,0.0,1,1
2026-04-20T11:42:39.615269,25.27,112.49,0.1098,0.0,0.0,1,1
2026-04-20T11:42:42.844477,31.64,72.57,0.0709,0.0,0.0,1,0
2026-04-20T11:42:46.055906,94.35,190.19,0.1857,0.0,0.0,1,1
2026-04-20T11:42:49.221552,53.16,2390.77,2.3347,0.0,0.0,1,1
2026-04-20T11:42:52.420271,47.26,331.69,0.3239,0.0,0.0,1,1
2026-04-20T11:42:57.541414,53.96,60.61,0.0592,0.0,0.0,1,0
2026-04-20T11:43:00.751946,43.48,222.33,0.2171,0.0,0.0,1,1
2026-04-20T11:43:04.193225,96.67,102.12,0.0997,0.0,0.0,1,1
2026-04-20T11:43:07.365393,49.34,2205.93,2.1542,0.0,0.0,1,1
2026-04-20T11:43:10.474243,19.25,1603.02,1.5655,0.0,0.0,1,1
2026-04-20T11:43:13.610305,51.62,513.98,0.5019,0.0,0.0,1,1
2026-04-20T11:43:16.777336,38.58,196.83,0.1922,0.0,0.0,1,1
2026-04-20T11:43:19.972988,36.0,143.92,0.1405,0.0,0.0,1,1
2026-04-20T11:43:23.195118,62.49,136.92,0.1337,0.0,0.0,1,1
2026-04-20T11:43:27.086346,42.41,164.59,0.1607,0.0,0.0,1,1
2026-04-20T11:43:30.342675,46.41,131.91,0.1288,0.0,0.0,1,1
2026-04-20T11:43:33.733633,136.64,41.31,0.0403,0.0,0.0,1,0
2026-04-20T11:43:36.983717,56.73,86.52,0.0845,0.0,0.0,1,0
2026-04-20T11:43:40.171707,34.14,186.33,0.182,0.0,0.0,1,1
2026-04-20T11:43:43.353709,42.03,199.6,0.1949,0.0,0.0,1,1
2026-04-20T11:43:46.523980,34.34,219.54,0.2144,0.0,0.0,1,1
2026-04-20T11:43:49.879262,41.76,63.34,0.0619,0.0,0.0,1,0
2026-04-20T11:43:53.119823,121.25,100.99,0.0986,0.0,0.0,1,1
2026-04-20T11:43:56.311260,29.2,219.82,0.2147,0.0,0.0,1,1
2026-04-20T11:43:59.612498,58.42,83.69,0.0817,0.0,0.0,1,0
2026-04-20T11:44:02.756130,43.76,243.27,0.2376,0.0,0.0,1,1
2026-04-20T11:44:06.453134,69.92,95.29,0.0931,0.0,0.0,1,0
2026-04-20T11:44:09.791867,66.11,93.05,0.0909,0.0,0.0,1,0
2026-04-20T11:44:13.106347,62.21,72.76,0.0711,0.0,0.0,1,0
2026-04-20T11:44:16.304223,93.67,182.08,0.1778,0.0,0.0,1,1
2026-04-20T11:44:19.502045,85.96,207.37,0.2025,0.0,0.0,1,1
2026-04-20T11:44:23.020479,78.16,44.62,0.0436,0.0,0.0,1,0
2026-04-20T11:44:26.204423,44.42,1809.25,1.7668,0.0,0.0,1,1
2026-04-20T11:44:29.324410,24.73,1255.73,1.2263,0.0,0.0,1,1
2026-04-20T11:44:32.664870,109.27,62.79,0.0613,0.0,0.0,1,0
2026-04-20T11:44:35.964180,84.41,84.81,0.0828,0.0,0.0,1,0
2026-04-20T11:44:39.221905,55.8,176.42,0.1723,0.0,0.0,1,1
2026-04-20T11:44:43.132094,108.7,178.16,0.174,0.0,0.0,1,1
2026-04-20T11:44:46.275926,29.36,1563.07,1.5264,0.0,0.0,1,1
2026-04-20T11:44:50.468285,24.82,2480.19,2.4221,0.0,25.0,0,1
2026-04-20T11:44:53.770862,71.87,615.03,0.6006,0.0,0.0,1,1
2026-04-20T11:44:57.230265,145.0,1124.37,1.098,0.0,0.0,1,1
2026-04-20T11:45:00.633307,60.04,47.67,0.0466,0.0,0.0,1,0
2026-04-20T11:45:03.788691,177.72,1023.06,0.9991,0.0,0.0,1,1
2026-04-20T11:45:07.199612,213.2,40.34,0.0394,0.0,0.0,0,0
2026-04-20T11:45:10.380267,35.74,235.12,0.2296,0.0,0.0,1,1
2026-04-20T11:45:13.535733,38.91,1125.23,1.0989,0.0,0.0,1,1
2026-04-20T11:45:16.686197,19.47,1629.73,1.5915,0.0,0.0,1,1
2026-04-20T11:45:19.889181,61.29,236.11,0.2306,0.0,0.0,1,1
2026-04-20T11:45:23.071476,38.87,140.36,0.1371,0.0,0.0,1,1
2026-04-20T11:45:26.946255,75.33,153.74,0.1501,0.0,0.0,1,1
2026-04-20T11:45:30.346679,155.58,156.65,0.153,0.0,0.0,1,1
2026-04-20T11:45:36.042132,41.95,97.18,0.0949,0.0,0.0,1,0
2026-04-20T11:45:39.321209,166.38,411.16,0.4015,0.0,0.0,1,1
2026-04-20T11:45:42.612189,52.83,150.13,0.1466,0.0,0.0,1,1
2026-04-20T11:45:45.822823,58.94,127.85,0.1248,0.0,0.0,1,1
2026-04-20T11:45:49.038903,36.31,182.57,0.1783,0.0,0.0,1,1
2026-04-20T11:45:52.309000,56.87,82.84,0.0809,0.0,0.0,1,0
2026-04-20T11:45:55.527800,28.22,100.59,0.0982,0.0,0.0,1,1
2026-04-20T11:45:58.751527,108.45,94.0,0.0918,0.0,0.0,1,0
2026-04-20T11:46:03.080433,58.76,178.32,0.1741,0.0,0.0,1,1
2026-04-20T11:46:07.227073,97.84,162.71,0.1589,0.0,0.0,1,1
2026-04-20T11:46:10.479396,41.6,74.24,0.0725,0.0,0.0,1,0
2026-04-20T11:46:13.729854,88.83,167.17,0.1632,0.0,0.0,1,1
2026-04-20T11:46:17.065137,98.78,76.77,0.075,0.0,0.0,1,0
2026-04-20T11:46:20.355477,78.92,78.47,0.0766,0.0,0.0,1,0
2026-04-20T11:46:23.500253,55.03,915.91,0.8944,0.0,0.0,1,1
2026-04-20T11:46:26.707705,44.47,840.82,0.8211,0.0,0.0,1,1
2026-04-20T11:46:29.930043,46.53,234.7,0.2292,0.0,0.0,1,1
2026-04-20T11:46:35.410055,37.84,1767.05,1.7256,0.0,25.0,0,1
2026-04-20T11:46:38.711750,57.51,60.74,0.0593,0.0,0.0,1,0
2026-04-20T11:46:41.956786,69.28,219.24,0.2141,0.0,0.0,1,1
2026-04-20T11:46:45.247293,80.73,131.73,0.1286,0.0,0.0,1,1
2026-04-20T11:46:48.506146,74.7,190.37,0.1859,0.0,0.0,1,1
2026-04-20T11:46:51.744819,58.7,110.92,0.1083,0.0,0.0,1,1
2026-04-20T11:46:54.870347,53.86,337.71,0.3298,0.0,0.0,1,1
2026-04-20T11:46:58.115403,51.44,84.0,0.082,0.0,0.0,1,0
2026-04-20T11:47:01.570289,133.19,439.44,0.4291,0.0,0.0,1,1
2026-04-20T11:47:04.797485,111.81,142.53,0.1392,0.0,0.0,1,1
2026-04-20T11:47:08.081399,59.06,104.82,0.1024,0.0,0.0,1,1
2026-04-20T11:47:12.807572,32.22,1772.46,1.7309,0.0,0.0,1,1
2026-04-20T11:47:16.062572,45.62,89.86,0.0878,0.0,0.0,1,0
2026-04-20T11:47:19.257621,73.67,223.96,0.2187,0.0,0.0,1,1
2026-04-20T11:47:23.969800,40.65,236.44,0.2309,0.0,0.0,1,1
2026-04-20T11:47:27.227062,37.23,69.7,0.0681,0.0,0.0,1,0
2026-04-20T11:47:30.325241,73.75,1984.3,1.9378,0.0,0.0,1,1
2026-04-20T11:47:34.455779,119.07,226.46,0.2211,0.0,25.0,0,1
2026-04-20T11:47:37.620311,33.88,247.24,0.2414,0.0,0.0,1,1
2026-04-20T11:47:40.860570,54.61,220.81,0.2156,0.0,0.0,1,1
2026-04-20T11:47:44.002241,77.41,734.99,0.7178,0.0,0.0,1,1
2026-04-20T11:47:47.383928,124.4,758.58,0.7408,0.0,0.0,1,1
2026-04-20T11:47:50.656004,79.27,193.36,0.1888,0.0,0.0,1,1
2026-04-20T11:47:53.841517,79.97,221.36,0.2162,0.0,0.0,1,1
2026-04-20T11:47:57.263079,81.12,59.96,0.0586,0.0,0.0,1,0
2026-04-20T11:48:00.592786,89.67,79.57,0.0777,0.0,0.0,1,0
2026-04-20T11:48:06.793444,78.57,54.24,0.053,0.0,0.0,1,0
2026-04-20T11:48:09.944206,42.17,2135.32,2.0853,0.0,0.0,1,1
2026-04-20T11:48:13.085423,10.95,2178.72,2.1277,0.0,0.0,1,1
2026-04-20T11:48:16.270577,41.62,209.78,0.2049,0.0,0.0,1,1
2026-04-20T11:48:19.498801,44.61,177.12,0.173,0.0,0.0,1,1
2026-04-20T11:48:22.758555,62.8,177.9,0.1737,0.0,0.0,1,1
2026-04-20T11:48:25.993592,84.4,98.73,0.0964,0.0,0.0,1,0
2026-04-20T11:48:29.238157,82.69,97.22,0.0949,0.0,0.0,1,0
2026-04-20T11:48:35.037353,95.56,49.05,0.0479,0.0,0.0,1,0
2026-04-20T11:48:38.216994,188.85,319.15,0.3117,0.0,0.0,1,1
2026-04-20T11:48:41.398049,10.25,1168.53,1.1411,0.0,0.0,1,1
2026-04-20T11:48:44.536339,4.75,1994.2,1.9475,0.0,0.0,1,1
2026-04-20T11:48:47.664370,29.13,2532.98,2.4736,0.0,0.0,1,1
2026-04-20T11:48:50.842204,28.86,2590.08,2.5294,0.0,0.0,1,1
2026-04-20T11:48:54.039238,56.99,90.19,0.0881,0.0,0.0,1,0
2026-04-20T11:48:57.254390,52.84,244.09,0.2384,0.0,0.0,1,1
2026-04-20T11:49:00.477565,57.48,134.17,0.131,0.0,0.0,1,1
2026-04-20T11:49:03.979849,64.87,77.26,0.0755,0.0,0.0,1,0
2026-04-20T11:49:07.412687,126.26,29.74,0.029,0.0,0.0,1,0
2026-04-20T11:49:10.669779,83.7,185.52,0.1812,0.0,0.0,1,1
2026-04-20T11:49:13.909664,43.06,149.41,0.1459,0.0,0.0,1,1
2026-04-20T11:49:17.158023,53.49,181.26,0.177,0.0,0.0,1,1
2026-04-20T11:49:20.431552,40.18,83.94,0.082,0.0,0.0,1,0
2026-04-20T11:49:23.614262,75.39,204.11,0.1993,0.0,0.0,1,1
2026-04-20T11:49:26.835957,53.11,119.06,0.1163,0.0,0.0,1,1
2026-04-20T11:49:29.972962,40.37,308.42,0.3012,0.0,0.0,1,1
2026-04-20T11:49:33.129057,40.21,1778.38,1.7367,0.0,0.0,1,1
2026-04-20T11:49:36.363638,49.75,87.32,0.0853,0.0,0.0,1,0
2026-04-20T11:49:39.891563,113.94,44.91,0.0439,0.0,0.0,1,0
2026-04-20T11:49:43.762431,151.41,14.4,0.0141,0.0,0.0,1,0
2026-04-20T11:49:47.949199,69.13,183.15,0.1789,0.0,0.0,1,1
2026-04-20T11:49:51.214127,45.15,1382.38,1.35,0.0,0.0,1,1
2026-04-20T11:49:54.353859,22.86,1532.59,1.4967,0.0,0.0,1,1
2026-04-20T11:49:57.560152,100.57,2057.54,2.0093,0.0,0.0,1,1
2026-04-20T11:50:00.854239,55.12,86.42,0.0844,0.0,0.0,1,0
2026-04-20T11:50:04.378123,45.52,161.28,0.1575,0.0,0.0,1,1
2026-04-20T11:50:08.526069,58.2,79.53,0.0777,0.0,0.0,1,0
2026-04-20T11:50:12.506223,162.03,55.71,0.0544,0.0,0.0,1,0
2026-04-20T11:50:16.033367,146.85,45.96,0.0449,0.0,0.0,1,0
2026-04-20T11:50:23.536201,105.49,188.57,0.1841,0.0,0.0,1,1
2026-04-20T11:50:26.699807,10.69,1294.39,1.2641,0.0,0.0,1,1
2026-04-20T11:50:29.926889,63.81,1017.14,0.9933,0.0,0.0,1,1
2026-04-20T11:50:33.188486,21.14,98.14,0.0958,0.0,0.0,1,0
2026-04-20T11:50:41.405377,56.6,44.49,0.0434,0.0,0.0,1,0
2026-04-20T11:50:45.532205,351.75,112.58,0.1099,0.0,0.0,0,1
2026-04-20T11:50:52.884913,108.81,83.21,0.0813,0.0,0.0,1,0
2026-04-20T11:50:56.150797,132.87,138.72,0.1355,0.0,0.0,1,1
2026-04-20T11:50:59.608038,102.9,37.5,0.0366,0.0,0.0,1,0
2026-04-20T11:51:02.794147,42.07,1564.09,1.5274,0.0,0.0,1,1
2026-04-20T11:51:07.042976,5.93,82.04,0.0801,0.0,50.0,0,0
2026-04-20T11:51:10.278458,54.09,192.83,0.1883,0.0,0.0,1,1
2026-04-20T11:51:13.418589,101.48,609.98,0.5957,0.0,0.0,1,1
2026-04-20T11:51:16.875418,148.88,37.97,0.0371,0.0,0.0,1,0
2026-04-20T11:51:22.328579,97.89,104.56,0.1021,0.0,0.0,1,1
2026-04-20T11:51:27.808553,45.23,251.66,0.2458,0.0,0.0,1,1
2026-04-20T11:51:30.932757,30.85,494.75,0.4832,0.0,0.0,1,1
2026-04-20T11:51:34.185624,22.48,243.52,0.2378,0.0,0.0,1,1
2026-04-20T11:51:39.301329,33.87,86.04,0.084,0.0,0.0,1,0
2026-04-20T11:51:42.544129,60.88,80.19,0.0783,0.0,0.0,1,0
2026-04-20T11:51:46.371744,157.08,25.02,0.0244,0.0,0.0,1,0
2026-04-20T11:51:49.698473,160.25,103.27,0.1009,0.0,0.0,1,1
2026-04-20T11:51:52.865734,79.78,238.58,0.233,0.0,0.0,1,1
2026-04-20T11:51:56.038496,40.67,1923.0,1.8779,0.0,0.0,1,1
2026-04-20T11:51:59.235487,12.39,171.14,0.1671,0.0,0.0,1,1
2026-04-20T11:52:02.494466,44.05,83.32,0.0814,0.0,0.0,1,0
2026-04-20T11:52:05.670855,40.51,285.06,0.2784,0.0,0.0,1,1
2026-04-20T11:52:08.922097,53.13,112.8,0.1102,0.0,0.0,1,1
2026-04-20T11:52:12.158158,50.3,109.47,0.1069,0.0,0.0,1,1
2026-04-20T11:52:15.523902,119.67,109.43,0.1069,0.0,0.0,1,1
2026-04-20T11:52:18.654262,36.98,571.14,0.5578,0.0,0.0,1,1
2026-04-20T11:52:21.972930,56.19,64.87,0.0633,0.0,0.0,1,0
2026-04-20T11:52:25.216898,46.54,157.81,0.1541,0.0,0.0,1,1
2026-04-20T11:52:28.315686,31.61,1542.31,1.5062,0.0,0.0,1,1
2026-04-20T11:52:31.448945,47.6,1945.07,1.8995,0.0,0.0,1,1
2026-04-20T11:52:34.713853,49.21,83.33,0.0814,0.0,0.0,1,0
2026-04-20T11:52:38.361847,63.39,71.79,0.0701,0.0,0.0,1,0
2026-04-20T11:52:42.618461,188.97,135.23,0.1321,0.0,0.0,1,1
2026-04-20T11:52:45.825149,71.68,134.89,0.1317,0.0,0.0,1,1
2026-04-20T11:52:49.064481,44.41,77.59,0.0758,0.0,0.0,1,0
2026-04-20T11:52:52.246230,103.33,236.93,0.2314,0.0,0.0,1,1
2026-04-20T11:52:56.484896,44.76,222.23,0.217,0.0,0.0,1,1
2026-04-20T11:52:59.625462,24.49,2221.56,2.1695,0.0,0.0,1,1
2026-04-20T11:53:02.720761,43.2,2152.58,2.1021,0.0,0.0,1,1
2026-04-20T11:53:06.076000,157.61,233.19,0.2277,0.0,0.0,1,1
2026-04-20T11:53:09.402674,62.44,103.53,0.1011,0.0,0.0,1,1
2026-04-20T11:53:12.681687,75.78,194.34,0.1898,0.0,0.0,1,1
2026-04-20T11:53:15.935274,31.9,140.92,0.1376,0.0,0.0,1,1
2026-04-20T11:53:19.162245,72.5,161.28,0.1575,0.0,0.0,1,1
2026-04-20T11:53:22.409739,61.35,152.62,0.149,0.0,0.0,1,1
2026-04-20T11:53:25.578706,30.18,164.33,0.1605,0.0,0.0,1,1
2026-04-20T11:53:29.423827,46.6,106.23,0.1037,0.0,0.0,1,1
2026-04-20T11:53:32.939408,41.28,78.81,0.077,0.0,0.0,1,0
2026-04-20T11:53:36.471069,35.05,232.08,0.2266,0.0,0.0,1,1
2026-04-20T11:53:39.660712,47.63,210.82,0.2059,0.0,0.0,1,1
2026-04-20T11:53:42.932299,85.25,154.55,0.1509,0.0,0.0,1,1
2026-04-20T11:53:46.344978,89.65,132.02,0.1289,0.0,0.0,1,1
2026-04-20T11:53:49.914603,62.77,90.26,0.0881,0.0,0.0,1,0
2026-04-20T11:53:53.181659,98.15,2159.09,2.1085,0.0,0.0,1,1
2026-04-20T11:53:56.468727,82.97,104.6,0.1021,0.0,0.0,1,1
2026-04-20T11:53:59.703761,40.73,101.41,0.099,0.0,0.0,1,1
2026-04-20T11:54:03.008969,51.45,236.15,0.2306,0.0,0.0,1,1
2026-04-20T11:54:06.724986,56.11,262.91,0.2568,0.0,0.0,1,1
2026-04-20T11:54:09.906187,45.13,148.0,0.1445,0.0,0.0,1,1
2026-04-20T11:54:13.096230,31.53,180.19,0.176,0.0,0.0,1,1
2026-04-20T11:54:16.323410,49.64,2679.42,2.6166,0.0,0.0,1,1
2026-04-20T11:54:19.391011,39.42,2728.45,2.6645,0.0,0.0,1,1
2026-04-20T11:54:22.592675,43.91,176.16,0.172,0.0,0.0,1,1
2026-04-20T11:54:25.776126,78.56,140.88,0.1376,0.0,0.0,1,1
2026-04-20T11:54:28.943288,66.82,230.75,0.2253,0.0,0.0,1,1
2026-04-20T11:54:33.513674,62.26,79.66,0.0778,0.0,0.0,1,0
2026-04-20T11:54:36.842722,61.41,48.22,0.0471,0.0,0.0,1,0
2026-04-20T11:54:40.021706,81.74,160.57,0.1568,0.0,0.0,1,1
2026-04-20T11:54:43.923847,35.84,73.48,0.0718,0.0,0.0,1,0
2026-04-20T11:54:47.147234,39.41,146.34,0.1429,0.0,0.0,1,1
2026-04-20T11:54:50.426065,28.63,187.84,0.1834,0.0,0.0,1,1
2026-04-20T11:54:53.679580,64.2,99.1,0.0968,0.0,0.0,1,0
2026-04-20T11:54:56.936798,80.11,52.38,0.0511,0.0,0.0,1,0
2026-04-20T11:55:00.218255,80.84,2259.41,2.2065,0.0,0.0,1,1
2026-04-20T11:55:03.508337,112.19,540.43,0.5278,0.0,0.0,1,1
2026-04-20T11:55:06.884922,79.15,97.64,0.0954,0.0,0.0,1,0
2026-04-20T11:55:11.325737,26.55,147.83,0.1444,0.0,0.0,1,1
2026-04-20T11:55:14.503123,37.13,1317.1,1.2862,0.0,0.0,1,1
2026-04-20T11:55:17.828217,47.63,83.79,0.0818,0.0,0.0,1,0
2026-04-20T11:55:23.338272,99.06,18.46,0.018,0.0,0.0,1,0
2026-04-20T11:55:26.602537,217.84,136.27,0.1331,0.0,0.0,0,1
2026-04-20T11:55:32.034729,32.54,402.57,0.3931,0.0,0.0,1,1
2026-04-20T11:55:35.183873,19.08,591.12,0.5773,0.0,0.0,1,1
2026-04-20T11:55:38.523086,44.38,91.74,0.0896,0.0,0.0,1,0
2026-04-20T11:55:41.849336,55.72,69.56,0.0679,0.0,0.0,1,0
2026-04-20T11:55:45.066324,46.2,130.72,0.1277,0.0,0.0,1,1
2026-04-20T11:55:48.312701,145.38,91.54,0.0894,0.0,0.0,1,0
2026-04-20T11:55:51.657261,48.1,50.83,0.0496,0.0,0.0,1,0
2026-04-20T11:55:55.555622,87.16,95.5,0.0933,0.0,0.0,1,0
2026-04-20T11:55:58.726694,63.33,178.06,0.1739,0.0,0.0,1,1
2026-04-20T11:56:02.021967,155.39,66.57,0.065,0.0,0.0,1,0
2026-04-20T11:56:05.276745,39.16,114.78,0.1121,0.0,0.0,1,1
2026-04-20T11:56:08.453659,39.32,230.13,0.2247,0.0,0.0,1,1
2026-04-20T11:56:11.657929,37.09,245.8,0.24,0.0,0.0,1,1
2026-04-20T11:56:14.979797,80.75,59.81,0.0584,0.0,0.0,1,0
2026-04-20T11:56:18.684529,1200.52,146.22,0.1428,0.0,0.0,0,1
2026-04-20T11:56:21.886262,48.99,594.91,0.581,0.0,0.0,1,1
2026-04-20T11:56:25.307960,883.51,73.33,0.0716,0.0,0.0,0,0
2026-04-20T11:56:28.575576,38.88,211.76,0.2068,0.0,0.0,1,1
2026-04-20T11:56:34.738520,0.0,4.06,0.004,0.0,100.0,0,0
2026-04-20T11:56:39.784586,63.19,83.56,0.0816,0.0,0.0,1,0
2026-04-20T11:56:42.945707,23.36,238.09,0.2325,0.0,0.0,1,1
2026-04-20T11:56:46.405476,79.12,97.85,0.0956,0.0,0.0,1,0
2026-04-20T11:56:50.283232,70.97,178.82,0.1746,0.0,0.0,1,1
2026-04-20T11:56:53.550818,90.16,159.45,0.1557,0.0,0.0,1,1
2026-04-20T11:56:56.926224,153.39,53.11,0.0519,0.0,0.0,1,0
2026-04-20T11:57:00.341702,118.78,57.49,0.0561,0.0,0.0,1,0
2026-04-20T11:57:03.557033,52.9,320.79,0.3133,0.0,0.0,1,1
2026-04-20T11:57:06.771875,31.89,320.87,0.3134,0.0,0.0,1,1
2026-04-20T11:57:09.970915,14.89,537.58,0.525,0.0,0.0,1,1
2026-04-20T11:57:13.238430,53.19,81.88,0.08,0.0,0.0,1,0
2026-04-20T11:57:16.357546,32.14,1827.19,1.7844,0.0,0.0,1,1
2026-04-20T11:57:19.652026,48.82,66.51,0.0649,0.0,0.0,1,0
2026-04-20T11:57:22.974568,71.39,93.08,0.0909,0.0,0.0,1,0
2026-04-20T11:57:29.858401,34.1,244.23,0.2385,0.0,0.0,1,1
2026-04-20T11:57:33.437140,49.75,159.18,0.1554,0.0,0.0,1,1
2026-04-20T11:57:36.555551,79.17,2218.62,2.1666,0.0,0.0,1,1
2026-04-20T11:57:39.795534,58.26,105.53,0.1031,0.0,0.0,1,1
2026-04-20T11:57:43.069631,46.4,123.79,0.1209,0.0,0.0,1,1
2026-04-20T11:57:46.947474,47.11,173.4,0.1693,0.0,0.0,1,1
2026-04-20T11:57:50.105555,140.13,216.18,0.2111,0.0,0.0,1,1
2026-04-20T11:57:54.539045,53.79,245.95,0.2402,0.0,0.0,1,1
2026-04-20T11:57:57.953403,79.13,47.01,0.0459,0.0,0.0,1,0
2026-04-20T11:58:04.834581,82.9,257.58,0.2515,0.0,0.0,1,1
2026-04-20T11:58:08.039844,140.58,130.02,0.127,0.0,0.0,1,1
2026-04-20T11:58:11.215671,25.17,150.94,0.1474,0.0,0.0,1,1
2026-04-20T11:58:14.540646,85.15,82.76,0.0808,0.0,0.0,1,0
2026-04-20T11:58:17.717098,42.77,218.91,0.2138,0.0,0.0,1,1
2026-04-20T11:58:21.171713,77.72,27.01,0.0264,0.0,0.0,1,0
2026-04-20T11:58:25.288519,81.62,1093.69,1.0681,0.0,25.0,0,1
2026-04-20T11:58:28.534829,62.18,144.18,0.1408,0.0,0.0,1,1
2026-04-20T11:58:31.644407,26.84,2629.66,2.568,0.0,0.0,1,1
2026-04-20T11:58:34.794342,35.89,2106.37,2.057,0.0,0.0,1,1
2026-04-20T11:58:38.018815,39.67,545.49,0.5327,0.0,0.0,1,1
2026-04-20T11:58:41.251929,122.87,188.54,0.1841,0.0,0.0,1,1
2026-04-20T11:58:44.518560,116.89,117.61,0.1149,0.0,0.0,1,1
2026-04-20T11:58:47.755728,41.86,286.47,0.2798,0.0,0.0,1,1
2026-04-20T11:58:50.991121,71.41,570.13,0.5568,0.0,0.0,1,1
2026-04-20T11:58:54.236234,56.83,141.4,0.1381,0.0,0.0,1,1
2026-04-20T11:58:57.430544,54.06,251.55,0.2457,0.0,0.0,1,1
2026-04-20T11:59:00.986556,50.91,113.18,0.1105,0.0,0.0,1,1
2026-04-20T11:59:04.181069,42.73,175.67,0.1715,0.0,0.0,1,1
2026-04-20T11:59:07.422908,52.89,106.13,0.1036,0.0,0.0,1,1
2026-04-20T11:59:10.814401,90.93,135.82,0.1326,0.0,0.0,1,1
2026-04-20T11:59:14.028825,66.23,348.76,0.3406,0.0,0.0,1,1
2026-04-20T11:59:17.289104,58.62,100.52,0.0982,0.0,0.0,1,1
2026-04-20T11:59:20.530049,27.81,102.72,0.1003,0.0,0.0,1,1
2026-04-20T11:59:23.775417,53.93,544.91,0.5321,0.0,0.0,1,1
2026-04-20T11:59:26.955491,33.06,314.89,0.3075,0.0,0.0,1,1
2026-04-20T11:59:30.129073,81.6,145.44,0.142,0.0,0.0,1,1
2026-04-20T11:59:33.256143,34.14,587.08,0.5733,0.0,0.0,1,1
2026-04-20T11:59:36.412085,36.27,320.79,0.3133,0.0,0.0,1,1
2026-04-20T11:59:39.779581,69.54,68.66,0.067,0.0,0.0,1,0
2026-04-20T11:59:42.947798,262.27,215.87,0.2108,0.0,0.0,0,1
2026-04-20T11:59:48.494033,31.1,66.93,0.0654,0.0,0.0,1,0
2026-04-20T11:59:51.808215,51.82,198.74,0.1941,0.0,0.0,1,1
2026-04-20T11:59:55.004503,53.0,178.08,0.1739,0.0,0.0,1,1
2026-04-20T11:59:58.740240,57.84,109.07,0.1065,0.0,0.0,1,1
2026-04-20T12:00:02.003176,49.84,171.63,0.1676,0.0,0.0,1,1
2026-04-20T12:00:05.259494,69.89,177.64,0.1735,0.0,0.0,1,1
2026-04-20T12:00:08.779493,59.31,95.71,0.0935,0.0,0.0,1,0
2026-04-20T12:00:12.009758,33.83,68.54,0.0669,0.0,0.0,1,0
2026-04-20T12:00:17.508294,33.38,109.49,0.1069,0.0,0.0,1,1
2026-04-20T12:00:20.722698,54.19,133.4,0.1303,0.0,0.0,1,1
2026-04-20T12:00:23.982105,66.94,78.17,0.0763,0.0,0.0,1,0
2026-04-20T12:00:27.200967,54.37,107.69,0.1052,0.0,0.0,1,1
2026-04-20T12:00:30.373946,49.14,219.7,0.2146,0.0,0.0,1,1
2026-04-20T12:00:33.581983,47.81,160.61,0.1568,0.0,0.0,1,1
2026-04-20T12:00:36.863838,38.56,79.53,0.0777,0.0,0.0,1,0
2026-04-20T12:00:40.048699,57.59,213.98,0.209,0.0,0.0,1,1
2026-04-20T12:00:43.272393,37.59,166.92,0.163,0.0,0.0,1,1
2026-04-20T12:00:46.565495,116.64,53.04,0.0518,0.0,0.0,1,0
2026-04-20T12:00:51.975681,56.7,492.75,0.4812,0.0,25.0,0,1
2026-04-20T12:00:55.164826,62.26,349.31,0.3411,0.0,0.0,1,1
2026-04-20T12:00:58.318197,55.06,486.53,0.4751,0.0,0.0,1,1
2026-04-20T12:01:01.486622,84.47,510.85,0.4989,0.0,0.0,1,1
2026-04-20T12:01:04.719049,43.35,259.12,0.253,0.0,0.0,1,1
2026-04-20T12:01:07.978210,56.45,137.8,0.1346,0.0,0.0,1,1
2026-04-20T12:01:11.196646,78.05,182.24,0.178,0.0,0.0,1,1
2026-04-20T12:01:14.409677,75.99,101.67,0.0993,0.0,0.0,1,1
2026-04-20T12:01:17.759192,137.6,169.46,0.1655,0.0,0.0,1,1
2026-04-20T12:01:20.986126,58.42,1963.51,1.9175,0.0,0.0,1,1
2026-04-20T12:01:28.087775,13.83,0.0,0.0,0.0,25.0,0,0
2026-04-20T12:01:35.291835,0.0,0.0,0.0,0.0,100.0,0,0
2026-04-20T12:01:39.493984,0.0,220.69,0.2155,0.0,100.0,0,1
2026-04-20T12:01:42.713127,71.22,370.6,0.3619,0.0,0.0,1,1
2026-04-20T12:01:45.985402,61.49,109.37,0.1068,0.0,0.0,1,1
2026-04-20T12:01:49.409278,81.61,163.86,0.16,0.0,0.0,1,1
2026-04-20T12:01:52.528087,41.18,2572.01,2.5117,0.0,0.0,1,1
2026-04-20T12:01:55.707699,35.28,294.88,0.288,0.0,0.0,1,1
2026-04-20T12:01:58.949378,60.7,223.86,0.2186,0.0,0.0,1,1
2026-04-20T12:02:02.198718,62.97,150.26,0.1467,0.0,0.0,1,1
2026-04-20T12:02:05.422024,32.59,95.15,0.0929,0.0,0.0,1,0
2026-04-20T12:02:08.735465,48.6,93.14,0.091,0.0,0.0,1,0
2026-04-20T12:02:11.948844,35.44,158.5,0.1548,0.0,0.0,1,1
2026-04-20T12:02:15.143077,69.74,147.08,0.1436,0.0,0.0,1,1
2026-04-20T12:02:19.140217,45.42,117.62,0.1149,0.0,0.0,1,1
2026-04-20T12:02:22.367022,112.43,84.76,0.0828,0.0,0.0,1,0
2026-04-20T12:02:25.568897,55.95,217.62,0.2125,0.0,0.0,1,1
2026-04-20T12:02:28.749404,34.22,260.62,0.2545,0.0,0.0,1,1
2026-04-20T12:02:31.940173,33.74,231.3,0.2259,0.0,0.0,1,1
2026-04-20T12:02:35.154702,72.53,238.5,0.2329,0.0,0.0,1,1
2026-04-20T12:02:38.343646,49.68,247.16,0.2414,0.0,0.0,1,1
2026-04-20T12:02:41.496867,46.72,740.88,0.7235,0.0,0.0,1,1
2026-04-20T12:02:44.650387,46.7,1548.5,1.5122,0.0,0.0,1,1
2026-04-20T12:02:47.814731,28.63,215.33,0.2103,0.0,0.0,1,1
2026-04-20T12:02:51.060200,45.97,448.52,0.438,0.0,0.0,1,1
2026-04-20T12:02:54.310211,125.17,156.38,0.1527,0.0,0.0,1,1
2026-04-20T12:02:57.588031,40.36,67.56,0.066,0.0,0.0,1,0
2026-04-20T12:03:00.777113,37.6,192.64,0.1881,0.0,0.0,1,1
2026-04-20T12:03:04.769926,57.63,68.14,0.0665,0.0,0.0,1,0
2026-04-20T12:03:08.058713,42.68,62.0,0.0605,0.0,0.0,1,0
2026-04-20T12:03:11.352951,53.77,69.7,0.0681,0.0,0.0,1,0
2026-04-20T12:03:14.756173,181.26,2285.57,2.232,0.0,0.0,1,1
2026-04-20T12:03:17.970760,43.13,104.58,0.1021,0.0,0.0,1,1
2026-04-20T12:03:22.373680,36.19,163.39,0.1596,0.0,0.0,1,1
2026-04-20T12:03:25.558332,35.43,200.88,0.1962,0.0,0.0,1,1
2026-04-20T12:03:28.742656,19.9,159.9,0.1561,0.0,0.0,1,1
2026-04-20T12:03:31.948699,36.25,233.06,0.2276,0.0,0.0,1,1
2026-04-20T12:03:35.121415,43.56,239.07,0.2335,0.0,0.0,1,1
2026-04-20T12:03:38.314560,40.73,173.09,0.169,0.0,0.0,1,1
2026-04-20T12:03:41.580320,65.73,228.04,0.2227,0.0,0.0,1,1
2026-04-20T12:03:45.047213,48.52,96.25,0.094,0.0,0.0,1,0
2026-04-20T12:03:48.268872,31.57,178.83,0.1746,0.0,0.0,1,1
2026-04-20T12:03:51.529056,71.08,206.69,0.2019,0.0,0.0,1,1
2026-04-20T12:03:54.914957,91.44,67.61,0.066,0.0,0.0,1,0
2026-04-20T12:03:58.143073,74.82,134.25,0.1311,0.0,0.0,1,1
2026-04-20T12:04:01.276436,85.29,852.2,0.8322,0.0,0.0,1,1
2026-04-20T12:04:04.428735,21.93,315.72,0.3083,0.0,0.0,1,1
2026-04-20T12:04:07.724026,84.83,68.87,0.0673,0.0,0.0,1,0
2026-04-20T12:04:10.915192,33.52,150.94,0.1474,0.0,0.0,1,1
2026-04-20T12:04:15.264868,43.77,250.12,0.2443,0.0,0.0,1,1
2026-04-20T12:04:18.476254,48.66,151.67,0.1481,0.0,0.0,1,1
2026-04-20T12:04:21.752417,75.34,80.82,0.0789,0.0,0.0,1,0
2026-04-20T12:04:26.504079,58.65,36.95,0.0361,0.0,0.0,1,0
2026-04-20T12:04:29.693839,147.04,207.39,0.2025,0.0,0.0,1,1
2026-04-20T12:04:32.840745,51.08,1464.24,1.4299,0.0,0.0,1,1
2026-04-20T12:04:36.032062,53.75,184.09,0.1798,0.0,0.0,1,1
2026-04-20T12:04:39.233783,44.61,280.76,0.2742,0.0,0.0,1,1
2026-04-20T12:04:42.368003,28.65,987.74,0.9646,0.0,0.0,1,1
2026-04-20T12:04:45.565931,45.47,167.4,0.1635,0.0,0.0,1,1
2026-04-20T12:04:48.791300,58.27,243.73,0.238,0.0,0.0,1,1
2026-04-20T12:04:52.026072,51.59,98.38,0.0961,0.0,0.0,1,0
2026-04-20T12:04:55.284538,49.19,189.65,0.1852,0.0,0.0,1,1
2026-04-20T12:04:58.607724,46.61,66.57,0.065,0.0,0.0,1,0
2026-04-20T12:05:02.044756,97.81,167.1,0.1632,0.0,0.0,1,1
2026-04-20T12:05:05.413584,79.52,55.48,0.0542,0.0,0.0,1,0
2026-04-20T12:05:10.250077,26.39,323.91,0.3163,0.0,0.0,1,1
2026-04-20T12:05:15.258174,14.76,9.92,0.0097,0.0,75.0,0,0
2026-04-20T12:05:18.487396,36.18,147.22,0.1438,0.0,0.0,1,1
2026-04-20T12:05:21.716908,49.73,101.38,0.099,0.0,0.0,1,1
2026-04-20T12:05:24.920808,35.1,208.9,0.204,0.0,0.0,1,1
2026-04-20T12:05:28.190968,33.0,61.06,0.0596,0.0,0.0,1,0
2026-04-20T12:05:31.389939,26.99,187.11,0.1827,0.0,0.0,1,1
2026-04-20T12:05:34.749256,69.68,47.27,0.0462,0.0,0.0,1,0
2026-04-20T12:05:44.030581,163.66,749.4,0.7318,0.0,0.0,1,1
2026-04-20T12:05:47.204319,36.77,609.07,0.5948,0.0,0.0,1,1
2026-04-20T12:05:50.406464,53.58,167.82,0.1639,0.0,0.0,1,1
2026-04-20T12:05:53.693676,45.48,75.88,0.0741,0.0,0.0,1,0
2026-04-20T12:05:57.469028,136.11,111.69,0.1091,0.0,0.0,1,1
2026-04-20T12:06:00.599689,29.78,374.25,0.3655,0.0,0.0,1,1
2026-04-20T12:06:03.790018,40.34,135.23,0.1321,0.0,0.0,1,1
2026-04-20T12:06:07.151927,47.88,59.26,0.0579,0.0,0.0,1,0
2026-04-20T12:06:10.359609,38.42,105.74,0.1033,0.0,0.0,1,1
2026-04-20T12:06:15.289553,46.03,123.9,0.121,0.0,0.0,1,1
2026-04-20T12:06:18.553828,62.76,193.38,0.1888,0.0,0.0,1,1
2026-04-20T12:06:21.770895,51.91,259.54,0.2535,0.0,0.0,1,1
2026-04-20T12:06:24.973987,41.4,157.47,0.1538,0.0,0.0,1,1
2026-04-20T12:06:29.446142,166.73,134.66,0.1315,0.0,0.0,1,1
2026-04-20T12:06:32.589123,45.05,630.53,0.6158,0.0,0.0,1,1
2026-04-20T12:06:35.858192,81.12,122.98,0.1201,0.0,0.0,1,1
2026-04-20T12:06:39.762547,92.62,170.74,0.1667,0.0,0.0,1,1
2026-04-20T12:06:42.866799,46.78,1836.59,1.7935,0.0,0.0,1,1
2026-04-20T12:06:46.038417,388.01,406.34,0.3968,0.0,0.0,0,1
2026-04-20T12:06:49.203531,19.94,543.98,0.5312,0.0,0.0,1,1
2026-04-20T12:06:52.391823,101.39,525.38,0.5131,0.0,0.0,1,1
2026-04-20T12:06:55.772443,374.47,241.16,0.2355,0.0,0.0,0,1
2026-04-20T12:06:59.057472,79.76,78.9,0.077,0.0,0.0,1,0
2026-04-20T12:07:02.152842,21.57,1902.61,1.858,0.0,0.0,1,1
2026-04-20T12:07:07.516575,5.96,6.79,0.0066,0.0,75.0,0,0
2026-04-20T12:07:10.753505,82.94,202.27,0.1975,0.0,0.0,1,1
2026-04-20T12:07:13.943766,59.3,184.95,0.1806,0.0,0.0,1,1
2026-04-20T12:07:17.248592,77.23,74.69,0.0729,0.0,0.0,1,0
2026-04-20T12:07:20.388485,61.33,316.31,0.3089,0.0,0.0,1,1
2026-04-20T12:07:23.628633,50.71,140.29,0.137,0.0,0.0,1,1
2026-04-20T12:07:28.137563,93.4,15.16,0.0148,0.0,0.0,1,0
2026-04-20T12:07:31.414757,159.48,94.45,0.0922,0.0,0.0,1,0
2026-04-20T12:07:34.843660,42.4,110.39,0.1078,0.0,0.0,1,1
2026-04-20T12:07:38.030065,35.9,1630.68,1.5925,0.0,0.0,1,1
2026-04-20T12:07:41.185506,107.62,502.04,0.4903,0.0,0.0,1,1
2026-04-20T12:07:44.545481,65.78,65.63,0.0641,0.0,0.0,1,0
2026-04-20T12:07:47.735542,44.02,215.27,0.2102,0.0,0.0,1,1
2026-04-20T12:07:51.001411,45.15,82.51,0.0806,0.0,0.0,1,0
2026-04-20T12:07:55.536055,67.33,111.74,0.1091,0.0,0.0,1,1
2026-04-20T12:07:58.692689,41.05,256.45,0.2504,0.0,0.0,1,1
2026-04-20T12:08:01.795605,41.71,2557.11,2.4972,0.0,0.0,1,1
2026-04-20T12:08:04.952976,37.63,655.4,0.64,0.0,0.0,1,1
2026-04-20T12:08:08.407786,89.91,66.49,0.0649,0.0,0.0,1,0
2026-04-20T12:08:11.719501,122.92,100.76,0.0984,0.0,0.0,1,1
2026-04-20T12:08:14.971682,20.11,57.0,0.0557,0.0,0.0,1,0
2026-04-20T12:08:19.170656,47.62,174.08,0.17,0.0,25.0,0,1
2026-04-20T12:08:22.373872,21.0,179.9,0.1757,0.0,0.0,1,1
2026-04-20T12:08:25.599702,129.29,159.06,0.1553,0.0,0.0,1,1
2026-04-20T12:08:28.737066,53.36,1908.35,1.8636,0.0,0.0,1,1
2026-04-20T12:08:34.152440,90.0,257.56,0.2515,0.0,0.0,1,1
2026-04-20T12:08:37.332635,59.23,229.5,0.2241,0.0,0.0,1,1
2026-04-20T12:08:41.218810,58.23,44.38,0.0433,0.0,0.0,1,0
2026-04-20T12:08:44.399949,74.64,242.08,0.2364,0.0,0.0,1,1
2026-04-20T12:08:47.676350,25.98,61.22,0.0598,0.0,0.0,1,0
2026-04-20T12:08:51.011261,69.31,66.96,0.0654,0.0,0.0,1,0
2026-04-20T12:08:54.237864,47.07,517.74,0.5056,0.0,0.0,1,1
2026-04-20T12:08:57.409385,54.24,239.45,0.2338,0.0,0.0,1,1
2026-04-20T12:09:00.622094,41.18,99.64,0.0973,0.0,0.0,1,0
2026-04-20T12:09:03.821699,56.45,166.47,0.1626,0.0,0.0,1,1
2026-04-20T12:09:07.017652,47.66,191.98,0.1875,0.0,0.0,1,1
2026-04-20T12:09:10.517620,45.82,96.52,0.0943,0.0,0.0,1,0
2026-04-20T12:09:13.778403,160.0,78.35,0.0765,0.0,0.0,1,0
2026-04-20T12:09:18.345993,51.4,35.2,0.0344,0.0,0.0,1,0
2026-04-20T12:09:21.560102,121.52,290.77,0.284,0.0,0.0,1,1
2026-04-20T12:09:26.515018,35.31,106.92,0.1044,0.0,0.0,1,1
2026-04-20T12:09:29.681144,50.72,249.04,0.2432,0.0,0.0,1,1
2026-04-20T12:09:32.898846,48.5,116.35,0.1136,0.0,0.0,1,1
2026-04-20T12:09:36.102317,52.84,139.5,0.1362,0.0,0.0,1,1
2026-04-20T12:09:40.662210,84.03,220.28,0.2151,0.0,0.0,1,1
2026-04-20T12:09:44.250532,108.99,44.92,0.0439,0.0,0.0,1,0
2026-04-20T12:09:48.237586,49.41,194.05,0.1895,0.0,0.0,1,1
2026-04-20T12:09:51.594893,63.29,46.26,0.0452,0.0,0.0,1,0
2026-04-20T12:09:54.839036,44.45,110.31,0.1077,0.0,0.0,1,1
2026-04-20T12:09:58.099873,48.02,94.92,0.0927,0.0,0.0,1,0
2026-04-20T12:10:01.380742,56.33,90.5,0.0884,0.0,0.0,1,0
2026-04-20T12:10:04.598796,40.81,182.82,0.1785,0.0,0.0,1,1
2026-04-20T12:10:08.052946,71.14,290.97,0.2841,0.0,0.0,1,1
2026-04-20T12:10:11.201030,25.96,1025.88,1.0018,0.0,0.0,1,1
2026-04-20T12:10:14.411829,52.67,312.56,0.3052,0.0,0.0,1,1
2026-04-20T12:10:18.563758,47.83,317.35,0.3099,0.0,25.0,0,1
2026-04-20T12:10:21.759443,64.04,2045.13,1.9972,0.0,0.0,1,1
2026-04-20T12:10:25.065119,50.56,50.81,0.0496,0.0,0.0,1,0
2026-04-20T12:10:28.240687,61.4,220.82,0.2156,0.0,0.0,1,1
2026-04-20T12:10:31.407054,26.96,137.35,0.1341,0.0,0.0,1,1
2026-04-20T12:10:34.571795,70.08,1734.35,1.6937,0.0,0.0,1,1
2026-04-20T12:10:37.673320,24.82,1931.52,1.8863,0.0,0.0,1,1
2026-04-20T12:10:40.757519,4.58,1342.5,1.311,0.0,0.0,1,1
2026-04-20T12:10:44.119087,119.01,52.42,0.0512,0.0,0.0,1,0
2026-04-20T12:10:47.635727,170.71,31.72,0.031,0.0,0.0,1,0
2026-04-20T12:10:51.106799,214.05,44.78,0.0437,0.0,0.0,0,0
2026-04-20T12:10:54.540332,198.74,43.95,0.0429,0.0,0.0,1,0
2026-04-20T12:10:57.953331,163.97,45.81,0.0447,0.0,0.0,1,0
2026-04-20T12:11:01.418700,173.85,39.33,0.0384,0.0,0.0,1,0
2026-04-20T12:11:04.841911,171.19,44.36,0.0433,0.0,0.0,1,0
2026-04-20T12:11:08.214304,164.03,53.76,0.0525,0.0,0.0,1,0
2026-04-20T12:11:11.578399,161.73,53.25,0.052,0.0,0.0,1,0
2026-04-20T12:11:15.004419,172.76,44.28,0.0432,0.0,0.0,1,0
2026-04-20T12:11:18.511780,179.62,35.38,0.0345,0.0,0.0,1,0
2026-04-20T12:11:21.930428,194.66,52.09,0.0509,0.0,0.0,1,0
2026-04-20T12:11:25.401000,180.5,44.94,0.0439,0.0,0.0,1,0
2026-04-20T12:11:28.884873,168.27,49.05,0.0479,0.0,0.0,1,0
2026-04-20T12:11:32.336934,163.62,48.48,0.0473,0.0,0.0,1,0
2026-04-20T12:11:35.464152,133.19,2243.69,2.1911,0.0,0.0,1,1
2026-04-20T12:11:38.622640,13.01,363.32,0.3548,0.0,0.0,1,1
2026-04-20T12:11:41.968875,75.58,64.22,0.0627,0.0,0.0,1,0
2026-04-20T12:11:46.543664,75.79,86.57,0.0845,0.0,0.0,1,0
2026-04-20T12:11:49.777505,74.61,112.88,0.1102,0.0,0.0,1,1
2026-04-20T12:11:54.210542,188.72,26.14,0.0255,0.0,50.0,0,0
2026-04-20T12:11:56.024924,51.09,219.57,0.2144,0.0,0.0,1,1
2026-04-20T12:22:02.089027,30.78,110.96,0.1084,0.0,0.0,1,1
2026-04-20T12:22:05.277808,42.77,574.24,0.5608,0.0,0.0,1,1
2026-04-20T12:22:08.445168,48.0,499.33,0.4876,0.0,0.0,1,1
2026-04-20T12:22:13.697191,48.09,95.61,0.0934,0.0,0.0,1,0
2026-04-20T12:22:16.882060,38.92,197.73,0.1931,0.0,0.0,1,1
2026-04-20T12:22:20.941551,34.99,232.78,0.2273,0.0,0.0,1,1
2026-04-20T12:22:24.300284,61.6,67.12,0.0655,0.0,0.0,1,0
2026-04-20T12:22:27.559158,68.11,79.22,0.0774,0.0,0.0,1,0
2026-04-20T12:22:31.080897,28.32,108.76,0.1062,0.0,0.0,1,1
2026-04-20T12:22:34.353688,58.73,162.62,0.1588,0.0,0.0,1,1
2026-04-20T12:22:37.591596,71.6,155.68,0.152,0.0,0.0,1,1
2026-04-20T12:22:40.908223,37.42,65.61,0.0641,0.0,0.0,1,0
2026-04-20T12:22:44.070828,60.24,328.19,0.3205,0.0,0.0,1,1
2026-04-20T12:22:47.368637,71.55,506.91,0.495,0.0,0.0,1,1
2026-04-20T12:22:50.558606,255.09,246.06,0.2403,0.0,0.0,0,1
2026-04-20T12:22:53.773336,49.62,215.74,0.2107,0.0,0.0,1,1
2026-04-20T12:22:57.281113,165.01,138.0,0.1348,0.0,0.0,1,1
2026-04-20T12:23:00.458908,33.14,342.63,0.3346,0.0,0.0,1,1
2026-04-20T12:23:03.634595,84.34,448.03,0.4375,0.0,0.0,1,1
2026-04-20T12:23:06.836781,68.5,175.75,0.1716,0.0,0.0,1,1
2026-04-20T12:23:10.153804,131.33,82.78,0.0808,0.0,0.0,1,0
2026-04-20T12:23:13.370706,36.18,246.07,0.2403,0.0,0.0,1,1
2026-04-20T12:23:17.832666,43.64,99.87,0.0975,0.0,0.0,1,0
2026-04-20T12:23:21.064315,59.17,222.09,0.2169,0.0,0.0,1,1
2026-04-20T12:23:24.358233,42.42,82.93,0.081,0.0,0.0,1,0
2026-04-20T12:23:27.696466,122.41,249.2,0.2434,0.0,0.0,1,1
2026-04-20T12:23:30.955803,255.39,166.77,0.1629,0.0,0.0,0,1
2026-04-20T12:23:35.065914,25.2,294.65,0.2877,0.0,0.0,1,1
2026-04-20T12:23:38.277633,22.76,318.87,0.3114,0.0,0.0,1,1
2026-04-20T12:23:41.506462,158.59,245.96,0.2402,0.0,0.0,1,1
2026-04-20T12:23:44.770058,53.04,549.94,0.537,0.0,0.0,1,1
2026-04-20T12:23:48.305017,126.83,45.64,0.0446,0.0,0.0,1,0
2026-04-20T12:23:51.735723,26.45,30.52,0.0298,0.0,0.0,1,0
2026-04-20T12:23:55.070880,59.32,74.97,0.0732,0.0,0.0,1,0
2026-04-20T12:23:58.284393,71.34,172.14,0.1681,0.0,0.0,1,1
2026-04-20T12:24:01.530990,150.18,151.21,0.1477,0.0,0.0,1,1
2026-04-20T12:24:04.827703,142.6,89.1,0.087,0.0,0.0,1,0
2026-04-20T12:24:08.030968,142.76,1323.49,1.2925,0.0,0.0,1,1
2026-04-20T12:24:11.248569,47.53,265.12,0.2589,0.0,0.0,1,1
2026-04-20T12:24:14.582711,37.54,102.68,0.1003,0.0,0.0,1,1
2026-04-20T12:24:18.502027,180.1,21.92,0.0214,0.0,0.0,1,0
2026-04-20T12:24:21.765822,93.14,124.15,0.1212,0.0,0.0,1,1
2026-04-20T12:24:24.971528,40.35,236.79,0.2312,0.0,0.0,1,1
2026-04-20T12:24:28.235633,52.51,497.88,0.4862,0.0,0.0,1,1
2026-04-20T12:24:32.425439,341.99,82.75,0.0808,0.0,0.0,0,0
2026-04-20T12:24:35.591793,105.9,308.05,0.3008,0.0,0.0,1,1
2026-04-20T12:24:38.773273,35.74,388.96,0.3798,0.0,0.0,1,1
2026-04-20T12:24:41.989346,60.08,186.04,0.1817,0.0,0.0,1,1
2026-04-20T12:24:45.231816,45.65,541.4,0.5287,0.0,0.0,1,1
2026-04-20T12:24:48.502838,69.41,223.73,0.2185,0.0,0.0,1,1
2026-04-20T12:24:51.716809,69.56,183.54,0.1792,0.0,0.0,1,1
2026-04-20T12:24:54.917016,108.21,152.5,0.1489,0.0,0.0,1,1
2026-04-20T12:24:58.202112,51.24,84.41,0.0824,0.0,0.0,1,0
2026-04-20T12:25:02.910257,57.91,37.85,0.037,0.0,0.0,1,0
2026-04-20T12:25:06.135400,89.73,192.89,0.1884,0.0,0.0,1,1
2026-04-20T12:25:11.651220,44.94,49.69,0.0485,0.0,0.0,1,0
2026-04-20T12:25:14.844766,73.69,212.0,0.207,0.0,0.0,1,1
2026-04-20T12:25:18.049448,51.05,178.94,0.1747,0.0,0.0,1,1
2026-04-20T12:25:21.189701,85.26,1933.3,1.888,0.0,0.0,1,1
2026-04-20T12:25:24.379518,37.41,207.26,0.2024,0.0,0.0,1,1
2026-04-20T12:25:27.593055,39.11,153.19,0.1496,0.0,0.0,1,1
2026-04-20T12:25:31.127760,113.67,23.89,0.0233,0.0,0.0,1,0
2026-04-20T12:25:35.994907,55.64,167.77,0.1638,0.0,0.0,1,1
2026-04-20T12:25:40.795151,76.13,40.59,0.0396,0.0,0.0,1,0
2026-04-20T12:25:44.099998,84.81,162.06,0.1583,0.0,0.0,1,1
2026-04-20T12:25:47.308942,34.41,333.82,0.326,0.0,0.0,1,1
2026-04-20T12:25:50.578589,37.15,260.94,0.2548,0.0,0.0,1,1
2026-04-20T12:25:53.885676,50.91,66.35,0.0648,0.0,0.0,1,0
2026-04-20T12:25:58.040454,61.92,27.69,0.027,0.0,0.0,1,0
2026-04-20T12:26:01.584043,128.37,118.36,0.1156,0.0,0.0,1,1
2026-04-20T12:26:04.802929,40.36,161.37,0.1576,0.0,0.0,1,1
2026-04-20T12:26:08.106130,165.85,141.87,0.1385,0.0,0.0,1,1
2026-04-20T12:26:11.358835,58.8,94.44,0.0922,0.0,0.0,1,0
2026-04-20T12:26:14.545246,42.13,218.82,0.2137,0.0,0.0,1,1
2026-04-20T12:26:19.762887,115.67,144.66,0.1413,0.0,0.0,1,1
2026-04-20T12:26:23.000671,96.36,239.32,0.2337,0.0,0.0,1,1
2026-04-20T12:26:26.378508,76.57,244.22,0.2385,0.0,0.0,1,1
2026-04-20T12:26:29.573112,58.52,1612.88,1.5751,0.0,0.0,1,1
2026-04-20T12:26:32.969142,71.12,57.95,0.0566,0.0,0.0,1,0
2026-04-20T12:26:36.403661,72.1,41.06,0.0401,0.0,0.0,1,0
2026-04-20T12:26:39.589785,79.41,1980.08,1.9337,0.0,0.0,1,1
2026-04-20T12:26:42.807360,140.45,237.82,0.2322,0.0,0.0,1,1
2026-04-20T12:26:46.789291,38.41,168.72,0.1648,0.0,0.0,1,1
2026-04-20T12:26:50.631192,37.1,56.15,0.0548,0.0,0.0,1,0
2026-04-20T12:26:54.343858,54.67,82.82,0.0809,0.0,0.0,1,0
2026-04-20T12:26:57.582313,67.12,144.01,0.1406,0.0,0.0,1,1
2026-04-20T12:27:00.935638,54.56,50.65,0.0495,0.0,0.0,1,0
2026-04-20T12:27:04.197871,44.59,115.61,0.1129,0.0,0.0,1,1
2026-04-20T12:27:08.962055,42.04,127.46,0.1245,0.0,0.0,1,1
2026-04-20T12:27:12.227012,173.98,215.75,0.2107,0.0,0.0,1,1
2026-04-20T12:27:15.375208,59.81,2202.75,2.1511,0.0,0.0,1,1
2026-04-20T12:27:18.591304,46.78,161.89,0.1581,0.0,0.0,1,1
2026-04-20T12:27:21.999387,58.89,58.11,0.0568,0.0,0.0,1,0
2026-04-20T12:27:25.410283,170.98,75.55,0.0738,0.0,0.0,1,0
2026-04-20T12:27:28.577545,190.39,304.98,0.2978,0.0,0.0,1,1
2026-04-20T12:27:35.760651,218.4,26.52,0.0259,0.0,0.0,0,0
2026-04-20T12:27:38.892877,35.62,2212.77,2.1609,0.0,0.0,1,1
2026-04-20T12:27:42.195014,51.18,49.51,0.0484,0.0,0.0,1,0
2026-04-20T12:27:45.449927,34.37,107.97,0.1054,0.0,0.0,1,1
2026-04-20T12:27:48.700725,74.75,109.31,0.1068,0.0,0.0,1,1
2026-04-20T12:27:51.871407,48.44,314.62,0.3073,0.0,0.0,1,1
2026-04-20T12:27:55.436540,117.68,28.97,0.0283,0.0,0.0,1,0
2026-04-20T12:27:58.739816,158.15,102.72,0.1003,0.0,0.0,1,1
2026-04-20T12:28:02.650596,80.78,140.61,0.1373,0.0,0.0,1,1
2026-04-20T12:28:06.821547,44.45,224.37,0.2191,0.0,25.0,0,1
2026-04-20T12:28:09.971060,607.07,2511.75,2.4529,0.0,0.0,0,1
2026-04-20T12:28:13.226083,27.15,91.94,0.0898,0.0,0.0,1,0
2026-04-20T12:28:16.477487,57.82,506.09,0.4942,0.0,0.0,1,1
2026-04-20T12:28:19.779076,53.71,99.62,0.0973,0.0,0.0,1,0
2026-04-20T12:28:22.930064,103.6,388.82,0.3797,0.0,0.0,1,1
2026-04-20T12:28:26.260369,92.77,90.73,0.0886,0.0,0.0,1,0
2026-04-20T12:28:30.455671,29.42,252.79,0.2469,0.0,0.0,1,1
2026-04-20T12:28:33.616439,15.61,402.1,0.3927,0.0,0.0,1,1
2026-04-20T12:28:37.875574,31.65,438.45,0.4282,0.0,50.0,0,1
2026-04-20T12:28:41.127428,59.33,125.08,0.1221,0.0,0.0,1,1
2026-04-20T12:28:44.560811,53.63,35.77,0.0349,0.0,0.0,1,0
2026-04-20T12:28:48.222468,125.97,179.87,0.1757,0.0,0.0,1,1
2026-04-20T12:28:53.057699,80.35,163.78,0.1599,0.0,0.0,1,1
2026-04-20T12:28:56.641865,46.87,99.48,0.0972,0.0,0.0,1,0
2026-04-20T12:28:59.886461,43.19,98.04,0.0957,0.0,0.0,1,0
2026-04-20T12:29:05.162633,56.47,136.36,0.1332,0.0,0.0,1,1
2026-04-20T12:29:08.379871,43.31,126.71,0.1237,0.0,0.0,1,1
2026-04-20T12:29:11.648462,64.34,98.0,0.0957,0.0,0.0,1,0
2026-04-20T12:29:14.915897,54.26,139.08,0.1358,0.0,0.0,1,1
2026-04-20T12:29:18.200698,183.72,133.07,0.1299,0.0,0.0,1,1
2026-04-20T12:29:21.481163,93.36,84.36,0.0824,0.0,0.0,1,0
2026-04-20T12:29:24.865404,74.31,107.28,0.1048,0.0,0.0,1,1
2026-04-20T12:29:28.037399,9.79,1448.87,1.4149,0.0,0.0,1,1
2026-04-20T12:29:35.195729,80.29,0.0,0.0,0.0,75.0,0,0
2026-04-20T12:29:40.080843,0.0,11.12,0.0109,0.0,100.0,0,0
2026-04-20T12:29:43.301754,109.07,172.09,0.1681,0.0,0.0,1,1
2026-04-20T12:29:46.556840,72.78,112.24,0.1096,0.0,0.0,1,1
2026-04-20T12:29:49.776349,159.04,120.87,0.118,0.0,0.0,1,1
2026-04-20T12:29:53.054879,85.13,94.61,0.0924,0.0,0.0,1,0
2026-04-20T12:29:56.309977,112.9,210.85,0.2059,0.0,0.0,1,1
2026-04-20T12:29:59.508777,83.37,253.93,0.248,0.0,0.0,1,1
2026-04-20T12:30:02.792926,27.43,252.04,0.2461,0.0,0.0,1,1
2026-04-20T12:30:06.060626,65.55,159.66,0.1559,0.0,0.0,1,1
2026-04-20T12:30:10.821188,48.36,89.6,0.0875,0.0,0.0,1,0
2026-04-20T12:30:14.058599,79.88,181.12,0.1769,0.0,0.0,1,1
2026-04-20T12:30:19.121754,66.44,74.06,0.0723,0.0,0.0,1,0
2026-04-20T12:30:22.618217,138.71,37.55,0.0367,0.0,0.0,1,0
2026-04-20T12:30:25.791817,28.62,2449.77,2.3923,0.0,0.0,1,1
2026-04-20T12:30:29.052668,144.98,110.58,0.108,0.0,0.0,1,1
2026-04-20T12:30:32.315813,94.79,81.44,0.0795,0.0,0.0,1,0
2026-04-20T12:30:35.792346,151.74,41.52,0.0405,0.0,0.0,1,0
2026-04-20T12:30:39.009305,27.83,563.33,0.5501,0.0,0.0,1,1
2026-04-20T12:30:42.742783,168.99,580.56,0.5669,0.0,0.0,1,1
2026-04-20T12:30:46.101366,813.82,322.46,0.3149,0.0,0.0,0,1
2026-04-20T12:30:49.251400,11.15,2146.8,2.0965,0.0,0.0,1,1
2026-04-20T12:30:54.015679,71.3,13.2,0.0129,0.0,50.0,0,0
2026-04-20T12:30:57.211810,46.17,173.73,0.1697,0.0,0.0,1,1
2026-04-20T12:31:00.814577,146.65,74.27,0.0725,0.0,0.0,1,0
2026-04-20T12:31:04.854159,36.68,144.46,0.1411,0.0,0.0,1,1
2026-04-20T12:31:08.698621,92.2,51.16,0.05,0.0,0.0,1,0
2026-04-20T12:31:11.903649,85.85,231.59,0.2262,0.0,0.0,1,1
2026-04-20T12:31:17.173108,91.28,86.01,0.084,0.0,0.0,1,0
2026-04-20T12:31:20.409076,82.39,224.37,0.2191,0.0,0.0,1,1
2026-04-20T12:31:23.703630,38.52,83.93,0.082,0.0,0.0,1,0
2026-04-20T12:31:26.945214,90.53,131.24,0.1282,0.0,0.0,1,1
2026-04-20T12:31:32.140717,72.74,123.34,0.1204,0.0,0.0,1,1
2026-04-20T12:31:35.374936,65.73,109.19,0.1066,0.0,0.0,1,1
2026-04-20T12:31:38.588201,115.35,201.56,0.1968,0.0,0.0,1,1
2026-04-20T12:31:41.828447,49.63,134.75,0.1316,0.0,0.0,1,1
2026-04-20T12:31:45.043236,55.6,159.28,0.1555,0.0,0.0,1,1
2026-04-20T12:31:48.164235,37.19,2277.66,2.2243,0.0,0.0,1,1
2026-04-20T12:31:51.368149,39.23,2502.57,2.4439,0.0,0.0,1,1
2026-04-20T12:31:54.974052,78.85,36.36,0.0355,0.0,0.0,1,0
2026-04-20T12:31:58.225869,111.31,159.5,0.1558,0.0,0.0,1,1
2026-04-20T12:32:01.647677,119.2,55.06,0.0538,0.0,0.0,1,0
2026-04-20T12:32:04.903291,37.9,2020.38,1.973,0.0,0.0,1,1
2026-04-20T12:32:08.075633,42.55,325.06,0.3174,0.0,0.0,1,1
2026-04-20T12:32:11.286639,25.89,217.4,0.2123,0.0,0.0,1,1
2026-04-20T12:32:15.293524,1347.53,237.2,0.2316,0.0,0.0,0,1
2026-04-20T12:32:18.623739,99.22,107.74,0.1052,0.0,0.0,1,1
2026-04-20T12:32:22.554625,84.93,138.06,0.1348,0.0,0.0,1,1
2026-04-20T12:32:25.755742,20.31,1590.33,1.5531,0.0,0.0,1,1
2026-04-20T12:32:30.002350,82.01,121.61,0.1188,0.0,50.0,0,1
2026-04-20T12:32:33.259299,55.67,140.01,0.1367,0.0,0.0,1,1
2026-04-20T12:32:36.491189,56.22,144.4,0.141,0.0,0.0,1,1
2026-04-20T12:32:40.836864,40.57,95.41,0.0932,0.0,0.0,1,0
2026-04-20T12:32:44.048768,43.46,203.05,0.1983,0.0,0.0,1,1
2026-04-20T12:32:48.495395,75.39,96.75,0.0945,0.0,0.0,1,0
2026-04-20T12:32:52.307511,27.98,173.84,0.1698,0.0,0.0,1,1
2026-04-20T12:32:55.563667,38.95,85.47,0.0835,0.0,0.0,1,0
2026-04-20T12:32:59.491832,203.46,44.92,0.0439,0.0,0.0,0,0
2026-04-20T12:33:02.658617,41.71,461.15,0.4503,0.0,0.0,1,1
2026-04-20T12:33:05.954989,82.38,107.65,0.1051,0.0,0.0,1,1
2026-04-20T12:33:09.363061,75.36,40.16,0.0392,0.0,0.0,1,0
2026-04-20T12:33:12.597979,84.98,1990.89,1.9442,0.0,0.0,1,1
2026-04-20T12:33:18.923741,28.72,3.64,0.0036,0.0,25.0,0,0
2026-04-20T12:33:22.085573,74.75,2640.21,2.5783,0.0,0.0,1,1
2026-04-20T12:33:25.329538,58.01,192.94,0.1884,0.0,0.0,1,1
2026-04-20T12:33:28.543226,51.57,179.82,0.1756,0.0,0.0,1,1
2026-04-20T12:33:31.747951,217.37,1835.88,1.7929,0.0,0.0,0,1
2026-04-20T12:33:35.016123,44.99,146.21,0.1428,0.0,0.0,1,1
2026-04-20T12:33:38.413506,35.25,35.61,0.0348,0.0,0.0,1,0
2026-04-20T12:33:43.390965,74.0,87.85,0.0858,0.0,0.0,1,0
2026-04-20T12:33:46.541537,76.44,358.35,0.3499,0.0,0.0,1,1
2026-04-20T12:33:51.662559,308.47,7.75,0.0076,0.0,0.0,0,0
2026-04-20T12:33:54.875966,46.36,1124.25,1.0979,0.0,0.0,1,1
2026-04-20T12:33:58.080231,38.34,224.98,0.2197,0.0,0.0,1,1
2026-04-20T12:34:01.521603,61.27,38.75,0.0378,0.0,0.0,1,0
2026-04-20T12:34:06.687586,94.74,222.6,0.2174,0.0,0.0,1,1
2026-04-20T12:34:09.927416,42.62,130.29,0.1272,0.0,0.0,1,1
2026-04-20T12:34:13.186353,63.67,123.16,0.1203,0.0,0.0,1,1
2026-04-20T12:34:18.238274,45.73,89.46,0.0874,0.0,0.0,1,0
2026-04-20T12:34:22.227881,76.89,73.79,0.0721,0.0,0.0,1,0
2026-04-20T12:34:25.371654,35.75,630.77,0.616,0.0,0.0,1,1
2026-04-20T12:34:28.589138,64.67,161.2,0.1574,0.0,0.0,1,1
2026-04-20T12:34:31.834572,45.52,103.25,0.1008,0.0,0.0,1,1
2026-04-20T12:34:34.955121,132.74,1150.42,1.1235,0.0,0.0,1,1
2026-04-20T12:34:38.219673,67.14,73.94,0.0722,0.0,0.0,1,0
2026-04-20T12:34:41.422865,111.3,179.7,0.1755,0.0,0.0,1,1
2026-04-20T12:34:44.659291,55.09,1598.82,1.5613,0.0,0.0,1,1
2026-04-20T12:34:47.849213,52.46,277.38,0.2709,0.0,0.0,1,1
2026-04-20T12:34:51.102797,36.2,113.94,0.1113,0.0,0.0,1,1
2026-04-20T12:34:55.140828,60.39,108.21,0.1057,0.0,0.0,1,1
2026-04-20T12:34:58.469634,253.38,90.79,0.0887,0.0,0.0,0,0
2026-04-20T12:35:01.851691,121.13,47.98,0.0469,0.0,0.0,1,0
2026-04-20T12:35:05.214529,146.1,208.94,0.204,0.0,0.0,1,1
2026-04-20T12:35:08.401141,45.89,329.02,0.3213,0.0,0.0,1,1
2026-04-20T12:35:11.618960,35.8,346.99,0.3389,0.0,0.0,1,1
2026-04-20T12:35:14.823964,30.71,155.52,0.1519,0.0,0.0,1,1
2026-04-20T12:35:18.039129,20.21,201.74,0.197,0.0,0.0,1,1
2026-04-20T12:35:21.390480,121.44,70.76,0.0691,0.0,0.0,1,0
2026-04-20T12:35:24.665375,82.7,95.55,0.0933,0.0,0.0,1,0
2026-04-20T12:35:29.681507,70.78,172.01,0.168,0.0,0.0,1,1
2026-04-20T12:35:33.372642,59.94,535.94,0.5234,0.0,0.0,1,1
2026-04-20T12:35:36.897691,629.93,23.08,0.0225,0.0,0.0,0,0
2026-04-20T12:35:40.134018,68.73,141.82,0.1385,0.0,0.0,1,1
2026-04-20T12:35:44.285184,178.35,18.41,0.018,0.0,0.0,1,0
2026-04-20T12:35:48.420227,93.92,127.8,0.1248,0.0,0.0,1,1
2026-04-20T12:35:51.654761,75.39,1040.0,1.0156,0.0,0.0,1,1
2026-04-20T12:35:54.826821,9.34,514.35,0.5023,0.0,0.0,1,1
2026-04-20T12:35:58.065789,30.18,130.75,0.1277,0.0,0.0,1,1
2026-04-20T12:36:01.273929,37.0,295.77,0.2888,0.0,0.0,1,1
2026-04-20T12:36:04.510247,54.21,219.32,0.2142,0.0,0.0,1,1
2026-04-20T12:36:07.769805,35.3,122.66,0.1198,0.0,0.0,1,1
2026-04-20T12:36:10.975133,72.31,171.22,0.1672,0.0,0.0,1,1
2026-04-20T12:36:14.269948,46.23,107.63,0.1051,0.0,0.0,1,1
2026-04-20T12:36:17.475140,48.94,189.85,0.1854,0.0,0.0,1,1
2026-04-20T12:36:20.717124,38.41,139.76,0.1365,0.0,0.0,1,1
2026-04-20T12:36:23.965258,41.0,116.43,0.1137,0.0,0.0,1,1
2026-04-20T12:36:27.679592,92.52,71.62,0.0699,0.0,0.0,1,0
2026-04-20T12:36:31.995976,40.91,175.16,0.1711,0.0,0.0,1,1
2026-04-20T12:36:35.293441,136.32,104.25,0.1018,0.0,0.0,1,1
2026-04-20T12:36:38.607670,111.18,1085.62,1.0602,0.0,0.0,1,1
2026-04-20T12:36:41.887693,252.71,87.66,0.0856,0.0,0.0,0,0
2026-04-20T12:36:46.006705,329.17,46.25,0.0452,0.0,0.0,0,0
2026-04-20T12:36:49.176088,78.03,1490.38,1.4554,0.0,0.0,1,1
2026-04-20T12:36:52.367770,52.6,394.58,0.3853,0.0,0.0,1,1
2026-04-20T12:36:55.669016,380.19,489.55,0.4781,0.0,0.0,0,1
2026-04-20T12:36:58.978811,55.85,73.11,0.0714,0.0,0.0,1,0
2026-04-20T12:37:02.211554,77.93,105.59,0.1031,0.0,0.0,1,1
2026-04-20T12:37:05.661398,105.72,64.92,0.0634,0.0,0.0,1,0
2026-04-20T12:37:08.852499,91.88,365.01,0.3565,0.0,0.0,1,1
2026-04-20T12:37:12.036881,157.29,290.56,0.2838,0.0,0.0,1,1
2026-04-20T12:37:15.253735,42.3,314.67,0.3073,0.0,0.0,1,1
2026-04-20T12:37:19.445425,21.03,395.42,0.3862,0.0,75.0,0,1
2026-04-20T12:37:22.832495,63.95,92.98,0.0908,0.0,0.0,1,0
2026-04-20T12:37:26.185816,76.7,60.18,0.0588,0.0,0.0,1,0
2026-04-20T12:37:31.715063,80.49,117.67,0.1149,0.0,0.0,1,1
2026-04-20T12:37:36.136741,173.73,36.64,0.0358,0.0,0.0,1,0
2026-04-20T12:37:39.363798,153.18,393.38,0.3842,0.0,0.0,1,1
2026-04-20T12:37:44.906380,41.57,5.79,0.0057,0.0,25.0,0,0
2026-04-20T12:37:49.035721,285.21,637.18,0.6222,0.0,0.0,0,1
2026-04-20T12:37:54.285278,87.66,7.76,0.0076,0.0,75.0,0,0
2026-04-20T12:37:57.523015,104.21,133.07,0.13,0.0,0.0,1,1
2026-04-20T12:38:00.740226,21.65,403.5,0.394,0.0,0.0,1,1
2026-04-20T12:38:03.898158,18.98,1430.83,1.3973,0.0,0.0,1,1
2026-04-20T12:38:08.843484,9.64,10.28,0.01,0.0,50.0,0,0
2026-04-20T12:38:12.044824,72.23,267.85,0.2616,0.0,0.0,1,1
2026-04-20T12:38:15.506775,105.33,103.75,0.1013,0.0,0.0,1,1
2026-04-20T12:38:18.696260,66.06,552.33,0.5394,0.0,0.0,1,1
2026-04-20T12:38:22.091813,97.22,48.31,0.0472,0.0,0.0,1,0
2026-04-20T12:38:25.419905,96.08,71.03,0.0694,0.0,0.0,1,0
2026-04-20T12:38:28.622935,154.03,288.1,0.2813,0.0,0.0,1,1
2026-04-20T12:38:31.805951,28.91,384.1,0.3751,0.0,0.0,1,1
2026-04-20T12:38:34.971297,38.49,525.47,0.5132,0.0,0.0,1,1
2026-04-20T12:38:38.382001,76.55,53.49,0.0522,0.0,0.0,1,0
2026-04-20T12:38:42.750255,91.34,107.88,0.1053,0.0,0.0,1,1
2026-04-20T12:38:49.085857,140.45,46.7,0.0456,0.0,0.0,1,0
2026-04-20T12:38:52.280675,56.4,253.59,0.2476,0.0,0.0,1,1
2026-04-20T12:38:57.791574,11.7,6.05,0.0059,0.0,25.0,0,0
2026-04-20T12:39:01.061998,55.09,243.22,0.2375,0.0,0.0,1,1
2026-04-20T12:39:04.315961,68.02,147.2,0.1437,0.0,0.0,1,1
2026-04-20T12:39:07.540397,53.17,258.8,0.2527,0.0,0.0,1,1
2026-04-20T12:39:10.745847,44.76,196.28,0.1917,0.0,0.0,1,1
2026-04-20T12:39:14.112952,50.86,43.8,0.0428,0.0,0.0,1,0
2026-04-20T12:39:20.720728,121.71,113.83,0.1112,0.0,0.0,1,1
2026-04-20T12:39:25.698634,81.45,55.29,0.054,0.0,0.0,1,0
2026-04-20T12:39:29.568818,38.64,311.22,0.3039,0.0,0.0,1,1
2026-04-20T12:39:32.721954,14.74,598.59,0.5846,0.0,0.0,1,1
2026-04-20T12:39:35.936411,245.67,239.46,0.2339,0.0,0.0,0,1
2026-04-20T12:39:40.680905,42.02,98.5,0.0962,0.0,0.0,1,0
2026-04-20T12:39:45.370885,71.76,105.56,0.1031,0.0,0.0,1,1
2026-04-20T12:39:51.770007,180.47,113.98,0.1113,0.0,0.0,1,1
2026-04-20T12:39:54.883773,45.4,2061.34,2.013,0.0,0.0,1,1
2026-04-20T12:39:58.031500,73.85,1911.39,1.8666,0.0,0.0,1,1
2026-04-20T12:40:01.253340,65.35,194.59,0.19,0.0,0.0,1,1
2026-04-20T12:40:04.515272,52.06,177.27,0.1731,0.0,0.0,1,1
2026-04-20T12:40:08.068478,125.91,62.49,0.061,0.0,0.0,1,0
2026-04-20T12:40:11.276244,76.82,172.12,0.1681,0.0,0.0,1,1
2026-04-20T12:40:14.429034,39.34,2117.27,2.0676,0.0,0.0,1,1
2026-04-20T12:40:17.688829,52.02,124.08,0.1212,0.0,0.0,1,1
2026-04-20T12:40:20.980271,64.72,115.69,0.113,0.0,0.0,1,1
2026-04-20T12:40:24.132895,153.99,2065.02,2.0166,0.0,0.0,1,1
2026-04-20T12:40:27.396888,52.71,117.88,0.1151,0.0,0.0,1,1
2026-04-20T12:40:30.676090,61.7,128.53,0.1255,0.0,0.0,1,1
2026-04-20T12:40:33.939305,54.18,83.73,0.0818,0.0,0.0,1,0
2026-04-20T12:40:37.815929,92.14,158.31,0.1546,0.0,0.0,1,1
2026-04-20T12:40:41.077464,32.06,61.72,0.0603,0.0,0.0,1,0
2026-04-20T12:40:44.386667,82.98,129.18,0.1262,0.0,0.0,1,1
2026-04-20T12:40:47.713627,85.51,125.9,0.1229,0.0,0.0,1,1
2026-04-20T12:40:50.968242,69.5,201.88,0.1971,0.0,0.0,1,1
2026-04-20T12:40:54.320404,83.45,264.42,0.2582,0.0,0.0,1,1
2026-04-20T12:40:57.807432,112.91,43.8,0.0428,0.0,0.0,1,0
2026-04-20T12:41:01.033222,63.32,190.79,0.1863,0.0,0.0,1,1
2026-04-20T12:41:04.436385,103.63,114.09,0.1114,0.0,0.0,1,1
2026-04-20T12:41:08.747975,101.08,107.84,0.1053,0.0,0.0,1,1
2026-04-20T12:41:12.081870,301.49,77.73,0.0759,0.0,0.0,0,0
2026-04-20T12:41:15.250196,44.08,2173.21,2.1223,0.0,0.0,1,1
2026-04-20T12:41:18.510727,797.88,542.33,0.5296,0.0,0.0,0,1
2026-04-20T12:41:21.747231,21.79,120.55,0.1177,0.0,0.0,1,1
2026-04-20T12:41:25.445420,197.36,662.37,0.6468,0.0,0.0,1,1
2026-04-20T12:41:30.659786,152.48,7.71,0.0075,0.0,25.0,0,0
2026-04-20T12:41:33.855864,775.74,581.0,0.5674,0.0,0.0,0,1
2026-04-20T12:41:37.054907,206.16,369.69,0.361,0.0,0.0,0,1
2026-04-20T12:41:40.320973,41.95,787.07,0.7686,0.0,0.0,1,1
2026-04-20T12:41:45.092924,15.51,12.86,0.0126,0.0,25.0,0,0
2026-04-20T12:41:48.449645,53.58,55.44,0.0541,0.0,0.0,1,0
2026-04-20T12:41:51.624434,47.19,324.99,0.3174,0.0,0.0,1,1
2026-04-20T12:41:54.882487,63.7,126.29,0.1233,0.0,0.0,1,1
2026-04-20T12:41:58.478256,157.05,30.71,0.03,0.0,0.0,1,0
2026-04-20T12:42:02.675241,68.88,160.94,0.1572,0.0,25.0,0,1
2026-04-20T12:42:05.999159,46.83,81.13,0.0792,0.0,0.0,1,0
2026-04-20T12:42:09.366652,90.44,65.38,0.0638,0.0,0.0,1,0
2026-04-20T12:42:12.637294,69.94,124.94,0.122,0.0,0.0,1,1
2026-04-20T12:42:15.905873,101.1,263.98,0.2578,0.0,0.0,1,1
2026-04-20T12:42:19.131779,40.57,135.46,0.1323,0.0,0.0,1,1
2026-04-20T12:42:22.372255,71.97,128.72,0.1257,0.0,0.0,1,1
2026-04-20T12:42:25.581323,44.35,222.5,0.2173,0.0,0.0,1,1
2026-04-20T12:42:29.092947,115.66,66.6,0.065,0.0,0.0,1,0
2026-04-20T12:42:32.332147,114.9,84.45,0.0825,0.0,0.0,1,0
2026-04-20T12:42:35.436759,45.2,1801.0,1.7588,0.0,0.0,1,1
2026-04-20T12:42:38.647715,71.51,232.76,0.2273,0.0,0.0,1,1
2026-04-20T12:42:41.972898,46.33,89.49,0.0874,0.0,0.0,1,0
2026-04-20T12:42:45.179712,64.36,1518.64,1.4831,0.0,0.0,1,1
2026-04-20T12:42:48.467301,35.55,84.4,0.0824,0.0,0.0,1,0
2026-04-20T12:42:51.806681,82.34,93.94,0.0917,0.0,0.0,1,0
2026-04-20T12:42:55.164072,123.26,78.3,0.0765,0.0,0.0,1,0
2026-04-20T12:42:58.338148,60.1,463.02,0.4522,0.0,0.0,1,1
2026-04-20T12:43:01.603141,68.75,1838.6,1.7955,0.0,0.0,1,1
2026-04-20T12:43:04.874693,39.75,112.59,0.11,0.0,0.0,1,1
2026-04-20T12:43:08.144340,128.85,1691.93,1.6523,0.0,0.0,1,1
2026-04-20T12:43:11.410682,38.91,100.14,0.0978,0.0,0.0,1,1
2026-04-20T12:43:14.690174,223.92,132.13,0.129,0.0,0.0,0,1
2026-04-20T12:43:17.933464,32.99,140.28,0.137,0.0,0.0,1,1
2026-04-20T12:43:21.651258,74.78,178.7,0.1745,0.0,0.0,1,1
2026-04-20T12:43:24.962860,71.6,226.96,0.2216,0.0,0.0,1,1
2026-04-20T12:43:28.947213,45.36,138.14,0.1349,0.0,0.0,1,1
2026-04-20T12:43:32.766442,94.74,31.87,0.0311,0.0,0.0,1,0
2026-04-20T12:43:37.582597,71.71,103.18,0.1008,0.0,0.0,1,1
2026-04-20T12:43:41.505437,58.42,133.54,0.1304,0.0,0.0,1,1
2026-04-20T12:43:45.387425,57.56,149.54,0.146,0.0,0.0,1,1
2026-04-20T12:43:48.602586,80.14,189.46,0.185,0.0,0.0,1,1
2026-04-20T12:43:51.800436,96.87,135.67,0.1325,0.0,0.0,1,1
2026-04-20T12:43:55.170551,62.71,83.09,0.0811,0.0,0.0,1,0
2026-04-20T12:43:58.444194,108.82,177.35,0.1732,0.0,0.0,1,1
2026-04-20T12:44:01.707974,60.01,167.75,0.1638,0.0,0.0,1,1
2026-04-20T12:44:05.207709,95.38,39.82,0.0389,0.0,0.0,1,0
2026-04-20T12:44:08.345426,40.19,1216.8,1.1883,0.0,0.0,1,1
2026-04-20T12:44:11.625649,68.86,84.41,0.0824,0.0,0.0,1,0
2026-04-20T12:44:14.939009,63.28,95.42,0.0932,0.0,0.0,1,0
2026-04-20T12:44:18.173142,26.19,138.15,0.1349,0.0,0.0,1,1
2026-04-20T12:44:22.422632,53.63,147.63,0.1442,0.0,0.0,1,1
2026-04-20T12:44:25.608683,48.9,239.43,0.2338,0.0,0.0,1,1
2026-04-20T12:44:30.584805,100.11,111.07,0.1085,0.0,0.0,1,1
2026-04-20T12:44:33.779932,74.27,249.12,0.2433,0.0,0.0,1,1
2026-04-20T12:44:37.055574,112.26,141.25,0.1379,0.0,0.0,1,1
2026-04-20T12:44:40.503271,72.67,40.31,0.0394,0.0,0.0,1,0
2026-04-20T12:44:44.735241,26.08,99.02,0.0967,0.0,25.0,0,0
2026-04-20T12:44:49.923237,14.55,7.8,0.0076,0.0,50.0,0,0
2026-04-20T12:44:53.099570,50.95,373.25,0.3645,0.0,0.0,1,1
2026-04-20T12:44:56.343467,43.69,207.96,0.2031,0.0,0.0,1,1
2026-04-20T12:44:59.700527,69.79,62.5,0.061,0.0,0.0,1,0
2026-04-20T12:45:02.953549,60.74,96.93,0.0947,0.0,0.0,1,0
2026-04-20T12:45:06.132111,68.51,459.89,0.4491,0.0,0.0,1,1
2026-04-20T12:45:09.652337,183.67,44.33,0.0433,0.0,0.0,1,0
2026-04-20T12:45:13.729528,138.88,79.22,0.0774,0.0,0.0,1,0
2026-04-20T12:45:16.844502,137.28,1643.54,1.605,0.0,0.0,1,1
2026-04-20T12:45:19.993342,20.65,461.29,0.4505,0.0,0.0,1,1
2026-04-20T12:45:23.356079,55.8,63.06,0.0616,0.0,0.0,1,0
2026-04-20T12:45:26.600094,64.96,2190.67,2.1393,0.0,0.0,1,1
2026-04-20T12:45:29.885610,72.08,80.95,0.0791,0.0,0.0,1,0
2026-04-20T12:45:33.154119,67.95,179.25,0.175,0.0,0.0,1,1
2026-04-20T12:45:37.526055,84.62,173.97,0.1699,0.0,0.0,1,1
2026-04-20T12:45:44.123465,91.61,102.09,0.0997,0.0,0.0,1,1
2026-04-20T12:45:48.293261,194.35,81.49,0.0796,0.0,0.0,1,0
2026-04-20T12:45:51.489435,54.08,2166.34,2.1156,0.0,0.0,1,1
2026-04-20T12:45:54.651391,37.1,564.53,0.5513,0.0,0.0,1,1
2026-04-20T12:45:58.801549,72.61,426.27,0.4163,0.0,25.0,0,1
2026-04-20T12:46:02.153203,115.14,136.27,0.1331,0.0,0.0,1,1
2026-04-20T12:46:05.476731,76.19,61.28,0.0598,0.0,0.0,1,0
2026-04-20T12:46:11.304747,201.26,13.1,0.0128,0.0,0.0,0,0
2026-04-20T12:46:15.498840,86.27,7.54,0.0074,0.0,0.0,1,0
2026-04-20T12:46:18.737396,43.34,546.28,0.5335,0.0,0.0,1,1
2026-04-20T12:46:21.948081,32.93,460.55,0.4498,0.0,0.0,1,1
2026-04-20T12:46:25.330519,98.35,118.18,0.1154,0.0,0.0,1,1
2026-04-20T12:46:28.492111,64.81,517.29,0.5052,0.0,0.0,1,1
2026-04-20T12:46:32.684688,56.91,7.53,0.0074,0.0,0.0,1,0
2026-04-20T12:46:39.835854,30.58,0.0,0.0,0.0,50.0,0,0
2026-04-20T12:46:43.393382,110.55,41.8,0.0408,0.0,0.0,1,0
2026-04-20T12:46:46.659273,90.43,105.79,0.1033,0.0,0.0,1,1
2026-04-20T12:46:49.795990,28.51,1330.47,1.2993,0.0,0.0,1,1
2026-04-20T12:46:52.968936,19.51,317.8,0.3104,0.0,0.0,1,1
2026-04-20T12:46:56.294315,44.85,72.77,0.0711,0.0,0.0,1,0
2026-04-20T12:47:00.594471,53.93,134.82,0.1317,0.0,0.0,1,1
2026-04-20T12:47:03.834644,75.13,900.57,0.8795,0.0,0.0,1,1
2026-04-20T12:47:07.111708,60.6,91.08,0.0889,0.0,0.0,1,0
2026-04-20T12:47:10.260843,32.9,187.39,0.183,0.0,0.0,1,1
2026-04-20T12:47:13.552825,77.21,159.74,0.156,0.0,0.0,1,1
2026-04-20T12:47:16.815532,126.26,138.02,0.1348,0.0,0.0,1,1
2026-04-20T12:47:21.113035,66.44,87.91,0.0858,0.0,0.0,1,0
2026-04-20T12:47:24.246211,91.88,1874.86,1.8309,0.0,0.0,1,1
2026-04-20T12:47:27.547094,71.47,114.21,0.1115,0.0,0.0,1,1
2026-04-20T12:47:30.805262,56.62,97.37,0.0951,0.0,0.0,1,0
2026-04-20T12:47:33.958934,64.31,2219.65,2.1676,0.0,0.0,1,1
2026-04-20T12:47:37.201733,56.96,183.62,0.1793,0.0,0.0,1,1
2026-04-20T12:47:40.633375,107.45,37.61,0.0367,0.0,0.0,1,0
2026-04-20T12:47:45.874910,88.75,36.85,0.036,0.0,0.0,1,0
2026-04-20T12:47:49.009977,141.86,1435.42,1.4018,0.0,0.0,1,1
2026-04-20T12:47:52.155758,36.45,552.78,0.5398,0.0,0.0,1,1
2026-04-20T12:47:55.395436,27.58,546.89,0.5341,0.0,0.0,1,1
2026-04-20T12:47:58.678615,54.53,103.0,0.1006,0.0,0.0,1,1
2026-04-20T12:48:02.029695,51.64,66.25,0.0647,0.0,0.0,1,0
2026-04-20T12:48:05.220666,38.35,179.56,0.1753,0.0,0.0,1,1
2026-04-20T12:48:11.070192,63.79,93.72,0.0915,0.0,0.0,1,0
2026-04-20T12:48:14.286882,126.05,2467.06,2.4092,0.0,0.0,1,1
2026-04-20T12:48:18.010002,118.54,20.59,0.0201,0.0,0.0,1,0
2026-04-20T12:48:21.495845,155.2,34.75,0.0339,0.0,0.0,1,0
2026-04-20T12:48:25.312087,59.66,220.54,0.2154,0.0,0.0,1,1
2026-04-20T12:48:28.484213,49.32,513.69,0.5017,0.0,0.0,1,1
2026-04-20T12:48:31.763248,70.83,480.02,0.4688,0.0,0.0,1,1
2026-04-20T12:48:35.062650,41.49,99.65,0.0973,0.0,0.0,1,0
2026-04-20T12:48:38.383869,74.33,108.41,0.1059,0.0,0.0,1,1
2026-04-20T12:48:41.679379,80.06,71.14,0.0695,0.0,0.0,1,0
2026-04-20T12:48:45.812828,47.98,70.34,0.0687,0.0,0.0,1,0
2026-04-20T12:48:49.071207,72.74,666.19,0.6506,0.0,0.0,1,1
2026-04-20T12:48:52.607718,520.12,152.59,0.149,0.0,0.0,0,1
2026-04-20T12:48:55.869750,63.35,109.68,0.1071,0.0,0.0,1,1
2026-04-20T12:48:59.178867,48.91,84.07,0.0821,0.0,0.0,1,0
2026-04-20T12:49:02.373173,31.62,180.76,0.1765,0.0,0.0,1,1
2026-04-20T12:49:06.182408,76.99,62.33,0.0609,0.0,0.0,1,0
2026-04-20T12:49:09.412653,56.85,128.42,0.1254,0.0,0.0,1,1
2026-04-20T12:49:13.427053,86.79,247.34,0.2415,0.0,0.0,1,1
2026-04-20T12:49:16.649155,46.96,140.14,0.1369,0.0,0.0,1,1
2026-04-20T12:49:22.362439,127.91,18.04,0.0176,0.0,0.0,1,0
2026-04-20T12:49:25.738069,199.49,60.33,0.0589,0.0,0.0,1,0
2026-04-20T12:49:28.906911,25.78,453.54,0.4429,0.0,0.0,1,1
2026-04-20T12:49:32.216322,65.61,245.03,0.2393,0.0,0.0,1,1
2026-04-20T12:49:35.515579,242.9,146.99,0.1435,0.0,0.0,0,1
2026-04-20T12:49:40.310277,49.01,11.87,0.0116,0.0,25.0,0,0
2026-04-20T12:49:43.646116,71.8,73.45,0.0717,0.0,0.0,1,0
2026-04-20T12:49:46.888707,93.57,210.43,0.2055,0.0,0.0,1,1
2026-04-20T12:49:52.074878,43.41,145.03,0.1416,0.0,0.0,1,1
2026-04-20T12:49:55.320149,138.06,1939.0,1.8936,0.0,0.0,1,1
2026-04-20T12:49:58.590993,52.64,69.06,0.0674,0.0,0.0,1,0
2026-04-20T12:50:02.643148,130.53,49.22,0.0481,0.0,0.0,1,0
2026-04-20T12:50:05.842890,100.22,2630.69,2.569,0.0,0.0,1,1
2026-04-20T12:50:09.095244,32.61,85.31,0.0833,0.0,0.0,1,0
2026-04-20T12:50:12.312727,98.64,182.14,0.1779,0.0,0.0,1,1
2026-04-20T12:50:15.506764,67.65,164.6,0.1607,0.0,0.0,1,1
2026-04-20T12:50:21.316462,52.47,87.06,0.085,0.0,0.0,1,0
2026-04-20T12:50:24.714890,71.57,167.17,0.1633,0.0,0.0,1,1
2026-04-20T12:50:28.044546,188.7,246.21,0.2404,0.0,0.0,1,1
2026-04-20T12:50:31.240441,50.76,2093.49,2.0444,0.0,0.0,1,1
2026-04-20T12:50:34.486541,61.19,145.43,0.142,0.0,0.0,1,1
2026-04-20T12:50:37.708977,55.82,221.6,0.2164,0.0,0.0,1,1
2026-04-20T12:50:40.972601,58.29,79.66,0.0778,0.0,0.0,1,0
2026-04-20T12:50:46.104810,99.68,68.86,0.0672,0.0,0.0,1,0
2026-04-20T12:50:49.329846,56.89,104.2,0.1018,0.0,0.0,1,1
2026-04-20T12:50:54.850738,129.01,75.97,0.0742,0.0,0.0,1,0
2026-04-20T12:50:59.837761,141.85,88.23,0.0862,0.0,0.0,1,0
2026-04-20T12:51:04.427633,61.41,1646.28,1.6077,0.0,0.0,1,1
2026-04-20T12:51:08.746207,48.94,44.21,0.0432,0.0,25.0,0,0
2026-04-20T12:51:12.094756,61.13,167.95,0.164,0.0,0.0,1,1
2026-04-20T12:51:15.459130,105.88,97.52,0.0952,0.0,0.0,1,0
2026-04-20T12:51:19.786082,77.87,87.38,0.0853,0.0,0.0,1,0
2026-04-20T12:51:23.518188,35.27,324.41,0.3168,0.0,0.0,1,1
2026-04-20T12:51:26.671773,17.29,2020.26,1.9729,0.0,0.0,1,1
2026-04-20T12:51:30.021902,167.93,76.12,0.0743,0.0,0.0,1,0
2026-04-20T12:51:33.195756,72.21,719.62,0.7028,0.0,0.0,1,1
2026-04-20T12:51:36.424832,56.19,174.08,0.17,0.0,0.0,1,1
2026-04-20T12:51:39.853944,92.15,42.39,0.0414,0.0,0.0,1,0
2026-04-20T12:51:43.075391,97.43,190.48,0.186,0.0,0.0,1,1
2026-04-20T12:51:48.046586,65.2,122.0,0.1191,0.0,0.0,1,1
2026-04-20T12:51:52.568214,58.37,489.95,0.4785,0.0,0.0,1,1
2026-04-20T12:51:55.931862,67.54,205.0,0.2002,0.0,0.0,1,1
2026-04-20T12:52:00.289330,105.41,25.38,0.0248,0.0,0.0,1,0
2026-04-20T12:52:05.039429,30.51,118.39,0.1156,0.0,0.0,1,1
2026-04-20T12:52:09.119732,77.8,97.93,0.0956,0.0,0.0,1,0
2026-04-20T12:52:13.307583,57.87,71.54,0.0699,0.0,0.0,1,0
2026-04-20T12:52:16.822265,56.76,117.26,0.1145,0.0,0.0,1,1
2026-04-20T12:52:20.077380,72.64,150.91,0.1474,0.0,0.0,1,1
2026-04-20T12:52:24.992771,48.09,120.97,0.1181,0.0,0.0,1,1
2026-04-20T12:52:28.204138,43.35,137.05,0.1338,0.0,0.0,1,1
2026-04-20T12:52:33.466559,114.4,121.83,0.119,0.0,0.0,1,1
2026-04-20T12:52:38.213431,69.17,139.19,0.1359,0.0,0.0,1,1
2026-04-20T12:52:42.416271,108.67,41.18,0.0402,0.0,0.0,1,0
2026-04-20T12:52:45.627689,60.08,175.49,0.1714,0.0,0.0,1,1
2026-04-20T12:52:51.247466,123.63,115.2,0.1125,0.0,0.0,1,1
2026-04-20T12:52:56.329862,57.15,48.91,0.0478,0.0,0.0,1,0
2026-04-20T12:52:59.918179,171.55,25.34,0.0247,0.0,0.0,1,0
2026-04-20T12:53:03.500837,391.05,49.69,0.0485,0.0,0.0,0,0
2026-04-20T12:53:06.662885,161.93,666.6,0.651,0.0,0.0,1,1
2026-04-20T12:53:09.857025,27.29,572.02,0.5586,0.0,0.0,1,1
2026-04-20T12:53:14.167767,0.0,92.77,0.0906,0.0,100.0,0,0
2026-04-20T12:53:17.538621,72.46,277.96,0.2714,0.0,0.0,1,1
2026-04-20T12:53:20.685546,60.0,2330.17,2.2756,0.0,0.0,1,1
2026-04-20T12:53:24.133502,106.69,65.59,0.064,0.0,0.0,1,0
2026-04-20T12:53:29.242949,54.76,145.07,0.1417,0.0,0.0,1,1
2026-04-20T12:53:32.387555,45.12,2061.21,2.0129,0.0,0.0,1,1
2026-04-20T12:53:35.892157,175.0,24.01,0.0234,0.0,0.0,1,0
2026-04-20T12:53:39.159660,122.75,118.8,0.116,0.0,0.0,1,1
2026-04-20T12:53:42.563058,67.3,65.55,0.064,0.0,0.0,1,0
2026-04-20T12:53:45.710407,200.05,637.92,0.623,0.0,0.0,0,1
2026-04-20T12:53:49.528580,194.19,451.68,0.4411,0.0,0.0,1,1
2026-04-20T12:53:52.806611,55.1,385.66,0.3766,0.0,0.0,1,1
2026-04-20T12:53:56.090977,56.42,204.63,0.1998,0.0,0.0,1,1
2026-04-20T12:53:59.346946,174.26,209.47,0.2046,0.0,0.0,1,1
2026-04-20T12:54:02.511523,45.75,582.65,0.569,0.0,0.0,1,1
2026-04-20T12:54:05.735648,61.77,147.45,0.144,0.0,0.0,1,1
2026-04-20T12:54:09.064216,127.1,51.15,0.0499,0.0,0.0,1,0
2026-04-20T12:54:13.968828,58.01,61.43,0.06,0.0,0.0,1,0
2026-04-20T12:54:17.218485,124.75,129.06,0.126,0.0,0.0,1,1
2026-04-20T12:54:20.418821,90.21,186.12,0.1818,0.0,0.0,1,1
2026-04-20T12:54:23.651973,83.07,144.76,0.1414,0.0,0.0,1,1
2026-04-20T12:54:26.870090,41.95,458.09,0.4474,0.0,0.0,1,1
2026-04-20T12:54:31.106124,15.03,244.52,0.2388,0.0,75.0,0,1
2026-04-20T12:54:41.765281,114.3,101.39,0.099,0.0,0.0,1,1
2026-04-20T12:54:46.895276,67.8,142.01,0.1387,0.0,0.0,1,1
2026-04-20T12:54:50.187471,64.55,157.18,0.1535,0.0,0.0,1,1
2026-04-20T12:54:54.830690,103.86,68.1,0.0665,0.0,0.0,1,0
2026-04-20T12:54:58.172432,171.39,50.59,0.0494,0.0,0.0,1,0
2026-04-20T12:55:01.545293,114.09,56.88,0.0555,0.0,0.0,1,0
2026-04-20T12:55:04.782662,61.93,274.98,0.2685,0.0,0.0,1,1
2026-04-20T12:55:07.956711,26.29,541.65,0.529,0.0,0.0,1,1
2026-04-20T12:55:11.154546,78.92,202.64,0.1979,0.0,0.0,1,1
2026-04-20T12:55:14.272282,21.45,1648.79,1.6101,0.0,0.0,1,1
2026-04-20T12:55:17.469066,54.98,282.83,0.2762,0.0,0.0,1,1
2026-04-20T12:55:21.076554,76.57,26.94,0.0263,0.0,0.0,1,0
2026-04-20T12:55:24.385554,68.18,76.77,0.075,0.0,0.0,1,0
2026-04-20T12:55:27.784745,53.69,43.38,0.0424,0.0,0.0,1,0
2026-04-20T12:55:30.931703,108.08,1527.7,1.4919,0.0,0.0,1,1
2026-04-20T12:55:34.173621,76.49,83.8,0.0818,0.0,0.0,1,0
2026-04-20T12:55:39.287571,69.41,185.4,0.1811,0.0,0.0,1,1
2026-04-20T12:55:42.824116,90.21,40.86,0.0399,0.0,0.0,1,0
2026-04-20T12:55:46.054670,167.02,88.68,0.0866,0.0,0.0,1,0
2026-04-20T12:55:49.232672,80.0,227.38,0.222,0.0,0.0,1,1
2026-04-20T12:55:54.274129,4.26,9.65,0.0094,0.0,50.0,0,0
2026-04-20T12:55:57.484522,33.54,176.64,0.1725,0.0,0.0,1,1
2026-04-20T12:56:00.759535,34.59,63.51,0.062,0.0,0.0,1,0
2026-04-20T12:56:03.877731,28.22,2170.54,2.1197,0.0,0.0,1,1
2026-04-20T12:56:07.340261,168.26,59.03,0.0577,0.0,0.0,1,0
2026-04-20T12:56:13.352309,63.78,31.19,0.0305,0.0,0.0,1,0
2026-04-20T12:56:18.623960,55.6,243.09,0.2374,0.0,0.0,1,1
2026-04-20T12:56:23.622698,62.52,93.36,0.0912,0.0,0.0,1,0
2026-04-20T12:56:26.868320,114.81,107.61,0.1051,0.0,0.0,1,1
2026-04-20T12:56:30.106291,51.91,108.12,0.1056,0.0,0.0,1,1
2026-04-20T12:56:33.338638,76.02,491.29,0.4798,0.0,0.0,1,1
2026-04-20T12:56:36.539614,70.93,270.24,0.2639,0.0,0.0,1,1
2026-04-20T12:56:39.724079,49.21,275.67,0.2692,0.0,0.0,1,1
2026-04-20T12:56:42.907179,48.74,203.89,0.1991,0.0,0.0,1,1
2026-04-20T12:56:46.156732,59.45,230.02,0.2246,0.0,0.0,1,1
2026-04-20T12:56:49.396793,46.66,124.35,0.1214,0.0,0.0,1,1
2026-04-20T12:56:52.657681,64.53,128.93,0.1259,0.0,0.0,1,1
2026-04-20T12:56:55.894821,96.54,255.75,0.2498,0.0,0.0,1,1
2026-04-20T12:56:59.081759,43.8,177.4,0.1732,0.0,0.0,1,1
2026-04-20T12:57:02.406783,86.22,73.64,0.0719,0.0,0.0,1,0
2026-04-20T12:57:05.631811,78.66,240.58,0.2349,0.0,0.0,1,1
2026-04-20T12:57:08.833073,65.33,192.14,0.1876,0.0,0.0,1,1
2026-04-20T12:57:12.047721,42.11,117.6,0.1148,0.0,0.0,1,1
2026-04-20T12:57:16.508803,103.96,64.43,0.0629,0.0,0.0,1,0
2026-04-20T12:57:21.951537,44.34,102.05,0.0997,0.0,0.0,1,1
2026-04-20T12:57:25.281835,224.98,84.12,0.0821,0.0,0.0,0,0
2026-04-20T12:57:28.464743,55.3,2343.02,2.2881,0.0,0.0,1,1
2026-04-20T12:57:31.750503,48.92,78.64,0.0768,0.0,0.0,1,0
2026-04-20T12:57:35.511604,107.45,21.0,0.0205,0.0,0.0,1,0
2026-04-20T12:57:43.538999,42.75,163.28,0.1595,0.0,0.0,1,1
2026-04-20T12:57:47.662432,40.64,149.08,0.1456,0.0,0.0,1,1
2026-04-20T12:57:50.958702,110.54,80.93,0.079,0.0,0.0,1,0
2026-04-20T12:57:55.145355,70.52,200.36,0.1957,0.0,0.0,1,1
2026-04-20T12:57:58.643607,148.99,44.63,0.0436,0.0,0.0,1,0
2026-04-20T12:58:01.829664,43.84,341.19,0.3332,0.0,0.0,1,1
2026-04-20T12:58:06.361636,77.53,141.75,0.1384,0.0,0.0,1,1
2026-04-20T12:58:10.527403,141.09,281.91,0.2753,0.0,25.0,0,1
2026-04-20T12:58:13.767962,58.98,162.68,0.1589,0.0,0.0,1,1
2026-04-20T12:58:17.171154,115.62,576.41,0.5629,0.0,0.0,1,1
2026-04-20T12:58:20.344020,15.18,519.64,0.5075,0.0,0.0,1,1
2026-04-20T12:58:23.590476,821.17,610.04,0.5957,0.0,0.0,0,1
2026-04-20T12:58:27.225519,139.19,1818.37,1.7758,0.0,0.0,1,1
2026-04-20T12:58:30.556996,44.91,283.7,0.277,0.0,0.0,1,1
2026-04-20T12:58:33.761422,34.35,353.0,0.3447,0.0,0.0,1,1
2026-04-20T12:58:38.839912,28.98,8.51,0.0083,0.0,25.0,0,0
2026-04-20T12:58:42.051839,52.35,235.31,0.2298,0.0,0.0,1,1
2026-04-20T12:58:45.303864,66.44,120.86,0.118,0.0,0.0,1,1
2026-04-20T12:58:48.521554,41.72,131.17,0.1281,0.0,0.0,1,1
2026-04-20T12:58:52.004119,88.34,54.3,0.053,0.0,0.0,1,0
2026-04-20T12:58:55.284161,138.48,129.87,0.1268,0.0,0.0,1,1
2026-04-20T12:58:58.509345,72.69,113.38,0.1107,0.0,0.0,1,1
2026-04-20T12:59:05.692834,52.79,3.02,0.0029,0.0,50.0,0,0
2026-04-20T12:59:11.619753,86.24,89.59,0.0875,0.0,0.0,1,0
2026-04-20T12:59:14.857766,83.2,196.79,0.1922,0.0,0.0,1,1
2026-04-20T12:59:18.112636,36.64,98.95,0.0966,0.0,0.0,1,0
2026-04-20T12:59:21.513977,89.74,37.16,0.0363,0.0,0.0,1,0
2026-04-20T12:59:28.715029,69.95,188.95,0.1845,0.0,0.0,1,1
2026-04-20T12:59:31.925736,44.68,404.13,0.3947,0.0,0.0,1,1
2026-04-20T12:59:35.194120,81.99,177.48,0.1733,0.0,0.0,1,1
2026-04-20T12:59:38.524709,94.01,70.97,0.0693,0.0,0.0,1,0
2026-04-20T12:59:41.742285,53.66,82.28,0.0804,0.0,0.0,1,0
2026-04-20T12:59:45.042682,39.87,566.16,0.5529,0.0,0.0,1,1
2026-04-20T12:59:49.501679,17.07,25.27,0.0247,0.0,50.0,0,0
2026-04-20T12:59:55.315418,119.66,327.78,0.3201,0.0,0.0,1,1
2026-04-20T13:00:01.011563,59.96,240.88,0.2352,0.0,0.0,1,1
2026-04-20T13:00:05.499236,78.69,76.08,0.0743,0.0,0.0,1,0
2026-04-20T13:00:08.744348,63.24,116.27,0.1135,0.0,0.0,1,1
2026-04-20T13:00:13.425776,91.12,112.62,0.11,0.0,0.0,1,1
2026-04-20T13:00:20.843755,38.91,111.95,0.1093,0.0,0.0,1,1
2026-04-20T13:00:24.027390,95.2,217.56,0.2125,0.0,0.0,1,1
2026-04-20T13:00:29.076018,77.14,4.48,0.0044,0.0,0.0,1,0
2026-04-20T13:00:34.214349,29.59,7.72,0.0075,0.0,25.0,0,0
2026-04-20T13:00:37.417086,1390.23,365.64,0.3571,0.0,0.0,0,1
2026-04-20T13:00:40.575724,47.6,1406.07,1.3731,0.0,0.0,1,1
2026-04-20T13:00:43.750845,12.02,483.07,0.4717,0.0,0.0,1,1
2026-04-20T13:00:46.944594,120.8,272.1,0.2657,0.0,0.0,1,1
2026-04-20T13:00:52.701954,98.48,258.33,0.2523,0.0,0.0,1,1
2026-04-20T13:00:55.829872,48.34,438.52,0.4282,0.0,0.0,1,1
2026-04-20T13:00:59.139158,114.07,364.42,0.3559,0.0,0.0,1,1
2026-04-20T13:01:04.794168,221.16,5.41,0.0053,0.0,25.0,0,0
2026-04-20T13:01:08.819374,1420.86,836.44,0.8168,0.0,0.0,0,1
2026-04-20T13:01:13.805020,34.74,9.52,0.0093,0.0,50.0,0,0
2026-04-20T13:01:16.995183,13.57,564.73,0.5515,0.0,0.0,1,1
2026-04-20T13:01:20.690816,159.22,65.73,0.0642,0.0,0.0,1,0
2026-04-20T13:01:25.004497,56.0,224.77,0.2195,0.0,0.0,1,1
2026-04-20T13:01:28.302271,69.54,110.08,0.1075,0.0,0.0,1,1
2026-04-20T13:01:31.624267,87.15,71.03,0.0694,0.0,0.0,1,0
2026-04-20T13:01:34.845650,160.73,236.18,0.2306,0.0,0.0,1,1
2026-04-20T13:01:37.979907,26.43,2449.05,2.3917,0.0,0.0,1,1
2026-04-20T13:01:41.133351,20.37,571.2,0.5578,0.0,0.0,1,1
2026-04-20T13:01:44.636660,84.72,50.07,0.0489,0.0,0.0,1,0
2026-04-20T13:01:48.954823,254.22,63.15,0.0617,0.0,25.0,0,0
2026-04-20T13:01:52.091934,88.59,626.88,0.6122,0.0,0.0,1,1
2026-04-20T13:01:55.236967,18.46,328.41,0.3207,0.0,0.0,1,1
2026-04-20T13:01:58.464253,54.95,187.07,0.1827,0.0,0.0,1,1
2026-04-20T13:02:03.246404,83.67,99.31,0.097,0.0,0.0,1,0
2026-04-20T13:02:06.480219,80.02,696.37,0.68,0.0,0.0,1,1
2026-04-20T13:02:09.731079,48.2,145.58,0.1422,0.0,0.0,1,1
2026-04-20T13:02:13.001601,62.84,78.75,0.0769,0.0,0.0,1,0
2026-04-20T13:02:16.229730,51.17,131.42,0.1283,0.0,0.0,1,1
2026-04-20T13:02:19.512477,67.42,98.98,0.0967,0.0,0.0,1,0
2026-04-20T13:02:22.709512,55.86,1898.09,1.8536,0.0,0.0,1,1
2026-04-20T13:02:25.965600,58.69,126.22,0.1233,0.0,0.0,1,1
2026-04-20T13:02:29.276063,55.64,73.59,0.0719,0.0,0.0,1,0
2026-04-20T13:02:32.466101,37.63,172.14,0.1681,0.0,0.0,1,1
2026-04-20T13:02:35.696893,161.27,134.26,0.1311,0.0,0.0,1,1
2026-04-20T13:02:39.084027,82.32,42.76,0.0418,0.0,0.0,1,0
2026-04-20T13:02:42.274638,68.34,1750.36,1.7093,0.0,0.0,1,1
2026-04-20T13:02:45.491953,36.98,311.79,0.3045,0.0,0.0,1,1
2026-04-20T13:02:49.750241,61.17,66.06,0.0645,0.0,25.0,0,0
2026-04-20T13:02:55.187091,61.42,114.14,0.1115,0.0,0.0,1,1
2026-04-20T13:02:58.470291,55.76,163.29,0.1595,0.0,0.0,1,1
2026-04-20T13:03:01.713139,50.83,118.61,0.1158,0.0,0.0,1,1
2026-04-20T13:03:05.040483,92.23,278.26,0.2717,0.0,0.0,1,1
2026-04-20T13:03:08.267916,148.74,170.18,0.1662,0.0,0.0,1,1
2026-04-20T13:03:12.134469,43.24,2083.48,2.0346,0.0,0.0,1,1
2026-04-20T13:03:15.288835,22.06,520.31,0.5081,0.0,0.0,1,1
2026-04-20T13:03:18.611472,34.21,60.15,0.0587,0.0,0.0,1,0
2026-04-20T13:03:23.650390,56.57,69.18,0.0676,0.0,0.0,1,0
2026-04-20T13:03:26.871282,67.09,202.07,0.1973,0.0,0.0,1,1
2026-04-20T13:03:30.087604,52.61,1690.91,1.6513,0.0,0.0,1,1
2026-04-20T13:03:33.226787,41.4,1662.18,1.6232,0.0,0.0,1,1
2026-04-20T13:03:36.620779,89.13,60.7,0.0593,0.0,0.0,1,0
2026-04-20T13:03:41.288015,65.75,236.9,0.2314,0.0,0.0,1,1
2026-04-20T13:03:44.578877,77.77,80.47,0.0786,0.0,0.0,1,0
2026-04-20T13:03:51.246473,114.74,103.33,0.1009,0.0,0.0,1,1
2026-04-20T13:03:54.484313,52.62,573.84,0.5604,0.0,0.0,1,1
2026-04-20T13:03:57.770482,339.58,489.06,0.4776,0.0,0.0,0,1
2026-04-20T13:04:00.925272,45.0,578.5,0.5649,0.0,0.0,1,1
2026-04-20T13:04:06.044800,45.04,8.76,0.0086,0.0,75.0,0,0
2026-04-20T13:04:10.014499,216.45,32.1,0.0314,0.0,0.0,0,0
2026-04-20T13:04:13.272555,64.89,104.92,0.1025,0.0,0.0,1,1
2026-04-20T13:04:18.937166,98.37,90.12,0.088,0.0,0.0,1,0
2026-04-20T13:04:22.075404,57.85,1705.87,1.6659,0.0,0.0,1,1
2026-04-20T13:04:25.400787,69.96,100.67,0.0983,0.0,0.0,1,1
2026-04-20T13:04:28.644691,52.63,132.76,0.1296,0.0,0.0,1,1
2026-04-20T13:04:31.785587,35.15,874.84,0.8543,0.0,0.0,1,1
2026-04-20T13:04:35.397782,205.51,108.64,0.1061,0.0,0.0,0,1
2026-04-20T13:04:45.229784,77.27,140.03,0.1367,0.0,0.0,1,1
2026-04-20T13:04:48.430912,83.42,1773.87,1.7323,0.0,0.0,1,1
2026-04-20T13:04:51.617206,21.57,542.99,0.5303,0.0,0.0,1,1
2026-04-20T13:04:54.830059,42.7,195.98,0.1914,0.0,0.0,1,1
2026-04-20T13:04:58.075505,63.76,85.58,0.0836,0.0,0.0,1,0
2026-04-20T13:05:01.223706,34.24,391.96,0.3828,0.0,0.0,1,1
2026-04-20T13:05:04.505417,87.66,96.32,0.0941,0.0,0.0,1,0
2026-04-20T13:05:07.681481,88.5,469.9,0.4589,0.0,0.0,1,1
2026-04-20T13:05:11.999700,57.07,60.24,0.0588,0.0,0.0,1,0
2026-04-20T13:05:18.636024,35.73,103.62,0.1012,0.0,0.0,1,1
2026-04-20T13:05:21.788869,25.27,818.98,0.7998,0.0,0.0,1,1
2026-04-20T13:05:25.074560,49.76,105.73,0.1033,0.0,0.0,1,1
2026-04-20T13:05:28.381769,88.6,211.03,0.2061,0.0,0.0,1,1
2026-04-20T13:05:32.684258,68.44,126.06,0.1231,0.0,0.0,1,1
2026-04-20T13:05:35.933321,66.05,152.72,0.1491,0.0,0.0,1,1
2026-04-20T13:05:40.535757,83.31,92.11,0.0899,0.0,0.0,1,0
2026-04-20T13:05:44.032665,116.17,67.32,0.0657,0.0,0.0,1,0
2026-04-20T13:05:47.270874,107.84,157.1,0.1534,0.0,0.0,1,1
2026-04-20T13:05:52.933727,84.33,5.22,0.0051,0.0,25.0,0,0
2026-04-20T13:05:56.168832,26.02,234.48,0.229,0.0,0.0,1,1
2026-04-20T13:05:59.435826,27.38,519.25,0.5071,0.0,0.0,1,1
2026-04-20T13:06:02.648337,40.3,122.58,0.1197,0.0,0.0,1,1
2026-04-20T13:06:06.997373,45.96,164.95,0.1611,0.0,0.0,1,1
2026-04-20T13:06:10.210925,60.2,241.05,0.2354,0.0,0.0,1,1
2026-04-20T13:06:13.464692,47.27,139.91,0.1366,0.0,0.0,1,1
2026-04-20T13:06:16.901130,168.05,118.42,0.1156,0.0,0.0,1,1
2026-04-20T13:06:20.420713,89.94,60.5,0.0591,0.0,0.0,1,0
2026-04-20T13:06:24.582272,29.08,1874.24,1.8303,0.0,0.0,1,1
2026-04-20T13:06:27.773611,794.27,576.96,0.5634,0.0,0.0,0,1
2026-04-20T13:06:30.955560,137.15,287.31,0.2806,0.0,0.0,1,1
2026-04-20T13:06:34.129910,46.22,489.04,0.4776,0.0,0.0,1,1
2026-04-20T13:06:37.787887,1111.76,351.96,0.3437,0.0,0.0,0,1
2026-04-20T13:06:41.009962,81.51,313.37,0.306,0.0,0.0,1,1
2026-04-20T13:06:45.275706,14.63,56.87,0.0555,0.0,25.0,0,0
2026-04-20T13:06:48.784657,99.31,37.08,0.0362,0.0,0.0,1,0
2026-04-20T13:06:51.961432,64.96,238.8,0.2332,0.0,0.0,1,1
2026-04-20T13:06:56.591230,85.1,80.39,0.0785,0.0,0.0,1,0
2026-04-20T13:07:00.152363,53.81,50.55,0.0494,0.0,0.0,1,0
2026-04-20T13:07:03.438188,64.02,66.16,0.0646,0.0,0.0,1,0
2026-04-20T13:07:06.689754,41.56,111.51,0.1089,0.0,0.0,1,1
2026-04-20T13:07:10.322073,157.16,38.44,0.0375,0.0,0.0,1,0
2026-04-20T13:07:13.836844,153.53,121.27,0.1184,0.0,0.0,1,1
2026-04-20T13:07:16.968846,22.34,489.02,0.4776,0.0,0.0,1,1
2026-04-20T13:07:20.225159,78.92,530.96,0.5185,0.0,0.0,1,1
2026-04-20T13:07:23.697208,287.52,28.96,0.0283,0.0,0.0,0,0
2026-04-20T13:07:27.003629,75.58,170.48,0.1665,0.0,0.0,1,1
2026-04-20T13:07:30.315964,45.27,53.95,0.0527,0.0,0.0,1,0
2026-04-20T13:07:33.500496,95.05,1938.11,1.8927,0.0,0.0,1,1
2026-04-20T13:07:36.693840,58.55,239.88,0.2343,0.0,0.0,1,1
2026-04-20T13:07:39.831132,81.25,2087.5,2.0386,0.0,0.0,1,1
2026-04-20T13:07:43.033955,39.12,210.41,0.2055,0.0,0.0,1,1
2026-04-20T13:07:46.346916,35.45,77.9,0.0761,0.0,0.0,1,0
2026-04-20T13:07:49.921951,42.63,62.09,0.0606,0.0,0.0,1,0
2026-04-20T13:07:54.899866,135.26,92.3,0.0901,0.0,0.0,1,0
2026-04-20T13:07:59.762528,85.03,158.24,0.1545,0.0,0.0,1,1
2026-04-20T13:08:02.896969,106.19,928.3,0.9065,0.0,0.0,1,1
2026-04-20T13:08:06.087118,40.42,482.44,0.4711,0.0,0.0,1,1
2026-04-20T13:08:09.383030,619.28,107.44,0.1049,0.0,0.0,0,1
2026-04-20T13:08:12.640003,80.73,79.94,0.0781,0.0,0.0,1,0
2026-04-20T13:08:15.766263,67.48,1639.36,1.6009,0.0,0.0,1,1
2026-04-20T13:08:19.291526,424.11,190.96,0.1865,0.0,0.0,0,1
2026-04-20T13:08:22.623606,52.17,141.6,0.1383,0.0,0.0,1,1
2026-04-20T13:08:25.872813,79.8,346.05,0.3379,0.0,0.0,1,1
2026-04-20T13:08:29.162553,75.68,115.44,0.1127,0.0,0.0,1,1
2026-04-20T13:08:33.539554,78.08,201.06,0.1964,0.0,0.0,1,1
2026-04-20T13:08:37.192500,44.35,116.74,0.114,0.0,0.0,1,1
2026-04-20T13:08:40.411110,91.55,172.91,0.1689,0.0,0.0,1,1
2026-04-20T13:08:44.955133,75.19,158.22,0.1545,0.0,0.0,1,1
2026-04-20T13:08:48.236243,28.86,87.43,0.0854,0.0,0.0,1,0
2026-04-20T13:08:51.418710,99.62,168.26,0.1643,0.0,0.0,1,1
2026-04-20T13:08:56.156144,86.9,69.47,0.0678,0.0,0.0,1,0
2026-04-20T13:09:00.431808,17.37,385.2,0.3762,0.0,0.0,1,1
2026-04-20T13:09:03.606823,36.91,380.66,0.3717,0.0,0.0,1,1
2026-04-20T13:09:09.822054,19.26,3.85,0.0038,0.0,25.0,0,0
2026-04-20T13:09:16.491197,94.94,131.68,0.1286,0.0,0.0,1,1
2026-04-20T13:09:19.765203,46.78,102.25,0.0999,0.0,0.0,1,1
2026-04-20T13:09:24.226481,67.49,182.92,0.1786,0.0,0.0,1,1
2026-04-20T13:09:27.554149,379.11,73.74,0.072,0.0,0.0,0,0
2026-04-20T13:09:30.996882,51.08,130.96,0.1279,0.0,0.0,1,1
2026-04-20T13:09:35.997858,100.38,47.51,0.0464,0.0,0.0,1,0
2026-04-20T13:09:39.148150,85.28,907.98,0.8867,0.0,0.0,1,1
2026-04-20T13:09:42.408388,111.97,238.41,0.2328,0.0,0.0,1,1
2026-04-20T13:09:45.668480,64.82,135.19,0.132,0.0,0.0,1,1
2026-04-20T13:09:48.789973,29.21,2090.36,2.0414,0.0,0.0,1,1
2026-04-20T13:09:51.998173,45.26,223.01,0.2178,0.0,0.0,1,1
2026-04-20T13:09:55.301382,46.51,79.26,0.0774,0.0,0.0,1,0
2026-04-20T13:09:58.718029,93.11,40.3,0.0394,0.0,0.0,1,0
2026-04-20T13:10:05.032169,143.73,85.55,0.0835,0.0,0.0,1,0
2026-04-20T13:10:08.261091,81.71,276.49,0.27,0.0,0.0,1,1
2026-04-20T13:10:11.413138,49.53,2408.1,2.3517,0.0,0.0,1,1
2026-04-20T13:10:14.617784,48.68,135.47,0.1323,0.0,0.0,1,1
2026-04-20T13:10:17.987489,61.2,74.44,0.0727,0.0,0.0,1,0
2026-04-20T13:10:21.223747,49.34,158.44,0.1547,0.0,0.0,1,1
2026-04-20T13:10:24.509124,51.93,103.7,0.1013,0.0,0.0,1,1
2026-04-20T13:10:27.921230,53.66,198.49,0.1938,0.0,0.0,1,1
2026-04-20T13:10:32.607686,36.14,94.46,0.0922,0.0,25.0,0,0
2026-04-20T13:10:36.323910,41.25,59.78,0.0584,0.0,0.0,1,0
2026-04-20T13:10:39.551200,98.79,158.69,0.155,0.0,0.0,1,1
2026-04-20T13:10:42.738650,43.25,236.8,0.2312,0.0,0.0,1,1
2026-04-20T13:10:47.176101,70.81,306.15,0.299,0.0,0.0,1,1
2026-04-20T13:10:50.458584,51.3,67.0,0.0654,0.0,0.0,1,0
2026-04-20T13:10:54.261287,52.66,142.07,0.1387,0.0,0.0,1,1
2026-04-20T13:10:57.797345,77.66,247.33,0.2415,0.0,0.0,1,1
2026-04-20T13:11:01.356816,108.38,60.92,0.0595,0.0,0.0,1,0
2026-04-20T13:11:04.674097,170.32,164.23,0.1604,0.0,0.0,1,1
2026-04-20T13:11:07.814654,46.86,1288.77,1.2586,0.0,0.0,1,1
2026-04-20T13:11:11.007418,27.73,259.25,0.2532,0.0,0.0,1,1
2026-04-20T13:11:14.282525,48.34,76.26,0.0745,0.0,0.0,1,0
2026-04-20T13:11:17.447955,62.02,393.17,0.384,0.0,0.0,1,1
2026-04-20T13:11:20.635903,100.91,224.21,0.219,0.0,0.0,1,1
2026-04-20T13:11:23.865351,61.73,175.6,0.1715,0.0,0.0,1,1
2026-04-20T13:11:27.051585,38.2,168.8,0.1648,0.0,0.0,1,1
2026-04-20T13:11:31.637537,53.99,140.3,0.137,0.0,0.0,1,1
2026-04-20T13:11:34.887705,179.59,442.08,0.4317,0.0,0.0,1,1
2026-04-20T13:11:38.125883,52.47,178.3,0.1741,0.0,0.0,1,1
2026-04-20T13:11:41.409858,62.24,110.57,0.108,0.0,0.0,1,1
2026-04-20T13:11:44.640158,88.89,211.84,0.2069,0.0,0.0,1,1
2026-04-20T13:11:48.360898,52.82,106.85,0.1043,0.0,0.0,1,1
2026-04-20T13:11:51.616921,46.76,115.66,0.1129,0.0,0.0,1,1
2026-04-20T13:11:54.850553,120.53,93.23,0.091,0.0,0.0,1,0
2026-04-20T13:11:59.161449,51.83,55.4,0.0541,0.0,0.0,1,0
2026-04-20T13:12:02.410971,62.31,145.13,0.1417,0.0,0.0,1,1
2026-04-20T13:12:05.661030,80.6,102.81,0.1004,0.0,0.0,1,1
2026-04-20T13:12:08.879681,98.7,400.81,0.3914,0.0,0.0,1,1
2026-04-20T13:12:12.070722,30.43,198.98,0.1943,0.0,0.0,1,1
2026-04-20T13:12:15.263588,59.93,171.66,0.1676,0.0,0.0,1,1
2026-04-20T13:12:18.664856,44.11,185.95,0.1816,0.0,0.0,1,1
2026-04-20T13:12:21.925591,75.5,102.96,0.1005,0.0,0.0,1,1
2026-04-20T13:12:27.801789,45.8,101.23,0.0989,0.0,25.0,0,1
2026-04-20T13:12:32.309268,64.52,188.26,0.1838,0.0,0.0,1,1
2026-04-20T13:12:37.558577,112.83,9.29,0.0091,0.0,0.0,1,0
2026-04-20T13:12:40.823719,74.11,126.77,0.1238,0.0,0.0,1,1
2026-04-20T13:12:44.244855,113.11,99.01,0.0967,0.0,0.0,1,0
2026-04-20T13:12:47.551578,64.37,83.04,0.0811,0.0,0.0,1,0
2026-04-20T13:12:51.073851,73.81,40.51,0.0396,0.0,0.0,1,0
2026-04-20T13:12:55.081506,79.54,156.58,0.1529,0.0,0.0,1,1
2026-04-20T13:12:58.231363,21.55,528.98,0.5166,0.0,0.0,1,1
2026-04-20T13:13:02.565959,40.77,41.17,0.0402,0.0,25.0,0,0
2026-04-20T13:13:05.783546,75.58,150.95,0.1474,0.0,0.0,1,1
2026-04-20T13:13:09.169337,82.4,82.31,0.0804,0.0,0.0,1,0
2026-04-20T13:13:12.430267,67.85,155.63,0.152,0.0,0.0,1,1
2026-04-20T13:13:16.265473,155.19,23.41,0.0229,0.0,0.0,1,0
2026-04-20T13:13:19.543176,44.94,73.48,0.0718,0.0,0.0,1,0
2026-04-20T13:13:23.798994,65.97,183.8,0.1795,0.0,0.0,1,1
2026-04-20T13:13:27.006490,50.83,227.08,0.2218,0.0,0.0,1,1
2026-04-20T13:13:32.114295,83.5,82.68,0.0807,0.0,0.0,1,0
2026-04-20T13:13:35.362220,90.78,110.96,0.1084,0.0,0.0,1,1
2026-04-20T13:13:38.560812,46.4,944.0,0.9219,0.0,0.0,1,1
2026-04-20T13:13:41.766064,29.85,406.6,0.3971,0.0,0.0,1,1
2026-04-20T13:13:45.305790,1044.32,317.51,0.3101,0.0,0.0,0,1
2026-04-20T13:13:48.544617,73.22,174.41,0.1703,0.0,0.0,1,1
2026-04-20T13:13:51.743866,37.14,169.05,0.1651,0.0,0.0,1,1
2026-04-20T13:13:55.043480,75.7,124.72,0.1218,0.0,0.0,1,1
2026-04-20T13:13:58.299929,77.48,98.58,0.0963,0.0,0.0,1,0
2026-04-20T13:14:01.456840,57.96,1335.13,1.3038,0.0,0.0,1,1
2026-04-20T13:14:04.626745,24.28,639.58,0.6246,0.0,0.0,1,1
2026-04-20T13:14:07.858810,30.09,199.03,0.1944,0.0,0.0,1,1
2026-04-20T13:14:11.211580,77.58,67.63,0.066,0.0,0.0,1,0
2026-04-20T13:14:14.399841,93.58,565.9,0.5526,0.0,0.0,1,1
2026-04-20T13:14:17.569128,46.25,1799.94,1.7578,0.0,0.0,1,1
2026-04-20T13:14:20.787809,44.67,182.75,0.1785,0.0,0.0,1,1
2026-04-20T13:14:24.018642,30.72,141.97,0.1386,0.0,0.0,1,1
2026-04-20T13:14:27.585593,80.72,126.27,0.1233,0.0,0.0,1,1
2026-04-20T13:14:37.031727,153.99,211.41,0.2065,0.0,25.0,0,1
2026-04-20T13:14:40.163007,39.66,1100.29,1.0745,0.0,0.0,1,1
2026-04-20T13:14:43.819458,1154.85,1070.21,1.0451,0.0,0.0,0,1
2026-04-20T13:14:49.591993,72.45,4.93,0.0048,0.0,50.0,0,0
2026-04-20T13:14:54.297525,69.31,14.08,0.0137,0.0,50.0,0,0
2026-04-20T13:14:57.504815,65.15,152.99,0.1494,0.0,0.0,1,1
2026-04-20T13:15:00.699597,35.06,184.71,0.1804,0.0,0.0,1,1
2026-04-20T13:15:04.273293,39.19,252.58,0.2467,0.0,0.0,1,1
2026-04-20T13:15:07.476089,75.88,211.0,0.2061,0.0,0.0,1,1
2026-04-20T13:15:10.683689,34.41,152.35,0.1488,0.0,0.0,1,1
2026-04-20T13:15:13.965909,36.31,110.89,0.1083,0.0,0.0,1,1
2026-04-20T13:15:17.551212,245.36,112.31,0.1097,0.0,0.0,0,1
2026-04-20T13:15:21.576720,83.06,94.86,0.0926,0.0,0.0,1,0
2026-04-20T13:15:25.337521,17.46,436.03,0.4258,0.0,0.0,1,1
2026-04-20T13:15:28.582039,44.44,285.48,0.2788,0.0,0.0,1,1
2026-04-20T13:15:31.865979,49.72,144.88,0.1415,0.0,0.0,1,1
2026-04-20T13:15:35.156607,126.94,178.44,0.1743,0.0,0.0,1,1
2026-04-20T13:15:39.281242,50.38,107.62,0.1051,0.0,0.0,1,1
2026-04-20T13:15:43.220963,58.18,111.21,0.1086,0.0,0.0,1,1
2026-04-20T13:15:47.698052,136.19,114.24,0.1116,0.0,0.0,1,1
2026-04-20T13:15:52.125125,184.3,123.57,0.1207,0.0,0.0,1,1
2026-04-20T13:15:55.983840,37.94,704.2,0.6877,0.0,0.0,1,1
2026-04-20T13:15:59.183858,31.15,302.44,0.2954,0.0,0.0,1,1
2026-04-20T13:16:06.076399,34.68,2.91,0.0028,0.0,50.0,0,0
2026-04-20T13:16:09.288380,68.55,2188.52,2.1372,0.0,0.0,1,1
2026-04-20T13:16:12.569274,59.27,80.7,0.0788,0.0,0.0,1,0
2026-04-20T13:16:15.907868,35.43,60.95,0.0595,0.0,0.0,1,0
2026-04-20T13:16:19.302510,112.69,183.21,0.1789,0.0,0.0,1,1
2026-04-20T13:16:22.633638,92.59,679.25,0.6633,0.0,0.0,1,1
2026-04-20T13:16:25.776037,40.79,1629.88,1.5917,0.0,0.0,1,1
2026-04-20T13:16:29.185677,118.1,2277.66,2.2243,0.0,0.0,1,1
2026-04-20T13:16:32.420999,40.15,146.62,0.1432,0.0,0.0,1,1
2026-04-20T13:16:35.731767,63.05,157.91,0.1542,0.0,0.0,1,1
2026-04-20T13:16:39.074511,103.27,158.1,0.1544,0.0,0.0,1,1
2026-04-20T13:16:42.579769,278.97,131.83,0.1287,0.0,0.0,0,1
2026-04-20T13:16:45.755715,66.46,769.7,0.7517,0.0,0.0,1,1
2026-04-20T13:16:48.954953,33.03,410.13,0.4005,0.0,0.0,1,1
2026-04-20T13:16:54.241904,128.47,7.14,0.007,0.0,50.0,0,0
2026-04-20T13:16:59.485389,49.29,196.23,0.1916,0.0,0.0,1,1
2026-04-20T13:17:02.689365,44.6,230.36,0.225,0.0,0.0,1,1
2026-04-20T13:17:07.348022,63.0,137.52,0.1343,0.0,0.0,1,1
2026-04-20T13:17:10.601002,43.87,152.53,0.149,0.0,0.0,1,1
2026-04-20T13:17:13.775141,48.13,172.12,0.1681,0.0,0.0,1,1
2026-04-20T13:17:18.364459,56.88,65.69,0.0642,0.0,0.0,1,0
2026-04-20T13:17:21.931465,158.53,26.15,0.0255,0.0,0.0,1,0
2026-04-20T13:17:25.418086,229.84,156.63,0.153,0.0,0.0,0,1
2026-04-20T13:17:29.464803,49.48,104.03,0.1016,0.0,0.0,1,1
2026-04-20T13:17:32.654681,40.78,575.59,0.5621,0.0,0.0,1,1
2026-04-20T13:17:35.828441,15.79,376.18,0.3674,0.0,0.0,1,1
2026-04-20T13:17:39.085731,741.95,94.32,0.0921,0.0,0.0,0,0
2026-04-20T13:17:43.155761,47.84,220.92,0.2157,0.0,0.0,1,1
2026-04-20T13:17:46.371779,31.8,135.03,0.1319,0.0,0.0,1,1
2026-04-20T13:17:49.607674,50.53,139.82,0.1365,0.0,0.0,1,1
2026-04-20T13:17:53.359503,150.68,46.6,0.0455,0.0,0.0,1,0
2026-04-20T13:17:56.617383,136.99,231.06,0.2256,0.0,0.0,1,1
2026-04-20T13:17:59.758888,42.7,1283.05,1.253,0.0,0.0,1,1
2026-04-20T13:18:02.996873,63.04,347.43,0.3393,0.0,0.0,1,1
2026-04-20T13:18:06.218822,180.77,138.24,0.135,0.0,0.0,1,1
2026-04-20T13:18:09.346404,74.31,1718.62,1.6783,0.0,0.0,1,1
2026-04-20T13:18:12.498965,65.13,431.16,0.4211,0.0,0.0,1,1
2026-04-20T13:18:15.731225,70.16,130.59,0.1275,0.0,0.0,1,1
2026-04-20T13:18:18.954791,44.91,180.28,0.1761,0.0,0.0,1,1
2026-04-20T13:18:22.211698,70.61,124.98,0.122,0.0,0.0,1,1
2026-04-20T13:18:25.983729,154.43,17.97,0.0176,0.0,0.0,1,0
2026-04-20T13:18:29.110361,37.33,1652.85,1.6141,0.0,0.0,1,1
2026-04-20T13:18:32.249958,42.87,1502.86,1.4676,0.0,0.0,1,1
2026-04-20T13:18:35.536741,61.5,74.01,0.0723,0.0,0.0,1,0
2026-04-20T13:18:38.739078,96.53,165.48,0.1616,0.0,0.0,1,1
2026-04-20T13:18:42.012195,52.15,146.17,0.1427,0.0,0.0,1,1
2026-04-20T13:18:45.256804,60.93,93.88,0.0917,0.0,0.0,1,0
2026-04-20T13:18:48.425292,95.64,925.74,0.904,0.0,0.0,1,1
2026-04-20T13:18:51.653172,113.38,134.63,0.1315,0.0,0.0,1,1
2026-04-20T13:18:54.844140,48.46,141.59,0.1383,0.0,0.0,1,1
2026-04-20T13:18:57.985553,160.28,2078.7,2.03,0.0,0.0,1,1
2026-04-20T13:19:01.266744,128.06,237.24,0.2317,0.0,0.0,1,1
2026-04-20T13:19:04.440136,36.05,243.4,0.2377,0.0,0.0,1,1
2026-04-20T13:19:07.761707,110.12,49.32,0.0482,0.0,0.0,1,0
2026-04-20T13:19:10.973832,66.49,201.0,0.1963,0.0,0.0,1,1
2026-04-20T13:19:14.242897,54.81,189.04,0.1846,0.0,0.0,1,1
2026-04-20T13:19:18.859754,136.1,96.25,0.094,0.0,0.0,1,0
2026-04-20T13:19:22.311271,44.02,184.24,0.1799,0.0,0.0,1,1
2026-04-20T13:19:26.417115,94.71,92.42,0.0903,0.0,0.0,1,0
2026-04-20T13:19:29.561755,93.9,2003.49,1.9565,0.0,0.0,1,1
2026-04-20T13:19:32.876215,127.47,117.61,0.1148,0.0,0.0,1,1
2026-04-20T13:19:36.119863,56.25,114.51,0.1118,0.0,0.0,1,1
2026-04-20T13:19:39.362647,50.33,158.48,0.1548,0.0,0.0,1,1
2026-04-20T13:19:42.903085,151.92,40.91,0.04,0.0,0.0,1,0
2026-04-20T13:19:46.115518,135.37,182.53,0.1782,0.0,0.0,1,1
2026-04-20T13:19:49.253989,55.49,1868.18,1.8244,0.0,0.0,1,1
2026-04-20T13:19:52.428186,22.81,880.46,0.8598,0.0,0.0,1,1
2026-04-20T13:19:55.667974,45.43,162.76,0.1589,0.0,0.0,1,1
2026-04-20T13:19:59.879459,88.27,62.67,0.0612,0.0,0.0,1,0
2026-04-20T13:20:03.155852,125.63,74.59,0.0728,0.0,0.0,1,0
2026-04-20T13:20:08.234769,41.95,461.93,0.4511,0.0,0.0,1,1
2026-04-20T13:20:11.435940,88.45,581.04,0.5674,0.0,0.0,1,1
2026-04-20T13:20:14.733118,31.65,76.08,0.0743,0.0,0.0,1,0
2026-04-20T13:20:17.938492,72.14,243.44,0.2377,0.0,0.0,1,1
2026-04-20T13:20:21.063148,53.99,2611.44,2.5502,0.0,0.0,1,1
2026-04-20T13:20:24.611365,216.71,118.02,0.1153,0.0,0.0,0,1
2026-04-20T13:20:27.819677,54.7,156.65,0.153,0.0,0.0,1,1
2026-04-20T13:20:31.002320,45.56,245.36,0.2396,0.0,0.0,1,1
2026-04-20T13:20:34.298714,157.28,109.08,0.1065,0.0,0.0,1,1
2026-04-20T13:20:37.714289,92.22,49.79,0.0486,0.0,0.0,1,0
2026-04-20T13:20:40.879654,41.94,530.4,0.518,0.0,0.0,1,1
2026-04-20T13:20:45.311590,30.92,29.72,0.029,0.0,25.0,0,0
2026-04-20T13:20:48.697826,874.19,220.48,0.2153,0.0,0.0,0,1
2026-04-20T13:20:51.822200,51.37,2083.74,2.0349,0.0,0.0,1,1
2026-04-20T13:20:55.107504,76.19,130.23,0.1272,0.0,0.0,1,1
2026-04-20T13:20:58.311225,34.54,216.35,0.2113,0.0,0.0,1,1
2026-04-20T13:21:01.595445,65.56,90.02,0.0879,0.0,0.0,1,0
2026-04-20T13:21:04.804984,86.66,124.35,0.1214,0.0,0.0,1,1
2026-04-20T13:21:07.971493,29.41,747.12,0.7296,0.0,0.0,1,1
2026-04-20T13:21:11.108562,43.4,2180.13,2.129,0.0,0.0,1,1
2026-04-20T13:21:14.317282,40.48,151.7,0.1481,0.0,0.0,1,1
2026-04-20T13:21:17.596273,86.38,84.29,0.0823,0.0,0.0,1,0
2026-04-20T13:21:22.109013,70.57,158.35,0.1546,0.0,0.0,1,1
2026-04-20T13:21:25.367716,75.98,125.9,0.1229,0.0,0.0,1,1
2026-04-20T13:21:28.469585,43.87,1858.66,1.8151,0.0,0.0,1,1
2026-04-20T13:21:31.642165,54.74,2281.06,2.2276,0.0,0.0,1,1
2026-04-20T13:21:35.120789,136.33,75.85,0.0741,0.0,0.0,1,0
2026-04-20T13:21:38.309514,81.34,253.52,0.2476,0.0,0.0,1,1
2026-04-20T13:21:41.623742,71.55,55.45,0.0542,0.0,0.0,1,0
2026-04-20T13:21:44.857983,53.41,154.62,0.151,0.0,0.0,1,1
2026-04-20T13:21:48.175580,143.5,83.71,0.0817,0.0,0.0,1,0
2026-04-20T13:21:51.549699,69.24,55.23,0.0539,0.0,0.0,1,0
2026-04-20T13:21:54.737982,91.66,198.18,0.1935,0.0,0.0,1,1
2026-04-20T13:21:57.968917,57.73,91.96,0.0898,0.0,0.0,1,0
2026-04-20T13:22:03.511855,75.5,109.14,0.1066,0.0,0.0,1,1
2026-04-20T13:22:08.389013,182.21,31.77,0.031,0.0,0.0,1,0
2026-04-20T13:22:15.483677,27.72,1530.77,1.4949,0.0,0.0,1,1
2026-04-20T13:22:18.632874,118.75,2547.41,2.4877,0.0,0.0,1,1
2026-04-20T13:22:21.966917,63.14,74.06,0.0723,0.0,0.0,1,0
2026-04-20T13:22:25.262616,79.72,257.96,0.2519,0.0,0.0,1,1
2026-04-20T13:22:28.572895,60.08,83.26,0.0813,0.0,0.0,1,0
2026-04-20T13:22:32.072097,53.96,227.09,0.2218,0.0,0.0,1,1
2026-04-20T13:22:35.311872,74.06,123.93,0.121,0.0,0.0,1,1
2026-04-20T13:22:38.656043,94.58,688.79,0.6726,0.0,0.0,1,1
2026-04-20T13:22:41.927392,90.27,120.61,0.1178,0.0,0.0,1,1
2026-04-20T13:22:45.333716,53.8,57.18,0.0558,0.0,0.0,1,0
2026-04-20T13:22:48.588327,75.73,83.77,0.0818,0.0,0.0,1,0
2026-04-20T13:22:51.942507,96.44,58.34,0.057,0.0,0.0,1,0
2026-04-20T13:22:56.330655,119.68,92.28,0.0901,0.0,0.0,1,0
2026-04-20T13:22:59.508578,35.17,349.26,0.3411,0.0,0.0,1,1
2026-04-20T13:23:02.676867,134.5,551.77,0.5388,0.0,0.0,1,1
2026-04-20T13:23:09.711829,47.05,2.76,0.0027,0.0,50.0,0,0
2026-04-20T13:23:12.866771,69.98,343.29,0.3352,0.0,0.0,1,1
2026-04-20T13:23:16.268245,305.63,83.66,0.0817,0.0,0.0,0,0
2026-04-20T13:23:19.502695,81.67,124.13,0.1212,0.0,0.0,1,1
2026-04-20T13:23:22.791714,66.51,132.33,0.1292,0.0,0.0,1,1
2026-04-20T13:23:26.845105,52.27,2356.19,2.301,0.0,0.0,1,1
2026-04-20T13:23:30.166841,74.85,70.46,0.0688,0.0,0.0,1,0
2026-04-20T13:23:33.504885,134.59,74.09,0.0724,0.0,0.0,1,0
2026-04-20T13:23:37.015713,159.59,41.48,0.0405,0.0,0.0,1,0
2026-04-20T13:23:40.124483,133.28,1888.79,1.8445,0.0,0.0,1,1
2026-04-20T13:23:43.253866,79.97,1916.63,1.8717,0.0,0.0,1,1
2026-04-20T13:23:46.566664,45.91,61.75,0.0603,0.0,0.0,1,0
2026-04-20T13:23:53.842834,99.55,153.44,0.1498,0.0,0.0,1,1
2026-04-20T13:23:57.277467,143.8,2122.62,2.0729,0.0,0.0,1,1
2026-04-20T13:24:00.547262,64.21,102.63,0.1002,0.0,0.0,1,1
2026-04-20T13:24:03.837465,63.6,86.03,0.084,0.0,0.0,1,0
2026-04-20T13:24:06.982530,54.74,2175.47,2.1245,0.0,0.0,1,1
2026-04-20T13:24:10.346411,160.64,151.75,0.1482,0.0,0.0,1,1
2026-04-20T13:24:14.384105,153.74,14.06,0.0137,0.0,0.0,1,0
2026-04-20T13:24:17.731292,152.34,73.14,0.0714,0.0,0.0,1,0
2026-04-20T13:24:20.912167,123.97,1887.41,1.8432,0.0,0.0,1,1
2026-04-20T13:24:24.171571,17.24,196.63,0.192,0.0,0.0,1,1
2026-04-20T13:24:27.567189,39.84,53.55,0.0523,0.0,0.0,1,0
2026-04-20T13:24:30.736003,93.68,294.91,0.288,0.0,0.0,1,1
2026-04-20T13:24:34.179414,146.09,45.12,0.0441,0.0,0.0,1,0
2026-04-20T13:24:37.492368,89.35,65.05,0.0635,0.0,0.0,1,0
2026-04-20T13:24:40.657152,43.49,409.94,0.4003,0.0,0.0,1,1
2026-04-20T13:24:45.272431,52.52,16.99,0.0166,0.0,50.0,0,0
2026-04-20T13:24:48.655796,91.3,66.81,0.0652,0.0,0.0,1,0
2026-04-20T13:24:51.864182,60.2,248.11,0.2423,0.0,0.0,1,1
2026-04-20T13:24:55.115821,98.3,91.79,0.0896,0.0,0.0,1,0
2026-04-20T13:24:58.660965,74.53,62.54,0.0611,0.0,0.0,1,0
2026-04-20T13:25:03.443347,57.34,93.78,0.0916,0.0,0.0,1,0
2026-04-20T13:25:06.645151,235.64,406.35,0.3968,0.0,0.0,0,1
2026-04-20T13:25:09.849966,43.15,157.89,0.1542,0.0,0.0,1,1
2026-04-20T13:25:13.102838,65.62,108.98,0.1064,0.0,0.0,1,1
2026-04-20T13:25:16.301122,67.75,99.63,0.0973,0.0,0.0,1,0
2026-04-20T13:25:19.695302,217.62,71.95,0.0703,0.0,0.0,0,0
2026-04-20T13:25:23.077034,101.45,67.37,0.0658,0.0,0.0,1,0
2026-04-20T13:25:26.321422,79.4,118.0,0.1152,0.0,0.0,1,1
2026-04-20T13:25:30.664973,186.82,37.49,0.0366,0.0,25.0,0,0
2026-04-20T13:25:33.850679,130.82,431.96,0.4218,0.0,0.0,1,1
2026-04-20T13:25:37.032160,79.91,259.77,0.2537,0.0,0.0,1,1
2026-04-20T13:25:40.391095,909.9,601.41,0.5873,0.0,0.0,0,1
2026-04-20T13:25:43.582841,25.98,453.94,0.4433,0.0,0.0,1,1
2026-04-20T13:25:49.597412,46.98,4.23,0.0041,0.0,25.0,0,0
2026-04-20T13:26:00.443153,129.59,67.64,0.0661,0.0,0.0,1,0
2026-04-20T13:26:03.763474,87.21,343.63,0.3356,0.0,0.0,1,1
2026-04-20T13:26:07.442243,91.69,25.61,0.025,0.0,0.0,1,0
2026-04-20T13:26:15.492831,65.2,93.9,0.0917,0.0,0.0,1,0
2026-04-20T13:26:22.089422,148.88,184.88,0.1805,0.0,0.0,1,1
2026-04-20T13:26:28.539502,59.21,101.59,0.0992,0.0,0.0,1,1
2026-04-20T13:26:31.658715,46.1,1780.74,1.739,0.0,0.0,1,1
2026-04-20T13:26:34.861979,45.64,106.29,0.1038,0.0,0.0,1,1
2026-04-20T13:26:38.017474,57.64,428.2,0.4182,0.0,0.0,1,1
2026-04-20T13:26:41.436750,140.72,64.63,0.0631,0.0,0.0,1,0
2026-04-20T13:26:44.680253,139.48,71.86,0.0702,0.0,0.0,1,0
2026-04-20T13:26:53.630621,59.69,77.14,0.0753,0.0,0.0,1,0
2026-04-20T13:26:56.766660,59.16,1732.56,1.692,0.0,0.0,1,1
2026-04-20T13:26:59.971673,80.26,200.09,0.1954,0.0,0.0,1,1
2026-04-20T13:27:03.456955,250.1,54.38,0.0531,0.0,0.0,0,0
2026-04-20T13:27:07.050521,153.63,34.63,0.0338,0.0,0.0,1,0
2026-04-20T13:27:10.190610,52.97,893.5,0.8726,0.0,0.0,1,1
2026-04-20T13:27:13.411553,14.13,225.97,0.2207,0.0,0.0,1,1
2026-04-20T13:27:16.660422,81.86,492.16,0.4806,0.0,0.0,1,1
2026-04-20T13:27:25.404224,307.79,110.84,0.1082,0.0,0.0,0,1
2026-04-20T13:27:29.023399,162.89,28.96,0.0283,0.0,0.0,1,0
2026-04-20T13:27:38.745230,64.83,1599.28,1.5618,0.0,0.0,1,1
2026-04-20T13:27:41.920541,52.35,235.97,0.2304,0.0,0.0,1,1
2026-04-20T13:27:45.213720,25.76,80.51,0.0786,0.0,0.0,1,0
2026-04-20T13:27:48.764136,172.09,36.46,0.0356,0.0,0.0,1,0
2026-04-20T13:27:51.913081,193.64,839.45,0.8198,0.0,0.0,1,1
2026-04-20T13:27:59.107535,182.54,71.62,0.0699,0.0,0.0,1,0
2026-04-20T13:28:02.341066,37.71,246.36,0.2406,0.0,0.0,1,1
2026-04-20T13:28:05.604574,68.5,353.86,0.3456,0.0,0.0,1,1
2026-04-20T13:28:08.980225,73.23,127.6,0.1246,0.0,0.0,1,1
2026-04-20T13:28:12.247849,76.23,202.13,0.1974,0.0,0.0,1,1
2026-04-20T13:28:15.428451,77.83,605.83,0.5916,0.0,0.0,1,1
2026-04-20T13:28:18.642790,85.36,153.45,0.1499,0.0,0.0,1,1
2026-04-20T13:28:22.064689,100.23,46.8,0.0457,0.0,0.0,1,0
2026-04-20T13:28:25.637303,157.17,27.06,0.0264,0.0,0.0,1,0
2026-04-20T13:28:28.914301,203.63,93.54,0.0913,0.0,0.0,0,0
2026-04-20T13:28:32.100567,50.05,1065.69,1.0407,0.0,0.0,1,1
2026-04-20T13:28:35.342401,61.48,310.09,0.3028,0.0,0.0,1,1
2026-04-20T13:28:38.621657,89.4,86.45,0.0844,0.0,0.0,1,0
2026-04-20T13:28:46.575944,38.57,90.46,0.0883,0.0,0.0,1,0
2026-04-20T13:28:49.838182,88.42,193.08,0.1886,0.0,0.0,1,1
2026-04-20T13:28:53.087370,83.59,92.11,0.0899,0.0,0.0,1,0
2026-04-20T13:28:56.373867,99.42,77.92,0.0761,0.0,0.0,1,0
2026-04-20T13:28:59.845042,98.15,41.3,0.0403,0.0,0.0,1,0
2026-04-20T13:29:03.022711,31.91,315.38,0.308,0.0,0.0,1,1
2026-04-20T13:29:06.223825,27.05,209.68,0.2048,0.0,0.0,1,1
2026-04-20T13:29:09.508184,48.81,143.66,0.1403,0.0,0.0,1,1
2026-04-20T13:29:12.848430,97.85,72.73,0.071,0.0,0.0,1,0
2026-04-20T13:29:16.318091,106.07,54.23,0.053,0.0,0.0,1,0
2026-04-20T13:29:21.640833,74.38,99.75,0.0974,0.0,0.0,1,0
2026-04-20T13:29:24.858720,39.26,512.21,0.5002,0.0,0.0,1,1
2026-04-20T13:29:31.995779,66.94,0.0,0.0,0.0,50.0,0,0
2026-04-20T13:29:35.861573,797.45,21.9,0.0214,0.0,0.0,0,0
2026-04-20T13:29:41.871791,52.39,295.39,0.2885,0.0,0.0,1,1
2026-04-20T13:29:45.043162,6.77,753.15,0.7355,0.0,0.0,1,1
2026-04-20T13:29:48.454979,51.78,58.7,0.0573,0.0,0.0,1,0
2026-04-20T13:29:57.027627,76.55,72.38,0.0707,0.0,0.0,1,0
2026-04-20T13:30:00.265943,90.94,2077.29,2.0286,0.0,0.0,1,1
2026-04-20T13:30:03.501874,110.84,135.96,0.1328,0.0,0.0,1,1
2026-04-20T13:30:09.561640,56.18,87.76,0.0857,0.0,0.0,1,0
2026-04-20T13:30:15.313686,52.19,125.45,0.1225,0.0,0.0,1,1
2026-04-20T13:30:18.577825,176.38,105.18,0.1027,0.0,0.0,1,1
2026-04-20T13:30:21.794718,47.44,290.59,0.2838,0.0,0.0,1,1
2026-04-20T13:30:25.043620,70.38,115.72,0.113,0.0,0.0,1,1
2026-04-20T13:30:28.250832,76.13,132.03,0.1289,0.0,0.0,1,1
2026-04-20T13:30:31.569911,46.49,69.81,0.0682,0.0,0.0,1,0
2026-04-20T13:30:35.120608,261.95,71.34,0.0697,0.0,0.0,0,0
2026-04-20T13:30:38.352934,206.34,126.37,0.1234,0.0,0.0,0,1
2026-04-20T13:30:41.672265,91.53,75.53,0.0738,0.0,0.0,1,0
2026-04-20T13:30:45.181193,138.53,31.12,0.0304,0.0,0.0,1,0
2026-04-20T13:30:48.514865,246.82,99.1,0.0968,0.0,0.0,0,0
2026-04-20T13:30:51.682217,25.48,2179.14,2.1281,0.0,0.0,1,1
2026-04-20T13:30:54.985044,68.59,491.85,0.4803,0.0,0.0,1,1
2026-04-20T13:30:58.333636,54.61,44.92,0.0439,0.0,0.0,1,0
2026-04-20T13:31:01.636409,101.51,72.8,0.0711,0.0,0.0,1,0
2026-04-20T13:31:05.793649,65.79,390.82,0.3817,0.0,25.0,0,1
2026-04-20T13:31:09.056802,37.73,88.47,0.0864,0.0,0.0,1,0
2026-04-20T13:31:13.934331,62.98,119.96,0.1172,0.0,0.0,1,1
2026-04-20T13:31:17.181954,76.56,121.12,0.1183,0.0,0.0,1,1
2026-04-20T13:31:20.447294,76.94,83.88,0.0819,0.0,0.0,1,0
2026-04-20T13:31:23.715183,93.93,102.41,0.1,0.0,0.0,1,1
2026-04-20T13:31:29.718975,54.39,166.25,0.1624,0.0,0.0,1,1
2026-04-20T13:31:34.545103,47.95,11.64,0.0114,0.0,50.0,0,0
2026-04-20T13:31:38.366633,394.73,42.24,0.0413,0.0,0.0,0,0
2026-04-20T13:31:42.547997,75.31,188.12,0.1837,0.0,25.0,0,1
2026-04-20T13:31:45.734899,31.86,232.83,0.2274,0.0,0.0,1,1
2026-04-20T13:31:51.037264,43.3,168.35,0.1644,0.0,0.0,1,1
2026-04-20T13:31:54.373217,104.81,64.47,0.063,0.0,0.0,1,0
2026-04-20T13:31:57.746009,90.79,59.57,0.0582,0.0,0.0,1,0
2026-04-20T13:32:05.177196,32.47,52.44,0.0512,0.0,0.0,1,0
2026-04-20T13:32:08.567796,135.58,68.48,0.0669,0.0,0.0,1,0
2026-04-20T13:32:13.661853,9.51,8.09,0.0079,0.0,50.0,0,0
2026-04-20T13:32:16.908053,72.77,220.1,0.2149,0.0,0.0,1,1
2026-04-20T13:32:20.277679,88.51,62.71,0.0612,0.0,0.0,1,0
2026-04-20T13:32:27.185475,52.82,106.36,0.1039,0.0,0.0,1,1
2026-04-20T13:32:32.414993,43.09,107.19,0.1047,0.0,0.0,1,1
2026-04-20T13:32:35.788548,95.03,646.46,0.6313,0.0,0.0,1,1
2026-04-20T13:32:39.075485,71.68,88.19,0.0861,0.0,0.0,1,0
2026-04-20T13:32:42.948778,107.39,76.04,0.0743,0.0,0.0,1,0
2026-04-20T13:32:46.195830,60.31,96.53,0.0943,0.0,0.0,1,0
2026-04-20T13:32:50.237955,47.78,83.87,0.0819,0.0,0.0,1,0
2026-04-20T13:32:56.512349,74.49,126.37,0.1234,0.0,0.0,1,1
2026-04-20T13:33:01.931915,80.66,77.3,0.0755,0.0,0.0,1,0
2026-04-20T13:33:06.732195,57.04,103.55,0.1011,0.0,0.0,1,1
2026-04-20T13:33:09.908483,69.79,1934.2,1.8889,0.0,0.0,1,1
2026-04-20T13:33:13.466786,105.68,22.3,0.0218,0.0,0.0,1,0
2026-04-20T13:33:16.599404,93.9,496.52,0.4849,0.0,0.0,1,1
2026-04-20T13:33:19.904547,62.52,95.0,0.0928,0.0,0.0,1,0
2026-04-20T13:33:23.268541,80.96,59.84,0.0584,0.0,0.0,1,0
2026-04-20T13:33:26.393787,75.4,2505.0,2.4463,0.0,0.0,1,1
2026-04-20T13:33:29.670561,47.49,94.31,0.0921,0.0,0.0,1,0
2026-04-20T13:33:33.750316,48.49,99.2,0.0969,0.0,0.0,1,0
2026-04-20T13:33:36.911052,56.56,1772.93,1.7314,0.0,0.0,1,1
2026-04-20T13:33:40.193795,64.13,87.52,0.0855,0.0,0.0,1,0
2026-04-20T13:33:48.961797,94.58,567.75,0.5544,0.0,0.0,1,1
2026-04-20T13:33:52.223881,94.16,122.99,0.1201,0.0,0.0,1,1
2026-04-20T13:33:55.712892,126.62,33.97,0.0332,0.0,0.0,1,0
2026-04-20T13:33:59.230020,104.49,38.1,0.0372,0.0,0.0,1,0
2026-04-20T13:34:04.494354,66.88,1114.28,1.0882,0.0,0.0,1,1
2026-04-20T13:34:07.651150,26.61,523.76,0.5115,0.0,0.0,1,1
2026-04-20T13:34:10.967570,71.95,91.74,0.0896,0.0,0.0,1,0
2026-04-20T13:34:20.433337,66.6,127.34,0.1244,0.0,0.0,1,1
2026-04-20T13:34:25.503381,145.19,36.48,0.0356,0.0,0.0,1,0
2026-04-20T13:34:28.820233,132.57,96.21,0.094,0.0,0.0,1,0
2026-04-20T13:34:31.953202,41.99,963.74,0.9411,0.0,0.0,1,1
2026-04-20T13:34:35.115685,32.63,285.4,0.2787,0.0,0.0,1,1
2026-04-20T13:34:38.605716,86.19,49.81,0.0486,0.0,0.0,1,0
2026-04-20T13:34:45.406412,44.83,32.7,0.0319,0.0,0.0,1,0
2026-04-20T13:34:53.624075,98.31,68.93,0.0673,0.0,0.0,1,0
2026-04-20T13:34:57.417308,151.18,22.73,0.0222,0.0,0.0,1,0
2026-04-20T13:35:00.563710,155.44,505.0,0.4932,0.0,0.0,1,1
2026-04-20T13:35:01.129937,123.18,949.85,0.9276,0.0,0.0,1,1
2026-04-20T14:26:08.556572,173.82,115.49,0.1128,0.0,0.0,1,1
2026-04-20T14:26:12.237748,240.0,25.08,0.0245,0.0,0.0,0,0
2026-04-20T14:26:16.363280,190.19,278.95,0.2724,0.0,25.0,0,1
2026-04-20T14:26:19.545904,31.76,472.44,0.4614,0.0,0.0,1,1
2026-04-20T14:26:22.771622,54.68,135.25,0.1321,0.0,0.0,1,1
2026-04-20T14:26:28.163917,35.56,6.57,0.0064,0.0,75.0,0,0
2026-04-20T14:26:35.622167,48.81,110.57,0.108,0.0,0.0,1,1
2026-04-20T14:26:42.015978,136.25,221.88,0.2167,0.0,0.0,1,1
2026-04-20T14:26:45.298747,87.27,77.05,0.0752,0.0,0.0,1,0
2026-04-20T14:26:48.461299,29.03,1612.96,1.5752,0.0,0.0,1,1
2026-04-20T14:26:51.656903,32.9,441.32,0.431,0.0,0.0,1,1
2026-04-20T14:26:55.234613,131.76,78.03,0.0762,0.0,0.0,1,0
2026-04-20T14:26:58.501590,235.37,201.77,0.197,0.0,0.0,0,1
2026-04-20T14:27:01.961997,102.17,82.53,0.0806,0.0,0.0,1,0
2026-04-20T14:27:05.088132,77.67,580.61,0.567,0.0,0.0,1,1
2026-04-20T14:27:08.270287,50.91,392.92,0.3837,0.0,0.0,1,1
2026-04-20T14:27:12.577010,169.89,54.83,0.0535,0.0,25.0,0,0
2026-04-20T14:27:15.853737,60.38,206.51,0.2017,0.0,0.0,1,1
2026-04-20T14:27:19.143895,72.1,128.71,0.1257,0.0,0.0,1,1
2026-04-20T14:27:22.379237,34.6,118.7,0.1159,0.0,0.0,1,1
2026-04-20T14:27:25.605142,130.17,111.48,0.1089,0.0,0.0,1,1
2026-04-20T14:27:28.787189,42.3,404.69,0.3952,0.0,0.0,1,1
2026-04-20T14:27:31.996715,42.03,231.55,0.2261,0.0,0.0,1,1
2026-04-20T14:27:35.230193,51.91,150.63,0.1471,0.0,0.0,1,1
2026-04-20T14:27:39.663209,193.76,25.55,0.0249,0.0,25.0,0,0
2026-04-20T14:27:44.478447,30.96,54.32,0.053,0.0,25.0,0,0
2026-04-20T14:27:47.689593,37.13,116.81,0.1141,0.0,0.0,1,1
2026-04-20T14:27:51.565790,20.35,204.02,0.1992,0.0,0.0,1,1
2026-04-20T14:27:54.824061,57.53,1794.45,1.7524,0.0,0.0,1,1
2026-04-20T14:27:58.193244,129.79,72.54,0.0708,0.0,0.0,1,0
2026-04-20T14:28:02.088450,57.19,2135.05,2.085,0.0,0.0,1,1
2026-04-20T14:35:21.286838,80.63,197.67,0.193,0.0,0.0,1,1
2026-04-20T14:35:24.458610,46.74,1194.41,1.1664,0.0,0.0,1,1
2026-04-20T14:35:27.774279,14.42,87.47,0.0854,0.0,0.0,1,0
2026-04-20T14:35:31.035712,55.06,222.95,0.2177,0.0,0.0,1,1
2026-04-20T14:35:34.922077,71.23,56.55,0.0552,0.0,0.0,1,0
2026-04-20T14:35:38.121896,38.02,136.52,0.1333,0.0,0.0,1,1
2026-04-20T14:35:41.421440,64.24,76.76,0.075,0.0,0.0,1,0
2026-04-20T14:35:44.729832,74.52,88.88,0.0868,0.0,0.0,1,0
2026-04-20T14:35:49.326954,66.25,97.47,0.0952,0.0,0.0,1,0
2026-04-20T14:35:52.511957,70.05,347.68,0.3395,0.0,0.0,1,1
2026-04-20T14:35:55.735890,101.07,157.0,0.1533,0.0,0.0,1,1
2026-04-20T14:36:06.292231,112.65,124.77,0.1219,0.0,0.0,1,1
2026-04-20T14:36:15.197826,60.0,403.32,0.3939,0.0,0.0,1,1
2026-04-20T14:36:18.383607,23.91,191.77,0.1873,0.0,0.0,1,1
2026-04-20T14:36:21.605519,57.19,251.47,0.2456,0.0,0.0,1,1
2026-04-20T14:36:27.136393,71.26,39.83,0.0389,0.0,0.0,1,0
2026-04-20T14:36:30.937787,181.26,19.54,0.0191,0.0,0.0,1,0
2026-04-20T14:36:34.351567,118.57,59.62,0.0582,0.0,0.0,1,0
2026-04-20T14:36:38.570089,17.48,149.57,0.1461,0.0,25.0,0,1
2026-04-20T14:36:41.777652,41.99,2052.26,2.0042,0.0,0.0,1,1
2026-04-20T14:36:45.928215,41.07,371.65,0.3629,0.0,25.0,0,1
2026-04-20T14:36:55.414848,109.99,354.26,0.346,0.0,0.0,1,1
2026-04-20T14:36:58.791706,83.33,38.17,0.0373,0.0,0.0,1,0
2026-04-20T14:37:02.132685,168.6,83.31,0.0814,0.0,0.0,1,0
2026-04-20T14:37:05.507031,190.01,36.98,0.0361,0.0,0.0,1,0
2026-04-20T14:37:09.212816,91.64,23.87,0.0233,0.0,0.0,1,0
2026-04-20T14:37:12.671706,106.0,75.41,0.0736,0.0,0.0,1,0
2026-04-20T14:37:15.880493,60.88,2021.47,1.9741,0.0,0.0,1,1
2026-04-20T14:37:19.082433,105.58,409.48,0.3999,0.0,0.0,1,1
2026-04-20T14:37:22.283839,28.62,148.25,0.1448,0.0,0.0,1,1
2026-04-20T14:37:25.568784,84.65,106.9,0.1044,0.0,0.0,1,1
2026-04-20T14:37:28.907137,53.49,76.54,0.0747,0.0,0.0,1,0
2026-04-20T14:37:32.126613,54.61,209.13,0.2042,0.0,0.0,1,1
2026-04-20T14:37:36.071982,60.23,95.26,0.093,0.0,0.0,1,0
2026-04-20T14:37:39.190301,70.27,1072.47,1.0473,0.0,0.0,1,1
2026-04-20T14:37:43.822965,810.36,29.63,0.0289,0.0,0.0,0,0
2026-04-20T14:37:57.986747,19.75,295.83,0.2889,0.0,0.0,1,1
2026-04-20T14:38:01.254549,68.63,235.59,0.2301,0.0,0.0,1,1
2026-04-20T14:38:04.595421,81.47,187.38,0.183,0.0,0.0,1,1
2026-04-20T14:38:12.181612,68.7,57.51,0.0562,0.0,0.0,1,0
2026-04-20T14:38:19.134206,101.53,465.67,0.4548,0.0,0.0,1,1
2026-04-20T14:38:22.482223,120.0,211.16,0.2062,0.0,0.0,1,1
2026-04-20T14:38:26.076410,79.44,48.16,0.047,0.0,0.0,1,0
2026-04-20T14:38:33.119098,24.55,1455.85,1.4217,0.0,0.0,1,1
2026-04-20T14:38:36.304084,76.53,290.9,0.2841,0.0,0.0,1,1
2026-04-20T14:38:39.850386,84.58,55.11,0.0538,0.0,0.0,1,0
2026-04-20T14:38:43.289510,121.31,56.75,0.0554,0.0,0.0,1,0
2026-04-20T14:38:47.664035,141.43,71.73,0.0701,0.0,0.0,1,0
2026-04-20T14:38:50.903141,46.88,1803.03,1.7608,0.0,0.0,1,1
2026-04-20T14:38:54.219337,67.85,301.92,0.2948,0.0,0.0,1,1
2026-04-20T14:38:57.519589,77.28,375.91,0.3671,0.0,0.0,1,1
2026-04-20T14:39:07.638163,71.43,285.36,0.2787,0.0,0.0,1,1
2026-04-20T14:39:25.510134,49.09,451.34,0.4408,0.0,25.0,0,1
2026-04-20T14:39:36.251055,37.24,1274.19,1.2443,0.0,0.0,1,1
2026-04-20T14:39:40.483664,1513.94,154.42,0.1508,0.0,0.0,0,1
2026-04-20T14:39:46.984934,46.99,3.46,0.0034,0.0,75.0,0,0
2026-04-20T14:39:54.147733,46.88,0.0,0.0,0.0,25.0,0,0
2026-04-20T14:39:58.376309,0.0,305.27,0.2981,0.0,100.0,0,1
2026-04-20T14:40:02.611672,37.84,80.18,0.0783,0.0,25.0,0,0
2026-04-20T14:40:05.897662,74.97,378.63,0.3698,0.0,0.0,1,1
2026-04-20T14:40:09.839630,1307.15,548.36,0.5355,0.0,0.0,0,1
2026-04-20T14:40:12.989131,20.05,575.78,0.5623,0.0,0.0,1,1
2026-04-20T14:40:18.844206,0.0,4.87,0.0048,0.0,100.0,0,0
2026-04-20T14:40:22.062495,47.92,548.19,0.5353,0.0,0.0,1,1
2026-04-20T14:40:25.356304,63.02,238.06,0.2325,0.0,0.0,1,1
2026-04-20T14:40:28.621163,55.83,1029.43,1.0053,0.0,0.0,1,1
2026-04-20T14:40:31.869224,29.91,2773.55,2.7085,0.0,0.0,1,1
2026-04-20T14:40:35.069943,33.04,315.11,0.3077,0.0,0.0,1,1
2026-04-20T14:40:38.620105,54.99,30.21,0.0295,0.0,0.0,1,0
2026-04-20T14:40:41.989474,64.81,56.48,0.0552,0.0,0.0,1,0
2026-04-20T14:40:47.721710,68.85,15.47,0.0151,0.0,0.0,1,0
2026-04-20T14:40:59.117238,37.44,173.72,0.1696,0.0,0.0,1,1
2026-04-20T14:41:06.629959,237.51,81.72,0.0798,0.0,0.0,0,0
2026-04-20T14:41:09.847203,74.58,167.0,0.1631,0.0,0.0,1,1
2026-04-20T14:41:32.407671,168.45,135.5,0.1323,0.0,0.0,1,1
2026-04-20T14:41:35.771818,65.97,42.11,0.0411,0.0,0.0,1,0
2026-04-20T14:41:39.244721,122.36,113.86,0.1112,0.0,0.0,1,1
2026-04-20T14:41:42.462892,49.86,260.94,0.2548,0.0,0.0,1,1
2026-04-20T14:41:47.051912,117.1,6.62,0.0065,0.0,0.0,1,0
2026-04-20T14:42:01.076408,51.19,1818.47,1.7759,0.0,0.0,1,1
2026-04-20T14:42:04.284223,54.09,380.27,0.3714,0.0,0.0,1,1
2026-04-20T14:42:09.949692,20.52,5.35,0.0052,0.0,75.0,0,0
2026-04-20T14:42:13.153266,268.6,510.84,0.4989,0.0,0.0,0,1
2026-04-20T14:42:19.192819,21.75,4.39,0.0043,0.0,75.0,0,0
2026-04-20T14:42:26.339962,63.73,0.0,0.0,0.0,50.0,0,0
2026-04-20T14:42:33.322718,645.52,167.78,0.1638,0.0,25.0,0,1
2026-04-20T14:42:36.599741,297.04,237.26,0.2317,0.0,0.0,0,1
2026-04-20T14:42:39.838657,79.38,405.56,0.3961,0.0,0.0,1,1
2026-04-20T14:42:45.027476,98.85,7.55,0.0074,0.0,25.0,0,0
2026-04-20T14:42:48.258051,446.73,813.13,0.7941,0.0,0.0,0,1
2026-04-20T14:42:55.435668,27.88,0.0,0.0,0.0,25.0,0,0
2026-04-20T14:43:06.849746,1375.23,0.0,0.0,0.0,50.0,0,0
2026-04-20T14:43:11.105336,1558.63,296.0,0.2891,0.0,50.0,0,1
2026-04-20T14:43:14.371596,39.98,263.09,0.2569,0.0,0.0,1,1
2026-04-20T14:43:19.475815,109.85,8.79,0.0086,0.0,50.0,0,0
2026-04-20T14:43:22.692523,267.81,532.78,0.5203,0.0,0.0,0,1
2026-04-20T14:43:26.991728,1392.57,75.24,0.0735,0.0,25.0,0,0
2026-04-20T14:43:31.397901,55.0,43.21,0.0422,0.0,50.0,0,0
2026-04-20T14:43:38.567726,63.22,0.0,0.0,0.0,25.0,0,0
2026-04-20T14:43:45.431689,1369.7,88.59,0.0865,0.0,25.0,0,0
2026-04-20T14:43:49.621432,759.83,167.36,0.1634,0.0,0.0,0,1
2026-04-20T14:43:56.858493,16.71,0.0,0.0,0.0,75.0,0,0
2026-04-20T14:44:00.225535,387.08,80.96,0.0791,0.0,0.0,0,0
2026-04-20T14:44:03.422725,305.31,464.71,0.4538,0.0,0.0,0,1
2026-04-20T14:44:06.645260,15.97,516.35,0.5042,0.0,0.0,1,1
2026-04-20T14:44:09.878241,804.86,233.11,0.2276,0.0,0.0,0,1
2026-04-20T14:44:13.045980,22.72,258.82,0.2528,0.0,0.0,1,1
2026-04-20T14:44:18.051794,17.21,9.99,0.0098,0.0,50.0,0,0
2026-04-20T14:44:21.405487,55.32,114.06,0.1114,0.0,0.0,1,1
2026-04-20T14:44:24.622888,60.49,351.54,0.3433,0.0,0.0,1,1
2026-04-20T14:44:28.251834,1081.41,256.71,0.2507,0.0,0.0,0,1
2026-04-20T14:44:31.552960,82.73,235.18,0.2297,0.0,0.0,1,1
2026-04-20T14:44:35.816216,11.05,85.27,0.0833,0.0,25.0,0,0
2026-04-20T14:44:40.428849,95.92,16.55,0.0162,0.0,25.0,0,0
2026-04-20T14:44:47.615752,19.46,0.0,0.0,0.0,75.0,0,0
2026-04-20T14:44:54.802693,980.58,59.69,0.0583,0.0,25.0,0,0
2026-04-20T14:44:57.980744,244.28,251.45,0.2456,0.0,0.0,0,1
2026-04-20T14:45:01.247716,82.98,165.56,0.1617,0.0,0.0,1,1
2026-04-20T14:45:04.563062,185.41,805.09,0.7862,0.0,0.0,1,1
2026-04-20T14:45:09.755868,101.68,7.74,0.0076,0.0,25.0,0,0
2026-04-20T14:45:14.229258,23.37,29.06,0.0284,0.0,75.0,0,0
2026-04-20T14:45:17.726009,142.52,257.77,0.2517,0.0,0.0,1,1
2026-04-20T14:45:20.935698,36.55,294.08,0.2872,0.0,0.0,1,1
2026-04-20T14:45:24.112616,61.4,547.4,0.5346,0.0,0.0,1,1
2026-04-20T14:45:27.384458,56.58,194.27,0.1897,0.0,0.0,1,1
2026-04-20T14:45:42.191839,143.76,89.42,0.0873,0.0,0.0,1,0
2026-04-20T14:45:45.598217,118.58,33.8,0.033,0.0,0.0,1,0
2026-04-20T14:45:53.736758,84.73,56.48,0.0552,0.0,0.0,1,0
2026-04-20T14:45:57.016027,72.71,241.59,0.2359,0.0,0.0,1,1
2026-04-20T14:46:04.199609,40.32,0.0,0.0,0.0,25.0,0,0
2026-04-20T14:46:22.694353,92.83,86.52,0.0845,0.0,0.0,1,0
2026-04-20T14:46:26.283847,353.09,44.0,0.043,0.0,0.0,0,0
2026-04-20T14:46:36.955748,68.38,411.42,0.4018,0.0,0.0,1,1
2026-04-20T14:46:40.278036,486.84,492.54,0.481,0.0,0.0,0,1
2026-04-20T14:46:43.486852,68.77,749.0,0.7314,0.0,0.0,1,1
2026-04-20T14:46:49.477905,180.1,4.47,0.0044,0.0,75.0,0,0
2026-04-20T14:46:52.788853,63.18,68.32,0.0667,0.0,0.0,1,0
2026-04-20T14:46:56.005225,74.94,198.88,0.1942,0.0,0.0,1,1
2026-04-20T14:46:59.477015,96.16,83.71,0.0818,0.0,0.0,1,0
2026-04-20T14:47:02.639892,71.58,365.52,0.357,0.0,0.0,1,1
2026-04-20T14:47:05.989154,160.84,133.43,0.1303,0.0,0.0,1,1
2026-04-20T14:47:09.238687,62.14,187.31,0.1829,0.0,0.0,1,1
2026-04-20T14:47:20.126582,54.58,181.91,0.1776,0.0,0.0,1,1
2026-04-20T14:47:23.445748,74.06,89.81,0.0877,0.0,0.0,1,0
2026-04-20T14:47:26.654852,86.88,280.3,0.2737,0.0,0.0,1,1
2026-04-20T14:47:31.127297,127.31,50.92,0.0497,0.0,0.0,1,0
2026-04-20T14:47:39.966240,129.51,225.74,0.2204,0.0,0.0,1,1
2026-04-20T14:47:52.415658,90.55,37.33,0.0365,0.0,0.0,1,0
2026-04-20T14:47:58.183248,73.38,4.98,0.0049,0.0,50.0,0,0
2026-04-20T14:48:01.408441,77.42,315.94,0.3085,0.0,0.0,1,1
2026-04-20T14:48:04.689716,62.24,83.64,0.0817,0.0,0.0,1,0
2026-04-20T14:48:07.991634,268.06,74.48,0.0727,0.0,0.0,0,0
2026-04-20T14:48:11.173901,100.44,207.49,0.2026,0.0,0.0,1,1
2026-04-20T14:48:26.990693,0.0,117.6,0.1148,0.0,100.0,0,1
2026-04-20T14:48:30.136916,44.07,1856.09,1.8126,0.0,0.0,1,1
2026-04-20T14:48:33.375339,175.76,182.55,0.1783,0.0,0.0,1,1
2026-04-20T14:48:36.759510,97.05,74.26,0.0725,0.0,0.0,1,0
2026-04-20T14:48:39.941687,72.89,740.65,0.7233,0.0,0.0,1,1
2026-04-20T14:48:43.147040,24.56,588.81,0.575,0.0,0.0,1,1
2026-04-20T14:48:49.284197,92.8,4.08,0.004,0.0,25.0,0,0
2026-04-20T14:48:56.495606,46.59,177.15,0.173,0.0,0.0,1,1
2026-04-20T14:49:03.043005,61.76,64.05,0.0625,0.0,0.0,1,0
2026-04-20T14:49:06.453960,88.1,61.15,0.0597,0.0,0.0,1,0
2026-04-20T14:49:10.334807,249.06,90.96,0.0888,0.0,0.0,0,0
2026-04-20T14:49:13.478321,112.73,1213.02,1.1846,0.0,0.0,1,1
2026-04-20T14:49:16.700065,52.35,333.81,0.326,0.0,0.0,1,1
2026-04-20T14:49:20.153378,151.33,46.87,0.0458,0.0,0.0,1,0
2026-04-20T14:49:35.119276,76.69,306.61,0.2994,0.0,0.0,1,1
2026-04-20T14:49:38.479594,73.68,51.98,0.0508,0.0,0.0,1,0
2026-04-20T14:49:42.442953,75.54,94.31,0.0921,0.0,0.0,1,0
2026-04-20T14:49:45.766260,77.83,88.28,0.0862,0.0,0.0,1,0
2026-04-20T14:49:49.119684,87.91,626.74,0.6121,0.0,0.0,1,1
2026-04-20T14:49:56.371669,115.05,0.0,0.0,0.0,75.0,0,0
2026-04-20T14:50:02.840518,601.68,1545.79,1.5096,0.0,25.0,0,1
2026-04-20T14:50:07.150245,45.89,56.88,0.0555,0.0,50.0,0,0
2026-04-20T14:50:10.387253,37.95,206.5,0.2017,0.0,0.0,1,1
2026-04-20T14:50:13.840936,951.19,213.86,0.2088,0.0,0.0,0,1
2026-04-20T14:50:17.289413,114.59,72.46,0.0708,0.0,0.0,1,0
2026-04-20T14:50:20.531494,128.26,1602.26,1.5647,0.0,0.0,1,1
2026-04-20T14:50:23.787064,30.06,433.22,0.4231,0.0,0.0,1,1
2026-04-20T14:50:27.074476,87.08,105.91,0.1034,0.0,0.0,1,1
2026-04-20T14:50:30.311956,68.1,155.4,0.1518,0.0,0.0,1,1
2026-04-20T14:50:33.540611,388.39,107.46,0.1049,0.0,0.0,0,1
2026-04-20T14:50:39.726914,153.39,71.49,0.0698,0.0,0.0,1,0
2026-04-20T14:50:42.994288,46.68,89.02,0.0869,0.0,0.0,1,0
2026-04-20T14:50:46.099729,20.9,2509.87,2.451,0.0,0.0,1,1
2026-04-20T14:50:49.757216,955.08,40.77,0.0398,0.0,0.0,0,0
2026-04-20T14:50:53.893330,133.72,13.31,0.013,0.0,0.0,1,0
2026-04-20T14:50:57.026622,40.48,660.81,0.6453,0.0,0.0,1,1
2026-04-20T14:51:00.187855,33.05,547.42,0.5346,0.0,0.0,1,1
2026-04-20T14:51:04.402005,77.85,476.41,0.4652,0.0,75.0,0,1
2026-04-20T14:51:11.225805,78.69,142.8,0.1395,0.0,0.0,1,1
2026-04-20T14:51:14.473838,69.37,88.9,0.0868,0.0,0.0,1,0
2026-04-20T14:51:17.907978,77.29,35.52,0.0347,0.0,0.0,1,0
2026-04-20T14:51:21.150874,75.75,157.78,0.1541,0.0,0.0,1,1
2026-04-20T14:51:24.403504,59.15,97.16,0.0949,0.0,0.0,1,0
2026-04-20T14:51:27.634104,33.7,120.19,0.1174,0.0,0.0,1,1
2026-04-20T14:51:31.430430,62.26,114.32,0.1116,0.0,0.0,1,1
2026-04-20T14:51:34.697106,101.31,85.69,0.0837,0.0,0.0,1,0
2026-04-20T14:51:37.876858,111.15,266.29,0.26,0.0,0.0,1,1
2026-04-20T14:51:42.007680,96.42,181.32,0.1771,0.0,0.0,1,1
2026-04-20T14:51:45.369842,58.3,1652.36,1.6136,0.0,0.0,1,1
2026-04-20T14:51:48.558434,35.26,340.04,0.3321,0.0,0.0,1,1
2026-04-20T14:51:51.912177,35.58,45.28,0.0442,0.0,0.0,1,0
2026-04-20T14:51:57.366165,155.25,28.49,0.0278,0.0,25.0,0,0
2026-04-20T14:52:02.181877,46.18,141.95,0.1386,0.0,0.0,1,1
2026-04-20T14:52:05.395742,96.7,152.1,0.1485,0.0,0.0,1,1
2026-04-20T14:52:08.624164,40.86,179.31,0.1751,0.0,0.0,1,1
2026-04-20T14:52:11.906948,50.44,133.06,0.1299,0.0,0.0,1,1
2026-04-20T14:52:18.499711,43.42,208.39,0.2035,0.0,0.0,1,1
2026-04-20T14:52:21.716495,36.72,241.05,0.2354,0.0,0.0,1,1
2026-04-20T14:52:24.953884,35.08,124.75,0.1218,0.0,0.0,1,1
2026-04-20T14:52:29.040140,86.21,145.54,0.1421,0.0,0.0,1,1
2026-04-20T14:52:32.251700,94.91,159.16,0.1554,0.0,0.0,1,1
2026-04-20T14:52:35.417343,42.79,1736.41,1.6957,0.0,0.0,1,1
2026-04-20T14:52:38.719695,25.22,512.42,0.5004,0.0,0.0,1,1
2026-04-20T14:52:41.991106,111.12,130.2,0.1272,0.0,0.0,1,1
2026-04-20T14:52:46.689096,126.4,48.9,0.0478,0.0,0.0,1,0
2026-04-20T14:52:49.914184,47.21,165.49,0.1616,0.0,0.0,1,1
2026-04-20T14:52:57.087914,85.4,0.0,0.0,0.0,25.0,0,0
2026-04-20T14:53:00.785322,397.64,66.83,0.0653,0.0,0.0,0,0
2026-04-20T14:53:05.403217,38.42,176.0,0.1719,0.0,0.0,1,1
2026-04-20T14:53:08.579712,70.86,383.8,0.3748,0.0,0.0,1,1
2026-04-20T14:53:11.847662,60.7,181.6,0.1773,0.0,0.0,1,1
2026-04-20T14:53:15.474466,112.45,28.99,0.0283,0.0,0.0,1,0
2026-04-20T14:53:18.672643,27.63,193.14,0.1886,0.0,0.0,1,1
2026-04-20T14:53:21.926731,57.35,754.47,0.7368,0.0,0.0,1,1
2026-04-20T14:53:25.267789,65.7,58.09,0.0567,0.0,0.0,1,0
2026-04-20T14:53:28.492455,41.13,172.61,0.1686,0.0,0.0,1,1
2026-04-20T14:53:32.024380,108.53,41.64,0.0407,0.0,0.0,1,0
2026-04-20T14:53:36.138509,38.08,64.17,0.0627,0.0,0.0,1,0
2026-04-20T14:53:40.928785,28.51,172.28,0.1682,0.0,0.0,1,1
2026-04-20T14:53:44.077982,22.99,294.44,0.2875,0.0,0.0,1,1
2026-04-20T14:53:47.282123,35.28,158.47,0.1548,0.0,0.0,1,1
2026-04-20T14:53:50.523421,53.07,163.5,0.1597,0.0,0.0,1,1
2026-04-20T14:53:53.929003,79.34,76.36,0.0746,0.0,0.0,1,0
2026-04-20T14:53:57.142873,75.7,153.39,0.1498,0.0,0.0,1,1
2026-04-20T14:54:00.505073,114.67,116.6,0.1139,0.0,0.0,1,1
2026-04-20T14:54:04.233704,269.41,213.66,0.2087,0.0,0.0,0,1
2026-04-20T14:54:07.500316,90.31,222.7,0.2175,0.0,0.0,1,1
2026-04-20T14:54:14.692767,36.07,0.0,0.0,0.0,25.0,0,0
2026-04-20T14:54:17.981914,539.08,156.49,0.1528,0.0,0.0,0,1
2026-04-20T14:54:21.392094,65.11,69.07,0.0674,0.0,0.0,1,0
2026-04-20T14:54:24.571802,53.03,1983.94,1.9374,0.0,0.0,1,1
2026-04-20T14:54:28.134526,275.83,172.52,0.1685,0.0,0.0,0,1
2026-04-20T14:54:31.399170,143.13,286.98,0.2803,0.0,0.0,1,1
2026-04-20T14:54:34.823242,139.77,59.1,0.0577,0.0,0.0,1,0
2026-04-20T14:54:39.000293,15.78,537.53,0.5249,0.0,0.0,1,1
2026-04-20T14:54:45.701974,891.07,4.57,0.0045,0.0,75.0,0,0
2026-04-20T14:54:49.149885,133.93,126.86,0.1239,0.0,0.0,1,1
2026-04-20T14:54:54.137358,38.24,224.59,0.2193,0.0,0.0,1,1
2026-04-20T14:54:58.347304,35.45,231.21,0.2258,0.0,50.0,0,1
2026-04-20T14:55:05.531689,17.58,0.0,0.0,0.0,75.0,0,0
2026-04-20T14:55:09.773087,4051.19,185.37,0.181,0.0,75.0,0,1
2026-04-20T14:55:16.471819,84.06,52.98,0.0517,0.0,0.0,1,0
2026-04-20T14:55:20.568919,53.17,170.37,0.1664,0.0,0.0,1,1
2026-04-20T14:55:23.786978,46.56,364.29,0.3558,0.0,0.0,1,1
2026-04-20T14:55:27.024832,16.76,169.05,0.1651,0.0,0.0,1,1
2026-04-20T14:55:30.744398,200.01,132.4,0.1293,0.0,0.0,0,1
2026-04-20T14:55:34.185193,173.98,47.94,0.0468,0.0,0.0,1,0
2026-04-20T14:55:37.337780,93.69,795.45,0.7768,0.0,0.0,1,1
2026-04-20T14:55:40.535403,297.1,247.99,0.2422,0.0,0.0,0,1
2026-04-20T14:55:47.695652,81.05,0.0,0.0,0.0,25.0,0,0
2026-04-20T14:55:55.878225,1310.35,5.71,0.0056,0.0,50.0,0,0
2026-04-20T14:55:59.167675,89.92,167.79,0.1639,0.0,0.0,1,1
2026-04-20T14:56:02.365268,19.52,360.08,0.3516,0.0,0.0,1,1
2026-04-20T14:56:07.047046,20.61,14.69,0.0143,0.0,50.0,0,0
2026-04-20T14:56:10.990848,142.33,23.12,0.0226,0.0,0.0,1,0
2026-04-20T14:56:14.343907,100.87,75.02,0.0733,0.0,0.0,1,0
2026-04-20T14:56:17.697579,27.72,47.83,0.0467,0.0,0.0,1,0
2026-04-20T14:56:20.855675,41.09,806.77,0.7879,0.0,0.0,1,1
2026-04-20T14:56:24.093379,74.5,598.63,0.5846,0.0,0.0,1,1
2026-04-20T14:56:27.353143,58.45,937.8,0.9158,0.0,0.0,1,1
2026-04-20T14:56:31.000823,114.56,41.99,0.041,0.0,0.0,1,0
2026-04-20T14:56:34.257492,92.19,208.28,0.2034,0.0,0.0,1,1
2026-04-20T14:56:39.651720,119.95,496.82,0.4852,0.0,0.0,1,1
2026-04-20T14:56:46.811826,45.31,0.0,0.0,0.0,50.0,0,0
2026-04-20T14:56:51.092282,1570.97,133.88,0.1307,0.0,50.0,0,1
2026-04-20T14:56:57.825624,58.19,3.09,0.003,0.0,50.0,0,0
2026-04-20T14:57:01.001109,51.51,498.08,0.4864,0.0,0.0,1,1
2026-04-20T14:57:04.240009,50.15,180.19,0.176,0.0,0.0,1,1
2026-04-20T14:57:07.524253,46.66,87.27,0.0852,0.0,0.0,1,0
2026-04-20T14:57:12.076883,75.96,443.28,0.4329,0.0,0.0,1,1
2026-04-20T14:57:15.204580,144.63,2387.2,2.3312,0.0,0.0,1,1
2026-04-20T14:57:18.568901,68.36,102.78,0.1004,0.0,0.0,1,1
2026-04-20T14:57:21.825002,103.14,1555.9,1.5194,0.0,0.0,1,1
2026-04-20T14:57:25.276513,228.09,94.91,0.0927,0.0,0.0,0,0
2026-04-20T14:57:28.539298,76.92,110.14,0.1076,0.0,0.0,1,1
2026-04-20T14:57:31.730693,69.65,266.29,0.26,0.0,0.0,1,1
2026-04-20T14:57:37.024676,446.27,143.62,0.1403,0.0,0.0,0,1
2026-04-20T14:57:40.187649,49.71,745.64,0.7282,0.0,0.0,1,1
2026-04-20T14:57:43.507972,59.85,72.72,0.071,0.0,0.0,1,0
2026-04-20T14:57:47.029878,206.98,66.4,0.0648,0.0,0.0,0,0
2026-04-20T14:57:50.337407,200.57,158.52,0.1548,0.0,0.0,0,1
2026-04-20T14:57:54.924181,61.46,409.44,0.3998,0.0,0.0,1,1
2026-04-20T14:57:58.242841,788.52,290.4,0.2836,0.0,0.0,0,1
2026-04-20T14:58:01.476180,29.78,490.71,0.4792,0.0,0.0,1,1
2026-04-20T14:58:08.627046,63.42,0.0,0.0,0.0,25.0,0,0
2026-04-20T14:58:11.937134,302.18,77.1,0.0753,0.0,0.0,0,0
2026-04-20T14:58:24.063576,139.5,1.16,0.0011,0.0,0.0,1,0
2026-04-20T14:58:27.259231,40.01,1887.63,1.8434,0.0,0.0,1,1
2026-04-20T14:58:30.431964,29.18,540.71,0.528,0.0,0.0,1,1
2026-04-20T14:58:33.850429,71.91,54.93,0.0536,0.0,0.0,1,0
2026-04-20T14:58:37.226447,117.74,184.2,0.1799,0.0,0.0,1,1
2026-04-20T14:58:40.635519,239.51,298.61,0.2916,0.0,0.0,0,1
2026-04-20T14:58:46.799892,385.55,2242.94,2.1904,0.0,0.0,0,1
2026-04-20T14:58:49.995051,63.66,328.96,0.3212,0.0,0.0,1,1
2026-04-20T14:58:57.151752,15.9,0.0,0.0,0.0,50.0,0,0
2026-04-20T14:59:05.156271,33.14,195.45,0.1909,0.0,0.0,1,1
2026-04-20T14:59:08.605941,113.68,47.38,0.0463,0.0,0.0,1,0
2026-04-20T14:59:14.755982,54.22,257.33,0.2513,0.0,0.0,1,1
2026-04-20T14:59:18.015771,39.67,110.26,0.1077,0.0,0.0,1,1
2026-04-20T14:59:21.260909,73.3,194.63,0.1901,0.0,0.0,1,1
2026-04-20T14:59:24.535124,49.12,88.35,0.0863,0.0,0.0,1,0
2026-04-20T14:59:27.805960,104.59,180.32,0.1761,0.0,0.0,1,1
2026-04-20T14:59:36.427349,59.39,1.79,0.0018,0.0,25.0,0,0
2026-04-20T14:59:39.694744,56.27,319.72,0.3122,0.0,0.0,1,1
2026-04-20T14:59:46.876098,136.94,0.0,0.0,0.0,75.0,0,0
2026-04-20T14:59:54.959950,1232.63,368.69,0.3601,0.0,50.0,0,1
2026-04-20T14:59:58.139609,25.15,1588.53,1.5513,0.0,0.0,1,1
2026-04-20T15:00:01.428349,34.17,144.76,0.1414,0.0,0.0,1,1
2026-04-20T15:00:04.825626,95.4,140.39,0.1371,0.0,0.0,1,1
2026-04-20T15:00:08.122831,48.45,74.81,0.0731,0.0,0.0,1,0
2026-04-20T15:00:11.528265,80.66,59.41,0.058,0.0,0.0,1,0
2026-04-20T15:00:14.718502,60.26,187.63,0.1832,0.0,0.0,1,1
2026-04-20T15:00:18.004594,97.99,91.4,0.0893,0.0,0.0,1,0
2026-04-20T15:00:23.184879,67.99,35.86,0.035,0.0,0.0,1,0
2026-04-20T15:00:26.315130,131.84,2043.51,1.9956,0.0,0.0,1,1
2026-04-20T15:00:29.610176,62.7,344.22,0.3361,0.0,0.0,1,1
2026-04-20T15:00:33.174944,100.2,32.93,0.0322,0.0,0.0,1,0
2026-04-20T15:00:36.468009,69.56,75.47,0.0737,0.0,0.0,1,0
2026-04-20T15:00:44.269744,40.56,136.69,0.1335,0.0,0.0,1,1
2026-04-20T15:00:47.455287,34.94,176.95,0.1728,0.0,0.0,1,1
2026-04-20T15:00:50.715973,38.28,69.96,0.0683,0.0,0.0,1,0
2026-04-20T15:00:53.978267,87.38,215.31,0.2103,0.0,0.0,1,1
2026-04-20T15:00:57.182828,91.8,911.76,0.8904,0.0,0.0,1,1
2026-04-20T15:01:00.549078,84.72,81.15,0.0792,0.0,0.0,1,0
2026-04-20T15:01:03.770694,48.63,132.35,0.1293,0.0,0.0,1,1
2026-04-20T15:01:07.729035,44.02,149.17,0.1457,0.0,0.0,1,1
2026-04-20T15:01:10.999631,37.23,104.82,0.1024,0.0,0.0,1,1
2026-04-20T15:01:14.344186,94.68,68.4,0.0668,0.0,0.0,1,0
2026-04-20T15:01:17.601338,51.12,147.83,0.1444,0.0,0.0,1,1
2026-04-20T15:01:21.533884,229.48,28.15,0.0275,0.0,0.0,0,0
2026-04-20T15:01:24.759761,156.29,127.58,0.1246,0.0,0.0,1,1
2026-04-20T15:01:28.085821,144.41,153.76,0.1502,0.0,0.0,1,1
2026-04-20T15:01:31.302240,58.02,327.97,0.3203,0.0,0.0,1,1
2026-04-20T15:01:35.501027,32.47,123.88,0.121,0.0,25.0,0,1
2026-04-20T15:01:39.135101,184.18,28.92,0.0282,0.0,0.0,1,0
2026-04-20T15:01:42.362178,190.27,228.34,0.223,0.0,0.0,1,1
2026-04-20T15:01:48.789477,17.77,1591.92,1.5546,0.0,0.0,1,1
2026-04-20T15:01:55.955793,33.19,0.0,0.0,0.0,50.0,0,0
2026-04-20T15:01:59.847032,314.77,130.69,0.1276,0.0,0.0,0,1
2026-04-20T15:02:03.094465,132.63,72.22,0.0705,0.0,0.0,1,0
2026-04-20T15:02:06.371080,48.23,102.37,0.1,0.0,0.0,1,1
2026-04-20T15:02:09.594064,90.39,309.22,0.302,0.0,0.0,1,1
2026-04-20T15:02:12.811844,357.46,138.67,0.1354,0.0,0.0,0,1
2026-04-20T15:02:17.996669,30.94,168.37,0.1644,0.0,0.0,1,1
2026-04-20T15:02:21.190931,28.24,225.54,0.2203,0.0,0.0,1,1
2026-04-20T15:02:24.414416,48.0,103.87,0.1014,0.0,0.0,1,1
2026-04-20T15:02:30.261343,64.07,23.88,0.0233,0.0,0.0,1,0
2026-04-20T15:02:36.571179,299.12,63.17,0.0617,0.0,0.0,0,0
2026-04-20T15:02:39.947515,71.25,79.92,0.078,0.0,0.0,1,0
2026-04-20T15:02:43.201513,24.97,108.9,0.1063,0.0,0.0,1,1
2026-04-20T15:02:46.641658,60.42,66.7,0.0651,0.0,0.0,1,0
2026-04-20T15:02:49.918514,63.32,235.86,0.2303,0.0,0.0,1,1
2026-04-20T15:02:55.474685,95.74,53.36,0.0521,0.0,0.0,1,0
2026-04-20T15:02:58.928358,253.39,54.16,0.0529,0.0,0.0,0,0
2026-04-20T15:03:02.368489,144.28,91.21,0.0891,0.0,0.0,1,0
2026-04-20T15:03:08.626148,104.31,3.8,0.0037,0.0,25.0,0,0
2026-04-20T15:03:11.816809,63.64,532.2,0.5197,0.0,0.0,1,1
2026-04-20T15:03:19.003670,16.6,0.0,0.0,0.0,75.0,0,0
2026-04-20T15:03:22.336633,85.6,73.42,0.0717,0.0,0.0,1,0
2026-04-20T15:03:25.669812,85.5,215.08,0.21,0.0,0.0,1,1
2026-04-20T15:03:32.041916,62.38,539.2,0.5266,0.0,0.0,1,1
2026-04-20T15:03:38.145492,36.03,4.1,0.004,0.0,50.0,0,0
2026-04-20T15:03:41.652304,121.46,242.5,0.2368,0.0,0.0,1,1
2026-04-20T15:03:44.901384,60.2,137.46,0.1342,0.0,0.0,1,1
2026-04-20T15:03:51.863507,109.69,109.38,0.1068,0.0,0.0,1,1
2026-04-20T15:04:00.321899,184.9,285.08,0.2784,0.0,0.0,1,1
2026-04-20T15:04:05.902076,93.01,51.57,0.0504,0.0,0.0,1,0
2026-04-20T15:04:09.734387,205.33,388.35,0.3792,0.0,0.0,0,1
2026-04-20T15:04:16.908866,10.43,0.0,0.0,0.0,50.0,0,0
2026-04-20T15:04:24.486092,1764.37,60.84,0.0594,0.0,25.0,0,0
2026-04-20T15:04:27.734144,57.82,250.54,0.2447,0.0,0.0,1,1
2026-04-20T15:04:31.190794,179.4,38.48,0.0376,0.0,0.0,1,0
2026-04-20T15:04:42.022960,124.0,39.46,0.0385,0.0,0.0,1,0
2026-04-20T15:04:53.305957,17.1,6.49,0.0063,0.0,25.0,0,0
2026-04-20T15:04:58.538212,71.45,7.74,0.0076,0.0,75.0,0,0
2026-04-20T15:05:01.831685,200.39,112.14,0.1095,0.0,0.0,0,1
2026-04-20T15:05:09.904005,91.28,44.91,0.0439,0.0,0.0,1,0
2026-04-20T15:05:17.188421,83.94,7.83,0.0076,0.0,50.0,0,0
2026-04-20T15:05:20.361220,174.14,1320.26,1.2893,0.0,0.0,1,1
2026-04-20T15:05:23.652843,42.13,248.23,0.2424,0.0,0.0,1,1
2026-04-20T15:05:26.895925,44.36,1376.65,1.3444,0.0,0.0,1,1
2026-04-20T15:05:30.071341,30.51,2439.44,2.3823,0.0,0.0,1,1
2026-04-20T15:05:33.454556,80.08,60.6,0.0592,0.0,0.0,1,0
2026-04-20T15:05:36.664734,139.5,390.63,0.3815,0.0,0.0,1,1
2026-04-20T15:05:39.965254,39.72,72.87,0.0712,0.0,0.0,1,0
2026-04-20T15:05:43.191405,63.95,177.66,0.1735,0.0,0.0,1,1
2026-04-20T15:05:46.526680,35.99,88.62,0.0865,0.0,0.0,1,0
2026-04-20T15:05:53.029674,282.84,146.73,0.1433,0.0,0.0,0,1
2026-04-20T15:06:03.155623,151.75,27.96,0.0273,0.0,0.0,1,0
2026-04-20T15:06:06.405787,304.44,103.36,0.1009,0.0,0.0,0,1
2026-04-20T15:06:14.613017,79.19,43.37,0.0424,0.0,0.0,1,0
2026-04-20T15:06:17.801827,172.25,1628.62,1.5904,0.0,0.0,1,1
2026-04-20T15:06:24.955577,22.33,0.0,0.0,0.0,25.0,0,0
2026-04-20T15:06:28.254104,1555.82,134.92,0.1318,0.0,0.0,0,1
2026-04-20T15:06:35.361833,35.75,221.49,0.2163,0.0,0.0,1,1
2026-04-20T15:06:39.164876,64.05,149.21,0.1457,0.0,0.0,1,1
2026-04-20T15:06:42.420364,52.26,331.49,0.3237,0.0,0.0,1,1
2026-04-20T15:06:45.653813,100.3,247.12,0.2413,0.0,0.0,1,1
2026-04-20T15:06:48.785700,50.06,1892.1,1.8478,0.0,0.0,1,1
2026-04-20T15:06:52.071273,67.71,93.52,0.0913,0.0,0.0,1,0
2026-04-20T15:06:55.282985,54.12,224.26,0.219,0.0,0.0,1,1
2026-04-20T15:06:58.608046,54.91,221.24,0.2161,0.0,0.0,1,1
2026-04-20T15:07:01.909668,87.06,169.32,0.1653,0.0,0.0,1,1
2026-04-20T15:07:05.086531,85.32,148.73,0.1452,0.0,0.0,1,1
2026-04-20T15:07:08.193947,48.42,1721.8,1.6814,0.0,0.0,1,1
2026-04-20T15:07:11.365143,63.98,774.05,0.7559,0.0,0.0,1,1
2026-04-20T15:07:14.810815,103.27,54.35,0.0531,0.0,0.0,1,0
2026-04-20T15:07:18.176004,140.9,41.01,0.04,0.0,0.0,1,0
2026-04-20T15:07:25.820032,69.94,6.96,0.0068,0.0,0.0,1,0
2026-04-20T15:07:36.247730,35.42,313.12,0.3058,0.0,0.0,1,1
2026-04-20T15:07:39.664378,64.33,40.43,0.0395,0.0,0.0,1,0
2026-04-20T15:07:43.248650,84.24,30.97,0.0302,0.0,0.0,1,0
2026-04-20T15:07:48.542271,296.05,174.55,0.1705,0.0,0.0,0,1
2026-04-20T15:07:51.872229,43.24,136.4,0.1332,0.0,0.0,1,1
2026-04-20T15:07:55.072922,61.66,327.25,0.3196,0.0,0.0,1,1
2026-04-20T15:07:59.293033,100.03,77.77,0.0759,0.0,25.0,0,0
2026-04-20T15:08:02.670321,103.35,65.58,0.064,0.0,0.0,1,0
2026-04-20T15:08:05.808510,50.16,1169.92,1.1425,0.0,0.0,1,1
2026-04-20T15:08:09.034438,51.14,244.44,0.2387,0.0,0.0,1,1
2026-04-20T15:08:12.276824,53.41,140.31,0.137,0.0,0.0,1,1
2026-04-20T15:08:15.728833,80.87,43.58,0.0426,0.0,0.0,1,0
2026-04-20T15:08:19.526599,193.99,20.56,0.0201,0.0,0.0,1,0
2026-04-20T15:08:22.896800,224.78,75.93,0.0742,0.0,0.0,0,0
2026-04-20T15:08:26.148033,50.16,290.32,0.2835,0.0,0.0,1,1
2026-04-20T15:08:29.711640,40.25,22.59,0.0221,0.0,0.0,1,0
2026-04-20T15:08:33.080921,87.61,61.98,0.0605,0.0,0.0,1,0
2026-04-20T15:08:36.352917,104.68,1457.3,1.4231,0.0,0.0,1,1
2026-04-20T15:08:39.619386,51.63,102.52,0.1001,0.0,0.0,1,1
2026-04-20T15:08:42.863567,63.83,117.27,0.1145,0.0,0.0,1,1
2026-04-20T15:08:46.062882,44.61,232.69,0.2272,0.0,0.0,1,1
2026-04-20T15:08:49.349291,94.7,77.98,0.0762,0.0,0.0,1,0
2026-04-20T15:08:53.368796,312.21,151.05,0.1475,0.0,0.0,0,1
2026-04-20T15:08:56.618438,45.53,186.74,0.1824,0.0,0.0,1,1
2026-04-20T15:08:59.855424,29.28,179.07,0.1749,0.0,0.0,1,1
2026-04-20T15:09:03.123642,54.1,97.8,0.0955,0.0,0.0,1,0
2026-04-20T15:09:06.419464,83.78,154.73,0.1511,0.0,0.0,1,1
2026-04-20T15:09:10.414706,133.5,14.56,0.0142,0.0,0.0,1,0
2026-04-20T15:09:15.032142,95.1,16.57,0.0162,0.0,25.0,0,0
2026-04-20T15:09:19.246696,79.54,288.85,0.2821,0.0,50.0,0,1
2026-04-20T15:09:26.431814,13.49,0.0,0.0,0.0,50.0,0,0
2026-04-20T15:09:33.334660,695.68,159.8,0.1561,0.0,25.0,0,1
2026-04-20T15:09:40.996701,93.3,213.67,0.2087,0.0,25.0,0,1
2026-04-20T15:09:44.156513,21.59,1480.19,1.4455,0.0,0.0,1,1
2026-04-20T15:09:47.371344,817.36,365.93,0.3574,0.0,0.0,0,1
2026-04-20T15:09:50.591988,719.29,358.82,0.3504,0.0,0.0,0,1
2026-04-20T15:09:53.903260,120.85,92.97,0.0908,0.0,0.0,1,0
2026-04-20T15:09:58.139585,97.45,80.41,0.0785,0.0,25.0,0,0
2026-04-20T15:10:05.351572,41.71,0.0,0.0,0.0,75.0,0,0
2026-04-20T15:10:09.719644,0.0,62.99,0.0615,0.0,100.0,0,0
2026-04-20T15:10:12.888721,20.35,2484.96,2.4267,0.0,0.0,1,1
2026-04-20T15:10:16.203006,60.46,156.82,0.1531,0.0,0.0,1,1
2026-04-20T15:10:19.665867,83.77,66.05,0.0645,0.0,0.0,1,0
2026-04-20T15:10:24.346617,48.58,260.67,0.2546,0.0,0.0,1,1
2026-04-20T15:10:27.527412,127.56,144.59,0.1412,0.0,0.0,1,1
2026-04-20T15:10:30.852358,72.56,231.47,0.226,0.0,0.0,1,1
2026-04-20T15:10:34.106542,236.38,178.22,0.174,0.0,0.0,0,1
2026-04-20T15:10:37.457150,116.58,59.93,0.0585,0.0,0.0,1,0
2026-04-20T15:10:41.191926,41.5,274.55,0.2681,0.0,0.0,1,1
2026-04-20T15:10:44.477502,64.14,304.32,0.2972,0.0,0.0,1,1
2026-04-20T15:10:48.229532,1145.99,166.91,0.163,0.0,0.0,0,1
2026-04-20T15:10:54.188646,174.44,60.06,0.0586,0.0,0.0,1,0
2026-04-20T15:10:58.875648,30.01,650.39,0.6351,0.0,0.0,1,1
2026-04-20T15:11:04.930939,477.87,80.99,0.0791,0.0,25.0,0,0
2026-04-20T15:11:13.028688,59.73,217.09,0.212,0.0,0.0,1,1
                                                                                                                                                                                                                                                                                                      2026-04-27T19:32:37.886379,13.74,0.0,0.0,0.0,0.0,1,0
2026-04-27T19:32:40.929542,11.17,0.0,0.0,0.0,0.0,1,0
2026-04-27T19:32:44.031123,47.0,0.0,0.0,0.0,0.0,1,0
2026-04-27T19:32:47.227097,54.2,0.0,0.0,0.0,0.0,1,0
2026-04-27T19:32:50.312632,85.4,0.0,0.0,0.0,0.0,1,0
2026-04-27T19:32:53.462008,88.83,0.0,0.0,0.0,0.0,1,0
2026-04-27T19:32:56.530226,58.41,0.0,0.0,0.0,0.0,1,0
2026-04-27T19:32:59.580419,61.37,0.0,0.0,0.0,0.0,1,0
2026-04-27T19:33:02.677983,57.87,0.0,0.0,0.0,0.0,1,0
2026-04-27T19:33:05.743193,43.3,0.0,0.0,0.0,0.0,1,0
2026-04-27T19:33:08.825771,70.12,0.0,0.0,0.0,0.0,1,0
2026-04-27T19:33:11.886337,34.6,0.0,0.0,0.0,0.0,1,0
2026-04-27T19:33:14.931363,32.51,0.0,0.0,0.0,0.0,1,0
2026-04-27T19:33:17.999231,17.65,0.0,0.0,0.0,0.0,1,0
2026-04-27T19:33:21.052585,16.13,0.0,0.0,0.0,0.0,1,0
2026-04-27T20:08:34.339651,74.98,550.92,0.538,0.0,0.0,1,1
2026-04-27T20:08:37.413214,49.6,577.12,0.5636,0.0,0.0,1,1
2026-04-27T20:08:40.497648,46.45,410.94,0.4013,0.0,0.0,1,1
2026-04-27T20:08:47.540514,67.27,0.0,0.0,0.0,25.0,0,0
2026-04-27T20:08:50.637658,134.02,379.68,0.3708,0.0,0.0,1,1
2026-04-27T20:08:53.866293,131.82,525.89,0.5136,0.0,0.0,1,1
2026-04-27T20:08:56.980563,64.39,472.59,0.4615,0.0,0.0,1,1
2026-04-27T20:09:00.071300,65.48,496.48,0.4848,0.0,0.0,1,1
2026-04-27T20:09:03.215409,93.31,1548.86,1.5126,0.0,0.0,1,1
2026-04-27T20:09:06.461571,168.22,464.07,0.4532,0.0,0.0,1,1
