timestamp,poll_id,rtt_ms,bandwidth_kbps,cpu_load,ram_usage,gpu_load,gpu_temp,prev_rtt_ms,rtt_delta,rtt_trend,avg_bw_last_6s,local_latency_ms,cloud_latency_ms,queue_depth,error_rate_pct,network_ok,bandwidth_ok,offload_ok,prob,raw_decision,pending_mode,pending_count,previous_mode,current_mode,transition,push_ok,pipeline_action
2026-05-21 13:20:44,1,0.00,0.00,66.67,80.45,22.90,44.00,0.00,0.00,stable,0.00,-1.00,-1.00,0,0.00,0,0,0,0.499,LOCAL,,0,LOCAL,LOCAL,0,0,none
2026-05-21 13:20:46,2,0.00,0.00,62.75,82.02,18.50,44.00,0.00,0.00,stable,0.00,-1.00,-1.00,0,0.00,0,0,0,0.499,LOCAL,,0,LOCAL,LOCAL,0,0,none
2026-05-21 13:20:48,3,0.00,0.00,61.23,89.36,45.00,44.50,0.00,0.00,stable,0.00,-1.00,-1.00,1,0.00,0,0,0,0.499,LOCAL,,0,LOCAL,LOCAL,0,0,none
2026-05-21 13:20:50,4,0.53,1404.24,66.14,92.78,0.00,44.50,0.00,0.53,stable,351.06,-1.00,-1.00,1,0.00,1,1,1,0.915,CLOUD,CLOUD,1,LOCAL,LOCAL,0,0,none
2026-05-21 13:20:52,5,5.45,8154.18,65.66,93.41,26.80,44.50,0.53,4.92,stable,2389.61,-1.00,-1.00,1,0.00,1,1,1,0.907,CLOUD,CLOUD,2,LOCAL,LOCAL,0,0,none
2026-05-21 13:20:55,6,5.45,8154.18,64.46,93.63,0.60,45.00,5.45,0.00,stable,4428.15,286.72,-1.00,1,0.00,1,1,1,0.904,CLOUD,,0,LOCAL,CLOUD,1,0,started
2026-05-21 13:20:57,7,0.51,497.87,65.98,84.00,7.10,45.00,5.45,-4.94,stable,4552.62,258.04,169.26,1,0.00,1,1,1,0.789,CLOUD,,0,CLOUD,CLOUD,0,0,none
2026-05-21 13:20:59,8,5.66,9603.44,63.33,84.36,11.10,44.50,0.51,5.15,stable,6602.42,258.04,175.60,1,0.00,1,1,1,0.901,CLOUD,,0,CLOUD,CLOUD,0,0,none
2026-05-21 13:21:01,9,5.66,9603.44,59.83,84.38,0.00,45.00,5.66,0.00,stable,6964.73,258.04,188.15,1,0.00,1,1,0,0.499,LOCAL,LOCAL,1,CLOUD,CLOUD,0,0,none
2026-05-21 13:21:03,10,19.95,391.96,61.56,84.38,0.00,45.00,5.66,14.29,up,5024.18,258.04,362.73,1,0.00,1,1,1,0.727,CLOUD,,0,CLOUD,CLOUD,0,0,none
2026-05-21 13:21:05,11,16.10,332.77,61.58,84.39,8.30,45.00,19.95,-3.86,stable,4982.90,258.04,200.08,1,0.00,1,1,1,0.717,CLOUD,,0,CLOUD,CLOUD,0,0,none
2026-05-21 13:21:07,12,16.10,332.77,60.12,84.43,2.10,44.50,16.10,0.00,stable,2665.23,258.04,188.59,1,0.00,1,1,1,0.713,CLOUD,,0,CLOUD,CLOUD,0,0,none
2026-05-21 13:21:09,13,16.87,456.06,62.16,84.44,0.00,45.00,16.10,0.78,stable,378.39,258.04,202.00,1,0.00,1,1,1,0.748,CLOUD,,0,CLOUD,CLOUD,0,0,none
2026-05-21 13:21:11,14,18.85,358.42,58.85,84.41,0.00,45.00,16.87,1.97,stable,370.00,258.04,202.98,1,0.00,1,1,0,0.499,LOCAL,LOCAL,1,CLOUD,CLOUD,0,0,none
2026-05-21 13:21:13,15,18.85,358.42,61.46,84.42,21.80,45.00,18.85,0.00,stable,376.42,258.04,174.89,1,0.00,1,1,1,0.720,CLOUD,,0,CLOUD,CLOUD,0,0,none
2026-05-21 13:21:15,16,8.22,10052.26,61.80,84.52,0.00,45.00,18.85,-10.63,down,2806.29,258.04,179.82,1,0.00,1,1,1,0.894,CLOUD,,0,CLOUD,CLOUD,0,0,none
2026-05-21 13:21:17,17,8.22,10052.26,61.58,84.53,38.50,45.00,8.22,0.00,stable,5205.34,258.04,180.64,1,0.00,1,1,1,0.894,CLOUD,,0,CLOUD,CLOUD,0,0,none
2026-05-21 13:21:19,18,17.04,531.90,62.75,84.53,0.00,45.00,8.22,8.82,stable,5248.71,258.04,227.93,1,0.00,1,1,1,0.769,CLOUD,,0,CLOUD,CLOUD,0,0,none
2026-05-21 13:21:21,19,20.54,360.20,62.50,84.53,6.70,45.00,17.04,3.51,stable,5249.15,258.04,178.93,1,0.00,1,1,1,0.721,CLOUD,,0,CLOUD,CLOUD,0,0,none
2026-05-21 13:21:23,20,20.54,360.20,62.58,84.53,0.00,45.00,20.54,0.00,stable,2826.14,258.04,182.23,1,0.00,1,1,1,0.721,CLOUD,,0,CLOUD,CLOUD,0,0,none
2026-05-21 13:21:25,21,14.67,9020.01,62.84,84.53,0.00,45.00,20.54,-5.87,stable,2568.08,258.04,168.51,1,0.00,1,1,1,0.889,CLOUD,,0,CLOUD,CLOUD,0,0,none
2026-05-21 13:21:27,22,11.99,153.23,60.82,84.52,23.50,45.00,14.67,-2.68,stable,2473.41,258.04,310.39,1,0.00,1,1,1,0.675,CLOUD,,0,CLOUD,CLOUD,0,0,none
2026-05-21 13:21:29,23,11.99,153.23,61.56,84.53,0.00,45.50,11.99,0.00,stable,2421.67,258.04,176.38,1,0.00,1,1,1,0.677,CLOUD,,0,CLOUD,CLOUD,0,0,none
2026-05-21 13:21:31,24,9.68,364.75,61.81,84.53,5.50,45.50,11.99,-2.31,stable,2422.81,258.04,170.19,1,0.00,1,1,1,0.734,CLOUD,,0,CLOUD,CLOUD,0,0,none
2026-05-21 13:21:33,25,9.68,364.75,61.08,84.54,0.00,45.50,9.68,0.00,stable,258.99,258.04,200.48,1,0.00,1,1,1,0.732,CLOUD,,0,CLOUD,CLOUD,0,0,none
2026-05-21 13:21:35,26,17.77,346.09,59.28,84.53,29.80,45.50,9.68,8.09,stable,307.21,258.04,333.20,1,0.00,1,1,0,0.499,LOCAL,LOCAL,1,CLOUD,CLOUD,0,0,none
2026-05-21 13:21:37,27,17.23,9391.11,62.22,84.56,27.50,45.50,17.77,-0.54,stable,2616.68,258.04,186.47,1,0.00,1,1,1,0.884,CLOUD,,0,CLOUD,CLOUD,0,0,none
2026-05-21 13:21:39,28,17.23,9391.11,58.87,84.56,9.40,45.50,17.23,0.00,stable,4873.26,258.04,169.77,1,0.00,1,1,0,0.499,LOCAL,LOCAL,1,CLOUD,CLOUD,0,0,none
2026-05-21 13:21:41,29,10.57,8909.83,62.13,84.60,0.00,45.50,17.23,-6.66,stable,7009.53,258.04,179.56,1,0.00,1,1,1,0.892,CLOUD,,0,CLOUD,CLOUD,0,0,none
2026-05-21 13:21:43,30,22.30,345.46,62.54,84.64,0.00,45.50,10.57,11.73,up,7009.38,258.04,275.62,0,0.00,1,1,1,0.715,CLOUD,,0,CLOUD,CLOUD,0,0,none
2026-05-21 13:21:45,31,22.30,345.46,58.17,84.47,0.00,45.50,22.30,0.00,stable,4747.96,258.04,184.18,1,0.00,1,1,0,0.499,LOCAL,LOCAL,1,CLOUD,CLOUD,0,0,none
2026-05-21 13:21:47,32,21.31,328.01,22.18,84.37,0.00,45.00,22.30,-0.99,stable,2482.19,258.04,174.53,1,0.00,1,1,0,0.499,LOCAL,LOCAL,2,CLOUD,CLOUD,0,0,none
2026-05-21 13:21:49,33,21.31,328.01,25.10,84.33,3.00,44.50,21.31,0.00,stable,336.73,258.04,168.07,1,0.00,1,1,0,0.499,LOCAL,,0,CLOUD,LOCAL,1,0,started
2026-05-21 13:21:51,34,14.46,338.14,48.08,86.23,22.90,47.00,21.31,-6.85,stable,334.91,117.44,173.06,1,0.00,1,1,0,0.499,LOCAL,,0,LOCAL,LOCAL,0,0,none
2026-05-21 13:21:53,35,0.55,7449.92,44.25,89.66,3.30,47.00,14.46,-13.91,down,2111.02,124.89,173.06,1,0.00,1,1,0,0.499,LOCAL,,0,LOCAL,LOCAL,0,0,none
2026-05-21 13:21:55,36,0.55,7449.92,45.62,92.72,0.60,47.50,0.55,0.00,stable,3891.50,116.92,173.06,1,0.00,1,1,0,0.499,LOCAL,,0,LOCAL,LOCAL,0,0,none
2026-05-21 13:21:57,37,0.54,8579.50,53.02,92.21,98.60,48.00,0.55,-0.01,stable,5954.37,123.70,173.06,1,0.00,1,1,0,0.499,LOCAL,,0,LOCAL,LOCAL,0,0,none
2026-05-21 13:21:59,38,0.54,9054.08,37.71,82.56,0.60,47.50,0.54,0.01,stable,8133.36,115.28,173.06,1,0.00,1,1,0,0.499,LOCAL,,0,LOCAL,LOCAL,0,0,none
2026-05-21 13:22:01,39,0.54,9054.08,32.23,82.56,52.20,47.50,0.54,0.00,stable,8534.40,112.54,173.06,1,0.00,1,1,0,0.499,LOCAL,,0,LOCAL,LOCAL,0,0,none
2026-05-21 13:22:04,40,0.54,4346.99,31.23,82.57,5.00,47.50,0.54,-0.01,stable,7758.67,112.57,173.06,1,0.00,1,1,0,0.499,LOCAL,,0,LOCAL,LOCAL,0,0,none
2026-05-21 13:22:06,41,0.54,1287.29,31.42,82.57,0.00,48.00,0.54,0.00,stable,5935.61,115.84,173.06,1,0.00,1,1,0,0.499,LOCAL,,0,LOCAL,LOCAL,0,0,none
2026-05-21 13:22:08,42,0.54,1287.29,31.42,82.61,0.00,48.50,0.54,0.00,stable,3993.91,114.43,173.06,1,0.00,1,1,0,0.499,LOCAL,,0,LOCAL,LOCAL,0,0,none
2026-05-21 13:22:10,43,0.55,4350.37,31.57,82.61,0.60,49.00,0.54,0.01,stable,2817.99,114.22,173.06,1,0.00,1,1,0,0.499,LOCAL,,0,LOCAL,LOCAL,0,0,none
2026-05-21 13:22:12,44,0.54,1272.74,32.57,82.67,12.10,48.00,0.55,-0.01,stable,2049.42,168.51,173.06,1,0.00,1,1,0,0.499,LOCAL,,0,LOCAL,LOCAL,0,0,none
2026-05-21 13:22:14,45,0.54,1272.74,31.84,82.62,0.00,48.00,0.54,0.00,stable,2045.78,117.04,173.06,1,0.00,1,1,0,0.499,LOCAL,,0,LOCAL,LOCAL,0,0,none
2026-05-21 13:22:16,46,0.55,7189.72,33.64,82.62,98.30,47.50,0.54,0.01,stable,3521.39,119.51,173.06,1,0.00,1,1,0,0.499,LOCAL,,0,LOCAL,LOCAL,0,0,none
2026-05-21 13:22:18,47,0.55,7189.72,32.81,82.65,0.00,48.50,0.55,0.00,stable,4231.23,118.80,173.06,1,0.00,1,1,0,0.499,LOCAL,,0,LOCAL,LOCAL,0,0,none
2026-05-21 13:22:20,48,0.60,1521.54,31.51,82.65,0.60,49.00,0.55,0.05,stable,4293.43,114.72,173.06,1,0.00,1,1,0,0.499,LOCAL,,0,LOCAL,LOCAL,0,0,none
2026-05-21 15:03:38,1,0.00,0.00,100.00,86.62,94.10,37.00,0.00,0.00,stable,0.00,-1.00,-1.00,0,0.00,0,0,0,0.499,LOCAL,,0,LOCAL,LOCAL,0,0,none
2026-05-21 15:03:42,2,0.00,0.00,39.50,89.32,71.80,37.50,0.00,0.00,stable,0.00,-1.00,-1.00,1,0.00,0,0,0,0.499,LOCAL,,0,LOCAL,LOCAL,0,0,none
2026-05-21 15:03:44,3,0.55,7182.03,49.55,99.09,13.90,38.00,0.00,0.55,stable,2394.01,-1.00,-1.00,1,0.00,1,1,0,0.499,LOCAL,,0,LOCAL,LOCAL,0,0,none
2026-05-21 15:03:46,4,0.59,7680.12,60.71,97.83,99.00,39.00,0.55,0.04,stable,3715.54,-1.00,-1.00,1,0.00,1,1,1,0.901,CLOUD,CLOUD,1,LOCAL,LOCAL,0,0,none
2026-05-21 15:03:48,5,0.59,7680.12,49.33,87.92,0.00,40.00,0.59,0.00,stable,5635.57,109.25,-1.00,1,0.00,1,1,0,0.499,LOCAL,,0,LOCAL,LOCAL,0,0,none
2026-05-21 15:03:50,6,0.58,7180.49,36.01,87.95,98.40,40.00,0.59,-0.02,stable,7430.69,109.41,-1.00,1,0.00,1,1,0,0.499,LOCAL,,0,LOCAL,LOCAL,0,0,none
2026-05-21 15:03:52,7,0.56,6051.30,36.94,87.74,0.00,40.00,0.58,-0.02,stable,7148.01,108.75,-1.00,1,0.00,1,1,0,0.499,LOCAL,,0,LOCAL,LOCAL,0,0,none
2026-05-21 15:03:54,8,0.56,6051.30,42.09,87.83,98.50,42.00,0.56,0.00,stable,6740.80,111.17,-1.00,1,0.00,1,1,0,0.499,LOCAL,,0,LOCAL,LOCAL,0,0,none
2026-05-21 15:03:56,9,0.54,7256.58,38.06,87.79,0.00,40.50,0.56,-0.02,stable,6634.92,110.53,-1.00,1,0.00,1,1,0,0.499,LOCAL,,0,LOCAL,LOCAL,0,0,none
2026-05-21 15:03:58,10,0.54,7371.36,36.46,87.79,34.90,40.50,0.54,0.00,stable,6682.63,175.31,-1.00,1,0.00,1,1,0,0.499,LOCAL,,0,LOCAL,LOCAL,0,0,none
2026-05-21 15:04:00,11,0.54,7371.36,38.15,87.82,0.00,41.00,0.54,0.00,stable,7012.65,109.16,-1.00,1,0.00,1,1,0,0.499,LOCAL,,0,LOCAL,LOCAL,0,0,none
2026-05-21 15:04:02,12,0.58,6589.64,38.47,87.84,4.30,41.50,0.54,0.04,stable,7147.23,109.19,-1.00,1,0.00,1,1,0,0.499,LOCAL,,0,LOCAL,LOCAL,0,0,none
2026-05-21 15:04:04,13,0.58,6589.64,38.46,87.83,0.40,41.00,0.58,0.00,stable,6980.50,122.49,-1.00,1,0.00,1,1,0,0.499,LOCAL,,0,LOCAL,LOCAL,0,0,none
2026-05-21 15:04:06,14,0.54,6533.18,37.95,87.84,0.00,41.00,0.58,-0.03,stable,6770.95,112.42,-1.00,1,0.00,1,1,0,0.499,LOCAL,,0,LOCAL,LOCAL,0,0,none
2026-05-21 15:04:08,15,0.55,7666.08,44.08,87.93,3.90,41.00,0.54,0.00,stable,6844.63,111.31,-1.00,1,0.00,1,1,0,0.499,LOCAL,,0,LOCAL,LOCAL,0,0,none
2026-05-21 15:04:10,16,0.55,7666.08,59.73,87.65,5.20,42.50,0.55,0.00,stable,7113.75,112.78,-1.00,1,0.00,1,1,0,0.499,LOCAL,,0,LOCAL,LOCAL,0,0,none
2026-05-21 15:04:12,17,0.55,5368.71,38.68,87.66,0.00,41.50,0.55,0.00,stable,6808.51,111.82,-1.00,1,0.00,1,1,0,0.499,LOCAL,,0,LOCAL,LOCAL,0,0,none
2026-05-21 15:04:14,18,0.58,489.05,37.50,87.62,0.00,41.00,0.55,0.03,stable,5297.48,113.49,-1.00,1,0.00,1,1,0,0.499,LOCAL,,0,LOCAL,LOCAL,0,0,none
2026-05-21 15:04:16,19,0.58,489.05,37.20,87.62,0.00,43.00,0.58,0.00,stable,3503.22,110.24,-1.00,1,0.00,1,1,0,0.499,LOCAL,,0,LOCAL,LOCAL,0,0,none
2026-05-21 15:04:18,20,0.58,5469.35,37.58,87.62,97.10,41.50,0.58,-0.00,stable,2954.04,105.79,-1.00,1,0.00,1,1,0,0.499,LOCAL,,0,LOCAL,LOCAL,0,0,none
2026-05-21 15:04:20,21,0.59,621.89,38.19,87.64,98.80,41.00,0.58,0.01,stable,1767.33,109.27,-1.00,1,0.00,1,1,0,0.499,LOCAL,,0,LOCAL,LOCAL,0,0,none
2026-05-21 15:04:22,22,0.59,621.89,36.93,87.65,0.60,43.00,0.59,0.00,stable,1800.54,106.07,-1.00,1,0.00,1,1,0,0.499,LOCAL,,0,LOCAL,LOCAL,0,0,none
2026-05-21 15:04:24,23,0.58,180.76,37.28,87.70,0.00,42.50,0.59,-0.01,stable,1723.47,106.35,-1.00,1,0.00,1,1,0,0.499,LOCAL,,0,LOCAL,LOCAL,0,0,none
2026-05-21 15:04:26,24,0.58,180.76,39.16,87.68,6.90,42.00,0.58,0.00,stable,401.32,108.20,-1.00,1,0.00,1,1,0,0.499,LOCAL,,0,LOCAL,LOCAL,0,0,none
2026-05-21 16:50:32,1,0.00,0.00,0.00,86.07,0.00,47.00,0.00,0.00,stable,0.00,-1.00,-1.00,0,0.00,0,0,0,0.499,LOCAL,,0,LOCAL,LOCAL,0,0,none
2026-05-21 16:50:34,2,0.00,0.00,27.78,88.74,10.00,47.50,0.00,0.00,stable,0.00,-1.00,-1.00,0,0.00,0,0,0,0.499,LOCAL,,0,LOCAL,LOCAL,0,0,none
2026-05-21 16:50:36,3,0.00,0.00,23.45,93.55,0.00,47.50,0.00,0.00,stable,0.00,-1.00,-1.00,0,0.00,0,0,0,0.499,LOCAL,,0,LOCAL,LOCAL,0,0,none
2026-05-21 16:50:38,4,0.00,0.00,27.65,96.37,0.00,47.50,0.00,0.00,stable,0.00,-1.00,-1.00,0,0.00,0,0,0,0.499,LOCAL,,0,LOCAL,LOCAL,0,0,none
2026-05-21 16:50:40,5,0.00,0.00,17.56,86.06,2.90,47.00,0.00,0.00,stable,0.00,-1.00,-1.00,0,0.00,0,0,0,0.499,LOCAL,,0,LOCAL,LOCAL,0,0,none
2026-05-21 16:50:42,6,0.00,0.00,7.58,86.07,0.00,47.00,0.00,0.00,stable,0.00,-1.00,-1.00,0,0.00,0,0,0,0.499,LOCAL,,0,LOCAL,LOCAL,0,0,none
2026-05-21 16:50:44,7,0.00,0.00,7.86,86.07,0.00,46.50,0.00,0.00,stable,0.00,-1.00,-1.00,0,0.00,0,0,0,0.499,LOCAL,,0,LOCAL,LOCAL,0,0,none
2026-05-21 16:50:46,8,0.00,0.00,9.08,86.07,0.00,46.50,0.00,0.00,stable,0.00,-1.00,-1.00,0,0.00,0,0,0,0.499,LOCAL,,0,LOCAL,LOCAL,0,0,none
2026-05-21 16:50:48,9,0.00,0.00,9.24,86.07,0.00,46.50,0.00,0.00,stable,0.00,-1.00,-1.00,0,0.00,0,0,0,0.499,LOCAL,,0,LOCAL,LOCAL,0,0,none
2026-05-21 16:50:50,10,0.00,0.00,9.07,86.08,0.00,46.00,0.00,0.00,stable,0.00,-1.00,-1.00,0,0.00,0,0,0,0.499,LOCAL,,0,LOCAL,LOCAL,0,0,none
2026-05-21 16:50:52,11,0.00,0.00,9.56,86.09,0.00,46.00,0.00,0.00,stable,0.00,-1.00,-1.00,0,0.00,0,0,0,0.499,LOCAL,,0,LOCAL,LOCAL,0,0,none
2026-05-21 16:50:54,12,0.00,0.00,16.44,86.34,0.00,46.00,0.00,0.00,stable,0.00,-1.00,-1.00,0,0.00,0,0,0,0.499,LOCAL,,0,LOCAL,LOCAL,0,0,none
2026-05-21 16:50:56,13,0.00,0.00,8.50,86.34,0.00,46.00,0.00,0.00,stable,0.00,-1.00,-1.00,0,0.00,0,0,0,0.499,LOCAL,,0,LOCAL,LOCAL,0,0,none
2026-05-21 16:50:58,14,0.00,0.00,9.17,86.31,0.00,45.50,0.00,0.00,stable,0.00,-1.00,-1.00,0,0.00,0,0,0,0.499,LOCAL,,0,LOCAL,LOCAL,0,0,none
2026-05-21 16:51:00,15,0.00,0.00,9.47,86.34,0.00,45.50,0.00,0.00,stable,0.00,-1.00,-1.00,0,0.00,0,0,0,0.499,LOCAL,,0,LOCAL,LOCAL,0,0,none
2026-05-21 16:51:02,16,0.00,0.00,9.71,86.34,0.00,45.50,0.00,0.00,stable,0.00,-1.00,-1.00,0,0.00,0,0,0,0.499,LOCAL,,0,LOCAL,LOCAL,0,0,none
2026-05-21 16:51:04,17,0.00,0.00,8.85,86.34,0.00,45.50,0.00,0.00,stable,0.00,-1.00,-1.00,0,0.00,0,0,0,0.499,LOCAL,,0,LOCAL,LOCAL,0,0,none
2026-05-21 16:51:06,18,0.00,0.00,9.52,86.33,0.00,45.50,0.00,0.00,stable,0.00,-1.00,-1.00,0,0.00,0,0,0,0.499,LOCAL,,0,LOCAL,LOCAL,0,0,none
2026-05-21 16:51:08,19,0.00,0.00,8.20,86.33,0.00,45.50,0.00,0.00,stable,0.00,-1.00,-1.00,0,0.00,0,0,0,0.499,LOCAL,,0,LOCAL,LOCAL,0,0,none
2026-05-21 16:51:10,20,0.00,0.00,9.60,86.33,0.00,45.00,0.00,0.00,stable,0.00,-1.00,-1.00,0,0.00,0,0,0,0.499,LOCAL,,0,LOCAL,LOCAL,0,0,none
2026-05-21 16:51:12,21,0.00,0.00,8.74,86.36,0.00,45.00,0.00,0.00,stable,0.00,-1.00,-1.00,0,0.00,0,0,0,0.499,LOCAL,,0,LOCAL,LOCAL,0,0,none
2026-05-21 16:51:14,22,0.00,0.00,8.64,86.36,0.00,44.50,0.00,0.00,stable,0.00,-1.00,-1.00,0,0.00,0,0,0,0.499,LOCAL,,0,LOCAL,LOCAL,0,0,none
2026-05-21 16:51:16,23,0.00,0.00,9.50,86.34,0.00,44.50,0.00,0.00,stable,0.00,-1.00,-1.00,0,0.00,0,0,0,0.499,LOCAL,,0,LOCAL,LOCAL,0,0,none
2026-05-21 16:51:18,24,0.00,0.00,8.68,86.34,0.00,45.00,0.00,0.00,stable,0.00,-1.00,-1.00,0,0.00,0,0,0,0.499,LOCAL,,0,LOCAL,LOCAL,0,0,none
2026-05-21 16:51:20,25,0.00,0.00,9.21,86.34,0.00,44.50,0.00,0.00,stable,0.00,-1.00,-1.00,0,0.00,0,0,0,0.499,LOCAL,,0,LOCAL,LOCAL,0,0,none
2026-05-21 16:51:23,26,0.00,0.00,9.51,86.34,0.00,44.50,0.00,0.00,stable,0.00,-1.00,-1.00,0,0.00,0,0,0,0.499,LOCAL,,0,LOCAL,LOCAL,0,0,none
2026-05-21 16:51:25,27,0.00,0.00,8.29,86.34,0.00,44.50,0.00,0.00,stable,0.00,-1.00,-1.00,0,0.00,0,0,0,0.499,LOCAL,,0,LOCAL,LOCAL,0,0,none
2026-05-21 16:51:27,28,0.00,0.00,8.95,86.35,0.00,44.00,0.00,0.00,stable,0.00,-1.00,-1.00,0,0.00,0,0,0,0.499,LOCAL,,0,LOCAL,LOCAL,0,0,none
2026-05-21 16:51:29,29,0.00,0.00,9.00,86.35,0.00,44.00,0.00,0.00,stable,0.00,-1.00,-1.00,0,0.00,0,0,0,0.499,LOCAL,,0,LOCAL,LOCAL,0,0,none
2026-05-21 16:51:31,30,0.00,0.00,9.19,86.35,0.00,44.00,0.00,0.00,stable,0.00,-1.00,-1.00,0,0.00,0,0,0,0.499,LOCAL,,0,LOCAL,LOCAL,0,0,none
2026-05-21 16:51:33,31,0.00,0.00,9.56,86.36,0.00,44.00,0.00,0.00,stable,0.00,-1.00,-1.00,0,0.00,0,0,0,0.499,LOCAL,,0,LOCAL,LOCAL,0,0,none
2026-05-21 16:51:35,32,0.00,0.00,9.42,86.36,0.00,43.50,0.00,0.00,stable,0.00,-1.00,-1.00,0,0.00,0,0,0,0.499,LOCAL,,0,LOCAL,LOCAL,0,0,none
2026-05-21 16:51:37,33,0.00,0.00,8.50,86.36,0.00,44.00,0.00,0.00,stable,0.00,-1.00,-1.00,0,0.00,0,0,0,0.499,LOCAL,,0,LOCAL,LOCAL,0,0,none
2026-05-21 16:51:39,34,0.00,0.00,8.40,86.36,0.00,43.50,0.00,0.00,stable,0.00,-1.00,-1.00,0,0.00,0,0,0,0.499,LOCAL,,0,LOCAL,LOCAL,0,0,none
2026-05-21 16:51:41,35,0.00,0.00,9.44,86.36,0.00,43.50,0.00,0.00,stable,0.00,-1.00,-1.00,0,0.00,0,0,0,0.499,LOCAL,,0,LOCAL,LOCAL,0,0,none
2026-05-21 16:51:43,36,0.00,0.00,8.70,86.37,0.00,43.50,0.00,0.00,stable,0.00,-1.00,-1.00,0,0.00,0,0,0,0.499,LOCAL,,0,LOCAL,LOCAL,0,0,none
2026-05-21 16:51:45,37,0.00,0.00,8.88,86.38,0.00,43.00,0.00,0.00,stable,0.00,-1.00,-1.00,0,0.00,0,0,0,0.499,LOCAL,,0,LOCAL,LOCAL,0,0,none
2026-05-21 16:51:47,38,0.00,0.00,9.10,86.38,0.00,43.00,0.00,0.00,stable,0.00,-1.00,-1.00,0,0.00,0,0,0,0.499,LOCAL,,0,LOCAL,LOCAL,0,0,none
2026-05-21 16:51:49,39,0.00,0.00,8.97,86.39,0.00,43.00,0.00,0.00,stable,0.00,-1.00,-1.00,0,0.00,0,0,0,0.499,LOCAL,,0,LOCAL,LOCAL,0,0,none
2026-05-21 16:51:51,40,0.00,0.00,9.48,86.41,0.00,43.00,0.00,0.00,stable,0.00,-1.00,-1.00,0,0.00,0,0,0,0.499,LOCAL,,0,LOCAL,LOCAL,0,0,none
2026-05-21 16:51:53,41,0.00,0.00,8.94,86.40,0.00,43.00,0.00,0.00,stable,0.00,-1.00,-1.00,0,0.00,0,0,0,0.499,LOCAL,,0,LOCAL,LOCAL,0,0,none
2026-05-21 16:51:55,42,0.00,0.00,9.27,86.41,0.00,43.00,0.00,0.00,stable,0.00,-1.00,-1.00,0,0.00,0,0,0,0.499,LOCAL,,0,LOCAL,LOCAL,0,0,none
2026-05-21 16:51:57,43,0.00,0.00,8.75,86.41,0.00,43.00,0.00,0.00,stable,0.00,-1.00,-1.00,0,0.00,0,0,0,0.499,LOCAL,,0,LOCAL,LOCAL,0,0,none
2026-05-21 16:51:59,44,0.00,0.00,9.30,86.41,0.00,42.50,0.00,0.00,stable,0.00,-1.00,-1.00,0,0.00,0,0,0,0.499,LOCAL,,0,LOCAL,LOCAL,0,0,none
2026-05-21 16:52:01,45,0.00,0.00,9.65,86.40,0.00,42.50,0.00,0.00,stable,0.00,-1.00,-1.00,0,0.00,0,0,0,0.499,LOCAL,,0,LOCAL,LOCAL,0,0,none
2026-05-21 16:52:03,46,0.00,0.00,9.40,86.41,0.00,42.50,0.00,0.00,stable,0.00,-1.00,-1.00,0,0.00,0,0,0,0.499,LOCAL,,0,LOCAL,LOCAL,0,0,none
2026-05-21 16:53:14,1,0.00,0.00,0.00,85.18,36.80,40.00,0.00,0.00,stable,0.00,-1.00,-1.00,0,0.00,0,0,0,0.499,LOCAL,,0,LOCAL,LOCAL,0,0,none
2026-05-21 16:53:16,2,0.00,0.00,26.13,88.50,31.90,40.50,0.00,0.00,stable,0.00,-1.00,-1.00,0,0.00,0,0,0,0.499,LOCAL,,0,LOCAL,LOCAL,0,0,none
2026-05-21 16:53:18,3,0.55,8499.10,21.76,93.15,9.70,40.50,0.00,0.55,stable,2833.03,-1.00,-1.00,0,0.00,1,1,0,0.499,LOCAL,,0,LOCAL,LOCAL,0,0,none
2026-05-21 16:53:20,4,0.55,8499.10,25.98,95.47,0.00,40.50,0.55,0.00,stable,4249.55,-1.00,-1.00,0,0.00,1,1,0,0.499,LOCAL,,0,LOCAL,LOCAL,0,0,none
2026-05-21 16:53:22,5,0.66,8955.01,12.34,85.07,7.70,40.00,0.55,0.11,stable,6488.30,-1.00,-1.00,0,0.00,1,1,0,0.499,LOCAL,,0,LOCAL,LOCAL,0,0,none
2026-05-21 16:53:24,6,0.77,3770.16,4.34,85.07,0.00,40.00,0.66,0.11,stable,7430.84,-1.00,-1.00,0,0.00,1,1,0,0.499,LOCAL,,0,LOCAL,LOCAL,0,0,none
2026-05-21 16:53:26,7,0.77,3770.16,3.51,85.08,0.00,40.00,0.77,0.00,stable,6248.61,-1.00,-1.00,0,0.00,1,1,0,0.499,LOCAL,,0,LOCAL,LOCAL,0,0,none
2026-05-21 16:53:28,8,1.21,3722.89,4.10,85.07,0.00,39.50,0.77,0.45,stable,5054.56,-1.00,-1.00,0,0.00,1,1,0,0.499,LOCAL,,0,LOCAL,LOCAL,0,0,none
2026-05-21 16:53:30,9,0.62,3784.62,4.10,85.08,0.00,39.50,1.21,-0.59,stable,3761.96,-1.00,-1.00,0,0.00,1,1,0,0.499,LOCAL,,0,LOCAL,LOCAL,0,0,none
2026-05-21 16:53:32,10,0.62,3784.62,3.50,85.08,0.00,39.50,0.62,0.00,stable,3765.57,-1.00,-1.00,0,0.00,1,1,0,0.499,LOCAL,,0,LOCAL,LOCAL,0,0,none
2026-05-21 16:53:34,11,27.84,203.38,4.34,85.09,0.00,39.50,0.62,27.22,up,2873.88,-1.00,-1.00,0,0.00,1,1,0,0.499,LOCAL,,0,LOCAL,LOCAL,0,0,none
2026-05-21 16:53:36,12,10.59,3671.16,4.66,85.08,0.00,39.00,27.84,-17.24,down,2860.94,-1.00,-1.00,0,0.00,1,1,0,0.499,LOCAL,,0,LOCAL,LOCAL,0,0,none
2026-05-21 16:53:38,13,10.59,3671.16,3.51,85.08,0.00,39.00,10.59,0.00,stable,2832.58,-1.00,-1.00,0,0.00,1,1,0,0.499,LOCAL,,0,LOCAL,LOCAL,0,0,none
2026-05-21 16:53:41,14,0.66,3764.24,3.85,85.08,0.00,39.00,10.59,-9.93,stable,2827.49,-1.00,-1.00,0,0.00,1,1,0,0.499,LOCAL,,0,LOCAL,LOCAL,0,0,none
2026-05-21 16:53:43,15,0.57,5186.96,18.79,85.09,13.30,39.00,0.66,-0.09,stable,4073.38,-1.00,-1.00,0,0.00,1,1,0,0.499,LOCAL,,0,LOCAL,LOCAL,0,0,none
2026-05-21 16:53:45,16,0.57,5186.96,13.66,85.10,0.00,39.00,0.57,0.00,stable,4452.33,-1.00,-1.00,0,0.00,1,1,0,0.499,LOCAL,,0,LOCAL,LOCAL,0,0,none
2026-05-21 16:53:47,17,0.60,3699.90,8.33,85.10,0.00,39.00,0.57,0.03,stable,4459.52,-1.00,-1.00,0,0.00,1,1,0,0.499,LOCAL,,0,LOCAL,LOCAL,0,0,none
2026-05-21 16:53:49,18,0.64,3333.44,4.92,85.10,0.00,39.00,0.60,0.04,stable,4351.82,-1.00,-1.00,0,0.00,1,1,0,0.499,LOCAL,,0,LOCAL,LOCAL,0,0,none
2026-05-21 16:53:51,19,0.64,3333.44,13.51,85.10,10.20,39.00,0.64,0.00,stable,3888.44,-1.00,-1.00,0,0.00,1,1,0,0.499,LOCAL,,0,LOCAL,LOCAL,0,0,none
2026-05-21 16:53:53,20,1.06,4588.95,10.34,85.11,6.60,39.00,0.64,0.43,stable,3738.94,-1.00,-1.00,0,0.00,1,1,0,0.499,LOCAL,,0,LOCAL,LOCAL,0,0,none
2026-05-21 16:53:55,21,0.64,5830.48,19.15,85.08,0.00,39.00,1.06,-0.43,stable,4271.58,-1.00,-1.00,0,0.00,1,1,0,0.499,LOCAL,,0,LOCAL,LOCAL,0,0,none
2026-05-21 16:53:57,22,0.64,5830.48,10.94,85.07,0.00,39.00,0.64,0.00,stable,4895.84,-1.00,-1.00,0,0.00,1,1,0,0.499,LOCAL,,0,LOCAL,LOCAL,0,0,none
2026-05-21 16:53:59,23,0.64,3878.23,4.07,85.08,0.00,38.50,0.64,0.00,stable,5032.04,-1.00,-1.00,0,0.00,1,1,0,0.499,LOCAL,,0,LOCAL,LOCAL,0,0,none
2026-05-21 16:54:01,24,0.68,4662.28,3.24,85.09,0.00,38.50,0.64,0.04,stable,5050.37,-1.00,-1.00,0,0.00,1,1,0,0.499,LOCAL,,0,LOCAL,LOCAL,0,0,none
2026-05-21 16:54:03,25,0.68,4662.28,5.70,85.09,0.00,38.50,0.68,0.00,stable,4758.32,-1.00,-1.00,0,0.00,1,1,0,0.499,LOCAL,,0,LOCAL,LOCAL,0,0,none
2026-05-21 16:54:05,26,0.65,9349.24,3.76,85.09,21.60,38.50,0.68,-0.02,stable,5638.01,-1.00,-1.00,0,0.00,1,1,0,0.499,LOCAL,,0,LOCAL,LOCAL,0,0,none
2026-05-21 16:54:07,27,0.62,5509.76,18.35,85.09,16.80,38.50,0.65,-0.04,stable,6045.89,-1.00,-1.00,0,0.00,1,1,0,0.499,LOCAL,,0,LOCAL,LOCAL,0,0,none
2026-05-21 16:54:09,28,0.62,5509.76,15.03,85.09,14.70,38.50,0.62,0.00,stable,6257.76,-1.00,-1.00,0,0.00,1,1,0,0.499,LOCAL,,0,LOCAL,LOCAL,0,0,none
2026-05-21 16:54:11,29,0.58,3765.93,6.00,85.09,0.00,38.50,0.62,-0.04,stable,6033.67,-1.00,-1.00,0,0.00,1,1,0,0.499,LOCAL,,0,LOCAL,LOCAL,0,0,none
2026-05-21 16:54:13,30,0.58,3765.93,6.90,85.11,0.00,38.00,0.58,0.00,stable,4637.84,-1.00,-1.00,0,0.00,1,1,0,0.499,LOCAL,,0,LOCAL,LOCAL,0,0,none
2026-05-21 16:54:15,31,0.68,5295.84,8.63,85.11,0.00,38.50,0.58,0.09,stable,4584.36,-1.00,-1.00,0,0.00,1,1,0,0.499,LOCAL,,0,LOCAL,LOCAL,0,0,none
2026-05-21 16:54:17,32,0.69,3727.44,5.52,85.09,0.00,38.00,0.68,0.01,stable,4138.78,-1.00,-1.00,0,0.00,1,1,0,0.499,LOCAL,,0,LOCAL,LOCAL,0,0,none
2026-05-21 16:54:19,33,0.69,3727.44,6.61,85.08,0.00,38.00,0.69,0.00,stable,4129.16,-1.00,-1.00,0,0.00,1,1,0,0.499,LOCAL,,0,LOCAL,LOCAL,0,0,none
2026-05-21 16:54:21,34,0.66,4416.22,5.68,85.08,16.80,38.00,0.69,-0.03,stable,4291.74,-1.00,-1.00,0,0.00,1,1,0,0.499,LOCAL,,0,LOCAL,LOCAL,0,0,none
2026-05-21 16:54:23,35,0.53,9130.46,25.46,87.36,36.10,38.50,0.66,-0.13,stable,5250.39,-1.00,-1.00,0,0.00,1,1,0,0.499,LOCAL,,0,LOCAL,LOCAL,0,0,none
2026-05-21 16:54:25,36,0.53,9130.46,20.45,92.64,43.60,38.50,0.53,0.00,stable,6601.14,-1.00,-1.00,0,0.00,1,1,0,0.499,LOCAL,,0,LOCAL,LOCAL,0,0,none
2026-05-21 16:54:27,37,0.81,8542.37,26.59,95.33,0.00,39.00,0.53,0.28,stable,7804.88,-1.00,-1.00,0,0.00,1,1,0,0.499,LOCAL,,0,LOCAL,LOCAL,0,0,none
2026-05-21 16:54:29,38,0.67,8132.44,14.18,85.10,0.00,38.50,0.81,-0.14,stable,8733.93,-1.00,-1.00,0,0.00,1,1,0,0.499,LOCAL,,0,LOCAL,LOCAL,0,0,none
2026-05-21 16:54:31,39,0.67,8132.44,4.40,85.09,0.00,38.50,0.67,0.00,stable,8484.43,-1.00,-1.00,0,0.00,1,1,0,0.499,LOCAL,,0,LOCAL,LOCAL,0,0,none
2026-05-21 16:54:33,40,0.78,3384.89,4.64,85.09,0.00,38.00,0.67,0.11,stable,7048.03,-1.00,-1.00,0,0.00,1,1,0,0.499,LOCAL,,0,LOCAL,LOCAL,0,0,none
2026-05-21 16:54:35,41,0.68,4459.65,4.39,85.09,0.00,38.00,0.78,-0.11,stable,6027.35,-1.00,-1.00,0,0.00,1,1,0,0.499,LOCAL,,0,LOCAL,LOCAL,0,0,none
2026-05-21 16:54:37,42,0.68,4459.65,4.04,85.09,0.00,38.00,0.68,0.00,stable,5109.16,-1.00,-1.00,0,0.00,1,1,0,0.499,LOCAL,,0,LOCAL,LOCAL,0,0,none
2026-05-21 16:54:39,43,0.65,3744.50,4.13,85.10,0.00,38.00,0.68,-0.03,stable,4012.17,-1.00,-1.00,0,0.00,1,1,0,0.499,LOCAL,,0,LOCAL,LOCAL,0,0,none
2026-05-21 16:54:41,44,0.67,4051.98,4.70,85.10,0.00,37.50,0.65,0.03,stable,4178.95,-1.00,-1.00,0,0.00,1,1,0,0.499,LOCAL,,0,LOCAL,LOCAL,0,0,none
2026-05-21 16:54:43,45,0.67,4051.98,4.05,85.10,0.00,37.50,0.67,0.00,stable,4077.03,-1.00,-1.00,0,0.00,1,1,0,0.499,LOCAL,,0,LOCAL,LOCAL,0,0,none
2026-05-21 16:54:45,46,0.67,3711.77,4.69,85.10,0.00,37.50,0.67,-0.00,stable,3890.06,-1.00,-1.00,0,0.00,1,1,0,0.499,LOCAL,,0,LOCAL,LOCAL,0,0,none
2026-05-21 16:54:47,47,0.69,3734.08,4.55,85.10,0.00,37.50,0.67,0.02,stable,3887.45,-1.00,-1.00,0,0.00,1,1,0,0.499,LOCAL,,0,LOCAL,LOCAL,0,0,none
2026-05-21 16:54:49,48,0.69,3734.08,7.01,85.12,9.10,37.50,0.69,0.00,stable,3807.98,-1.00,-1.00,0,0.00,1,1,0,0.499,LOCAL,,0,LOCAL,LOCAL,0,0,none
2026-05-21 16:54:51,49,0.74,3421.48,9.69,85.11,0.00,37.50,0.69,0.05,stable,3650.35,-1.00,-1.00,0,0.00,1,1,0,0.499,LOCAL,,0,LOCAL,LOCAL,0,0,none
2026-05-21 16:54:53,50,0.74,3116.70,8.32,85.12,0.00,37.50,0.74,-0.00,stable,3501.58,-1.00,-1.00,0,0.00,1,1,0,0.499,LOCAL,,0,LOCAL,LOCAL,0,0,none
2026-05-21 16:54:55,51,0.74,3116.70,7.67,85.12,0.00,37.00,0.74,0.00,stable,3347.24,-1.00,-1.00,0,0.00,1,1,0,0.499,LOCAL,,0,LOCAL,LOCAL,0,0,none
2026-05-21 16:54:57,52,0.65,3685.28,6.24,85.15,0.00,37.00,0.74,-0.10,stable,3335.04,-1.00,-1.00,0,0.00,1,1,0,0.499,LOCAL,,0,LOCAL,LOCAL,0,0,none
2026-05-21 16:54:59,53,0.62,3836.98,8.86,85.15,0.00,37.00,0.65,-0.03,stable,3438.92,-1.00,-1.00,0,0.00,1,1,0,0.499,LOCAL,,0,LOCAL,LOCAL,0,0,none
2026-05-21 16:55:01,54,0.62,3836.98,6.22,85.15,0.00,37.00,0.62,0.00,stable,3618.99,-1.00,-1.00,0,0.00,1,1,0,0.499,LOCAL,,0,LOCAL,LOCAL,0,0,none
2026-05-21 16:55:03,55,0.66,3602.58,8.42,85.15,3.50,37.00,0.62,0.04,stable,3740.46,-1.00,-1.00,0,0.00,1,1,0,0.499,LOCAL,,0,LOCAL,LOCAL,0,0,none
2026-05-21 16:55:05,56,0.66,3602.58,6.49,85.15,0.00,37.00,0.66,0.00,stable,3719.78,-1.00,-1.00,0,0.00,1,1,0,0.499,LOCAL,,0,LOCAL,LOCAL,0,0,none
2026-05-21 16:55:07,57,5.30,2207.09,4.40,85.15,0.00,37.00,0.66,4.64,stable,3312.31,-1.00,-1.00,0,0.00,1,1,0,0.499,LOCAL,,0,LOCAL,LOCAL,0,0,none
2026-05-21 16:55:09,58,0.66,3698.27,4.33,85.14,0.00,37.00,5.30,-4.64,stable,3277.63,-1.00,-1.00,0,0.00,1,1,0,0.499,LOCAL,,0,LOCAL,LOCAL,0,0,none
2026-05-21 16:55:11,59,0.66,3698.27,5.16,85.16,0.00,37.00,0.66,0.00,stable,3301.55,-1.00,-1.00,0,0.00,1,1,0,0.499,LOCAL,,0,LOCAL,LOCAL,0,0,none
2026-05-21 16:55:13,60,0.57,4585.82,6.85,85.16,0.00,36.50,0.66,-0.09,stable,3547.36,-1.00,-1.00,0,0.00,1,1,0,0.499,LOCAL,,0,LOCAL,LOCAL,0,0,none
2026-05-21 16:55:15,61,0.69,4634.59,10.27,85.15,0.00,36.50,0.57,0.12,stable,4154.24,-1.00,-1.00,0,0.00,1,1,0,0.499,LOCAL,,0,LOCAL,LOCAL,0,0,none
2026-05-21 16:55:17,62,0.69,4634.59,4.44,85.16,0.00,37.00,0.69,0.00,stable,4388.32,-1.00,-1.00,0,0.00,1,1,0,0.499,LOCAL,,0,LOCAL,LOCAL,0,0,none
2026-05-21 16:55:19,63,0.72,3432.33,9.25,85.16,0.00,36.50,0.69,0.03,stable,4321.83,-1.00,-1.00,0,0.00,1,1,0,0.499,LOCAL,,0,LOCAL,LOCAL,0,0,none
2026-05-21 16:55:21,64,0.74,3744.91,11.84,85.16,0.00,37.00,0.72,0.02,stable,4111.61,-1.00,-1.00,0,0.00,1,1,0,0.499,LOCAL,,0,LOCAL,LOCAL,0,0,none
2026-05-21 16:55:23,65,0.74,3744.91,8.79,85.15,0.00,36.50,0.74,0.00,stable,3889.19,-1.00,-1.00,0,0.00,1,1,0,0.499,LOCAL,,0,LOCAL,LOCAL,0,0,none
2026-05-21 16:55:25,66,0.70,3610.72,8.19,85.15,0.00,36.50,0.74,-0.04,stable,3633.22,-1.00,-1.00,0,0.00,1,1,0,0.499,LOCAL,,0,LOCAL,LOCAL,0,0,none
2026-05-21 16:55:27,67,0.62,3942.48,5.18,85.13,0.00,36.50,0.70,-0.08,stable,3760.76,-1.00,-1.00,0,0.00,1,1,0,0.499,LOCAL,,0,LOCAL,LOCAL,0,0,none
2026-05-21 16:55:29,68,0.62,3942.48,4.08,85.13,0.00,36.50,0.62,0.00,stable,3810.15,-1.00,-1.00,0,0.00,1,1,0,0.499,LOCAL,,0,LOCAL,LOCAL,0,0,none
2026-05-21 16:55:31,69,0.59,4043.19,10.15,85.13,0.00,36.50,0.62,-0.04,stable,3884.72,-1.00,-1.00,0,0.00,1,1,0,0.499,LOCAL,,0,LOCAL,LOCAL,0,0,none
2026-05-21 16:55:33,70,7.59,447.95,8.62,85.14,0.00,36.50,0.59,7.00,stable,3094.02,-1.00,-1.00,0,0.00,1,1,0,0.499,LOCAL,,0,LOCAL,LOCAL,0,0,none
2026-05-21 16:55:35,71,7.59,447.95,10.38,85.13,9.40,36.50,7.59,0.00,stable,2220.39,-1.00,-1.00,0,0.00,1,1,0,0.499,LOCAL,,0,LOCAL,LOCAL,0,0,none
2026-05-21 16:55:37,72,0.57,9236.01,25.29,85.53,0.00,36.50,7.59,-7.02,stable,3543.77,-1.00,-1.00,0,0.00,1,1,0,0.499,LOCAL,,0,LOCAL,LOCAL,0,0,none
2026-05-21 16:55:39,73,0.56,7511.63,19.67,85.52,0.00,37.00,0.57,-0.02,stable,4410.88,-1.00,-1.00,0,0.00,1,1,0,0.499,LOCAL,,0,LOCAL,LOCAL,0,0,none
2026-05-21 16:55:41,74,0.56,7511.63,15.35,85.46,0.00,36.50,0.56,0.00,stable,6176.80,-1.00,-1.00,0,0.00,1,1,0,0.499,LOCAL,,0,LOCAL,LOCAL,0,0,none
2026-05-21 16:55:43,75,0.57,6863.25,17.77,85.38,2.10,37.00,0.56,0.01,stable,7780.63,-1.00,-1.00,0,0.00,1,1,0,0.499,LOCAL,,0,LOCAL,LOCAL,0,0,none
2026-05-21 16:55:45,76,0.54,7405.52,9.57,85.22,0.00,36.50,0.57,-0.03,stable,7323.01,-1.00,-1.00,0,0.00,1,1,0,0.499,LOCAL,,0,LOCAL,LOCAL,0,0,none
2026-05-21 16:55:47,77,0.54,7405.52,8.48,85.22,0.00,36.50,0.54,0.00,stable,7296.48,-1.00,-1.00,0,0.00,1,1,0,0.499,LOCAL,,0,LOCAL,LOCAL,0,0,none
2026-05-21 16:55:49,78,0.64,4925.78,8.48,85.21,0.00,36.50,0.54,0.10,stable,6650.02,-1.00,-1.00,0,0.00,1,1,0,0.499,LOCAL,,0,LOCAL,LOCAL,0,0,none
2026-05-21 16:55:51,79,0.65,4489.49,8.31,85.21,0.00,36.00,0.64,0.01,stable,6056.58,-1.00,-1.00,0,0.00,1,1,0,0.499,LOCAL,,0,LOCAL,LOCAL,0,0,none
2026-05-21 16:55:53,80,0.65,4489.49,15.35,85.27,0.00,36.50,0.65,0.00,stable,5327.57,-1.00,-1.00,0,0.00,1,1,0,0.499,LOCAL,,0,LOCAL,LOCAL,0,0,none
2026-05-21 16:55:55,81,0.61,8661.44,24.13,85.31,3.10,36.50,0.65,-0.04,stable,5641.55,-1.00,-1.00,0,0.00,1,1,0,0.499,LOCAL,,0,LOCAL,LOCAL,0,0,none
2026-05-21 16:55:57,82,0.58,4101.51,23.69,85.55,0.00,36.50,0.61,-0.03,stable,5435.48,-1.00,-1.00,0,0.00,1,1,0,0.499,LOCAL,,0,LOCAL,LOCAL,0,0,none
2026-05-21 16:55:59,83,0.58,4101.51,30.22,85.58,4.30,37.00,0.58,0.00,stable,5338.49,-1.00,-1.00,0,0.00,1,1,0,0.499,LOCAL,,0,LOCAL,LOCAL,0,0,none
2026-05-21 16:56:01,84,0.56,6096.37,13.39,85.36,24.30,36.50,0.58,-0.03,stable,5740.21,-1.00,-1.00,0,0.00,1,1,0,0.499,LOCAL,,0,LOCAL,LOCAL,0,0,none
2026-05-21 16:56:03,85,0.56,6096.37,16.79,85.37,0.00,36.50,0.56,0.00,stable,5098.94,-1.00,-1.00,0,0.00,1,1,0,0.499,LOCAL,,0,LOCAL,LOCAL,0,0,none
2026-05-21 16:56:05,86,0.54,4728.64,8.87,85.34,0.00,36.50,0.56,-0.02,stable,5255.72,-1.00,-1.00,0,0.00,1,1,0,0.499,LOCAL,,0,LOCAL,LOCAL,0,0,none
2026-05-21 16:56:07,87,0.62,3749.52,7.99,85.30,0.00,36.00,0.54,0.08,stable,5167.73,-1.00,-1.00,0,0.00,1,1,0,0.499,LOCAL,,0,LOCAL,LOCAL,0,0,none
2026-05-21 16:56:09,88,0.62,3749.52,15.36,85.72,0.00,36.00,0.62,0.00,stable,4581.01,-1.00,-1.00,0,0.00,1,1,0,0.499,LOCAL,,0,LOCAL,LOCAL,0,0,none
2026-05-21 16:56:11,89,0.59,7259.72,39.83,86.98,3.80,37.00,0.62,-0.03,stable,4871.85,-1.00,-1.00,0,0.00,1,1,0,0.499,LOCAL,,0,LOCAL,LOCAL,0,0,none
2026-05-21 16:56:13,90,0.53,8802.32,26.24,87.19,0.00,37.00,0.59,-0.06,stable,5890.27,-1.00,-1.00,0,0.00,1,1,0,0.499,LOCAL,,0,LOCAL,LOCAL,0,0,none
2026-05-21 16:56:15,91,0.53,8802.32,27.99,87.32,0.00,37.00,0.53,0.00,stable,7153.47,-1.00,-1.00,0,0.00,1,1,0,0.499,LOCAL,,0,LOCAL,LOCAL,0,0,none
2026-05-21 16:56:17,92,0.57,6984.69,59.37,88.11,0.00,37.00,0.53,0.04,stable,7962.26,-1.00,-1.00,0,0.00,1,1,0,0.499,LOCAL,,0,LOCAL,LOCAL,0,0,none
2026-05-21 16:56:19,93,0.56,7371.36,61.81,87.79,45.90,37.50,0.57,-0.01,stable,7990.17,-1.00,-1.00,0,0.00,1,1,1,0.904,CLOUD,,0,LOCAL,CLOUD,1,0,started
2026-05-21 16:56:21,94,0.56,7371.36,59.15,86.97,0.00,37.00,0.56,0.00,stable,7632.43,-1.00,-1.00,0,0.00,1,1,0,0.499,LOCAL,,0,CLOUD,LOCAL,1,0,started
2026-05-21 16:56:23,95,0.49,8330.30,48.41,89.97,4.60,37.50,0.56,-0.07,stable,7514.43,-1.00,-1.00,0,0.00,1,1,0,0.499,LOCAL,,0,LOCAL,LOCAL,0,0,none
2026-05-21 16:56:25,96,0.50,8144.28,43.36,95.20,0.00,37.50,0.49,0.01,stable,7804.32,-1.00,-1.00,0,0.00,1,1,0,0.499,LOCAL,,0,LOCAL,LOCAL,0,0,none
2026-05-21 16:56:27,97,0.50,8144.28,64.36,97.78,43.70,37.50,0.50,0.00,stable,7997.55,-1.00,-1.00,0,0.00,1,1,1,0.910,CLOUD,,0,LOCAL,CLOUD,1,0,started
2026-05-21 16:56:29,98,0.53,6952.85,66.11,89.14,14.00,37.50,0.50,0.02,stable,7892.93,-1.00,-1.00,0,0.00,1,1,1,0.915,CLOUD,,0,CLOUD,CLOUD,0,0,none
2026-05-21 16:56:31,99,0.57,7168.22,46.53,87.47,36.40,37.50,0.53,0.04,stable,7602.41,-1.00,-1.00,0,0.00,1,1,0,0.499,LOCAL,,0,CLOUD,LOCAL,1,0,started
2026-05-21 16:56:33,100,0.57,7168.22,45.32,89.16,9.80,38.00,0.57,0.00,stable,7358.39,-1.00,-1.00,0,0.00,1,1,0,0.499,LOCAL,,0,LOCAL,LOCAL,0,0,none
2026-05-21 16:56:35,101,0.54,6347.79,49.44,93.43,19.90,38.00,0.57,-0.03,stable,6909.27,-1.00,-1.00,0,0.00,1,1,0,0.499,LOCAL,,0,LOCAL,LOCAL,0,0,none
2026-05-21 16:56:37,102,0.53,7678.36,45.99,97.47,9.80,37.50,0.54,-0.01,stable,7090.65,-1.00,-1.00,0,0.00,1,1,0,0.499,LOCAL,,0,LOCAL,LOCAL,0,0,none
2026-05-21 16:56:39,103,0.53,7678.36,48.40,97.25,1.60,37.50,0.53,0.00,stable,7218.18,-1.00,-1.00,0,0.00,1,1,0,0.499,LOCAL,,0,LOCAL,LOCAL,0,0,none
2026-05-21 16:56:41,104,0.51,7692.44,33.50,87.34,1.60,37.50,0.53,-0.02,stable,7349.24,-1.00,-1.00,0,0.00,1,1,0,0.499,LOCAL,,0,LOCAL,LOCAL,0,0,none
2026-05-21 16:56:43,105,0.54,634.30,27.39,87.35,1.60,37.50,0.51,0.03,stable,5920.87,-1.00,-1.00,0,0.00,1,1,0,0.499,LOCAL,,0,LOCAL,LOCAL,0,0,none
2026-05-21 16:56:45,106,0.54,634.30,26.35,87.34,1.20,37.50,0.54,0.00,stable,4159.85,-1.00,-1.00,0,0.00,1,1,0,0.499,LOCAL,,0,LOCAL,LOCAL,0,0,none
2026-05-21 16:56:47,107,2.66,7296.03,26.87,87.44,0.00,37.50,0.54,2.12,stable,4064.27,-1.00,-1.00,0,0.00,1,1,0,0.499,LOCAL,,0,LOCAL,LOCAL,0,0,none
2026-05-21 16:56:49,108,0.52,8332.36,27.57,87.45,0.00,37.50,2.66,-2.14,stable,4224.25,-1.00,-1.00,0,0.00,1,1,0,0.499,LOCAL,,0,LOCAL,LOCAL,0,0,none
2026-05-21 16:56:51,109,0.52,8332.36,39.09,87.62,4.90,37.50,0.52,0.00,stable,6148.76,-1.00,-1.00,0,0.00,1,1,0,0.499,LOCAL,,0,LOCAL,LOCAL,0,0,none
2026-05-21 16:56:53,110,0.57,8256.50,36.83,87.48,0.00,37.50,0.52,0.05,stable,8054.32,-1.00,-1.00,0,0.00,1,1,0,0.499,LOCAL,,0,LOCAL,LOCAL,0,0,none
2026-05-21 16:56:55,111,0.55,8326.16,28.47,87.49,4.10,37.50,0.57,-0.02,stable,8311.85,-1.00,-1.00,0,0.00,1,1,0,0.499,LOCAL,,0,LOCAL,LOCAL,0,0,none
2026-05-21 16:56:57,112,0.55,8326.16,32.77,87.52,0.00,37.50,0.55,0.00,stable,8310.30,-1.00,-1.00,0,0.00,1,1,0,0.499,LOCAL,,0,LOCAL,LOCAL,0,0,none
2026-05-21 16:56:59,113,0.55,3960.63,38.47,86.45,0.00,37.50,0.55,-0.01,stable,7217.36,-1.00,-1.00,0,0.00,1,1,0,0.499,LOCAL,,0,LOCAL,LOCAL,0,0,none
2026-05-21 16:57:01,114,0.54,7790.67,28.02,86.47,4.80,37.50,0.55,-0.01,stable,7100.91,-1.00,-1.00,0,0.00,1,1,0,0.499,LOCAL,,0,LOCAL,LOCAL,0,0,none
2026-05-21 16:57:03,115,0.54,7790.67,28.31,86.49,0.00,37.50,0.54,0.00,stable,6967.03,-1.00,-1.00,0,0.00,1,1,0,0.499,LOCAL,,0,LOCAL,LOCAL,0,0,none
2026-05-21 16:57:05,116,6.72,4664.87,28.21,86.50,1.20,37.50,0.54,6.18,stable,6051.71,-1.00,-1.00,0,0.00,1,1,0,0.499,LOCAL,,0,LOCAL,LOCAL,0,0,none
2026-05-21 16:57:07,117,6.72,4664.87,27.39,86.51,0.00,37.50,6.72,0.00,stable,6227.77,-1.00,-1.00,0,0.00,1,1,0,0.499,LOCAL,,0,LOCAL,LOCAL,0,0,none
2026-05-21 16:57:09,118,0.53,6290.67,26.50,86.53,0.00,37.50,6.72,-6.20,stable,5852.77,-1.00,-1.00,0,0.00,1,1,0,0.499,LOCAL,,0,LOCAL,LOCAL,0,0,none
2026-05-21 16:57:11,119,0.55,5223.29,26.77,86.60,0.00,37.50,0.53,0.03,stable,5210.93,-1.00,-1.00,0,0.00,1,1,0,0.499,LOCAL,,0,LOCAL,LOCAL,0,0,none
2026-05-21 16:57:13,120,0.55,5223.29,26.20,86.60,0.00,37.50,0.55,0.00,stable,5350.53,-1.00,-1.00,0,0.00,1,1,0,0.499,LOCAL,,0,LOCAL,LOCAL,0,0,none
2026-05-21 16:57:15,121,0.55,8432.88,27.36,86.58,0.00,37.50,0.55,0.00,stable,6292.53,-1.00,-1.00,0,0.00,1,1,0,0.499,LOCAL,,0,LOCAL,LOCAL,0,0,none
2026-05-21 16:57:17,122,0.56,8214.06,28.00,86.59,0.00,37.50,0.55,0.00,stable,6773.38,-1.00,-1.00,0,0.00,1,1,0,0.499,LOCAL,,0,LOCAL,LOCAL,0,0,none
2026-05-21 16:57:19,123,0.56,8214.06,27.36,86.59,0.00,37.50,0.56,0.00,stable,7521.07,-1.00,-1.00,0,0.00,1,1,0,0.499,LOCAL,,0,LOCAL,LOCAL,0,0,none
2026-05-21 16:57:21,124,0.54,7763.64,26.64,86.60,0.00,37.50,0.56,-0.01,stable,8156.16,-1.00,-1.00,0,0.00,1,1,0,0.499,LOCAL,,0,LOCAL,LOCAL,0,0,none
2026-05-21 16:57:24,125,0.52,8802.32,27.21,86.62,1.10,37.50,0.54,-0.02,stable,8248.52,-1.00,-1.00,0,0.00,1,1,0,0.499,LOCAL,,0,LOCAL,LOCAL,0,0,none
2026-05-21 16:57:26,126,0.52,8802.32,26.56,86.62,0.00,37.50,0.52,0.00,stable,8395.58,-1.00,-1.00,0,0.00,1,1,0,0.499,LOCAL,,0,LOCAL,LOCAL,0,0,none
2026-05-21 16:57:28,127,0.61,6614.32,27.03,86.64,0.00,37.50,0.52,0.09,stable,7995.65,-1.00,-1.00,0,0.00,1,1,0,0.499,LOCAL,,0,LOCAL,LOCAL,0,0,none
2026-05-21 16:57:30,128,0.56,8087.35,26.94,86.65,0.80,37.50,0.61,-0.05,stable,8076.58,-1.00,-1.00,0,0.00,1,1,0,0.499,LOCAL,,0,LOCAL,LOCAL,0,0,none
2026-05-21 16:57:32,129,0.56,8087.35,26.81,86.67,0.00,37.50,0.56,0.00,stable,7897.84,-1.00,-1.00,0,0.00,1,1,0,0.499,LOCAL,,0,LOCAL,LOCAL,0,0,none
2026-05-21 16:57:34,130,0.51,8097.11,26.90,86.68,0.00,37.50,0.56,-0.05,stable,7721.53,-1.00,-1.00,0,0.00,1,1,0,0.499,LOCAL,,0,LOCAL,LOCAL,0,0,none
2026-05-21 16:57:36,131,0.69,3335.76,27.19,86.70,0.00,37.50,0.51,0.19,stable,6901.90,-1.00,-1.00,0,0.00,1,1,0,0.499,LOCAL,,0,LOCAL,LOCAL,0,0,none
2026-05-21 16:57:38,132,0.69,3335.76,27.82,86.72,0.00,37.50,0.69,0.00,stable,5714.00,-1.00,-1.00,0,0.00,1,1,0,0.499,LOCAL,,0,LOCAL,LOCAL,0,0,none
2026-05-21 16:57:40,133,0.55,8905.10,27.59,86.73,0.00,37.50,0.69,-0.15,stable,5918.44,-1.00,-1.00,0,0.00,1,1,0,0.499,LOCAL,,0,LOCAL,LOCAL,0,0,none
2026-05-21 16:57:42,134,0.54,8348.95,27.57,86.77,0.00,37.50,0.55,-0.01,stable,5981.39,-1.00,-1.00,0,0.00,1,1,0,0.499,LOCAL,,0,LOCAL,LOCAL,0,0,none
2026-05-21 16:57:44,135,0.54,8348.95,26.97,86.79,0.00,37.50,0.54,0.00,stable,7234.69,-1.00,-1.00,0,0.00,1,1,0,0.499,LOCAL,,0,LOCAL,LOCAL,0,0,none
2026-05-21 16:57:46,136,0.56,8735.86,28.90,86.78,0.00,37.50,0.54,0.02,stable,8584.72,-1.00,-1.00,0,0.00,1,1,0,0.499,LOCAL,,0,LOCAL,LOCAL,0,0,none
2026-05-21 16:57:48,137,0.55,7797.92,27.08,86.81,0.00,37.50,0.56,-0.01,stable,8307.92,-1.00,-1.00,0,0.00,1,1,0,0.499,LOCAL,,0,LOCAL,LOCAL,0,0,none
2026-05-21 16:57:50,138,0.55,7797.92,26.86,86.81,0.00,37.50,0.55,0.00,stable,8170.16,-1.00,-1.00,0,0.00,1,1,0,0.499,LOCAL,,0,LOCAL,LOCAL,0,0,none
2026-05-21 16:57:52,139,0.52,8054.35,27.37,86.82,6.20,37.50,0.55,-0.04,stable,8096.51,-1.00,-1.00,0,0.00,1,1,0,0.499,LOCAL,,0,LOCAL,LOCAL,0,0,none
2026-05-21 16:57:54,140,0.56,9871.85,28.46,86.84,11.50,37.50,0.52,0.05,stable,8380.51,-1.00,-1.00,0,0.00,1,1,0,0.499,LOCAL,,0,LOCAL,LOCAL,0,0,none
2026-05-21 16:57:56,141,0.56,9871.85,26.44,86.84,0.00,37.50,0.56,0.00,stable,8898.99,-1.00,-1.00,0,0.00,1,1,0,0.499,LOCAL,,0,LOCAL,LOCAL,0,0,none
2026-05-21 16:57:58,142,0.57,5318.50,26.59,86.86,0.00,37.50,0.56,0.01,stable,8279.14,-1.00,-1.00,0,0.00,1,1,0,0.499,LOCAL,,0,LOCAL,LOCAL,0,0,none
2026-05-21 16:58:00,143,0.57,5318.50,27.03,86.88,0.00,37.50,0.57,0.00,stable,7595.18,-1.00,-1.00,0,0.00,1,1,0,0.499,LOCAL,,0,LOCAL,LOCAL,0,0,none
2026-05-21 16:58:02,144,11.11,179.55,26.57,86.88,0.00,37.00,0.57,10.53,up,5172.10,-1.00,-1.00,0,0.00,1,1,0,0.499,LOCAL,,0,LOCAL,LOCAL,0,0,none
2026-05-21 16:58:04,145,19.75,7816.08,26.40,86.90,11.80,37.50,11.11,8.64,stable,4658.16,-1.00,-1.00,0,0.00,1,1,0,0.499,LOCAL,,0,LOCAL,LOCAL,0,0,none
2026-05-21 16:58:06,146,19.75,7816.08,25.61,86.91,10.70,37.50,19.75,0.00,stable,5282.55,-1.00,-1.00,0,0.00,1,1,0,0.499,LOCAL,,0,LOCAL,LOCAL,0,0,none
2026-05-21 16:58:08,147,0.61,8110.81,27.23,86.92,16.40,37.50,19.75,-19.14,down,5980.63,-1.00,-1.00,0,0.00,1,1,0,0.499,LOCAL,,0,LOCAL,LOCAL,0,0,none
2026-05-21 16:58:10,148,0.57,3642.47,30.10,86.94,16.40,37.50,0.61,-0.04,stable,6846.36,-1.00,-1.00,0,0.00,1,1,0,0.499,LOCAL,,0,LOCAL,LOCAL,0,0,none
2026-05-21 16:58:12,149,0.57,3642.47,28.86,86.99,35.40,37.50,0.57,0.00,stable,5802.96,-1.00,-1.00,0,0.00,1,1,0,0.499,LOCAL,,0,LOCAL,LOCAL,0,0,none
2026-05-21 16:58:14,150,0.57,7435.06,28.27,87.00,20.60,37.50,0.57,0.00,stable,5707.70,-1.00,-1.00,0,0.00,1,1,0,0.499,LOCAL,,0,LOCAL,LOCAL,0,0,none
2026-05-21 16:58:16,151,0.61,7885.88,28.37,86.99,40.90,37.50,0.57,0.05,stable,5651.47,-1.00,-1.00,0,0.00,1,1,0,0.499,LOCAL,,0,LOCAL,LOCAL,0,0,none
2026-05-21 16:58:18,152,0.61,7885.88,27.47,87.00,34.10,37.50,0.61,0.00,stable,6712.32,-1.00,-1.00,0,0.00,1,1,0,0.499,LOCAL,,0,LOCAL,LOCAL,0,0,none
2026-05-21 16:58:20,153,0.63,7430.12,27.61,87.01,39.80,37.50,0.61,0.02,stable,7659.24,-1.00,-1.00,0,0.00,1,1,0,0.499,LOCAL,,0,LOCAL,LOCAL,0,0,none
2026-05-21 16:58:22,154,0.58,6751.39,27.00,87.02,40.30,37.50,0.63,-0.05,stable,7488.32,-1.00,-1.00,0,0.00,1,1,0,0.499,LOCAL,,0,LOCAL,LOCAL,0,0,none
2026-05-21 16:58:24,155,0.58,6751.39,27.75,87.04,32.80,37.50,0.58,0.00,stable,7204.70,-1.00,-1.00,0,0.00,1,1,0,0.499,LOCAL,,0,LOCAL,LOCAL,0,0,none
2026-05-21 16:58:26,156,0.63,8326.16,28.14,87.04,19.40,37.50,0.58,0.05,stable,7314.77,-1.00,-1.00,0,0.00,1,1,0,0.499,LOCAL,,0,LOCAL,LOCAL,0,0,none
2026-05-21 16:58:28,157,0.60,6605.20,28.07,87.05,43.80,37.50,0.63,-0.03,stable,7108.54,-1.00,-1.00,0,0.00,1,1,0,0.499,LOCAL,,0,LOCAL,LOCAL,0,0,none
2026-05-21 16:58:30,158,0.60,6605.20,27.70,87.07,40.80,37.50,0.60,0.00,stable,7071.99,-1.00,-1.00,0,0.00,1,1,0,0.499,LOCAL,,0,LOCAL,LOCAL,0,0,none
2026-05-21 16:58:32,159,0.68,724.56,28.98,87.08,39.70,37.50,0.60,0.08,stable,5565.28,-1.00,-1.00,0,0.00,1,1,0,0.499,LOCAL,,0,LOCAL,LOCAL,0,0,none
2026-05-21 16:58:34,160,0.60,7002.18,30.76,87.09,41.00,37.50,0.68,-0.08,stable,5234.29,-1.00,-1.00,0,0.00,1,1,0,0.499,LOCAL,,0,LOCAL,LOCAL,0,0,none
2026-05-21 16:58:36,161,0.60,7002.18,42.68,87.08,26.60,37.50,0.60,0.00,stable,5333.53,-1.00,-1.00,0,0.00,1,1,0,0.499,LOCAL,,0,LOCAL,LOCAL,0,0,none
2026-05-21 16:58:38,162,0.62,5680.45,28.19,87.04,39.30,37.50,0.60,0.03,stable,5102.34,-1.00,-1.00,0,0.00,1,1,0,0.499,LOCAL,,0,LOCAL,LOCAL,0,0,none
2026-05-21 16:58:40,163,0.66,4906.34,27.81,87.06,36.70,37.50,0.62,0.03,stable,6147.79,-1.00,-1.00,0,0.00,1,1,0,0.499,LOCAL,,0,LOCAL,LOCAL,0,0,none
2026-05-21 16:58:42,164,0.66,4906.34,27.63,87.10,38.20,37.50,0.66,0.00,stable,5623.83,-1.00,-1.00,0,0.00,1,1,0,0.499,LOCAL,,0,LOCAL,LOCAL,0,0,none
2026-05-21 16:58:44,165,0.56,7182.03,28.39,87.11,41.80,37.50,0.66,-0.10,stable,5668.79,-1.00,-1.00,0,0.00,1,1,0,0.499,LOCAL,,0,LOCAL,LOCAL,0,0,none
2026-05-21 16:58:46,166,0.56,7182.03,27.99,87.10,41.20,37.50,0.56,0.00,stable,6044.18,-1.00,-1.00,0,0.00,1,1,0,0.499,LOCAL,,0,LOCAL,LOCAL,0,0,none
2026-05-21 16:58:48,167,0.52,8359.35,27.60,87.12,43.00,37.50,0.56,-0.05,stable,6907.44,-1.00,-1.00,0,0.00,1,1,0,0.499,LOCAL,,0,LOCAL,LOCAL,0,0,none
2026-05-21 16:58:50,168,0.52,7589.78,30.08,87.13,40.20,37.50,0.52,0.00,stable,7578.30,-1.00,-1.00,0,0.00,1,1,0,0.499,LOCAL,,0,LOCAL,LOCAL,0,0,none
2026-05-21 16:58:52,169,0.52,7589.78,27.11,87.15,41.20,37.50,0.52,0.00,stable,7680.24,-1.00,-1.00,0,0.00,1,1,0,0.499,LOCAL,,0,LOCAL,LOCAL,0,0,none
2026-05-21 16:58:54,170,0.56,8566.36,27.25,87.16,38.60,37.50,0.52,0.04,stable,8026.32,-1.00,-1.00,0,0.00,1,1,0,0.499,LOCAL,,0,LOCAL,LOCAL,0,0,none
2026-05-21 16:58:56,171,0.53,8779.29,29.29,87.17,32.10,37.50,0.56,-0.02,stable,8131.30,-1.00,-1.00,0,0.00,1,1,0,0.499,LOCAL,,0,LOCAL,LOCAL,0,0,none
2026-05-21 16:58:58,172,0.53,8779.29,28.31,87.19,33.10,37.50,0.53,0.00,stable,8428.68,-1.00,-1.00,0,0.00,1,1,0,0.499,LOCAL,,0,LOCAL,LOCAL,0,0,none
2026-05-21 16:59:00,173,0.50,6391.32,52.72,86.34,35.00,37.50,0.53,-0.04,stable,8129.06,-1.00,-1.00,0,0.00,1,1,0,0.499,LOCAL,,0,LOCAL,LOCAL,0,0,none
2026-05-21 16:59:02,174,0.53,8170.06,29.65,86.33,42.90,38.00,0.50,0.04,stable,8029.99,-1.00,-1.00,0,0.00,1,1,0,0.499,LOCAL,,0,LOCAL,LOCAL,0,0,none
2026-05-21 16:59:04,175,0.53,8170.06,30.24,86.33,32.00,37.50,0.53,0.00,stable,7877.68,-1.00,-1.00,0,0.00,1,1,0,0.499,LOCAL,,0,LOCAL,LOCAL,0,0,none
2026-05-21 16:59:06,176,0.52,8278.91,33.16,86.34,23.20,37.50,0.53,-0.01,stable,7752.59,-1.00,-1.00,0,0.00,1,1,0,0.499,LOCAL,,0,LOCAL,LOCAL,0,0,none
2026-05-21 16:59:08,177,0.59,6519.22,30.02,86.35,41.70,37.50,0.52,0.07,stable,7784.56,-1.00,-1.00,0,0.00,1,1,0,0.499,LOCAL,,0,LOCAL,LOCAL,0,0,none
2026-05-21 16:59:10,178,0.59,6519.22,28.10,86.48,43.30,37.50,0.59,0.00,stable,7371.85,-1.00,-1.00,0,0.00,1,1,0,0.499,LOCAL,,0,LOCAL,LOCAL,0,0,none
2026-05-21 16:59:12,179,0.51,7067.07,30.65,86.48,36.70,37.50,0.59,-0.08,stable,7096.11,-1.00,-1.00,0,0.00,1,1,0,0.499,LOCAL,,0,LOCAL,LOCAL,0,0,none
2026-05-21 16:59:14,180,0.55,7657.33,28.67,86.40,45.30,37.50,0.51,0.04,stable,6940.71,-1.00,-1.00,0,0.00,1,1,0,0.499,LOCAL,,0,LOCAL,LOCAL,0,0,none
2026-05-21 16:59:16,181,0.55,7657.33,29.05,86.40,43.90,37.50,0.55,0.00,stable,7225.24,-1.00,-1.00,0,0.00,1,1,0,0.499,LOCAL,,0,LOCAL,LOCAL,0,0,none
2026-05-21 16:59:18,182,0.56,8783.88,29.03,86.50,43.60,37.50,0.55,0.01,stable,7791.40,-1.00,-1.00,0,0.00,1,1,0,0.499,LOCAL,,0,LOCAL,LOCAL,0,0,none
2026-05-21 16:59:20,183,0.52,7035.95,29.62,86.40,41.80,37.50,0.56,-0.04,stable,7783.62,-1.00,-1.00,0,0.00,1,1,0,0.499,LOCAL,,0,LOCAL,LOCAL,0,0,none
2026-05-21 16:59:22,184,0.52,7035.95,28.75,86.44,30.20,37.50,0.52,0.00,stable,7628.28,-1.00,-1.00,0,0.00,1,1,0,0.499,LOCAL,,0,LOCAL,LOCAL,0,0,none
2026-05-21 16:59:24,185,0.61,9253.84,43.12,89.82,54.80,37.50,0.52,0.08,stable,8027.40,-1.00,-1.00,0,0.00,1,1,0,0.499,LOCAL,,0,LOCAL,LOCAL,0,0,none
2026-05-21 16:59:26,186,0.70,6413.31,41.73,93.66,38.30,37.50,0.61,0.10,stable,7434.76,-1.00,-1.00,0,0.00,1,1,0,0.499,LOCAL,,0,LOCAL,LOCAL,0,0,none
2026-05-21 16:59:28,187,0.70,6413.31,44.62,96.60,5.80,38.00,0.70,0.00,stable,7279.10,-1.00,-1.00,0,0.00,1,1,0,0.499,LOCAL,,0,LOCAL,LOCAL,0,0,none
2026-05-21 16:59:30,188,0.58,7200.52,39.37,96.75,98.40,43.50,0.70,-0.12,stable,7320.25,-1.00,-1.00,0,0.00,1,1,0,0.499,LOCAL,,0,LOCAL,LOCAL,0,0,none
2026-05-21 16:59:32,189,0.63,6104.14,39.13,96.74,98.00,44.50,0.58,0.05,stable,6532.82,-1.00,-1.00,0,0.00,1,1,0,0.499,LOCAL,,0,LOCAL,LOCAL,0,0,none
2026-05-21 16:59:34,190,0.63,6104.14,39.03,96.75,98.80,44.50,0.63,0.00,stable,6455.53,-1.00,-1.00,0,0.00,1,1,0,0.499,LOCAL,,0,LOCAL,LOCAL,0,0,none
2026-05-21 16:59:36,191,0.64,3711.77,39.01,96.76,98.20,45.50,0.63,0.01,stable,5780.14,-1.00,-1.00,0,0.00,1,1,0,0.499,LOCAL,,0,LOCAL,LOCAL,0,0,none
2026-05-21 16:59:38,192,18.27,3238.53,40.23,96.77,98.30,45.50,0.64,17.63,up,4789.64,-1.00,-1.00,0,0.00,1,1,0,0.499,LOCAL,,0,LOCAL,LOCAL,0,0,none
2026-05-21 16:59:40,193,18.27,3238.53,39.08,96.79,98.50,45.50,18.27,0.00,stable,4073.24,-1.00,-1.00,0,0.00,1,1,0,0.499,LOCAL,,0,LOCAL,LOCAL,0,0,none
2026-05-21 16:59:42,194,0.63,5768.34,38.38,96.83,98.70,45.50,18.27,-17.64,down,3989.29,-1.00,-1.00,0,0.00,1,1,0,0.499,LOCAL,,0,LOCAL,LOCAL,0,0,none
2026-05-21 16:59:44,195,0.66,3432.68,38.40,96.84,98.50,46.00,0.63,0.02,stable,3919.52,-1.00,-1.00,0,0.00,1,1,0,0.499,LOCAL,,0,LOCAL,LOCAL,0,0,none
2026-05-21 16:59:46,196,0.66,3432.68,39.55,96.93,97.90,46.50,0.66,0.00,stable,3968.06,-1.00,-1.00,0,0.00,1,1,0,0.499,LOCAL,,0,LOCAL,LOCAL,0,0,none
2026-05-21 16:59:48,197,0.63,8021.62,40.03,96.97,98.60,46.50,0.66,-0.02,stable,5163.83,-1.00,-1.00,0,0.00,1,1,0,0.499,LOCAL,,0,LOCAL,LOCAL,0,0,none
2026-05-21 16:59:50,198,0.66,6558.72,38.59,96.97,98.50,47.00,0.63,0.03,stable,5361.42,-1.00,-1.00,0,0.00,1,1,0,0.499,LOCAL,,0,LOCAL,LOCAL,0,0,none
2026-05-21 16:59:52,199,0.66,6558.72,38.65,96.96,98.00,46.50,0.66,0.00,stable,6142.94,-1.00,-1.00,0,0.00,1,1,0,0.499,LOCAL,,0,LOCAL,LOCAL,0,0,none
2026-05-21 16:59:54,200,0.63,3436.19,38.36,97.08,98.40,46.50,0.66,-0.03,stable,6143.82,-1.00,-1.00,0,0.00,1,1,0,0.499,LOCAL,,0,LOCAL,LOCAL,0,0,none
2026-05-21 16:59:56,201,0.63,3436.19,37.38,97.01,98.60,47.00,0.63,0.00,stable,4997.46,-1.00,-1.00,0,0.00,1,1,0,0.499,LOCAL,,0,LOCAL,LOCAL,0,0,none
2026-05-21 16:59:58,202,0.66,7872.93,38.98,97.01,98.20,47.00,0.63,0.02,stable,5326.01,-1.00,-1.00,0,0.00,1,1,0,0.499,LOCAL,,0,LOCAL,LOCAL,0,0,none
2026-05-21 17:00:00,203,0.62,6579.30,38.44,97.01,98.70,47.50,0.66,-0.04,stable,5331.15,-1.00,-1.00,0,0.00,1,1,0,0.499,LOCAL,,0,LOCAL,LOCAL,0,0,none
2026-05-21 17:00:02,204,0.62,6579.30,37.65,97.02,98.40,47.50,0.62,0.00,stable,6116.93,-1.00,-1.00,0,0.00,1,1,0,0.499,LOCAL,,0,LOCAL,LOCAL,0,0,none
2026-05-21 17:00:04,205,0.62,7326.30,38.51,97.03,98.60,47.50,0.62,0.00,stable,7089.46,-1.00,-1.00,0,0.00,1,1,0,0.499,LOCAL,,0,LOCAL,LOCAL,0,0,none
2026-05-21 17:00:06,206,0.59,6086.42,38.58,97.05,98.80,47.50,0.62,-0.03,stable,6642.83,-1.00,-1.00,0,0.00,1,1,0,0.499,LOCAL,,0,LOCAL,LOCAL,0,0,none
2026-05-21 17:00:08,207,0.59,6086.42,39.31,96.92,98.30,48.00,0.59,0.00,stable,6519.61,-1.00,-1.00,0,0.00,1,1,0,0.499,LOCAL,,0,LOCAL,LOCAL,0,0,none
2026-05-21 17:00:10,208,0.56,10007.29,38.89,96.94,98.60,48.00,0.59,-0.03,stable,7376.61,-1.00,-1.00,0,0.00,1,1,0,0.499,LOCAL,,0,LOCAL,LOCAL,0,0,none
2026-05-21 17:00:12,209,0.56,6829.72,38.28,96.99,97.40,48.00,0.56,0.00,stable,7252.46,-1.00,-1.00,0,0.00,1,1,0,0.499,LOCAL,,0,LOCAL,LOCAL,0,0,none
2026-05-21 17:00:14,210,0.56,6829.72,51.67,97.01,98.50,48.50,0.56,0.00,stable,7438.29,-1.00,-1.00,0,0.00,1,1,0,0.499,LOCAL,,0,LOCAL,LOCAL,0,0,none
2026-05-21 17:00:16,211,0.54,4704.77,49.50,96.63,98.40,48.50,0.56,-0.02,stable,7092.88,-1.00,-1.00,0,0.00,1,1,0,0.499,LOCAL,,0,LOCAL,LOCAL,0,0,none
2026-05-21 17:00:18,212,0.53,7343.93,38.97,96.62,98.30,48.50,0.54,-0.02,stable,6427.04,-1.00,-1.00,0,0.00,1,1,0,0.499,LOCAL,,0,LOCAL,LOCAL,0,0,none
2026-05-21 17:00:20,213,0.53,7343.93,38.65,96.61,98.00,48.50,0.53,0.00,stable,6555.59,-1.00,-1.00,0,0.00,1,1,0,0.499,LOCAL,,0,LOCAL,LOCAL,0,0,none
2026-05-21 17:00:22,214,0.50,2984.47,38.26,96.62,98.40,48.50,0.53,-0.03,stable,5594.28,-1.00,-1.00,0,0.00,1,1,0,0.499,LOCAL,,0,LOCAL,LOCAL,0,0,none
2026-05-21 17:00:24,215,0.54,8307.61,38.63,96.63,98.70,49.00,0.50,0.04,stable,6494.99,-1.00,-1.00,0,0.00,1,1,0,0.499,LOCAL,,0,LOCAL,LOCAL,0,0,none
2026-05-21 17:00:26,216,0.54,8307.61,38.58,96.64,98.50,49.00,0.54,0.00,stable,6735.91,-1.00,-1.00,0,0.00,1,1,0,0.499,LOCAL,,0,LOCAL,LOCAL,0,0,none
2026-05-21 17:00:28,217,0.52,8503.40,38.07,96.64,98.20,49.00,0.54,-0.02,stable,7025.77,-1.00,-1.00,0,0.00,1,1,0,0.499,LOCAL,,0,LOCAL,LOCAL,0,0,none
2026-05-21 17:00:30,218,0.52,9370.13,38.57,96.68,98.40,49.50,0.52,-0.01,stable,8622.19,-1.00,-1.00,0,0.00,1,1,0,0.499,LOCAL,,0,LOCAL,LOCAL,0,0,none
2026-05-21 17:00:32,219,0.52,9370.13,37.62,96.69,98.00,49.50,0.52,0.00,stable,8887.82,-1.00,-1.00,0,0.00,1,1,0,0.499,LOCAL,,0,LOCAL,LOCAL,0,0,none
2026-05-21 17:00:34,220,0.51,8742.69,38.76,96.71,98.40,49.50,0.52,-0.01,stable,8996.59,-1.00,-1.00,0,0.00,1,1,0,0.499,LOCAL,,0,LOCAL,LOCAL,0,0,none
2026-05-21 17:00:36,221,0.52,8779.29,38.44,96.72,98.80,50.00,0.51,0.01,stable,9065.56,-1.00,-1.00,0,0.00,1,1,0,0.499,LOCAL,,0,LOCAL,LOCAL,0,0,none
2026-05-21 17:00:38,222,0.52,8779.29,39.97,96.73,98.50,50.00,0.52,0.00,stable,8917.85,-1.00,-1.00,0,0.00,1,1,0,0.499,LOCAL,,0,LOCAL,LOCAL,0,0,none
2026-05-21 17:00:40,223,0.52,8525.01,38.74,96.74,97.90,50.00,0.52,0.00,stable,8706.57,-1.00,-1.00,0,0.00,1,1,0,0.499,LOCAL,,0,LOCAL,LOCAL,0,0,none
2026-05-21 17:00:42,224,0.58,5757.45,39.28,96.76,98.80,50.00,0.52,0.06,stable,7960.26,-1.00,-1.00,0,0.00,1,1,0,0.499,LOCAL,,0,LOCAL,LOCAL,0,0,none
2026-05-21 17:00:44,225,0.58,5757.45,38.54,96.78,98.40,50.00,0.58,0.00,stable,7204.80,-1.00,-1.00,0,0.00,1,1,0,0.499,LOCAL,,0,LOCAL,LOCAL,0,0,none
2026-05-21 17:00:46,226,0.60,7343.93,38.89,96.76,98.30,50.00,0.58,0.02,stable,6845.96,-1.00,-1.00,0,0.00,1,1,0,0.499,LOCAL,,0,LOCAL,LOCAL,0,0,none
2026-05-21 17:00:48,227,0.62,5426.89,38.16,96.78,98.70,50.50,0.60,0.02,stable,6071.43,-1.00,-1.00,0,0.00,1,1,0,0.499,LOCAL,,0,LOCAL,LOCAL,0,0,none
2026-05-21 17:00:50,228,0.62,5426.89,40.38,96.80,98.20,50.50,0.62,0.00,stable,5988.79,-1.00,-1.00,0,0.00,1,1,0,0.499,LOCAL,,0,LOCAL,LOCAL,0,0,none
2026-05-21 17:00:52,229,0.63,7234.68,43.59,96.85,98.50,51.00,0.62,0.01,stable,6358.10,-1.00,-1.00,0,0.00,1,1,0,0.499,LOCAL,,0,LOCAL,LOCAL,0,0,none
2026-05-21 17:00:54,230,0.60,7727.87,45.78,86.56,11.40,45.50,0.63,-0.03,stable,6454.08,-1.00,-1.00,0,0.00,1,1,0,0.499,LOCAL,,0,LOCAL,LOCAL,0,0,none
2026-05-21 17:00:56,231,0.60,7727.87,27.09,86.55,18.10,44.50,0.60,0.00,stable,7029.33,-1.00,-1.00,0,0.00,1,1,0,0.499,LOCAL,,0,LOCAL,LOCAL,0,0,none
2026-05-21 17:00:58,232,0.62,7848.99,27.07,86.56,24.00,43.50,0.60,0.01,stable,7634.85,-1.00,-1.00,0,0.00,1,1,0,0.499,LOCAL,,0,LOCAL,LOCAL,0,0,none
2026-05-21 17:01:00,233,0.57,8553.26,26.79,86.58,31.50,43.50,0.62,-0.05,stable,7964.50,-1.00,-1.00,0,0.00,1,1,0,0.499,LOCAL,,0,LOCAL,LOCAL,0,0,none
2026-05-21 17:01:02,234,0.57,8553.26,26.88,86.59,31.10,43.00,0.57,0.00,stable,8170.85,-1.00,-1.00,0,0.00,1,1,0,0.499,LOCAL,,0,LOCAL,LOCAL,0,0,none
2026-05-21 17:01:04,235,0.62,7548.80,26.78,86.57,35.60,43.00,0.57,0.05,stable,8126.08,-1.00,-1.00,0,0.00,1,1,0,0.499,LOCAL,,0,LOCAL,LOCAL,0,0,none
2026-05-21 17:01:06,236,0.62,7548.80,26.35,86.59,33.30,43.00,0.62,0.00,stable,8051.03,-1.00,-1.00,0,0.00,1,1,0,0.499,LOCAL,,0,LOCAL,LOCAL,0,0,none
2026-05-21 17:01:08,237,0.57,7055.18,26.71,86.60,30.70,43.00,0.62,-0.05,stable,7676.51,-1.00,-1.00,0,0.00,1,1,0,0.499,LOCAL,,0,LOCAL,LOCAL,0,0,none
2026-05-21 17:01:10,238,0.65,7805.17,47.65,86.63,42.30,43.00,0.57,0.08,stable,7489.49,-1.00,-1.00,0,0.00,1,1,0,0.499,LOCAL,,0,LOCAL,LOCAL,0,0,none
2026-05-21 17:01:12,239,0.65,7805.17,28.50,86.36,41.10,43.00,0.65,0.00,stable,7553.58,-1.00,-1.00,0,0.00,1,1,0,0.499,LOCAL,,0,LOCAL,LOCAL,0,0,none
2026-05-21 17:01:14,240,6.71,280.00,27.94,86.36,40.00,42.50,0.65,6.06,stable,5736.38,-1.00,-1.00,0,0.00,1,1,0,0.499,LOCAL,,0,LOCAL,LOCAL,0,0,none
2026-05-21 17:01:16,241,25.63,7347.15,26.81,86.37,42.30,43.00,6.71,18.93,up,5809.37,-1.00,-1.00,0,0.00,1,1,0,0.499,LOCAL,,0,LOCAL,LOCAL,0,0,none
2026-05-21 17:01:18,242,25.63,7347.15,26.37,86.39,40.60,42.50,25.63,0.00,stable,5694.87,-1.00,-1.00,0,0.00,1,1,0,0.499,LOCAL,,0,LOCAL,LOCAL,0,0,none
2026-05-21 17:01:20,243,0.61,7095.46,26.57,86.40,39.40,42.50,25.63,-25.02,down,5517.44,-1.00,-1.00,0,0.00,1,1,0,0.499,LOCAL,,0,LOCAL,LOCAL,0,0,none
2026-05-21 17:01:22,244,0.55,9658.73,25.97,86.42,35.30,42.50,0.61,-0.06,stable,7862.12,-1.00,-1.00,0,0.00,1,1,0,0.499,LOCAL,,0,LOCAL,LOCAL,0,0,none
2026-05-21 17:01:24,245,0.55,9658.73,26.72,86.43,44.50,42.50,0.55,0.00,stable,8440.02,-1.00,-1.00,0,0.00,1,1,0,0.499,LOCAL,,0,LOCAL,LOCAL,0,0,none
2026-05-21 17:01:26,246,0.57,6145.50,25.59,86.45,27.40,42.50,0.55,0.02,stable,8139.61,-1.00,-1.00,0,0.00,1,1,0,0.499,LOCAL,,0,LOCAL,LOCAL,0,0,none
2026-05-21 17:01:28,247,6.51,292.65,26.05,86.46,39.20,42.00,0.57,5.94,stable,6438.90,-1.00,-1.00,0,0.00,1,1,0,0.499,LOCAL,,0,LOCAL,LOCAL,0,0,none
2026-05-21 17:01:30,248,6.51,292.65,25.90,86.48,37.60,42.00,6.51,0.00,stable,4097.38,-1.00,-1.00,0,0.00,1,1,0,0.499,LOCAL,,0,LOCAL,LOCAL,0,0,none
2026-05-21 17:01:32,249,6.84,8208.03,26.20,86.48,42.90,42.50,6.51,0.33,stable,3734.71,-1.00,-1.00,0,0.00,1,1,0,0.499,LOCAL,,0,LOCAL,LOCAL,0,0,none
2026-05-21 17:01:34,250,0.65,8322.03,26.00,86.49,42.20,42.00,6.84,-6.19,stable,4278.84,-1.00,-1.00,0,0.00,1,1,0,0.499,LOCAL,,0,LOCAL,LOCAL,0,0,none
2026-05-21 17:01:36,251,0.65,8322.03,25.65,86.50,40.20,42.00,0.65,0.00,stable,6286.19,-1.00,-1.00,0,0.00,1,1,0,0.499,LOCAL,,0,LOCAL,LOCAL,0,0,none
2026-05-21 17:01:38,252,0.61,8336.50,25.74,86.51,42.90,42.00,0.65,-0.03,stable,8297.15,-1.00,-1.00,0,0.00,1,1,0,0.499,LOCAL,,0,LOCAL,LOCAL,0,0,none
2026-05-21 17:01:40,253,0.64,8291.19,24.89,86.52,42.30,42.00,0.61,0.02,stable,8317.94,-1.00,-1.00,0,0.00,1,1,0,0.499,LOCAL,,0,LOCAL,LOCAL,0,0,none
2026-05-21 17:01:42,254,0.64,8291.19,25.27,86.55,42.20,42.00,0.64,0.00,stable,8310.23,-1.00,-1.00,0,0.00,1,1,0,0.499,LOCAL,,0,LOCAL,LOCAL,0,0,none
2026-05-21 17:01:44,255,0.56,7076.01,25.63,86.54,21.10,42.00,0.64,-0.08,stable,7998.72,-1.00,-1.00,0,0.00,1,1,0,0.499,LOCAL,,0,LOCAL,LOCAL,0,0,none
2026-05-21 17:01:46,256,0.54,7506.58,26.13,86.56,35.10,42.00,0.56,-0.02,stable,7791.24,-1.00,-1.00,0,0.00,1,1,0,0.499,LOCAL,,0,LOCAL,LOCAL,0,0,none
2026-05-21 17:01:48,257,0.54,7506.58,25.63,86.57,43.60,42.00,0.54,0.00,stable,7595.09,-1.00,-1.00,0,0.00,1,1,0,0.499,LOCAL,,0,LOCAL,LOCAL,0,0,none
2026-05-21 17:01:50,258,0.54,8916.94,25.67,86.57,37.50,42.00,0.54,0.00,stable,7751.53,-1.00,-1.00,0,0.00,1,1,0,0.499,LOCAL,,0,LOCAL,LOCAL,0,0,none
2026-05-21 17:01:52,259,0.60,7956.94,26.45,86.60,66.60,41.50,0.54,0.06,stable,7971.76,-1.00,-1.00,0,0.00,1,1,0,0.499,LOCAL,,0,LOCAL,LOCAL,0,0,none
2026-05-21 17:01:54,260,0.60,7956.94,25.08,86.61,40.30,41.50,0.60,0.00,stable,8084.35,-1.00,-1.00,0,0.00,1,1,0,0.499,LOCAL,,0,LOCAL,LOCAL,0,0,none
2026-05-21 17:01:56,261,0.53,9049.20,25.78,86.61,40.20,41.50,0.60,-0.07,stable,8470.01,-1.00,-1.00,0,0.00,1,1,0,0.499,LOCAL,,0,LOCAL,LOCAL,0,0,none
2026-05-21 17:01:58,262,0.53,9049.20,25.30,86.62,38.80,41.50,0.53,0.00,stable,8503.07,-1.00,-1.00,0,0.00,1,1,0,0.499,LOCAL,,0,LOCAL,LOCAL,0,0,none
2026-05-21 17:02:00,263,0.54,8154.18,25.51,86.64,40.00,41.50,0.53,0.01,stable,8552.38,-1.00,-1.00,0,0.00,1,1,0,0.499,LOCAL,,0,LOCAL,LOCAL,0,0,none
2026-05-21 17:02:02,264,0.63,8971.77,26.14,86.65,39.00,41.50,0.54,0.09,stable,8806.09,-1.00,-1.00,0,0.00,1,1,0,0.499,LOCAL,,0,LOCAL,LOCAL,0,0,none
2026-05-21 17:02:04,265,0.63,8971.77,26.11,86.66,43.70,41.50,0.63,0.00,stable,8786.73,-1.00,-1.00,0,0.00,1,1,0,0.499,LOCAL,,0,LOCAL,LOCAL,0,0,none
2026-05-21 17:02:06,266,0.62,7230.00,26.22,86.68,39.50,41.50,0.63,-0.00,stable,8331.93,-1.00,-1.00,0,0.00,1,1,0,0.499,LOCAL,,0,LOCAL,LOCAL,0,0,none
2026-05-21 17:02:08,267,0.60,8380.23,48.07,86.40,37.60,41.50,0.62,-0.02,stable,8388.44,-1.00,-1.00,0,0.00,1,1,0,0.499,LOCAL,,0,LOCAL,LOCAL,0,0,none
2026-05-21 17:02:10,268,0.60,8380.23,25.72,86.39,41.20,41.50,0.60,0.00,stable,8240.56,-1.00,-1.00,0,0.00,1,1,0,0.499,LOCAL,,0,LOCAL,LOCAL,0,0,none
2026-05-21 17:02:12,269,0.67,6096.37,25.80,86.54,41.00,41.50,0.60,0.07,stable,7521.71,-1.00,-1.00,0,0.00,1,1,0,0.499,LOCAL,,0,LOCAL,LOCAL,0,0,none
2026-05-21 17:02:14,270,0.71,5460.44,26.10,86.53,38.90,41.50,0.67,0.03,stable,7079.32,-1.00,-1.00,0,0.00,1,1,0,0.499,LOCAL,,0,LOCAL,LOCAL,0,0,none
2026-05-21 17:02:16,271,0.71,5460.44,25.49,86.44,37.20,41.50,0.71,0.00,stable,6349.37,-1.00,-1.00,0,0.00,1,1,0,0.499,LOCAL,,0,LOCAL,LOCAL,0,0,none
2026-05-21 17:02:18,272,0.69,5939.89,25.13,86.45,40.80,41.50,0.71,-0.02,stable,5739.29,-1.00,-1.00,0,0.00,1,1,0,0.499,LOCAL,,0,LOCAL,LOCAL,0,0,none
2026-05-21 17:02:20,273,0.62,5104.89,25.74,86.45,38.90,41.00,0.69,-0.07,stable,5491.42,-1.00,-1.00,0,0.00,1,1,0,0.499,LOCAL,,0,LOCAL,LOCAL,0,0,none
2026-05-21 17:02:22,274,0.62,5104.89,26.16,86.47,44.70,41.00,0.62,0.00,stable,5402.53,-1.00,-1.00,0,0.00,1,1,0,0.499,LOCAL,,0,LOCAL,LOCAL,0,0,none
2026-05-21 17:02:24,275,0.60,6968.73,25.80,86.48,43.10,41.50,0.62,-0.02,stable,5779.60,-1.00,-1.00,0,0.00,1,1,0,0.499,LOCAL,,0,LOCAL,LOCAL,0,0,none
2026-05-21 17:02:26,276,0.59,6350.20,26.10,86.50,36.50,41.00,0.60,-0.01,stable,5882.18,-1.00,-1.00,0,0.00,1,1,0,0.499,LOCAL,,0,LOCAL,LOCAL,0,0,none
2026-05-21 17:02:28,277,0.59,6350.20,26.24,86.51,35.50,41.00,0.59,0.00,stable,6193.50,-1.00,-1.00,0,0.00,1,1,0,0.499,LOCAL,,0,LOCAL,LOCAL,0,0,none
2026-05-21 17:02:30,278,0.57,6581.88,25.93,86.52,38.50,41.50,0.59,-0.02,stable,6562.75,-1.00,-1.00,0,0.00,1,1,0,0.499,LOCAL,,0,LOCAL,LOCAL,0,0,none
2026-05-21 17:02:32,279,0.60,7742.14,26.66,86.54,45.30,41.00,0.57,0.02,stable,6756.10,-1.00,-1.00,0,0.00,1,1,0,0.499,LOCAL,,0,LOCAL,LOCAL,0,0,none
2026-05-21 17:02:34,280,0.60,7742.14,25.53,86.54,37.40,41.00,0.60,0.00,stable,7104.09,-1.00,-1.00,0,0.00,1,1,0,0.499,LOCAL,,0,LOCAL,LOCAL,0,0,none
2026-05-21 17:02:36,281,0.58,7697.74,25.82,86.55,38.60,41.00,0.60,-0.02,stable,7440.97,-1.00,-1.00,0,0.00,1,1,0,0.499,LOCAL,,0,LOCAL,LOCAL,0,0,none
2026-05-21 17:02:38,282,0.59,6306.04,26.48,86.56,37.00,41.00,0.58,0.01,stable,7372.01,-1.00,-1.00,0,0.00,1,1,0,0.499,LOCAL,,0,LOCAL,LOCAL,0,0,none
2026-05-21 17:02:40,283,0.59,6306.04,25.76,86.57,46.80,41.50,0.59,0.00,stable,7012.99,-1.00,-1.00,0,0.00,1,1,0,0.499,LOCAL,,0,LOCAL,LOCAL,0,0,none
2026-05-21 17:02:42,284,0.55,6740.54,26.92,86.61,37.40,41.50,0.59,-0.03,stable,6762.59,-1.00,-1.00,0,0.00,1,1,0,0.499,LOCAL,,0,LOCAL,LOCAL,0,0,none
2026-05-21 17:02:44,285,0.57,5168.58,26.52,86.59,43.80,41.00,0.55,0.02,stable,6130.30,-1.00,-1.00,0,0.00,1,1,0,0.499,LOCAL,,0,LOCAL,LOCAL,0,0,none
2026-05-21 17:02:46,286,0.57,5168.58,27.68,86.69,37.40,41.00,0.57,0.00,stable,5845.94,-1.00,-1.00,0,0.00,1,1,0,0.499,LOCAL,,0,LOCAL,LOCAL,0,0,none
2026-05-21 17:02:48,287,0.56,7151.41,29.08,86.75,43.80,41.00,0.57,-0.02,stable,6057.28,-1.00,-1.00,0,0.00,1,1,0,0.499,LOCAL,,0,LOCAL,LOCAL,0,0,none
2026-05-21 17:02:50,288,0.56,7151.41,27.59,86.75,39.20,41.00,0.56,0.00,stable,6160.00,-1.00,-1.00,0,0.00,1,1,0,0.499,LOCAL,,0,LOCAL,LOCAL,0,0,none
2026-05-21 17:02:52,289,0.50,8909.83,26.76,86.77,37.50,41.00,0.56,-0.05,stable,7095.31,-1.00,-1.00,0,0.00,1,1,0,0.499,LOCAL,,0,LOCAL,LOCAL,0,0,none
2026-05-21 17:02:54,290,0.48,8692.86,26.49,86.73,39.90,41.00,0.50,-0.03,stable,7976.38,-1.00,-1.00,0,0.00,1,1,0,0.499,LOCAL,,0,LOCAL,LOCAL,0,0,none
2026-05-21 17:02:56,291,0.48,8692.86,26.59,86.73,40.00,41.00,0.48,0.00,stable,8361.74,-1.00,-1.00,0,0.00,1,1,0,0.499,LOCAL,,0,LOCAL,LOCAL,0,0,none
2026-05-21 17:02:58,292,0.50,8403.31,25.82,86.74,39.30,40.50,0.48,0.02,stable,8674.72,-1.00,-1.00,0,0.00,1,1,0,0.499,LOCAL,,0,LOCAL,LOCAL,0,0,none
2026-05-21 17:03:00,293,0.56,7494.85,26.18,86.75,40.80,41.00,0.50,0.07,stable,8320.97,-1.00,-1.00,0,0.00,1,1,0,0.499,LOCAL,,0,LOCAL,LOCAL,0,0,none
2026-05-21 17:03:02,294,0.56,7494.85,25.70,86.78,37.40,40.50,0.56,0.00,stable,8021.47,-1.00,-1.00,0,0.00,1,1,0,0.499,LOCAL,,0,LOCAL,LOCAL,0,0,none
2026-05-21 17:03:04,295,0.65,3776.10,25.51,86.79,40.20,41.00,0.56,0.09,stable,6792.28,-1.00,-1.00,0,0.00,1,1,0,0.499,LOCAL,,0,LOCAL,LOCAL,0,0,none
2026-05-21 17:03:06,296,0.57,5440.97,36.44,86.83,20.40,41.00,0.65,-0.08,stable,6051.69,-1.00,-1.00,0,0.00,1,1,0,0.499,LOCAL,,0,LOCAL,LOCAL,0,0,none
2026-05-21 17:03:08,297,0.57,5440.97,38.57,86.51,42.80,41.00,0.57,0.00,stable,5538.22,-1.00,-1.00,0,0.00,1,1,0,0.499,LOCAL,,0,LOCAL,LOCAL,0,0,none
2026-05-21 17:03:10,298,0.57,9058.97,26.66,86.51,38.00,41.00,0.57,0.00,stable,5929.25,-1.00,-1.00,0,0.00,1,1,0,0.499,LOCAL,,0,LOCAL,LOCAL,0,0,none
2026-05-21 17:03:12,299,0.47,7453.23,26.22,86.55,40.10,40.50,0.57,-0.10,stable,6848.53,-1.00,-1.00,0,0.00,1,1,0,0.499,LOCAL,,0,LOCAL,LOCAL,0,0,none
2026-05-21 17:03:14,300,0.47,7453.23,26.78,86.54,36.30,41.00,0.47,0.00,stable,7351.60,-1.00,-1.00,0,0.00,1,1,0,0.499,LOCAL,,0,LOCAL,LOCAL,0,0,none
2026-05-21 17:03:16,301,0.55,5289.99,26.05,86.53,36.40,41.00,0.47,0.08,stable,7313.86,-1.00,-1.00,0,0.00,1,1,0,0.499,LOCAL,,0,LOCAL,LOCAL,0,0,none
2026-05-21 17:03:18,302,0.77,8283.00,26.10,86.46,43.70,41.00,0.55,0.22,stable,7119.86,-1.00,-1.00,0,0.00,1,1,0,0.499,LOCAL,,0,LOCAL,LOCAL,0,0,none
2026-05-21 17:03:20,303,0.77,8283.00,24.91,86.48,45.70,40.50,0.77,0.00,stable,7327.31,-1.00,-1.00,0,0.00,1,1,0,0.499,LOCAL,,0,LOCAL,LOCAL,0,0,none
2026-05-21 17:03:22,304,0.55,7116.53,26.02,86.49,36.40,41.00,0.77,-0.22,stable,7243.13,-1.00,-1.00,0,0.00,1,1,0,0.499,LOCAL,,0,LOCAL,LOCAL,0,0,none
2026-05-21 17:03:24,305,0.65,7133.17,25.53,86.51,36.50,40.50,0.55,0.09,stable,7703.92,-1.00,-1.00,0,0.00,1,1,0,0.499,LOCAL,,0,LOCAL,LOCAL,0,0,none
2026-05-21 17:03:26,306,0.65,7133.17,25.70,86.52,36.50,40.50,0.65,0.00,stable,7416.47,-1.00,-1.00,0,0.00,1,1,0,0.499,LOCAL,,0,LOCAL,LOCAL,0,0,none
2026-05-21 17:03:28,307,0.61,7278.62,25.84,86.54,37.00,40.50,0.65,-0.03,stable,7165.37,-1.00,-1.00,0,0.00,1,1,0,0.499,LOCAL,,0,LOCAL,LOCAL,0,0,none
2026-05-21 17:03:30,308,0.63,6186.29,26.83,86.55,35.60,40.50,0.61,0.02,stable,6932.81,-1.00,-1.00,0,0.00,1,1,0,0.499,LOCAL,,0,LOCAL,LOCAL,0,0,none
2026-05-21 17:03:32,309,0.63,6186.29,25.51,86.55,36.80,40.50,0.63,0.00,stable,6696.09,-1.00,-1.00,0,0.00,1,1,0,0.499,LOCAL,,0,LOCAL,LOCAL,0,0,none
2026-05-21 17:03:34,310,0.56,7044.81,26.27,86.56,39.10,40.50,0.63,-0.07,stable,6674.00,-1.00,-1.00,0,0.00,1,1,0,0.499,LOCAL,,0,LOCAL,LOCAL,0,0,none
2026-05-21 17:03:36,311,0.55,8166.08,25.38,86.57,53.60,40.50,0.56,-0.01,stable,6895.87,-1.00,-1.00,0,0.00,1,1,0,0.499,LOCAL,,0,LOCAL,LOCAL,0,0,none
2026-05-21 17:03:38,312,0.55,8166.08,26.33,86.59,40.20,40.50,0.55,0.00,stable,7390.82,-1.00,-1.00,0,0.00,1,1,0,0.499,LOCAL,,0,LOCAL,LOCAL,0,0,none
2026-05-21 17:03:40,313,0.59,6348.99,27.23,86.53,38.50,40.50,0.55,0.04,stable,7431.49,-1.00,-1.00,0,0.00,1,1,0,0.499,LOCAL,,0,LOCAL,LOCAL,0,0,none
2026-05-21 17:03:42,314,0.59,6348.99,25.63,86.57,36.20,40.50,0.59,0.00,stable,7257.54,-1.00,-1.00,0,0.00,1,1,0,0.499,LOCAL,,0,LOCAL,LOCAL,0,0,none
2026-05-21 17:03:44,315,0.63,7601.82,26.97,86.56,39.00,40.50,0.59,0.03,stable,7116.47,-1.00,-1.00,0,0.00,1,1,0,0.499,LOCAL,,0,LOCAL,LOCAL,0,0,none
2026-05-21 17:03:46,316,0.69,5883.65,26.27,86.57,39.50,40.50,0.63,0.06,stable,6545.86,-1.00,-1.00,0,0.00,1,1,0,0.499,LOCAL,,0,LOCAL,LOCAL,0,0,none
2026-05-21 17:03:48,317,0.69,5883.65,26.28,86.59,39.00,40.50,0.69,0.00,stable,6429.53,-1.00,-1.00,0,0.00,1,1,0,0.499,LOCAL,,0,LOCAL,LOCAL,0,0,none
2026-05-21 17:03:50,318,0.66,3726.20,26.86,86.59,35.80,40.50,0.69,-0.03,stable,5773.83,-1.00,-1.00,0,0.00,1,1,0,0.499,LOCAL,,0,LOCAL,LOCAL,0,0,none
2026-05-21 17:03:52,319,7.09,6973.07,27.23,86.60,35.80,40.50,0.66,6.43,stable,5616.64,-1.00,-1.00,0,0.00,1,1,0,0.499,LOCAL,,0,LOCAL,LOCAL,0,0,none
2026-05-21 17:03:54,320,7.09,6973.07,26.92,86.61,39.00,40.50,7.09,0.00,stable,5889.00,-1.00,-1.00,0,0.00,1,1,0,0.499,LOCAL,,0,LOCAL,LOCAL,0,0,none
2026-05-21 17:03:56,321,0.59,8332.36,26.27,86.62,36.40,40.50,7.09,-6.51,stable,6501.18,-1.00,-1.00,0,0.00,1,1,0,0.499,LOCAL,,0,LOCAL,LOCAL,0,0,none
2026-05-21 17:03:58,322,0.57,8336.50,27.28,86.62,33.40,40.50,0.59,-0.01,stable,7653.75,-1.00,-1.00,0,0.00,1,1,0,0.499,LOCAL,,0,LOCAL,LOCAL,0,0,none
2026-05-21 17:04:00,323,0.57,8336.50,30.33,86.65,39.70,40.50,0.57,0.00,stable,7994.61,-1.00,-1.00,0,0.00,1,1,0,0.499,LOCAL,,0,LOCAL,LOCAL,0,0,none
2026-05-21 17:04:02,324,0.54,8439.24,46.46,86.36,45.70,40.50,0.57,-0.03,stable,8361.15,-1.00,-1.00,0,0.00,1,1,0,0.499,LOCAL,,0,LOCAL,LOCAL,0,0,none
2026-05-21 17:04:04,325,0.55,7934.37,26.20,86.37,22.60,40.50,0.54,0.01,stable,8261.65,-1.00,-1.00,0,0.00,1,1,0,0.499,LOCAL,,0,LOCAL,LOCAL,0,0,none
2026-05-21 17:04:06,326,0.55,7934.37,25.93,86.38,23.30,40.00,0.55,0.00,stable,8161.12,-1.00,-1.00,0,0.00,1,1,0,0.499,LOCAL,,0,LOCAL,LOCAL,0,0,none
2026-05-21 17:04:08,327,0.56,6099.70,26.60,86.39,17.60,40.50,0.55,0.00,stable,7601.92,-1.00,-1.00,0,0.00,1,1,0,0.499,LOCAL,,0,LOCAL,LOCAL,0,0,none
2026-05-21 17:04:10,328,0.51,8355.19,26.28,86.40,15.10,40.50,0.56,-0.05,stable,7580.90,-1.00,-1.00,0,0.00,1,1,0,0.499,LOCAL,,0,LOCAL,LOCAL,0,0,none
2026-05-21 17:04:12,329,0.51,8355.19,26.44,86.44,3.30,40.50,0.51,0.00,stable,7686.11,-1.00,-1.00,0,0.00,1,1,0,0.499,LOCAL,,0,LOCAL,LOCAL,0,0,none
2026-05-21 17:04:14,330,0.54,9037.01,26.41,86.43,0.70,40.00,0.51,0.03,stable,7961.77,-1.00,-1.00,0,0.00,1,1,0,0.499,LOCAL,,0,LOCAL,LOCAL,0,0,none
2026-05-21 17:04:16,331,0.52,5387.67,26.47,86.44,3.00,40.50,0.54,-0.01,stable,7783.77,-1.00,-1.00,0,0.00,1,1,0,0.499,LOCAL,,0,LOCAL,LOCAL,0,0,none
2026-05-21 17:04:18,332,0.52,5387.67,26.49,86.45,3.00,40.00,0.52,0.00,stable,7041.89,-1.00,-1.00,0,0.00,1,1,0,0.499,LOCAL,,0,LOCAL,LOCAL,0,0,none
2026-05-21 17:04:20,333,0.54,8661.44,26.63,86.47,1.20,40.50,0.52,0.01,stable,7118.45,-1.00,-1.00,0,0.00,1,1,0,0.499,LOCAL,,0,LOCAL,LOCAL,0,0,none
2026-05-21 17:04:22,334,0.53,7876.63,26.48,86.47,0.00,40.00,0.54,-0.01,stable,6828.35,-1.00,-1.00,0,0.00,1,1,0,0.499,LOCAL,,0,LOCAL,LOCAL,0,0,none
2026-05-21 17:04:24,335,0.53,7876.63,25.82,86.48,0.00,40.00,0.53,0.00,stable,7450.59,-1.00,-1.00,0,0.00,1,1,0,0.499,LOCAL,,0,LOCAL,LOCAL,0,0,none
2026-05-21 17:04:26,336,0.70,8415.96,26.18,86.49,0.00,40.00,0.53,0.17,stable,8207.66,-1.00,-1.00,0,0.00,1,1,0,0.499,LOCAL,,0,LOCAL,LOCAL,0,0,none
2026-05-21 17:04:28,337,0.56,8681.61,26.20,86.51,19.50,40.50,0.70,-0.14,stable,8212.71,-1.00,-1.00,0,0.00,1,1,0,0.499,LOCAL,,0,LOCAL,LOCAL,0,0,none
2026-05-21 17:04:30,338,0.56,8681.61,26.30,86.52,0.00,40.00,0.56,0.00,stable,8413.95,-1.00,-1.00,0,0.00,1,1,0,0.499,LOCAL,,0,LOCAL,LOCAL,0,0,none
2026-05-21 17:04:32,339,0.77,6609.11,27.35,86.53,0.00,40.00,0.56,0.21,stable,8097.07,-1.00,-1.00,0,0.00,1,1,0,0.499,LOCAL,,0,LOCAL,LOCAL,0,0,none
2026-05-21 17:04:34,340,0.77,6609.11,26.41,86.54,0.00,40.00,0.77,0.00,stable,7645.36,-1.00,-1.00,0,0.00,1,1,0,0.499,LOCAL,,0,LOCAL,LOCAL,0,0,none
2026-05-21 17:04:36,341,0.58,8142.30,27.04,86.56,0.00,40.00,0.77,-0.19,stable,7510.53,-1.00,-1.00,0,0.00,1,1,0,0.499,LOCAL,,0,LOCAL,LOCAL,0,0,none
2026-05-21 17:04:38,342,0.57,5583.10,26.72,86.59,0.00,40.00,0.58,-0.00,stable,6735.90,-1.00,-1.00,0,0.00,1,1,0,0.499,LOCAL,,0,LOCAL,LOCAL,0,0,none
2026-05-21 17:04:40,343,0.57,5583.10,26.35,86.59,0.00,40.00,0.57,0.00,stable,6479.40,-1.00,-1.00,0,0.00,1,1,0,0.499,LOCAL,,0,LOCAL,LOCAL,0,0,none
2026-05-21 17:04:42,344,0.60,8079.56,26.53,86.62,0.00,40.00,0.57,0.03,stable,6847.02,-1.00,-1.00,0,0.00,1,1,0,0.499,LOCAL,,0,LOCAL,LOCAL,0,0,none
2026-05-21 17:04:44,345,0.51,11428.62,26.14,86.62,0.00,40.00,0.60,-0.09,stable,7668.60,-1.00,-1.00,0,0.00,1,1,0,0.499,LOCAL,,0,LOCAL,LOCAL,0,0,none
2026-05-21 17:04:46,346,0.51,11428.62,26.16,86.63,0.00,40.00,0.51,0.00,stable,9129.98,-1.00,-1.00,0,0.00,1,1,0,0.499,LOCAL,,0,LOCAL,LOCAL,0,0,none
2026-05-21 17:04:48,347,0.50,8130.47,26.71,86.64,0.00,40.00,0.51,-0.01,stable,9766.82,-1.00,-1.00,0,0.00,1,1,0,0.499,LOCAL,,0,LOCAL,LOCAL,0,0,none
2026-05-21 17:04:50,348,0.51,10180.35,27.07,86.64,0.00,39.50,0.50,0.01,stable,10292.01,-1.00,-1.00,0,0.00,1,1,0,0.499,LOCAL,,0,LOCAL,LOCAL,0,0,none
2026-05-21 17:04:52,349,0.51,10180.35,41.56,86.66,0.00,39.50,0.51,0.00,stable,9979.95,-1.00,-1.00,0,0.00,1,1,0,0.499,LOCAL,,0,LOCAL,LOCAL,0,0,none
2026-05-21 17:04:54,350,0.57,7248.74,34.25,86.40,0.00,40.00,0.51,0.05,stable,8934.98,-1.00,-1.00,0,0.00,1,1,0,0.499,LOCAL,,0,LOCAL,LOCAL,0,0,none
2026-05-21 17:04:57,351,0.52,8790.79,26.64,86.41,0.00,40.00,0.57,-0.04,stable,9100.06,-1.00,-1.00,0,0.00,1,1,0,0.499,LOCAL,,0,LOCAL,LOCAL,0,0,none
2026-05-21 17:04:59,352,0.52,8790.79,26.39,86.42,0.00,40.00,0.52,0.00,stable,8752.67,-1.00,-1.00,0,0.00,1,1,0,0.499,LOCAL,,0,LOCAL,LOCAL,0,0,none
2026-05-21 17:05:01,353,0.48,8733.58,27.36,86.44,0.00,40.00,0.52,-0.04,stable,8390.98,-1.00,-1.00,0,0.00,1,1,0,0.499,LOCAL,,0,LOCAL,LOCAL,0,0,none
2026-05-21 17:05:03,354,0.51,9412.18,26.73,86.44,0.00,40.00,0.48,0.03,stable,8931.84,-1.00,-1.00,0,0.00,1,1,0,0.499,LOCAL,,0,LOCAL,LOCAL,0,0,none
2026-05-21 17:05:05,355,0.51,9412.18,26.16,86.45,0.00,39.50,0.51,0.00,stable,9087.18,-1.00,-1.00,0,0.00,1,1,0,0.499,LOCAL,,0,LOCAL,LOCAL,0,0,none
2026-05-21 17:05:07,356,0.50,4907.05,27.40,86.47,0.00,40.00,0.51,-0.01,stable,8116.25,-1.00,-1.00,0,0.00,1,1,0,0.499,LOCAL,,0,LOCAL,LOCAL,0,0,none
2026-05-21 17:05:09,357,0.51,8811.56,27.35,86.54,0.00,39.50,0.50,0.01,stable,8135.75,-1.00,-1.00,0,0.00,1,1,0,0.499,LOCAL,,0,LOCAL,LOCAL,0,0,none
2026-05-21 17:05:11,358,0.51,8811.56,26.60,86.50,0.00,40.00,0.51,0.00,stable,7985.59,-1.00,-1.00,0,0.00,1,1,0,0.499,LOCAL,,0,LOCAL,LOCAL,0,0,none
2026-05-21 17:05:13,359,0.47,8551.08,27.77,86.66,0.00,39.50,0.51,-0.04,stable,7770.31,-1.00,-1.00,0,0.00,1,1,0,0.499,LOCAL,,0,LOCAL,LOCAL,0,0,none
2026-05-21 17:05:15,360,0.51,8830.11,27.65,86.65,0.00,39.50,0.47,0.04,stable,8751.08,-1.00,-1.00,0,0.00,1,1,0,0.499,LOCAL,,0,LOCAL,LOCAL,0,0,none
2026-05-21 17:05:17,361,0.51,8830.11,26.91,86.55,0.00,39.50,0.51,0.00,stable,8755.72,-1.00,-1.00,0,0.00,1,1,0,0.499,LOCAL,,0,LOCAL,LOCAL,0,0,none
2026-05-21 17:05:19,362,0.74,7733.22,27.54,86.56,0.00,39.50,0.51,0.23,stable,8486.13,-1.00,-1.00,0,0.00,1,1,0,0.499,LOCAL,,0,LOCAL,LOCAL,0,0,none
2026-05-21 17:05:21,363,0.66,4848.91,27.25,86.56,2.10,39.50,0.74,-0.08,stable,7560.59,-1.00,-1.00,0,0.00,1,1,0,0.499,LOCAL,,0,LOCAL,LOCAL,0,0,none
2026-05-21 17:05:23,364,0.66,4848.91,26.95,86.57,0.00,39.50,0.66,0.00,stable,6565.29,-1.00,-1.00,0,0.00,1,1,0,0.499,LOCAL,,0,LOCAL,LOCAL,0,0,none
2026-05-21 17:05:25,365,0.66,4150.21,27.17,86.58,0.00,39.50,0.66,0.01,stable,5395.31,-1.00,-1.00,0,0.00,1,1,0,0.499,LOCAL,,0,LOCAL,LOCAL,0,0,none
2026-05-21 17:05:27,366,0.66,4150.21,26.73,86.59,0.00,39.50,0.66,0.00,stable,4499.56,-1.00,-1.00,0,0.00,1,1,0,0.499,LOCAL,,0,LOCAL,LOCAL,0,0,none
2026-05-21 17:05:29,367,0.65,7949.40,27.46,86.61,0.00,39.50,0.66,-0.01,stable,5274.68,-1.00,-1.00,0,0.00,1,1,0,0.499,LOCAL,,0,LOCAL,LOCAL,0,0,none
2026-05-21 17:05:31,368,0.57,7858.18,27.62,86.70,2.10,39.00,0.65,-0.07,stable,6027.00,-1.00,-1.00,0,0.00,1,1,0,0.499,LOCAL,,0,LOCAL,LOCAL,0,0,none
2026-05-21 17:05:33,369,0.57,7858.18,28.55,86.72,0.00,39.50,0.57,0.00,stable,6953.99,-1.00,-1.00,0,0.00,1,1,0,0.499,LOCAL,,0,LOCAL,LOCAL,0,0,none
2026-05-21 17:05:35,370,0.59,8619.17,27.19,86.68,2.10,39.50,0.57,0.02,stable,8071.23,-1.00,-1.00,0,0.00,1,1,0,0.499,LOCAL,,0,LOCAL,LOCAL,0,0,none
2026-05-21 17:05:37,371,0.62,7302.38,27.94,86.69,4.60,39.50,0.59,0.03,stable,7909.48,-1.00,-1.00,0,0.00,1,1,0,0.499,LOCAL,,0,LOCAL,LOCAL,0,0,none
2026-05-21 17:05:39,372,0.62,7302.38,27.33,86.70,10.80,39.50,0.62,0.00,stable,7770.53,-1.00,-1.00,0,0.00,1,1,0,0.499,LOCAL,,0,LOCAL,LOCAL,0,0,none
2026-05-21 17:05:41,373,0.63,7593.22,28.58,86.69,20.10,39.50,0.62,0.01,stable,7704.29,-1.00,-1.00,0,0.00,1,1,0,0.499,LOCAL,,0,LOCAL,LOCAL,0,0,none
2026-05-21 17:05:43,374,0.62,6744.61,27.14,86.72,31.50,39.50,0.63,-0.01,stable,7235.65,-1.00,-1.00,0,0.00,1,1,0,0.499,LOCAL,,0,LOCAL,LOCAL,0,0,none
2026-05-21 17:05:45,375,0.62,6744.61,27.11,86.74,38.40,39.50,0.62,0.00,stable,7096.20,-1.00,-1.00,0,0.00,1,1,0,0.499,LOCAL,,0,LOCAL,LOCAL,0,0,none
2026-05-21 17:05:47,376,0.60,6733.78,27.76,86.73,24.90,39.50,0.62,-0.02,stable,6954.05,-1.00,-1.00,0,0.00,1,1,0,0.499,LOCAL,,0,LOCAL,LOCAL,0,0,none
2026-05-21 17:05:49,377,0.58,6583.17,28.27,86.74,18.20,39.50,0.60,-0.02,stable,6701.54,-1.00,-1.00,0,0.00,1,1,0,0.499,LOCAL,,0,LOCAL,LOCAL,0,0,none
2026-05-21 17:05:51,378,0.58,6583.17,50.17,86.46,46.90,39.50,0.58,0.00,stable,6661.18,-1.00,-1.00,0,0.00,1,1,0,0.499,LOCAL,,0,LOCAL,LOCAL,0,0,none
2026-05-21 17:05:53,379,0.58,7799.73,27.74,86.46,19.50,39.50,0.58,-0.00,stable,6924.96,-1.00,-1.00,0,0.00,1,1,0,0.499,LOCAL,,0,LOCAL,LOCAL,0,0,none
2026-05-21 17:05:55,380,0.57,6689.48,28.63,86.47,50.50,39.50,0.58,-0.01,stable,6913.89,-1.00,-1.00,0,0.00,1,1,0,0.499,LOCAL,,0,LOCAL,LOCAL,0,0,none
2026-05-21 17:05:57,381,0.57,6689.48,27.31,86.47,46.70,39.50,0.57,0.00,stable,6940.47,-1.00,-1.00,0,0.00,1,1,0,0.499,LOCAL,,0,LOCAL,LOCAL,0,0,none
2026-05-21 17:05:59,382,0.55,8120.63,27.91,86.49,54.70,39.50,0.57,-0.01,stable,7324.83,-1.00,-1.00,0,0.00,1,1,0,0.499,LOCAL,,0,LOCAL,LOCAL,0,0,none
2026-05-21 17:06:01,383,0.52,6137.63,28.28,86.54,38.20,39.50,0.55,-0.03,stable,6909.30,-1.00,-1.00,0,0.00,1,1,0,0.499,LOCAL,,0,LOCAL,LOCAL,0,0,none
2026-05-21 17:06:03,384,0.52,6137.63,27.91,86.55,39.50,39.00,0.52,0.00,stable,6771.34,-1.00,-1.00,0,0.00,1,1,0,0.499,LOCAL,,0,LOCAL,LOCAL,0,0,none
2026-05-21 17:06:05,385,6.99,7987.25,28.37,86.55,45.60,39.00,0.52,6.47,stable,7095.78,-1.00,-1.00,0,0.00,1,1,0,0.499,LOCAL,,0,LOCAL,LOCAL,0,0,none
2026-05-21 17:06:07,386,0.54,6294.21,27.50,86.55,44.90,39.00,6.99,-6.45,stable,6639.18,-1.00,-1.00,0,0.00,1,1,0,0.499,LOCAL,,0,LOCAL,LOCAL,0,0,none
2026-05-21 17:06:09,387,0.54,6294.21,30.38,86.57,43.40,39.00,0.54,0.00,stable,6678.32,-1.00,-1.00,0,0.00,1,1,0,0.499,LOCAL,,0,LOCAL,LOCAL,0,0,none
2026-05-21 17:06:11,388,0.55,5146.39,28.82,86.59,41.40,39.50,0.54,0.01,stable,6430.51,-1.00,-1.00,0,0.00,1,1,0,0.499,LOCAL,,0,LOCAL,LOCAL,0,0,none
2026-05-21 17:06:13,389,0.57,7426.83,28.86,86.62,43.30,39.00,0.55,0.03,stable,6290.41,-1.00,-1.00,0,0.00,1,1,0,0.499,LOCAL,,0,LOCAL,LOCAL,0,0,none
2026-05-21 17:06:15,390,0.57,7426.83,30.92,86.63,32.90,39.00,0.57,0.00,stable,6573.57,-1.00,-1.00,0,0.00,1,1,0,0.499,LOCAL,,0,LOCAL,LOCAL,0,0,none
2026-05-21 17:06:17,391,0.47,9414.82,29.86,86.61,45.40,39.00,0.57,-0.11,stable,7353.72,-1.00,-1.00,0,0.00,1,1,0,0.499,LOCAL,,0,LOCAL,LOCAL,0,0,none
2026-05-21 17:06:19,392,0.47,9414.82,28.36,86.62,40.30,39.50,0.47,0.00,stable,8420.83,-1.00,-1.00,0,0.00,1,1,0,0.499,LOCAL,,0,LOCAL,LOCAL,0,0,none
2026-05-21 17:11:51,1,0.00,0.00,66.67,86.87,0.00,38.00,0.00,0.00,stable,0.00,-1.00,-1.00,0,0.00,0,0,0,0.499,LOCAL,,0,LOCAL,LOCAL,0,0,none
2026-05-21 17:11:53,2,0.00,0.00,46.60,88.78,4.70,38.50,0.00,0.00,stable,0.00,-1.00,-1.00,0,0.00,0,0,0,0.499,LOCAL,,0,LOCAL,LOCAL,0,0,none
2026-05-21 17:11:56,3,0.63,7449.92,41.90,92.37,9.30,38.50,0.00,0.63,stable,2483.31,-1.00,-1.00,0,0.00,1,1,0,0.499,LOCAL,,0,LOCAL,LOCAL,0,0,none
2026-05-21 17:11:58,4,0.63,7449.92,42.94,96.22,0.70,38.50,0.63,0.00,stable,3724.96,-1.00,-1.00,0,0.00,1,1,0,0.499,LOCAL,,0,LOCAL,LOCAL,0,0,none
2026-05-21 17:12:00,5,0.57,6034.97,46.06,97.00,0.00,38.00,0.63,-0.06,stable,5233.70,-1.00,-1.00,0,0.00,1,1,0,0.499,LOCAL,,0,LOCAL,LOCAL,0,0,none
2026-05-21 17:12:02,6,0.61,6877.32,37.10,86.94,0.00,38.00,0.57,0.04,stable,6953.03,-1.00,-1.00,0,0.00,1,1,0,0.499,LOCAL,,0,LOCAL,LOCAL,0,0,none
2026-05-21 17:12:04,7,0.61,6877.32,27.74,86.95,0.00,38.00,0.61,0.00,stable,6809.88,-1.00,-1.00,0,0.00,1,1,0,0.499,LOCAL,,0,LOCAL,LOCAL,0,0,none
2026-05-21 17:12:06,8,0.56,6542.10,27.70,86.96,0.00,38.00,0.61,-0.05,stable,6582.93,-1.00,-1.00,0,0.00,1,1,0,0.499,LOCAL,,0,LOCAL,LOCAL,0,0,none
2026-05-21 17:12:08,9,0.56,7681.88,29.28,86.98,0.00,38.00,0.56,0.00,stable,6994.65,-1.00,-1.00,0,0.00,1,1,0,0.499,LOCAL,,0,LOCAL,LOCAL,0,0,none
2026-05-21 17:12:10,10,0.56,7681.88,27.33,86.99,0.00,38.00,0.56,0.00,stable,7195.79,-1.00,-1.00,0,0.00,1,1,0,0.499,LOCAL,,0,LOCAL,LOCAL,0,0,none
2026-05-21 17:12:12,11,0.59,6029.55,29.34,87.05,0.00,38.00,0.56,0.03,stable,6983.85,-1.00,-1.00,0,0.00,1,1,0,0.499,LOCAL,,0,LOCAL,LOCAL,0,0,none
2026-05-21 17:12:14,12,0.58,7735.00,29.49,87.06,0.00,38.00,0.59,-0.01,stable,7282.07,-1.00,-1.00,0,0.00,1,1,0,0.499,LOCAL,,0,LOCAL,LOCAL,0,0,none
2026-05-21 17:12:16,13,0.58,7735.00,28.60,87.04,0.00,38.00,0.58,0.00,stable,7295.36,-1.00,-1.00,0,0.00,1,1,0,0.499,LOCAL,,0,LOCAL,LOCAL,0,0,none
2026-05-21 17:12:18,14,0.60,4700.82,30.39,87.04,0.00,38.00,0.58,0.02,stable,6550.09,-1.00,-1.00,0,0.00,1,1,0,0.499,LOCAL,,0,LOCAL,LOCAL,0,0,none
2026-05-21 17:12:20,15,6.97,6046.93,28.55,87.05,0.00,38.00,0.60,6.37,stable,6554.44,-1.00,-1.00,0,0.00,1,1,0,0.499,LOCAL,,0,LOCAL,LOCAL,0,0,none
2026-05-21 17:12:22,16,6.97,6046.93,28.38,87.06,0.00,38.00,6.97,0.00,stable,6132.42,-1.00,-1.00,0,0.00,1,1,0,0.499,LOCAL,,0,LOCAL,LOCAL,0,0,none
2026-05-21 17:12:24,17,0.56,8192.00,29.02,87.06,0.00,38.00,6.97,-6.41,stable,6246.67,-1.00,-1.00,0,0.00,1,1,0,0.499,LOCAL,,0,LOCAL,LOCAL,0,0,none
2026-05-21 17:12:26,18,0.56,8120.63,28.56,87.09,0.00,38.00,0.56,0.00,stable,7101.62,-1.00,-1.00,0,0.00,1,1,0,0.499,LOCAL,,0,LOCAL,LOCAL,0,0,none
2026-05-21 17:12:28,19,0.56,8120.63,28.49,87.10,0.00,38.00,0.56,0.00,stable,7620.05,-1.00,-1.00,0,0.00,1,1,0,0.499,LOCAL,,0,LOCAL,LOCAL,0,0,none
2026-05-21 17:12:30,20,4.74,7526.79,29.22,87.12,0.00,38.00,0.56,4.18,stable,7990.01,-1.00,-1.00,0,0.00,1,1,0,0.499,LOCAL,,0,LOCAL,LOCAL,0,0,none
2026-05-21 17:12:32,21,0.47,9401.63,27.62,87.12,2.10,38.00,4.74,-4.26,stable,8292.42,-1.00,-1.00,0,0.00,1,1,0,0.499,LOCAL,,0,LOCAL,LOCAL,0,0,none
2026-05-21 17:12:34,22,0.47,9401.63,28.48,87.14,0.00,38.00,0.47,0.00,stable,8612.67,-1.00,-1.00,0,0.00,1,1,0,0.499,LOCAL,,0,LOCAL,LOCAL,0,0,none
2026-05-21 17:12:36,23,0.57,7889.59,50.33,86.92,7.20,38.00,0.47,0.10,stable,8554.91,-1.00,-1.00,0,0.00,1,1,0,0.499,LOCAL,,0,LOCAL,LOCAL,0,0,none
2026-05-21 17:12:38,24,0.54,7358.43,28.80,86.91,19.10,38.00,0.57,-0.04,stable,8512.82,-1.00,-1.00,0,0.00,1,1,0,0.499,LOCAL,,0,LOCAL,LOCAL,0,0,none
2026-05-21 17:12:40,25,0.54,7358.43,28.30,86.92,26.70,38.00,0.54,0.00,stable,8002.02,-1.00,-1.00,0,0.00,1,1,0,0.499,LOCAL,,0,LOCAL,LOCAL,0,0,none
2026-05-21 17:12:42,26,0.55,5856.94,28.06,86.96,17.60,37.50,0.54,0.02,stable,7115.85,-1.00,-1.00,0,0.00,1,1,0,0.499,LOCAL,,0,LOCAL,LOCAL,0,0,none
2026-05-21 17:12:44,27,0.62,3636.94,28.57,86.97,44.30,38.00,0.55,0.07,stable,6052.69,-1.00,-1.00,0,0.00,1,1,0,0.499,LOCAL,,0,LOCAL,LOCAL,0,0,none
2026-05-21 17:12:46,28,0.62,3636.94,28.77,86.96,18.90,38.00,0.62,0.00,stable,5122.31,-1.00,-1.00,0,0.00,1,1,0,0.499,LOCAL,,0,LOCAL,LOCAL,0,0,none
2026-05-21 17:12:48,29,0.63,6267.17,29.54,86.91,42.90,38.00,0.62,0.01,stable,4849.50,-1.00,-1.00,0,0.00,1,1,0,0.499,LOCAL,,0,LOCAL,LOCAL,0,0,none
2026-05-21 17:12:50,30,0.63,6267.17,28.21,86.92,15.80,38.00,0.63,0.00,stable,4952.06,-1.00,-1.00,0,0.00,1,1,0,0.499,LOCAL,,0,LOCAL,LOCAL,0,0,none
2026-05-21 17:12:52,31,0.56,7810.62,28.19,86.93,20.20,37.50,0.63,-0.06,stable,5995.48,-1.00,-1.00,0,0.00,1,1,0,0.499,LOCAL,,0,LOCAL,LOCAL,0,0,none
2026-05-21 17:12:54,32,0.75,7149.89,29.22,86.93,40.80,37.50,0.56,0.18,stable,6873.71,-1.00,-1.00,0,0.00,1,1,0,0.499,LOCAL,,0,LOCAL,LOCAL,0,0,none
2026-05-21 17:12:56,33,0.75,7149.89,28.46,86.95,20.40,38.00,0.75,0.00,stable,7094.39,-1.00,-1.00,0,0.00,1,1,0,0.499,LOCAL,,0,LOCAL,LOCAL,0,0,none
2026-05-21 17:12:58,34,0.98,7523.42,28.01,86.95,30.30,38.00,0.75,0.23,stable,7408.45,-1.00,-1.00,0,0.00,1,1,0,0.499,LOCAL,,0,LOCAL,LOCAL,0,0,none
2026-05-21 17:13:00,35,0.57,8276.87,28.78,86.97,44.80,38.00,0.98,-0.41,stable,7525.02,-1.00,-1.00,0,0.00,1,1,0,0.499,LOCAL,,0,LOCAL,LOCAL,0,0,none
2026-05-21 17:13:02,36,0.57,8276.87,32.46,86.92,39.90,38.00,0.57,0.00,stable,7806.76,-1.00,-1.00,0,0.00,1,1,0,0.499,LOCAL,,0,LOCAL,LOCAL,0,0,none
2026-05-21 17:13:04,37,0.60,4956.34,28.37,86.91,43.20,38.00,0.57,0.03,stable,7258.37,-1.00,-1.00,0,0.00,1,1,0,0.499,LOCAL,,0,LOCAL,LOCAL,0,0,none
2026-05-21 17:13:06,38,0.59,7053.70,28.45,86.92,42.30,38.00,0.60,-0.01,stable,7140.94,-1.00,-1.00,0,0.00,1,1,0,0.499,LOCAL,,0,LOCAL,LOCAL,0,0,none
2026-05-21 17:13:08,39,0.59,7053.70,28.62,86.94,43.00,38.00,0.59,0.00,stable,6835.15,-1.00,-1.00,0,0.00,1,1,0,0.499,LOCAL,,0,LOCAL,LOCAL,0,0,none
2026-05-21 17:13:10,40,0.59,7203.61,28.20,86.95,41.60,38.00,0.59,-0.00,stable,6566.84,-1.00,-1.00,0,0.00,1,1,0,0.499,LOCAL,,0,LOCAL,LOCAL,0,0,none
2026-05-21 17:13:12,41,0.59,7627.74,29.30,87.00,37.40,38.00,0.59,0.01,stable,7234.69,-1.00,-1.00,0,0.00,1,1,0,0.499,LOCAL,,0,LOCAL,LOCAL,0,0,none
2026-05-21 17:13:14,42,0.59,7627.74,28.02,87.00,46.60,37.50,0.59,0.00,stable,7378.20,-1.00,-1.00,0,0.00,1,1,0,0.499,LOCAL,,0,LOCAL,LOCAL,0,0,none
2026-05-21 17:13:16,43,0.60,7484.82,28.87,87.00,45.00,37.50,0.59,0.00,stable,7485.98,-1.00,-1.00,0,0.00,1,1,0,0.499,LOCAL,,0,LOCAL,LOCAL,0,0,none
2026-05-21 17:13:18,44,0.60,8258.54,28.09,87.01,45.20,38.00,0.60,0.01,stable,7749.71,-1.00,-1.00,0,0.00,1,1,0,0.499,LOCAL,,0,LOCAL,LOCAL,0,0,none
2026-05-21 17:13:20,45,0.60,8258.54,27.79,87.13,43.70,38.00,0.60,0.00,stable,7907.41,-1.00,-1.00,0,0.00,1,1,0,0.499,LOCAL,,0,LOCAL,LOCAL,0,0,none
2026-05-21 17:13:22,46,0.56,7270.73,27.45,87.14,33.90,38.00,0.60,-0.04,stable,7818.16,-1.00,-1.00,0,0.00,1,1,0,0.499,LOCAL,,0,LOCAL,LOCAL,0,0,none
2026-05-21 17:13:24,47,0.52,9157.87,27.75,87.13,32.30,38.00,0.56,-0.04,stable,8236.42,-1.00,-1.00,0,0.00,1,1,0,0.499,LOCAL,,0,LOCAL,LOCAL,0,0,none
2026-05-21 17:13:26,48,0.52,9157.87,27.01,87.15,31.60,38.00,0.52,0.00,stable,8461.25,-1.00,-1.00,0,0.00,1,1,0,0.499,LOCAL,,0,LOCAL,LOCAL,0,0,none
2026-05-21 17:13:28,49,0.58,5956.76,47.36,87.18,35.10,38.00,0.52,0.06,stable,7885.81,-1.00,-1.00,0,0.00,1,1,0,0.499,LOCAL,,0,LOCAL,LOCAL,0,0,none
2026-05-21 17:13:30,50,0.50,5638.45,31.83,86.90,33.00,38.00,0.58,-0.08,stable,7477.74,-1.00,-1.00,0,0.00,1,1,0,0.499,LOCAL,,0,LOCAL,LOCAL,0,0,none
2026-05-21 17:13:32,51,0.50,5638.45,26.56,86.90,32.40,38.00,0.50,0.00,stable,6597.88,-1.00,-1.00,0,0.00,1,1,0,0.499,LOCAL,,0,LOCAL,LOCAL,0,0,none
2026-05-21 17:13:34,52,0.49,8971.77,27.59,86.92,30.80,38.00,0.50,-0.01,stable,6551.36,-1.00,-1.00,0,0.00,1,1,0,0.499,LOCAL,,0,LOCAL,LOCAL,0,0,none
2026-05-21 17:13:36,53,0.50,9475.98,28.03,86.94,52.10,38.00,0.49,0.01,stable,7431.16,-1.00,-1.00,0,0.00,1,1,0,0.499,LOCAL,,0,LOCAL,LOCAL,0,0,none
2026-05-21 17:13:38,54,0.50,9475.98,27.04,86.95,31.90,38.00,0.50,0.00,stable,8390.54,-1.00,-1.00,0,0.00,1,1,0,0.499,LOCAL,,0,LOCAL,LOCAL,0,0,none
2026-05-21 17:13:40,55,0.59,5667.02,27.96,86.96,32.80,37.50,0.50,0.09,stable,8397.69,-1.00,-1.00,0,0.00,1,1,0,0.499,LOCAL,,0,LOCAL,LOCAL,0,0,none
2026-05-21 17:13:42,56,0.59,5667.02,27.30,86.99,32.90,38.00,0.59,0.00,stable,7571.50,-1.00,-1.00,0,0.00,1,1,0,0.499,LOCAL,,0,LOCAL,LOCAL,0,0,none
2026-05-21 17:13:44,57,0.56,8126.53,28.15,86.98,31.90,38.00,0.59,-0.03,stable,7234.14,-1.00,-1.00,0,0.00,1,1,0,0.499,LOCAL,,0,LOCAL,LOCAL,0,0,none
2026-05-21 17:13:46,58,0.68,8184.01,27.96,86.99,32.90,38.00,0.56,0.11,stable,6911.14,-1.00,-1.00,0,0.00,1,1,0,0.499,LOCAL,,0,LOCAL,LOCAL,0,0,none
2026-05-21 17:13:48,59,0.68,8184.01,27.94,87.01,33.90,38.00,0.68,0.00,stable,7540.39,-1.00,-1.00,0,0.00,1,1,0,0.499,LOCAL,,0,LOCAL,LOCAL,0,0,none
2026-05-21 17:13:50,60,0.58,7632.95,27.90,87.01,32.20,38.00,0.68,-0.09,stable,8031.87,-1.00,-1.00,0,0.00,1,1,0,0.499,LOCAL,,0,LOCAL,LOCAL,0,0,none
2026-05-21 17:13:52,61,0.62,7090.96,26.88,87.03,35.30,38.00,0.58,0.04,stable,7772.98,-1.00,-1.00,0,0.00,1,1,0,0.499,LOCAL,,0,LOCAL,LOCAL,0,0,none
2026-05-21 17:13:54,62,0.62,7090.96,26.81,87.02,30.70,38.00,0.62,0.00,stable,7499.72,-1.00,-1.00,0,0.00,1,1,0,0.499,LOCAL,,0,LOCAL,LOCAL,0,0,none
2026-05-21 17:13:56,63,0.59,7327.90,27.33,87.03,33.50,38.00,0.62,-0.04,stable,7285.69,-1.00,-1.00,0,0.00,1,1,0,0.499,LOCAL,,0,LOCAL,LOCAL,0,0,none
2026-05-21 17:13:58,64,0.61,7557.30,27.34,87.06,31.50,38.00,0.59,0.03,stable,7266.78,-1.00,-1.00,0,0.00,1,1,0,0.499,LOCAL,,0,LOCAL,LOCAL,0,0,none
2026-05-21 17:14:00,65,0.61,7557.30,27.40,87.08,34.40,38.00,0.61,0.00,stable,7383.37,-1.00,-1.00,0,0.00,1,1,0,0.499,LOCAL,,0,LOCAL,LOCAL,0,0,none
2026-05-21 17:14:02,66,0.57,6706.86,29.93,87.10,35.20,38.00,0.61,-0.04,stable,7287.34,-1.00,-1.00,0,0.00,1,1,0,0.499,LOCAL,,0,LOCAL,LOCAL,0,0,none
2026-05-21 17:14:04,67,0.58,7825.19,27.61,87.00,34.10,38.00,0.57,0.02,stable,7411.67,-1.00,-1.00,0,0.00,1,1,0,0.499,LOCAL,,0,LOCAL,LOCAL,0,0,none
2026-05-21 17:14:06,68,0.58,7825.19,26.33,87.01,32.30,38.00,0.58,0.00,stable,7478.64,-1.00,-1.00,0,0.00,1,1,0,0.499,LOCAL,,0,LOCAL,LOCAL,0,0,none
2026-05-21 17:14:08,69,0.60,7137.72,26.88,87.03,33.50,38.00,0.58,0.01,stable,7373.74,-1.00,-1.00,0,0.00,1,1,0,0.499,LOCAL,,0,LOCAL,LOCAL,0,0,none
2026-05-21 17:14:10,70,0.54,6220.70,27.83,87.03,33.60,38.00,0.60,-0.05,stable,7252.20,-1.00,-1.00,0,0.00,1,1,0,0.499,LOCAL,,0,LOCAL,LOCAL,0,0,none
2026-05-21 17:14:12,71,0.54,6220.70,27.22,87.18,38.10,38.00,0.54,0.00,stable,6851.08,-1.00,-1.00,0,0.00,1,1,0,0.499,LOCAL,,0,LOCAL,LOCAL,0,0,none
2026-05-21 17:14:14,72,0.76,6957.17,27.18,87.16,32.40,38.00,0.54,0.21,stable,6634.07,-1.00,-1.00,0,0.00,1,1,0,0.499,LOCAL,,0,LOCAL,LOCAL,0,0,none
2026-05-21 17:14:16,73,0.69,7015.35,28.01,87.07,33.40,38.00,0.76,-0.07,stable,6603.48,-1.00,-1.00,0,0.00,1,1,0,0.499,LOCAL,,0,LOCAL,LOCAL,0,0,none
2026-05-21 17:14:18,74,0.69,7015.35,26.35,87.08,33.80,38.00,0.69,0.00,stable,6802.14,-1.00,-1.00,0,0.00,1,1,0,0.499,LOCAL,,0,LOCAL,LOCAL,0,0,none
2026-05-21 17:14:20,75,0.58,10180.35,28.42,87.10,30.70,38.00,0.69,-0.11,stable,7792.06,-1.00,-1.00,0,0.00,1,1,0,0.499,LOCAL,,0,LOCAL,LOCAL,0,0,none
2026-05-21 17:14:22,76,0.73,4847.51,48.87,86.83,33.00,38.00,0.58,0.15,stable,7264.64,-1.00,-1.00,0,0.00,1,1,0,0.499,LOCAL,,0,LOCAL,LOCAL,0,0,none
2026-05-21 17:14:24,77,0.73,4847.51,26.66,86.82,31.10,38.00,0.73,0.00,stable,6722.68,-1.00,-1.00,0,0.00,1,1,0,0.499,LOCAL,,0,LOCAL,LOCAL,0,0,none
2026-05-21 17:14:26,78,0.54,9320.68,26.52,86.82,32.80,38.00,0.73,-0.19,stable,7299.01,-1.00,-1.00,0,0.00,1,1,0,0.499,LOCAL,,0,LOCAL,LOCAL,0,0,none
2026-05-21 17:14:28,79,0.53,8754.09,26.12,86.83,33.80,38.00,0.54,-0.01,stable,6942.44,-1.00,-1.00,0,0.00,1,1,0,0.499,LOCAL,,0,LOCAL,LOCAL,0,0,none
2026-05-21 17:14:30,80,0.53,8754.09,25.93,86.85,28.50,38.00,0.53,0.00,stable,7919.09,-1.00,-1.00,0,0.00,1,1,0,0.499,LOCAL,,0,LOCAL,LOCAL,0,0,none
2026-05-21 17:14:32,81,0.50,8188.00,26.58,86.86,32.10,38.00,0.53,-0.03,stable,8754.22,-1.00,-1.00,0,0.00,1,1,0,0.499,LOCAL,,0,LOCAL,LOCAL,0,0,none
2026-05-21 17:14:34,82,0.47,7938.12,25.86,86.88,27.00,38.00,0.50,-0.03,stable,8408.58,-1.00,-1.00,0,0.00,1,1,0,0.499,LOCAL,,0,LOCAL,LOCAL,0,0,none
2026-05-21 17:14:36,83,0.47,7938.12,25.80,86.89,16.40,38.00,0.47,0.00,stable,8204.58,-1.00,-1.00,0,0.00,1,1,0,0.499,LOCAL,,0,LOCAL,LOCAL,0,0,none
2026-05-21 17:14:38,84,0.53,9983.47,25.38,86.91,26.20,38.00,0.47,0.06,stable,8511.93,-1.00,-1.00,0,0.00,1,1,0,0.499,LOCAL,,0,LOCAL,LOCAL,0,0,none
2026-05-21 17:14:40,85,0.53,9983.47,25.15,86.93,15.60,38.00,0.53,0.00,stable,8960.79,-1.00,-1.00,0,0.00,1,1,0,0.499,LOCAL,,0,LOCAL,LOCAL,0,0,none
2026-05-21 17:14:42,86,0.47,8921.68,25.61,86.95,30.10,37.50,0.53,-0.06,stable,9206.68,-1.00,-1.00,0,0.00,1,1,0,0.499,LOCAL,,0,LOCAL,LOCAL,0,0,none
2026-05-21 17:14:44,87,0.48,6571.57,25.13,86.94,30.20,38.00,0.47,0.01,stable,8865.05,-1.00,-1.00,0,0.00,1,1,0,0.499,LOCAL,,0,LOCAL,LOCAL,0,0,none
2026-05-21 17:14:46,88,0.48,6571.57,24.66,86.96,31.40,38.00,0.48,0.00,stable,8012.07,-1.00,-1.00,0,0.00,1,1,0,0.499,LOCAL,,0,LOCAL,LOCAL,0,0,none
2026-05-21 17:14:48,89,0.53,7812.44,24.75,86.96,14.80,38.00,0.48,0.05,stable,7469.31,-1.00,-1.00,0,0.00,1,1,0,0.499,LOCAL,,0,LOCAL,LOCAL,0,0,none
2026-05-21 17:14:50,90,0.62,8093.21,25.59,86.96,29.30,38.00,0.53,0.10,stable,7262.20,-1.00,-1.00,0,0.00,1,1,0,0.499,LOCAL,,0,LOCAL,LOCAL,0,0,none
2026-05-21 17:14:52,91,0.62,8093.21,25.15,86.97,14.90,38.00,0.62,0.00,stable,7642.61,-1.00,-1.00,0,0.00,1,1,0,0.499,LOCAL,,0,LOCAL,LOCAL,0,0,none
2026-05-21 17:14:54,92,0.49,9287.14,25.55,86.99,21.80,37.50,0.62,-0.13,stable,8321.50,-1.00,-1.00,0,0.00,1,1,0,0.499,LOCAL,,0,LOCAL,LOCAL,0,0,none
2026-05-21 17:14:56,93,0.52,8654.74,25.48,87.00,17.60,38.00,0.49,0.03,stable,8532.07,-1.00,-1.00,0,0.00,1,1,0,0.499,LOCAL,,0,LOCAL,LOCAL,0,0,none
2026-05-21 17:14:58,94,0.52,8654.74,25.83,87.01,32.10,37.50,0.52,0.00,stable,8672.46,-1.00,-1.00,0,0.00,1,1,0,0.499,LOCAL,,0,LOCAL,LOCAL,0,0,none
2026-05-21 17:15:00,95,0.51,8390.71,25.86,87.02,29.20,37.50,0.52,-0.01,stable,8746.83,-1.00,-1.00,0,0.00,1,1,0,0.499,LOCAL,,0,LOCAL,LOCAL,0,0,none
2026-05-21 17:15:02,96,5.28,8319.97,26.30,87.04,16.20,38.00,0.51,4.77,stable,8505.04,-1.00,-1.00,0,0.00,1,1,0,0.499,LOCAL,,0,LOCAL,LOCAL,0,0,none
2026-05-21 17:15:04,97,5.28,8319.97,26.99,87.06,15.40,37.50,5.28,0.00,stable,8421.35,-1.00,-1.00,0,0.00,1,1,0,0.499,LOCAL,,0,LOCAL,LOCAL,0,0,none
2026-05-21 17:15:06,98,0.51,7983.45,27.09,87.07,15.70,37.50,5.28,-4.76,stable,8253.52,-1.00,-1.00,0,0.00,1,1,0,0.499,LOCAL,,0,LOCAL,LOCAL,0,0,none
2026-05-21 17:15:08,99,0.58,5350.73,26.11,87.09,32.20,37.50,0.51,0.06,stable,7493.53,-1.00,-1.00,0,0.00,1,1,0,0.499,LOCAL,,0,LOCAL,LOCAL,0,0,none
2026-05-21 17:15:10,100,0.58,5350.73,25.36,87.10,36.10,38.00,0.58,0.00,stable,6751.22,-1.00,-1.00,0,0.00,1,1,0,0.499,LOCAL,,0,LOCAL,LOCAL,0,0,none
2026-05-21 17:15:12,101,0.57,8933.55,49.33,86.90,42.40,38.00,0.58,-0.00,stable,6904.62,-1.00,-1.00,0,0.00,1,1,0,0.499,LOCAL,,0,LOCAL,LOCAL,0,0,none
2026-05-21 17:15:14,102,0.52,8692.86,26.70,86.86,40.50,38.00,0.57,-0.06,stable,7081.97,-1.00,-1.00,0,0.00,1,1,0,0.499,LOCAL,,0,LOCAL,LOCAL,0,0,none
2026-05-21 17:15:16,103,0.52,8692.86,26.05,86.86,41.00,37.50,0.52,0.00,stable,7917.50,-1.00,-1.00,0,0.00,1,1,0,0.499,LOCAL,,0,LOCAL,LOCAL,0,0,none
2026-05-21 17:15:18,104,0.51,8616.96,27.16,86.87,44.70,38.00,0.52,-0.01,stable,8734.06,-1.00,-1.00,0,0.00,1,1,0,0.499,LOCAL,,0,LOCAL,LOCAL,0,0,none
2026-05-21 17:15:20,105,0.54,8681.61,26.31,86.88,45.10,37.50,0.51,0.03,stable,8671.07,-1.00,-1.00,0,0.00,1,1,0,0.499,LOCAL,,0,LOCAL,LOCAL,0,0,none
2026-05-21 17:15:22,106,0.54,8681.61,25.89,86.89,35.00,37.50,0.54,0.00,stable,8668.26,-1.00,-1.00,0,0.00,1,1,0,0.499,LOCAL,,0,LOCAL,LOCAL,0,0,none
2026-05-21 17:15:24,107,0.51,8697.36,26.20,86.90,42.10,37.50,0.54,-0.03,stable,8669.39,-1.00,-1.00,0,0.00,1,1,0,0.499,LOCAL,,0,LOCAL,LOCAL,0,0,none
2026-05-21 17:15:26,108,0.51,8697.36,26.51,86.91,41.00,37.50,0.51,0.00,stable,8689.49,-1.00,-1.00,0,0.00,1,1,0,0.499,LOCAL,,0,LOCAL,LOCAL,0,0,none
2026-05-21 17:15:28,109,0.50,3962.50,26.45,86.93,42.90,37.50,0.51,-0.00,stable,7509.71,-1.00,-1.00,0,0.00,1,1,0,0.499,LOCAL,,0,LOCAL,LOCAL,0,0,none
2026-05-21 17:15:30,110,0.55,7548.80,26.81,86.95,39.70,38.00,0.50,0.04,stable,7226.51,-1.00,-1.00,0,0.00,1,1,0,0.499,LOCAL,,0,LOCAL,LOCAL,0,0,none
2026-05-21 17:15:32,111,0.55,7548.80,26.63,86.96,47.80,38.00,0.55,0.00,stable,6939.37,-1.00,-1.00,0,0.00,1,1,0,0.499,LOCAL,,0,LOCAL,LOCAL,0,0,none
2026-05-21 17:15:34,112,0.56,8038.92,26.39,86.98,46.60,38.00,0.55,0.01,stable,6774.76,-1.00,-1.00,0,0.00,1,1,0,0.499,LOCAL,,0,LOCAL,LOCAL,0,0,none
2026-05-21 17:15:36,113,0.60,7884.03,26.33,87.00,44.00,37.50,0.56,0.04,stable,7755.14,-1.00,-1.00,0,0.00,1,1,0,0.499,LOCAL,,0,LOCAL,LOCAL,0,0,none
2026-05-21 17:15:38,114,0.60,7884.03,25.87,87.01,38.00,38.00,0.60,0.00,stable,7838.94,-1.00,-1.00,0,0.00,1,1,0,0.499,LOCAL,,0,LOCAL,LOCAL,0,0,none
2026-05-21 17:15:40,115,0.61,7159.04,26.65,87.01,47.50,37.50,0.60,0.01,stable,7741.50,-1.00,-1.00,0,0.00,1,1,0,0.499,LOCAL,,0,LOCAL,LOCAL,0,0,none
2026-05-21 17:15:42,116,0.66,8388.61,26.86,87.05,40.90,38.00,0.61,0.05,stable,7828.93,-1.00,-1.00,0,0.00,1,1,0,0.499,LOCAL,,0,LOCAL,LOCAL,0,0,none
2026-05-21 17:15:44,117,0.66,8388.61,26.20,87.04,42.50,38.00,0.66,0.00,stable,7955.07,-1.00,-1.00,0,0.00,1,1,0,0.499,LOCAL,,0,LOCAL,LOCAL,0,0,none
2026-05-21 17:15:46,118,0.61,7847.15,27.03,87.05,41.30,37.50,0.66,-0.05,stable,7945.85,-1.00,-1.00,0,0.00,1,1,0,0.499,LOCAL,,0,LOCAL,LOCAL,0,0,none
2026-05-21 17:15:48,119,0.72,7453.23,26.35,87.06,31.20,38.00,0.61,0.12,stable,8019.40,-1.00,-1.00,0,0.00,1,1,0,0.499,LOCAL,,0,LOCAL,LOCAL,0,0,none
2026-05-21 17:15:50,120,0.72,7453.23,26.03,87.07,30.00,37.50,0.72,0.00,stable,7785.55,-1.00,-1.00,0,0.00,1,1,0,0.499,LOCAL,,0,LOCAL,LOCAL,0,0,none
2026-05-21 17:15:52,121,0.77,5545.27,28.00,87.08,39.20,38.00,0.72,0.05,stable,7074.72,-1.00,-1.00,0,0.00,1,1,0,0.499,LOCAL,,0,LOCAL,LOCAL,0,0,none
2026-05-21 17:15:54,122,0.67,4381.05,26.46,87.09,49.30,38.00,0.77,-0.09,stable,6208.19,-1.00,-1.00,0,0.00,1,1,0,0.499,LOCAL,,0,LOCAL,LOCAL,0,0,none
2026-05-21 17:15:56,123,0.67,4381.05,26.28,87.10,39.20,38.00,0.67,0.00,stable,5440.15,-1.00,-1.00,0,0.00,1,1,0,0.499,LOCAL,,0,LOCAL,LOCAL,0,0,none
2026-05-21 17:15:58,124,0.67,5047.30,26.78,87.11,32.50,38.00,0.67,-0.00,stable,4838.66,-1.00,-1.00,0,0.00,1,1,0,0.499,LOCAL,,0,LOCAL,LOCAL,0,0,none
2026-05-21 17:16:00,125,0.62,8332.36,27.38,87.12,29.90,38.00,0.67,-0.05,stable,5535.44,-1.00,-1.00,0,0.00,1,1,0,0.499,LOCAL,,0,LOCAL,LOCAL,0,0,none
2026-05-21 17:16:02,126,0.62,8332.36,52.05,86.90,15.50,38.00,0.62,0.00,stable,6523.27,-1.00,-1.00,0,0.00,1,1,0,0.499,LOCAL,,0,LOCAL,LOCAL,0,0,none
2026-05-21 17:21:03,1,0.00,0.00,0.00,87.63,67.60,37.50,0.00,0.00,stable,0.00,-1.00,-1.00,0,0.00,0,0,0,0.499,LOCAL,,0,LOCAL,LOCAL,0,0,none
2026-05-21 17:21:05,2,0.00,0.00,47.11,90.12,37.10,38.00,0.00,0.00,stable,0.00,-1.00,-1.00,0,0.00,0,0,0,0.499,LOCAL,,0,LOCAL,LOCAL,0,0,none
2026-05-21 17:21:07,3,0.56,7340.72,41.26,93.73,35.50,38.00,0.00,0.56,stable,2446.91,-1.00,-1.00,0,0.00,1,1,0,0.499,LOCAL,,0,LOCAL,LOCAL,0,0,none
2026-05-21 17:21:09,4,0.56,7340.72,42.18,97.53,31.60,37.50,0.56,0.00,stable,3670.36,-1.00,-1.00,0,0.00,1,1,0,0.499,LOCAL,,0,LOCAL,LOCAL,0,0,none
2026-05-21 17:21:11,5,0.63,7911.92,61.37,97.54,41.00,38.00,0.56,0.07,stable,5648.34,-1.00,-1.00,0,0.00,1,1,1,0.903,CLOUD,,0,LOCAL,CLOUD,1,0,started
2026-05-21 17:21:13,6,0.59,6832.50,45.92,87.43,28.50,38.00,0.63,-0.04,stable,7356.47,-1.00,-1.00,0,0.00,1,1,0,0.499,LOCAL,,0,CLOUD,LOCAL,1,0,started
2026-05-21 17:21:15,7,0.67,6733.78,45.33,89.75,24.30,38.00,0.59,0.07,stable,7204.73,-1.00,-1.00,0,0.00,1,1,0,0.499,LOCAL,,0,LOCAL,LOCAL,0,0,none
2026-05-21 17:21:17,8,0.67,6733.78,42.29,93.81,32.40,38.00,0.67,0.00,stable,7053.00,-1.00,-1.00,0,0.00,1,1,0,0.499,LOCAL,,0,LOCAL,LOCAL,0,0,none
2026-05-21 17:21:19,9,0.53,5256.84,42.58,97.34,30.00,38.00,0.67,-0.13,stable,6389.23,-1.00,-1.00,0,0.00,1,1,0,0.499,LOCAL,,0,LOCAL,LOCAL,0,0,none
2026-05-21 17:21:21,10,0.58,3711.77,46.78,97.03,20.80,38.00,0.53,0.05,stable,5609.04,-1.00,-1.00,0,0.00,1,1,0,0.499,LOCAL,,0,LOCAL,LOCAL,0,0,none
2026-05-21 17:21:23,11,0.58,3711.77,26.99,87.46,15.60,37.50,0.58,0.00,stable,4853.54,-1.00,-1.00,0,0.00,1,1,0,0.499,LOCAL,,0,LOCAL,LOCAL,0,0,none
2026-05-21 17:21:25,12,0.54,9135.43,25.44,87.47,29.60,37.50,0.58,-0.04,stable,5453.95,-1.00,-1.00,0,0.00,1,1,0,0.499,LOCAL,,0,LOCAL,LOCAL,0,0,none
2026-05-21 17:21:27,13,0.54,9135.43,24.50,87.49,15.90,37.50,0.54,0.00,stable,6423.60,-1.00,-1.00,0,0.00,1,1,0,0.499,LOCAL,,0,LOCAL,LOCAL,0,0,none
2026-05-21 17:21:29,14,0.47,6034.97,25.34,87.49,32.90,37.50,0.54,-0.08,stable,7004.40,-1.00,-1.00,0,0.00,1,1,0,0.499,LOCAL,,0,LOCAL,LOCAL,0,0,none
2026-05-21 17:21:31,15,0.52,8168.07,25.98,87.51,28.80,37.50,0.47,0.06,stable,8118.47,-1.00,-1.00,0,0.00,1,1,0,0.499,LOCAL,,0,LOCAL,LOCAL,0,0,none
2026-05-21 17:21:33,16,0.52,8168.07,25.40,87.52,28.60,37.50,0.52,0.00,stable,7876.63,-1.00,-1.00,0,0.00,1,1,0,0.499,LOCAL,,0,LOCAL,LOCAL,0,0,none
2026-05-21 17:21:35,17,0.52,9947.95,25.44,87.54,15.70,37.50,0.52,-0.01,stable,8079.76,-1.00,-1.00,0,0.00,1,1,0,0.499,LOCAL,,0,LOCAL,LOCAL,0,0,none
2026-05-21 17:21:37,18,0.61,8278.91,26.30,87.54,16.40,37.50,0.52,0.09,stable,8640.75,-1.00,-1.00,0,0.00,1,1,0,0.499,LOCAL,,0,LOCAL,LOCAL,0,0,none
2026-05-21 17:21:39,19,0.61,8278.91,25.27,87.54,33.50,37.50,0.61,0.00,stable,8668.46,-1.00,-1.00,0,0.00,1,1,0,0.499,LOCAL,,0,LOCAL,LOCAL,0,0,none
2026-05-21 17:21:41,20,0.64,5877.46,25.70,87.57,31.40,37.50,0.61,0.03,stable,8095.81,-1.00,-1.00,0,0.00,1,1,0,0.499,LOCAL,,0,LOCAL,LOCAL,0,0,none
2026-05-21 17:21:43,21,0.56,7296.03,26.01,87.60,31.50,37.50,0.64,-0.08,stable,7432.83,-1.00,-1.00,0,0.00,1,1,0,0.499,LOCAL,,0,LOCAL,LOCAL,0,0,none
2026-05-21 17:21:45,22,0.56,7296.03,25.94,87.59,32.90,37.50,0.56,0.00,stable,7187.11,-1.00,-1.00,0,0.00,1,1,0,0.499,LOCAL,,0,LOCAL,LOCAL,0,0,none
2026-05-21 17:21:47,23,0.58,6614.32,26.85,87.61,31.30,37.50,0.56,0.03,stable,6770.96,-1.00,-1.00,0,0.00,1,1,0,0.499,LOCAL,,0,LOCAL,LOCAL,0,0,none
2026-05-21 17:21:49,24,0.65,7648.61,26.17,87.62,29.50,37.50,0.58,0.07,stable,7213.74,-1.00,-1.00,0,0.00,1,1,0,0.499,LOCAL,,0,LOCAL,LOCAL,0,0,none
2026-05-21 17:21:51,25,0.65,7648.61,26.02,87.63,33.30,37.50,0.65,0.00,stable,7301.89,-1.00,-1.00,0,0.00,1,1,0,0.499,LOCAL,,0,LOCAL,LOCAL,0,0,none
2026-05-21 17:21:53,26,0.57,7473.15,26.16,87.65,27.70,37.50,0.65,-0.08,stable,7346.17,-1.00,-1.00,0,0.00,1,1,0,0.499,LOCAL,,0,LOCAL,LOCAL,0,0,none
2026-05-21 17:21:55,27,0.58,7763.64,26.97,87.65,27.40,37.50,0.57,0.01,stable,7633.50,-1.00,-1.00,0,0.00,1,1,0,0.499,LOCAL,,0,LOCAL,LOCAL,0,0,none
2026-05-21 17:21:57,28,0.58,7763.64,25.40,87.66,32.10,37.50,0.58,0.00,stable,7662.26,-1.00,-1.00,0,0.00,1,1,0,0.499,LOCAL,,0,LOCAL,LOCAL,0,0,none
2026-05-21 17:21:59,29,0.55,6106.36,26.62,87.67,30.90,37.50,0.58,-0.03,stable,7276.69,-1.00,-1.00,0,0.00,1,1,0,0.499,LOCAL,,0,LOCAL,LOCAL,0,0,none
2026-05-21 17:22:01,30,17.36,7195.89,25.84,87.68,29.40,37.50,0.55,16.81,up,7207.38,-1.00,-1.00,0,0.00,1,1,0,0.499,LOCAL,,0,LOCAL,LOCAL,0,0,none
2026-05-21 17:22:03,31,17.36,7195.89,26.82,87.69,32.00,37.50,17.36,0.00,stable,7065.44,-1.00,-1.00,0,0.00,1,1,0,0.499,LOCAL,,0,LOCAL,LOCAL,0,0,none
2026-05-21 17:22:05,32,0.57,6384.02,26.21,87.70,31.30,37.50,17.36,-16.79,down,6720.54,-1.00,-1.00,0,0.00,1,1,0,0.499,LOCAL,,0,LOCAL,LOCAL,0,0,none
2026-05-21 17:22:07,33,0.63,7339.11,26.94,87.72,47.30,37.50,0.57,0.06,stable,7028.73,-1.00,-1.00,0,0.00,1,1,0,0.499,LOCAL,,0,LOCAL,LOCAL,0,0,none
2026-05-21 17:22:09,34,0.63,7339.11,26.25,87.74,29.90,37.50,0.63,0.00,stable,7064.54,-1.00,-1.00,0,0.00,1,1,0,0.499,LOCAL,,0,LOCAL,LOCAL,0,0,none
2026-05-21 17:22:11,35,0.62,8044.70,26.72,87.75,37.40,37.50,0.63,-0.02,stable,7276.74,-1.00,-1.00,0,0.00,1,1,0,0.499,LOCAL,,0,LOCAL,LOCAL,0,0,none
2026-05-21 17:22:13,36,0.62,8044.70,29.01,87.78,17.60,37.50,0.62,0.00,stable,7691.91,-1.00,-1.00,0,0.00,1,1,0,0.499,LOCAL,,0,LOCAL,LOCAL,0,0,none
2026-05-21 17:22:15,37,0.72,6912.74,50.59,87.80,33.50,37.50,0.62,0.11,stable,7585.31,-1.00,-1.00,0,0.00,1,1,0,0.499,LOCAL,,0,LOCAL,LOCAL,0,0,none
2026-05-21 17:22:17,38,0.59,7155.99,31.63,87.46,40.40,37.50,0.72,-0.13,stable,7539.53,-1.00,-1.00,0,0.00,1,1,0,0.499,LOCAL,,0,LOCAL,LOCAL,0,0,none
2026-05-21 17:22:19,39,0.59,7155.99,26.72,87.47,40.20,37.50,0.59,0.00,stable,7317.35,-1.00,-1.00,0,0.00,1,1,0,0.499,LOCAL,,0,LOCAL,LOCAL,0,0,none
2026-05-21 17:22:21,40,0.57,7569.24,26.38,87.46,39.40,37.50,0.59,-0.02,stable,7198.49,-1.00,-1.00,0,0.00,1,1,0,0.499,LOCAL,,0,LOCAL,LOCAL,0,0,none
2026-05-21 17:22:23,41,0.63,5619.57,28.05,87.48,41.00,37.50,0.57,0.06,stable,6875.20,-1.00,-1.00,0,0.00,1,1,0,0.499,LOCAL,,0,LOCAL,LOCAL,0,0,none
2026-05-21 17:22:25,42,0.63,5619.57,27.55,87.49,40.20,37.00,0.63,0.00,stable,6491.09,-1.00,-1.00,0,0.00,1,1,0,0.499,LOCAL,,0,LOCAL,LOCAL,0,0,none
2026-05-21 17:22:27,43,7.08,276.73,27.41,87.51,36.00,37.50,0.63,6.45,stable,4771.27,-1.00,-1.00,0,0.00,1,1,0,0.499,LOCAL,,0,LOCAL,LOCAL,0,0,none
2026-05-21 17:22:29,44,1.57,8674.88,28.69,87.53,26.70,37.50,7.08,-5.51,stable,5047.69,-1.00,-1.00,0,0.00,1,1,0,0.499,LOCAL,,0,LOCAL,LOCAL,0,0,none
2026-05-21 17:22:31,45,1.57,8674.88,29.23,87.52,40.20,37.50,1.57,0.00,stable,5811.51,-1.00,-1.00,0,0.00,1,1,0,0.499,LOCAL,,0,LOCAL,LOCAL,0,0,none
2026-05-21 17:22:33,46,0.56,8742.69,28.09,87.53,41.50,37.50,1.57,-1.01,stable,6592.29,-1.00,-1.00,0,0.00,1,1,0,0.499,LOCAL,,0,LOCAL,LOCAL,0,0,none
2026-05-21 17:22:35,47,0.51,8781.58,29.86,87.55,39.00,37.50,0.56,-0.05,stable,8718.51,-1.00,-1.00,0,0.00,1,1,0,0.499,LOCAL,,0,LOCAL,LOCAL,0,0,none
2026-05-21 17:22:37,48,0.51,8781.58,29.01,87.56,42.40,37.50,0.51,0.00,stable,8745.18,-1.00,-1.00,0,0.00,1,1,0,0.499,LOCAL,,0,LOCAL,LOCAL,0,0,none
2026-05-21 17:22:39,49,0.58,8443.49,28.76,87.57,37.40,37.50,0.51,0.07,stable,8687.34,-1.00,-1.00,0,0.00,1,1,0,0.499,LOCAL,,0,LOCAL,LOCAL,0,0,none
2026-05-21 17:22:41,50,0.51,8816.19,28.75,87.57,40.10,37.50,0.58,-0.07,stable,8705.71,-1.00,-1.00,0,0.00,1,1,0,0.499,LOCAL,,0,LOCAL,LOCAL,0,0,none
2026-05-21 17:22:43,51,0.51,8816.19,28.77,87.60,36.50,37.50,0.51,0.00,stable,8714.37,-1.00,-1.00,0,0.00,1,1,0,0.499,LOCAL,,0,LOCAL,LOCAL,0,0,none
2026-05-21 17:22:45,52,0.51,8955.01,27.24,87.60,40.50,38.00,0.51,0.00,stable,8757.72,-1.00,-1.00,0,0.00,1,1,0,0.499,LOCAL,,0,LOCAL,LOCAL,0,0,none
2026-05-21 17:22:47,53,6.83,8075.68,29.31,87.60,41.40,37.50,0.51,6.32,stable,8665.77,-1.00,-1.00,0,0.00,1,1,0,0.499,LOCAL,,0,LOCAL,LOCAL,0,0,none
2026-05-21 17:22:49,54,6.83,8075.68,26.98,87.62,28.20,37.50,6.83,0.00,stable,8480.64,-1.00,-1.00,0,0.00,1,1,0,0.499,LOCAL,,0,LOCAL,LOCAL,0,0,none
2026-05-21 17:22:51,55,0.48,6983.23,55.83,88.47,17.40,38.00,6.83,-6.35,stable,8022.40,-1.00,-1.00,0,0.00,1,1,0,0.499,LOCAL,,0,LOCAL,LOCAL,0,0,none
2026-05-21 17:22:53,56,0.49,6101.92,65.51,88.49,44.10,38.00,0.48,0.01,stable,7309.12,-1.00,-1.00,0,0.00,1,1,1,0.913,CLOUD,,0,LOCAL,CLOUD,1,0,started
2026-05-21 17:22:55,57,0.49,6101.92,66.28,88.93,43.00,38.50,0.49,0.00,stable,6815.68,-1.00,-1.00,0,0.00,1,1,1,0.915,CLOUD,,0,CLOUD,CLOUD,0,0,none
2026-05-21 17:22:57,58,0.53,9233.47,65.36,88.52,37.60,38.50,0.49,0.04,stable,7105.13,-1.00,-1.00,0,0.00,1,1,1,0.913,CLOUD,,0,CLOUD,CLOUD,0,0,none
2026-05-21 17:22:59,59,0.56,4712.70,65.89,88.53,42.80,38.50,0.53,0.04,stable,6537.50,-1.00,-1.00,0,0.00,1,1,1,0.914,CLOUD,,0,CLOUD,CLOUD,0,0,none
2026-05-21 17:23:01,60,0.56,4712.70,66.06,88.54,38.50,38.50,0.56,0.00,stable,6190.20,-1.00,-1.00,0,0.00,1,1,1,0.914,CLOUD,,0,CLOUD,CLOUD,0,0,none
2026-05-21 17:23:03,61,0.62,7166.69,66.47,88.55,38.60,38.50,0.56,0.05,stable,6456.39,-1.00,-1.00,0,0.00,1,1,1,0.915,CLOUD,,0,CLOUD,CLOUD,0,0,none
2026-05-21 17:23:05,62,0.62,7166.69,66.61,88.56,38.30,39.00,0.62,0.00,stable,5939.69,-1.00,-1.00,0,0.00,1,1,1,0.916,CLOUD,,0,CLOUD,CLOUD,0,0,none
2026-05-21 17:23:07,63,0.63,7987.25,66.53,88.57,29.10,39.00,0.62,0.01,stable,6758.33,-1.00,-1.00,0,0.00,1,1,1,0.916,CLOUD,,0,CLOUD,CLOUD,0,0,none
2026-05-21 17:23:09,64,0.62,7506.58,66.50,88.57,28.80,39.00,0.63,-0.00,stable,7456.80,-1.00,-1.00,0,0.00,1,1,1,0.915,CLOUD,,0,CLOUD,CLOUD,0,0,none
2026-05-21 17:23:11,65,0.62,7506.58,66.20,88.68,0.80,39.00,0.62,0.00,stable,7541.78,-1.00,-1.00,0,0.00,1,1,1,0.915,CLOUD,,0,CLOUD,CLOUD,0,0,none
2026-05-21 17:23:13,66,0.94,6877.32,64.37,88.73,21.40,39.00,0.62,0.31,stable,7469.43,-1.00,-1.00,0,0.00,1,1,1,0.910,CLOUD,,0,CLOUD,CLOUD,0,0,none
2026-05-21 17:23:15,67,0.63,5883.65,64.92,88.62,0.80,39.00,0.94,-0.31,stable,6943.53,-1.00,-1.00,0,0.00,1,1,1,0.912,CLOUD,,0,CLOUD,CLOUD,0,0,none
2026-05-21 17:23:17,68,0.63,5883.65,63.58,88.63,0.80,39.00,0.63,0.00,stable,6537.80,-1.00,-1.00,0,0.00,1,1,1,0.908,CLOUD,,0,CLOUD,CLOUD,0,0,none
2026-05-21 17:23:19,69,0.62,6480.19,66.11,88.73,3.40,39.00,0.63,-0.00,stable,6281.20,-1.00,-1.00,0,0.00,1,1,1,0.915,CLOUD,,0,CLOUD,CLOUD,0,0,none
2026-05-21 17:23:21,70,0.63,5042.75,66.36,88.74,21.20,39.00,0.62,0.01,stable,5822.56,-1.00,-1.00,0,0.00,1,1,1,0.915,CLOUD,,0,CLOUD,CLOUD,0,0,none
2026-05-21 17:23:23,71,0.63,5042.75,66.33,88.68,0.00,39.00,0.63,0.00,stable,5612.33,-1.00,-1.00,0,0.00,1,1,1,0.915,CLOUD,,0,CLOUD,CLOUD,0,0,none
2026-05-21 17:23:25,72,0.61,4055.90,66.67,88.71,0.00,39.00,0.63,-0.02,stable,5155.40,-1.00,-1.00,0,0.00,1,1,1,0.916,CLOUD,,0,CLOUD,CLOUD,0,0,none
2026-05-21 17:23:27,73,0.59,7345.54,66.64,88.39,1.00,39.50,0.61,-0.02,stable,5371.73,-1.00,-1.00,0,0.00,1,1,1,0.916,CLOUD,,0,CLOUD,CLOUD,0,0,none
2026-05-21 17:23:29,74,0.59,7345.54,66.58,88.39,0.00,39.50,0.59,0.00,stable,5947.43,-1.00,-1.00,0,0.00,1,1,1,0.916,CLOUD,,0,CLOUD,CLOUD,0,0,none
2026-05-21 17:23:31,75,0.62,7112.00,66.28,88.39,0.00,39.50,0.59,0.03,stable,6464.75,-1.00,-1.00,0,0.00,1,1,1,0.915,CLOUD,,0,CLOUD,CLOUD,0,0,none
2026-05-21 17:23:33,76,0.59,7351.98,65.78,88.40,0.00,39.50,0.62,-0.03,stable,7288.77,-1.00,-1.00,0,0.00,1,1,1,0.914,CLOUD,,0,CLOUD,CLOUD,0,0,none
2026-05-21 17:23:35,77,0.59,7351.98,65.06,88.41,0.00,39.50,0.59,0.00,stable,7290.38,-1.00,-1.00,0,0.00,1,1,1,0.912,CLOUD,,0,CLOUD,CLOUD,0,0,none
2026-05-21 17:23:37,78,0.59,4663.58,64.56,88.41,0.00,39.50,0.59,-0.00,stable,6619.88,-1.00,-1.00,0,0.00,1,1,1,0.911,CLOUD,,0,CLOUD,CLOUD,0,0,none
2026-05-21 17:23:39,79,0.55,9010.32,66.06,88.42,0.00,39.50,0.59,-0.04,stable,7094.46,-1.00,-1.00,0,0.00,1,1,1,0.914,CLOUD,,0,CLOUD,CLOUD,0,0,none
2026-05-21 17:27:08,1,0.00,0.00,50.00,79.58,2.90,37.50,0.00,0.00,stable,0.00,-1.00,-1.00,0,0.00,0,0,0,0.499,LOCAL,,0,LOCAL,LOCAL,0,0,none
2026-05-21 17:27:11,2,0.00,0.00,39.46,82.25,1.10,37.50,0.00,0.00,stable,0.00,-1.00,-1.00,0,0.00,0,0,0,0.499,LOCAL,,0,LOCAL,LOCAL,0,0,none
2026-05-21 17:27:13,3,7.36,8486.20,34.74,86.09,1.60,37.50,0.00,7.36,stable,2828.73,-1.00,-1.00,0,0.00,1,1,0,0.499,LOCAL,,0,LOCAL,LOCAL,0,0,none
2026-05-21 17:27:15,4,7.36,8486.20,51.97,89.54,0.00,38.00,7.36,0.00,stable,4243.10,-1.00,-1.00,0,0.00,1,1,0,0.499,LOCAL,,0,LOCAL,LOCAL,0,0,none
2026-05-21 17:27:17,5,0.55,6537.00,66.39,90.03,0.00,38.00,7.36,-6.81,stable,5877.35,-1.00,-1.00,0,0.00,1,1,1,0.915,CLOUD,,0,LOCAL,CLOUD,1,0,started
2026-05-21 17:27:19,6,0.57,6670.86,66.36,80.51,34.30,38.50,0.55,0.02,stable,7545.07,-1.00,-1.00,0,0.00,1,1,1,0.915,CLOUD,,0,CLOUD,CLOUD,0,0,none
2026-05-21 17:27:21,7,0.64,7169.75,64.34,79.96,37.00,38.50,0.57,0.07,stable,7215.95,-1.00,-1.00,0,0.00,1,1,1,0.910,CLOUD,,0,CLOUD,CLOUD,0,0,none
2026-05-21 17:27:23,8,0.64,7169.75,64.89,79.98,38.70,38.50,0.64,0.00,stable,6886.84,-1.00,-1.00,0,0.00,1,1,1,0.911,CLOUD,,0,CLOUD,CLOUD,0,0,none
2026-05-21 17:27:25,9,0.65,8071.79,65.50,79.98,43.50,38.50,0.64,0.01,stable,7270.54,-1.00,-1.00,0,0.00,1,1,1,0.913,CLOUD,,0,CLOUD,CLOUD,0,0,none
2026-05-21 17:27:27,10,0.64,3623.20,66.00,80.01,25.20,39.00,0.65,-0.00,stable,6508.62,-1.00,-1.00,0,0.00,1,1,1,0.914,CLOUD,,0,CLOUD,CLOUD,0,0,none
2026-05-21 17:27:29,11,0.64,3623.20,66.25,80.02,34.40,39.00,0.64,0.00,stable,5621.98,-1.00,-1.00,0,0.00,1,1,1,0.915,CLOUD,,0,CLOUD,CLOUD,0,0,none
2026-05-21 17:27:31,12,0.60,7198.98,66.50,80.06,30.10,39.00,0.64,-0.04,stable,5629.29,-1.00,-1.00,0,0.00,1,1,1,0.915,CLOUD,,0,CLOUD,CLOUD,0,0,none
2026-05-21 17:27:33,13,0.60,7198.98,66.64,80.06,38.90,39.00,0.60,0.00,stable,5411.09,-1.00,-1.00,0,0.00,1,1,1,0.916,CLOUD,,0,CLOUD,CLOUD,0,0,none
