timestamp,frame_id,mode,encode_ms,inference_ms,decode_ms,total_ms,num_detections,fps,pending_mode,pending_count,cpu_load,ram_usage,gpu_load,gpu_temp,rtt_ms,bandwidth_kbps,local_latency_ms,cloud_latency_ms,queue_depth,error_rate_pct,network_ok,bandwidth_ok,fallback_locked
2026-05-21 13:20:46,1,LOCAL,0.00,7718.47,0.00,7718.53,5,0.00,,0,65.66,93.41,26.80,44.50,5.45,8154.18,-1.00,-1.00,1,0.00,1,1,0
2026-05-21 13:20:54,2,LOCAL,0.00,240.37,0.00,240.42,5,3.80,CLOUD,2,65.66,93.41,26.80,44.50,5.45,8154.18,-1.00,-1.00,1,0.00,1,1,0
2026-05-21 13:20:54,3,LOCAL,0.00,253.09,0.00,253.14,5,3.86,CLOUD,2,65.66,93.41,26.80,44.50,5.45,8154.18,-1.00,-1.00,1,0.00,1,1,0
2026-05-21 13:20:54,4,LOCAL,0.00,248.56,0.00,248.61,5,3.90,CLOUD,2,65.66,93.41,26.80,44.50,5.45,8154.18,-1.00,-1.00,1,0.00,1,1,0
2026-05-21 13:20:54,5,LOCAL,0.00,190.87,0.00,190.92,5,4.09,CLOUD,2,65.66,93.41,26.80,44.50,5.45,8154.18,-1.00,-1.00,1,0.00,1,1,0
2026-05-21 13:20:55,6,LOCAL,0.00,176.98,0.00,177.03,5,4.29,,0,65.66,93.41,26.80,44.50,5.45,8154.18,-1.00,-1.00,1,0.00,1,1,0
2026-05-21 13:20:55,7,LOCAL,0.00,286.72,0.00,286.83,5,4.07,,0,65.66,93.41,26.80,44.50,5.45,8154.18,-1.00,-1.00,1,0.00,1,1,0
2026-05-21 13:20:55,8,LOCAL,0.00,258.04,0.00,258.18,5,3.89,,0,64.46,93.63,0.60,45.00,5.45,8154.18,286.72,-1.00,1,0.00,1,1,0
2026-05-21 13:20:55,9,CLOUD,25.99,331.33,147.80,358.06,5,3.71,,0,64.46,93.63,0.60,45.00,5.45,8154.18,286.72,-1.00,1,0.00,1,1,0
2026-05-21 13:20:56,10,CLOUD,26.71,184.72,147.74,212.00,5,3.79,,0,64.46,93.63,0.60,45.00,5.45,8154.18,286.72,-1.00,1,0.00,1,1,0
2026-05-21 13:20:56,11,CLOUD,54.73,172.12,147.84,227.47,5,3.84,,0,64.46,93.63,0.60,45.00,5.45,8154.18,286.72,-1.00,1,0.00,1,1,0
2026-05-21 13:20:56,12,CLOUD,43.20,176.77,148.31,220.95,5,3.89,,0,64.46,93.63,0.60,45.00,5.45,8154.18,286.72,-1.00,1,0.00,1,1,0
2026-05-21 13:20:56,13,CLOUD,41.32,191.19,151.31,233.14,5,3.91,,0,64.46,93.63,0.60,45.00,5.45,8154.18,286.72,-1.00,1,0.00,1,1,0
2026-05-21 13:20:57,14,CLOUD,14.00,179.74,147.65,194.39,5,3.98,,0,64.46,93.63,0.60,45.00,5.45,8154.18,286.72,-1.00,1,0.00,1,1,0
2026-05-21 13:20:57,15,CLOUD,27.97,169.26,147.64,198.01,5,4.04,,0,64.46,93.63,0.60,45.00,5.45,8154.18,286.72,-1.00,1,0.00,1,1,0
2026-05-21 13:20:57,16,CLOUD,34.78,172.11,147.76,207.49,5,4.08,,0,65.98,84.00,7.10,45.00,0.51,497.87,258.04,169.26,1,0.00,1,1,0
2026-05-21 13:20:57,17,CLOUD,17.44,181.18,146.84,199.28,5,4.13,,0,65.98,84.00,7.10,45.00,0.51,497.87,258.04,169.26,1,0.00,1,1,0
2026-05-21 13:20:57,18,CLOUD,13.63,203.24,174.44,217.53,5,4.15,,0,65.98,84.00,7.10,45.00,0.51,497.87,258.04,169.26,1,0.00,1,1,0
2026-05-21 13:20:58,19,CLOUD,26.44,173.31,149.30,200.40,5,4.18,,0,65.98,84.00,7.10,45.00,0.51,497.87,258.04,169.26,1,0.00,1,1,0
2026-05-21 13:20:58,20,CLOUD,23.60,239.48,150.94,272.12,5,4.15,,0,65.98,84.00,7.10,45.00,0.51,497.87,258.04,169.26,1,0.00,1,1,0
2026-05-21 13:20:58,21,CLOUD,34.53,175.85,147.75,211.07,5,4.12,,0,65.98,84.00,7.10,45.00,0.51,497.87,258.04,169.26,1,0.00,1,1,0
2026-05-21 13:20:58,22,CLOUD,39.50,172.93,145.62,213.10,5,4.14,,0,65.98,84.00,7.10,45.00,0.51,497.87,258.04,169.26,1,0.00,1,1,0
2026-05-21 13:20:59,23,CLOUD,17.39,183.08,148.46,201.08,5,4.17,,0,65.98,84.00,7.10,45.00,0.51,497.87,258.04,169.26,1,0.00,1,1,0
2026-05-21 13:20:59,24,CLOUD,24.06,175.60,147.94,200.25,5,4.20,,0,65.98,84.00,7.10,45.00,0.51,497.87,258.04,169.26,1,0.00,1,1,0
2026-05-21 13:20:59,25,CLOUD,45.18,176.55,147.64,222.37,5,4.21,,0,63.33,84.36,11.10,44.50,5.66,9603.44,258.04,175.60,1,0.00,1,1,0
2026-05-21 13:20:59,26,CLOUD,15.01,175.77,148.77,191.60,5,4.24,,0,63.33,84.36,11.10,44.50,5.66,9603.44,258.04,175.60,1,0.00,1,1,0
2026-05-21 13:20:59,27,CLOUD,14.22,179.60,148.54,194.50,5,4.26,,0,63.33,84.36,11.10,44.50,5.66,9603.44,258.04,175.60,1,0.00,1,1,0
2026-05-21 13:21:00,28,CLOUD,32.19,184.91,148.33,217.79,5,4.27,,0,63.33,84.36,11.10,44.50,5.66,9603.44,258.04,175.60,1,0.00,1,1,0
2026-05-21 13:21:00,29,CLOUD,23.68,174.22,149.73,198.63,5,4.29,,0,63.33,84.36,11.10,44.50,5.66,9603.44,258.04,175.60,1,0.00,1,1,0
2026-05-21 13:21:00,30,CLOUD,46.17,365.73,292.81,412.55,5,4.18,,0,63.33,84.36,11.10,44.50,5.66,9603.44,258.04,175.60,1,0.00,1,1,0
2026-05-21 13:21:00,31,CLOUD,22.43,218.10,161.84,241.13,5,4.19,,0,63.33,84.36,11.10,44.50,5.66,9603.44,258.04,175.60,1,0.00,1,1,0
2026-05-21 13:21:01,32,CLOUD,29.69,178.98,148.19,209.23,5,4.22,,0,63.33,84.36,11.10,44.50,5.66,9603.44,258.04,175.60,1,0.00,1,1,0
2026-05-21 13:21:01,33,CLOUD,26.27,188.15,151.72,215.04,5,4.24,,0,63.33,84.36,11.10,44.50,5.66,9603.44,258.04,175.60,1,0.00,1,1,0
2026-05-21 13:21:01,34,CLOUD,19.31,192.84,154.36,214.85,5,4.23,,0,59.83,84.38,0.00,45.00,5.66,9603.44,258.04,188.15,1,0.00,1,1,0
2026-05-21 13:21:01,35,CLOUD,26.48,177.15,148.08,204.33,5,4.21,LOCAL,1,59.83,84.38,0.00,45.00,5.66,9603.44,258.04,188.15,1,0.00,1,1,0
2026-05-21 13:21:02,36,CLOUD,39.67,171.12,146.82,211.31,5,4.26,LOCAL,1,59.83,84.38,0.00,45.00,5.66,9603.44,258.04,188.15,1,0.00,1,1,0
2026-05-21 13:21:02,37,CLOUD,81.30,181.02,149.14,262.98,5,4.30,LOCAL,1,59.83,84.38,0.00,45.00,5.66,9603.44,258.04,188.15,1,0.00,1,1,0
2026-05-21 13:21:02,38,CLOUD,31.14,199.31,159.69,231.14,5,4.38,LOCAL,1,59.83,84.38,0.00,45.00,5.66,9603.44,258.04,188.15,1,0.00,1,1,0
2026-05-21 13:21:02,39,CLOUD,25.01,190.29,158.59,215.81,5,4.38,LOCAL,1,59.83,84.38,0.00,45.00,5.66,9603.44,258.04,188.15,1,0.00,1,1,0
2026-05-21 13:21:03,40,CLOUD,42.53,178.21,147.90,222.20,5,4.39,LOCAL,1,59.83,84.38,0.00,45.00,5.66,9603.44,258.04,188.15,1,0.00,1,1,0
2026-05-21 13:21:03,41,CLOUD,25.63,362.73,298.10,388.99,5,4.28,LOCAL,1,59.83,84.38,0.00,45.00,5.66,9603.44,258.04,188.15,1,0.00,1,1,0
2026-05-21 13:21:03,42,CLOUD,56.19,194.63,167.74,251.57,5,4.27,LOCAL,1,61.56,84.38,0.00,45.00,19.95,391.96,258.04,362.73,1,0.00,1,1,0
2026-05-21 13:21:03,43,CLOUD,74.85,185.14,150.88,260.67,5,4.22,,0,61.56,84.38,0.00,45.00,19.95,391.96,258.04,362.73,1,0.00,1,1,0
2026-05-21 13:21:04,44,CLOUD,33.05,182.24,149.85,216.26,5,4.21,,0,61.56,84.38,0.00,45.00,19.95,391.96,258.04,362.73,1,0.00,1,1,0
2026-05-21 13:21:04,45,CLOUD,63.59,186.58,158.44,251.23,5,4.18,,0,61.56,84.38,0.00,45.00,19.95,391.96,258.04,362.73,1,0.00,1,1,0
2026-05-21 13:21:04,46,CLOUD,23.93,197.33,163.97,221.89,5,4.15,,0,61.56,84.38,0.00,45.00,19.95,391.96,258.04,362.73,1,0.00,1,1,0
2026-05-21 13:21:04,47,CLOUD,22.32,210.43,175.04,234.62,5,4.15,,0,61.56,84.38,0.00,45.00,19.95,391.96,258.04,362.73,1,0.00,1,1,0
2026-05-21 13:21:05,48,CLOUD,42.30,199.42,167.29,242.37,5,4.10,,0,61.56,84.38,0.00,45.00,19.95,391.96,258.04,362.73,1,0.00,1,1,0
2026-05-21 13:21:05,49,CLOUD,25.55,200.08,172.24,226.24,5,4.13,,0,61.56,84.38,0.00,45.00,19.95,391.96,258.04,362.73,1,0.00,1,1,0
2026-05-21 13:21:05,50,CLOUD,30.33,183.29,159.31,214.43,5,4.16,,0,61.58,84.39,8.30,45.00,16.10,332.77,258.04,200.08,1,0.00,1,1,0
2026-05-21 13:21:05,51,CLOUD,55.85,253.15,186.26,309.82,5,4.11,,0,61.58,84.39,8.30,45.00,16.10,332.77,258.04,200.08,1,0.00,1,1,0
2026-05-21 13:21:06,52,CLOUD,22.40,421.56,304.94,444.48,5,3.97,,0,61.58,84.39,8.30,45.00,16.10,332.77,258.04,200.08,1,0.00,1,1,0
2026-05-21 13:21:06,53,CLOUD,15.31,455.28,317.89,471.18,5,3.83,,0,61.58,84.39,8.30,45.00,16.10,332.77,258.04,200.08,1,0.00,1,1,0
2026-05-21 13:21:07,54,CLOUD,47.86,202.11,149.16,250.61,5,3.81,,0,61.58,84.39,8.30,45.00,16.10,332.77,258.04,200.08,1,0.00,1,1,0
2026-05-21 13:21:07,55,CLOUD,57.11,188.59,149.35,246.46,5,3.79,,0,61.58,84.39,8.30,45.00,16.10,332.77,258.04,200.08,1,0.00,1,1,0
2026-05-21 13:21:07,56,CLOUD,42.23,199.88,147.97,242.77,5,3.75,,0,60.12,84.43,2.10,44.50,16.10,332.77,258.04,188.59,1,0.00,1,1,0
2026-05-21 13:21:07,57,CLOUD,31.18,218.01,150.60,249.91,5,3.74,,0,60.12,84.43,2.10,44.50,16.10,332.77,258.04,188.59,1,0.00,1,1,0
2026-05-21 13:21:08,58,CLOUD,32.67,220.78,166.67,254.33,5,3.71,,0,60.12,84.43,2.10,44.50,16.10,332.77,258.04,188.59,1,0.00,1,1,0
2026-05-21 13:21:08,59,CLOUD,26.32,167.88,147.18,194.76,5,3.81,,0,60.12,84.43,2.10,44.50,16.10,332.77,258.04,188.59,1,0.00,1,1,0
2026-05-21 13:21:08,60,CLOUD,51.07,185.08,149.19,236.89,5,3.82,,0,60.12,84.43,2.10,44.50,16.10,332.77,258.04,188.59,1,0.00,1,1,0
2026-05-21 13:21:08,61,CLOUD,23.11,369.49,290.32,393.26,5,3.73,,0,60.12,84.43,2.10,44.50,16.10,332.77,258.04,188.59,1,0.00,1,1,0
2026-05-21 13:21:09,62,CLOUD,60.49,202.00,168.46,263.10,5,3.70,,0,60.12,84.43,2.10,44.50,16.10,332.77,258.04,188.59,1,0.00,1,1,0
2026-05-21 13:21:09,63,CLOUD,25.75,180.57,149.47,208.43,5,3.71,,0,62.16,84.44,0.00,45.00,16.87,456.06,258.04,202.00,1,0.00,1,1,0
2026-05-21 13:21:09,64,CLOUD,24.02,186.48,150.35,211.27,5,3.71,,0,62.16,84.44,0.00,45.00,16.87,456.06,258.04,202.00,1,0.00,1,1,0
2026-05-21 13:21:09,65,CLOUD,15.78,184.70,150.23,201.00,5,3.72,,0,62.16,84.44,0.00,45.00,16.87,456.06,258.04,202.00,1,0.00,1,1,0
2026-05-21 13:21:10,66,CLOUD,15.42,176.54,147.02,192.81,5,3.75,,0,62.16,84.44,0.00,45.00,16.87,456.06,258.04,202.00,1,0.00,1,1,0
2026-05-21 13:21:10,67,CLOUD,27.02,187.66,150.41,215.31,5,3.76,,0,62.16,84.44,0.00,45.00,16.87,456.06,258.04,202.00,1,0.00,1,1,0
2026-05-21 13:21:10,68,CLOUD,33.02,221.92,150.37,255.55,5,3.74,,0,62.16,84.44,0.00,45.00,16.87,456.06,258.04,202.00,1,0.00,1,1,0
2026-05-21 13:21:10,69,CLOUD,64.55,180.10,148.24,245.34,5,3.73,,0,62.16,84.44,0.00,45.00,16.87,456.06,258.04,202.00,1,0.00,1,1,0
2026-05-21 13:21:11,70,CLOUD,45.75,225.20,147.72,271.45,5,3.79,,0,62.16,84.44,0.00,45.00,16.87,456.06,258.04,202.00,1,0.00,1,1,0
2026-05-21 13:21:11,71,CLOUD,15.63,202.98,156.63,220.20,5,3.80,,0,62.16,84.44,0.00,45.00,16.87,456.06,258.04,202.00,1,0.00,1,1,0
2026-05-21 13:21:11,72,CLOUD,18.11,376.73,304.08,395.48,5,3.74,,0,58.85,84.41,0.00,45.00,18.85,358.42,258.04,202.98,1,0.00,1,1,0
2026-05-21 13:21:11,73,CLOUD,26.83,213.81,167.77,241.27,5,3.73,LOCAL,1,58.85,84.41,0.00,45.00,18.85,358.42,258.04,202.98,1,0.00,1,1,0
2026-05-21 13:21:12,74,CLOUD,23.72,183.29,148.29,207.79,5,3.74,LOCAL,1,58.85,84.41,0.00,45.00,18.85,358.42,258.04,202.98,1,0.00,1,1,0
2026-05-21 13:21:12,75,CLOUD,25.29,175.38,149.03,201.36,5,3.77,LOCAL,1,58.85,84.41,0.00,45.00,18.85,358.42,258.04,202.98,1,0.00,1,1,0
2026-05-21 13:21:12,76,CLOUD,18.59,205.90,150.79,233.12,5,3.77,LOCAL,1,58.85,84.41,0.00,45.00,18.85,358.42,258.04,202.98,1,0.00,1,1,0
2026-05-21 13:21:12,77,CLOUD,37.16,199.69,157.60,237.45,5,3.79,LOCAL,1,58.85,84.41,0.00,45.00,18.85,358.42,258.04,202.98,1,0.00,1,1,0
2026-05-21 13:21:13,78,CLOUD,28.79,180.71,149.36,210.23,5,3.79,LOCAL,1,58.85,84.41,0.00,45.00,18.85,358.42,258.04,202.98,1,0.00,1,1,0
2026-05-21 13:21:13,79,CLOUD,32.48,174.89,148.06,208.16,5,3.80,LOCAL,1,58.85,84.41,0.00,45.00,18.85,358.42,258.04,202.98,1,0.00,1,1,0
2026-05-21 13:21:13,80,CLOUD,67.22,187.91,148.90,255.94,5,3.82,LOCAL,1,61.46,84.42,21.80,45.00,18.85,358.42,258.04,174.89,1,0.00,1,1,0
2026-05-21 13:21:13,81,CLOUD,19.44,185.35,147.67,205.49,5,3.95,,0,61.46,84.42,21.80,45.00,18.85,358.42,258.04,174.89,1,0.00,1,1,0
2026-05-21 13:21:13,82,CLOUD,38.20,197.89,153.36,243.09,5,4.07,,0,61.46,84.42,21.80,45.00,18.85,358.42,258.04,174.89,1,0.00,1,1,0
2026-05-21 13:21:14,83,CLOUD,27.13,385.50,251.44,427.23,5,3.97,,0,61.46,84.42,21.80,45.00,18.85,358.42,258.04,174.89,1,0.00,1,1,0
2026-05-21 13:21:14,84,CLOUD,33.99,184.28,149.45,218.86,5,3.98,,0,61.46,84.42,21.80,45.00,18.85,358.42,258.04,174.89,1,0.00,1,1,0
2026-05-21 13:21:14,85,CLOUD,18.20,166.59,147.31,185.44,5,4.02,,0,61.46,84.42,21.80,45.00,18.85,358.42,258.04,174.89,1,0.00,1,1,0
2026-05-21 13:21:15,86,CLOUD,51.10,171.66,147.62,223.47,5,4.03,,0,61.46,84.42,21.80,45.00,18.85,358.42,258.04,174.89,1,0.00,1,1,0
2026-05-21 13:21:15,87,CLOUD,22.16,179.82,147.89,202.61,5,4.06,,0,61.46,84.42,21.80,45.00,18.85,358.42,258.04,174.89,1,0.00,1,1,0
2026-05-21 13:21:15,88,CLOUD,60.90,207.62,148.71,269.25,5,4.02,,0,61.80,84.52,0.00,45.00,8.22,10052.26,258.04,179.82,1,0.00,1,1,0
2026-05-21 13:21:15,89,CLOUD,65.97,185.08,148.88,251.81,5,4.01,,0,61.80,84.52,0.00,45.00,8.22,10052.26,258.04,179.82,1,0.00,1,1,0
2026-05-21 13:21:16,90,CLOUD,57.82,179.49,147.60,237.84,5,4.10,,0,61.80,84.52,0.00,45.00,8.22,10052.26,258.04,179.82,1,0.00,1,1,0
2026-05-21 13:21:16,91,CLOUD,78.85,186.65,149.63,266.31,5,4.10,,0,61.80,84.52,0.00,45.00,8.22,10052.26,258.04,179.82,1,0.00,1,1,0
2026-05-21 13:21:16,92,CLOUD,25.65,192.88,149.21,219.18,5,4.09,,0,61.80,84.52,0.00,45.00,8.22,10052.26,258.04,179.82,1,0.00,1,1,0
2026-05-21 13:21:16,93,CLOUD,43.47,315.19,245.25,359.27,5,4.01,,0,61.80,84.52,0.00,45.00,8.22,10052.26,258.04,179.82,1,0.00,1,1,0
2026-05-21 13:21:17,94,CLOUD,73.44,196.32,148.73,270.46,5,3.97,,0,61.80,84.52,0.00,45.00,8.22,10052.26,258.04,179.82,1,0.00,1,1,0
2026-05-21 13:21:17,95,CLOUD,39.02,180.64,145.67,220.31,5,3.95,,0,61.80,84.52,0.00,45.00,8.22,10052.26,258.04,179.82,1,0.00,1,1,0
2026-05-21 13:21:17,96,CLOUD,50.14,280.83,148.36,342.03,5,3.89,,0,61.58,84.53,38.50,45.00,8.22,10052.26,258.04,180.64,1,0.00,1,1,0
2026-05-21 13:21:18,97,CLOUD,64.99,213.37,150.12,281.58,5,3.85,,0,61.58,84.53,38.50,45.00,8.22,10052.26,258.04,180.64,1,0.00,1,1,0
2026-05-21 13:21:18,98,CLOUD,57.41,239.82,177.63,297.72,5,3.82,,0,61.58,84.53,38.50,45.00,8.22,10052.26,258.04,180.64,1,0.00,1,1,0
2026-05-21 13:21:18,99,CLOUD,41.84,196.85,170.11,239.31,5,3.84,,0,61.58,84.53,38.50,45.00,8.22,10052.26,258.04,180.64,1,0.00,1,1,0
2026-05-21 13:21:18,100,CLOUD,56.76,197.02,174.33,254.65,5,3.82,,0,61.58,84.53,38.50,45.00,8.22,10052.26,258.04,180.64,1,0.00,1,1,0
2026-05-21 13:21:19,101,CLOUD,32.28,227.93,179.95,260.88,5,3.89,,0,61.58,84.53,38.50,45.00,8.22,10052.26,258.04,180.64,1,0.00,1,1,0
2026-05-21 13:21:19,102,CLOUD,24.72,426.35,299.23,451.92,5,3.78,,0,62.75,84.53,0.00,45.00,17.04,531.90,258.04,227.93,1,0.00,1,1,0
2026-05-21 13:21:19,103,CLOUD,45.41,410.35,279.38,456.29,5,3.66,,0,62.75,84.53,0.00,45.00,17.04,531.90,258.04,227.93,1,0.00,1,1,0
2026-05-21 13:21:20,104,CLOUD,65.92,372.22,271.47,438.68,5,3.55,,0,62.75,84.53,0.00,45.00,17.04,531.90,258.04,227.93,1,0.00,1,1,0
2026-05-21 13:21:20,105,CLOUD,61.01,186.60,151.05,248.38,5,3.55,,0,62.75,84.53,0.00,45.00,17.04,531.90,258.04,227.93,1,0.00,1,1,0
2026-05-21 13:21:21,106,CLOUD,44.12,201.39,155.46,247.33,5,3.54,,0,62.75,84.53,0.00,45.00,17.04,531.90,258.04,227.93,1,0.00,1,1,0
2026-05-21 13:21:21,107,CLOUD,14.68,187.62,149.07,203.09,5,3.53,,0,62.75,84.53,0.00,45.00,17.04,531.90,258.04,227.93,1,0.00,1,1,0
2026-05-21 13:21:21,108,CLOUD,24.08,178.93,149.01,203.61,5,3.53,,0,62.75,84.53,0.00,45.00,17.04,531.90,258.04,227.93,1,0.00,1,1,0
2026-05-21 13:21:21,109,CLOUD,30.94,172.72,147.42,204.29,5,3.56,,0,62.50,84.53,6.70,45.00,20.54,360.20,258.04,178.93,1,0.00,1,1,0
2026-05-21 13:21:21,110,CLOUD,62.14,195.21,147.91,257.97,5,3.53,,0,62.50,84.53,6.70,45.00,20.54,360.20,258.04,178.93,1,0.00,1,1,0
2026-05-21 13:21:22,111,CLOUD,48.70,315.21,237.23,364.91,5,3.48,,0,62.50,84.53,6.70,45.00,20.54,360.20,258.04,178.93,1,0.00,1,1,0
2026-05-21 13:21:22,112,CLOUD,17.95,184.32,149.32,202.77,5,3.58,,0,62.50,84.53,6.70,45.00,20.54,360.20,258.04,178.93,1,0.00,1,1,0
2026-05-21 13:21:22,113,CLOUD,35.51,180.71,153.36,217.15,5,3.59,,0,62.50,84.53,6.70,45.00,20.54,360.20,258.04,178.93,1,0.00,1,1,0
2026-05-21 13:21:22,114,CLOUD,38.99,175.29,149.03,215.12,5,3.57,,0,62.50,84.53,6.70,45.00,20.54,360.20,258.04,178.93,1,0.00,1,1,0
2026-05-21 13:21:23,115,CLOUD,27.32,171.59,147.52,199.53,5,3.59,,0,62.50,84.53,6.70,45.00,20.54,360.20,258.04,178.93,1,0.00,1,1,0
2026-05-21 13:21:23,116,CLOUD,24.21,182.23,147.57,207.07,5,3.58,,0,62.50,84.53,6.70,45.00,20.54,360.20,258.04,178.93,1,0.00,1,1,0
2026-05-21 13:21:23,117,CLOUD,28.64,173.85,147.64,203.44,5,3.61,,0,62.58,84.53,0.00,45.00,20.54,360.20,258.04,182.23,1,0.00,1,1,0
2026-05-21 13:21:23,118,CLOUD,42.52,179.60,149.19,222.71,5,3.63,,0,62.58,84.53,0.00,45.00,20.54,360.20,258.04,182.23,1,0.00,1,1,0
2026-05-21 13:21:24,119,CLOUD,39.48,179.58,153.96,219.75,5,3.63,,0,62.58,84.53,0.00,45.00,20.54,360.20,258.04,182.23,1,0.00,1,1,0
2026-05-21 13:21:24,120,CLOUD,85.44,184.71,149.04,271.01,5,3.63,,0,62.58,84.53,0.00,45.00,20.54,360.20,258.04,182.23,1,0.00,1,1,0
2026-05-21 13:21:24,121,CLOUD,28.09,195.27,159.06,224.12,5,3.63,,0,62.58,84.53,0.00,45.00,20.54,360.20,258.04,182.23,1,0.00,1,1,0
2026-05-21 13:21:24,122,CLOUD,70.41,264.46,168.44,335.52,5,3.64,,0,62.58,84.53,0.00,45.00,20.54,360.20,258.04,182.23,1,0.00,1,1,0
2026-05-21 13:21:25,123,CLOUD,52.32,181.61,148.83,234.61,5,3.65,,0,62.58,84.53,0.00,45.00,20.54,360.20,258.04,182.23,1,0.00,1,1,0
2026-05-21 13:21:25,124,CLOUD,56.16,168.51,146.51,225.38,5,3.65,,0,62.58,84.53,0.00,45.00,20.54,360.20,258.04,182.23,1,0.00,1,1,0
2026-05-21 13:21:25,125,CLOUD,34.43,173.74,147.63,208.66,5,3.71,,0,62.84,84.53,0.00,45.00,14.67,9020.01,258.04,168.51,1,0.00,1,1,0
2026-05-21 13:21:25,126,CLOUD,27.06,176.04,147.60,203.61,5,3.77,,0,62.84,84.53,0.00,45.00,14.67,9020.01,258.04,168.51,1,0.00,1,1,0
2026-05-21 13:21:26,127,CLOUD,15.63,196.86,148.03,213.15,5,3.81,,0,62.84,84.53,0.00,45.00,14.67,9020.01,258.04,168.51,1,0.00,1,1,0
2026-05-21 13:21:26,128,CLOUD,14.00,175.08,148.33,189.84,5,3.83,,0,62.84,84.53,0.00,45.00,14.67,9020.01,258.04,168.51,1,0.00,1,1,0
2026-05-21 13:21:26,129,CLOUD,22.96,175.91,148.31,199.62,5,3.86,,0,62.84,84.53,0.00,45.00,14.67,9020.01,258.04,168.51,1,0.00,1,1,0
2026-05-21 13:21:26,130,CLOUD,53.24,173.47,149.29,227.36,5,3.88,,0,62.84,84.53,0.00,45.00,14.67,9020.01,258.04,168.51,1,0.00,1,1,0
2026-05-21 13:21:26,131,CLOUD,52.62,173.33,146.78,226.58,5,4.00,,0,62.84,84.53,0.00,45.00,14.67,9020.01,258.04,168.51,1,0.00,1,1,0
2026-05-21 13:21:27,132,CLOUD,27.80,208.20,163.71,236.61,5,4.14,,0,62.84,84.53,0.00,45.00,14.67,9020.01,258.04,168.51,1,0.00,1,1,0
2026-05-21 13:21:27,133,CLOUD,35.90,310.39,243.23,347.20,5,4.20,,0,62.84,84.53,0.00,45.00,14.67,9020.01,258.04,168.51,1,0.00,1,1,0
2026-05-21 13:21:27,134,CLOUD,35.47,197.69,147.68,233.72,5,4.20,,0,60.82,84.52,23.50,45.00,11.99,153.23,258.04,310.39,1,0.00,1,1,0
2026-05-21 13:21:27,135,CLOUD,52.98,180.59,149.21,234.17,5,4.21,,0,60.82,84.52,23.50,45.00,11.99,153.23,258.04,310.39,1,0.00,1,1,0
2026-05-21 13:21:28,136,CLOUD,22.86,193.96,152.23,217.45,5,4.22,,0,60.82,84.52,23.50,45.00,11.99,153.23,258.04,310.39,1,0.00,1,1,0
2026-05-21 13:21:28,137,CLOUD,47.42,227.05,198.86,274.97,5,4.18,,0,60.82,84.52,23.50,45.00,11.99,153.23,258.04,310.39,1,0.00,1,1,0
2026-05-21 13:21:28,138,CLOUD,31.11,175.03,147.13,206.63,5,4.18,,0,60.82,84.52,23.50,45.00,11.99,153.23,258.04,310.39,1,0.00,1,1,0
2026-05-21 13:21:28,139,CLOUD,13.23,174.15,146.70,188.01,5,4.22,,0,60.82,84.52,23.50,45.00,11.99,153.23,258.04,310.39,1,0.00,1,1,0
2026-05-21 13:21:29,140,CLOUD,47.16,189.62,149.15,237.40,5,4.30,,0,60.82,84.52,23.50,45.00,11.99,153.23,258.04,310.39,1,0.00,1,1,0
2026-05-21 13:21:29,141,CLOUD,21.93,193.27,147.80,215.88,5,4.29,,0,60.82,84.52,23.50,45.00,11.99,153.23,258.04,310.39,1,0.00,1,1,0
2026-05-21 13:21:29,142,CLOUD,25.34,176.38,148.55,202.38,5,4.30,,0,60.82,84.52,23.50,45.00,11.99,153.23,258.04,310.39,1,0.00,1,1,0
2026-05-21 13:21:29,143,CLOUD,43.66,255.34,203.75,299.65,5,4.25,,0,61.56,84.53,0.00,45.50,11.99,153.23,258.04,176.38,1,0.00,1,1,0
2026-05-21 13:21:30,144,CLOUD,52.66,258.10,163.32,312.24,5,4.18,,0,61.56,84.53,0.00,45.50,11.99,153.23,258.04,176.38,1,0.00,1,1,0
2026-05-21 13:21:30,145,CLOUD,60.46,179.92,148.68,241.06,5,4.16,,0,61.56,84.53,0.00,45.50,11.99,153.23,258.04,176.38,1,0.00,1,1,0
2026-05-21 13:21:30,146,CLOUD,22.50,186.66,154.83,210.90,5,4.15,,0,61.56,84.53,0.00,45.50,11.99,153.23,258.04,176.38,1,0.00,1,1,0
2026-05-21 13:21:30,147,CLOUD,40.39,173.59,147.51,214.73,5,4.15,,0,61.56,84.53,0.00,45.50,11.99,153.23,258.04,176.38,1,0.00,1,1,0
2026-05-21 13:21:31,148,CLOUD,31.04,173.30,147.62,204.87,5,4.16,,0,61.56,84.53,0.00,45.50,11.99,153.23,258.04,176.38,1,0.00,1,1,0
2026-05-21 13:21:31,149,CLOUD,31.69,166.04,145.62,198.25,5,4.20,,0,61.56,84.53,0.00,45.50,11.99,153.23,258.04,176.38,1,0.00,1,1,0
2026-05-21 13:21:31,150,CLOUD,43.23,170.19,149.10,213.96,5,4.21,,0,61.56,84.53,0.00,45.50,11.99,153.23,258.04,176.38,1,0.00,1,1,0
2026-05-21 13:21:31,151,CLOUD,48.53,175.49,147.91,224.62,5,4.28,,0,61.81,84.53,5.50,45.50,9.68,364.75,258.04,170.19,1,0.00,1,1,0
2026-05-21 13:21:31,152,CLOUD,23.81,185.94,147.96,210.45,5,4.30,,0,61.81,84.53,5.50,45.50,9.68,364.75,258.04,170.19,1,0.00,1,1,0
2026-05-21 13:21:32,153,CLOUD,46.19,172.39,148.01,219.08,5,4.31,,0,61.81,84.53,5.50,45.50,9.68,364.75,258.04,170.19,1,0.00,1,1,0
2026-05-21 13:21:32,154,CLOUD,35.63,211.92,183.76,248.07,5,4.28,,0,61.81,84.53,5.50,45.50,9.68,364.75,258.04,170.19,1,0.00,1,1,0
2026-05-21 13:21:32,155,CLOUD,26.25,342.18,268.99,369.07,5,4.18,,0,61.81,84.53,5.50,45.50,9.68,364.75,258.04,170.19,1,0.00,1,1,0
2026-05-21 13:21:32,156,CLOUD,45.22,273.76,195.12,319.75,5,4.11,,0,61.81,84.53,5.50,45.50,9.68,364.75,258.04,170.19,1,0.00,1,1,0
2026-05-21 13:21:33,157,CLOUD,61.31,200.48,174.43,262.42,5,4.07,,0,61.81,84.53,5.50,45.50,9.68,364.75,258.04,170.19,1,0.00,1,1,0
2026-05-21 13:21:33,158,CLOUD,46.89,209.85,183.34,257.53,5,4.04,,0,61.08,84.54,0.00,45.50,9.68,364.75,258.04,200.48,1,0.00,1,1,0
2026-05-21 13:21:33,159,CLOUD,43.72,233.84,165.74,278.32,5,4.01,,0,61.08,84.54,0.00,45.50,9.68,364.75,258.04,200.48,1,0.00,1,1,0
2026-05-21 13:21:34,160,CLOUD,27.76,379.01,265.53,407.27,5,3.91,,0,61.08,84.54,0.00,45.50,9.68,364.75,258.04,200.48,1,0.00,1,1,0
2026-05-21 13:21:34,161,CLOUD,34.69,420.30,340.67,455.62,5,3.80,,0,61.08,84.54,0.00,45.50,9.68,364.75,258.04,200.48,1,0.00,1,1,0
2026-05-21 13:21:34,162,CLOUD,33.03,202.15,147.84,235.73,5,3.85,,0,61.08,84.54,0.00,45.50,9.68,364.75,258.04,200.48,1,0.00,1,1,0
2026-05-21 13:21:35,163,CLOUD,23.33,333.20,265.20,357.07,5,3.79,,0,61.08,84.54,0.00,45.50,9.68,364.75,258.04,200.48,1,0.00,1,1,0
2026-05-21 13:21:35,164,CLOUD,29.04,196.12,169.14,225.76,5,3.80,,0,59.28,84.53,29.80,45.50,17.77,346.09,258.04,333.20,1,0.00,1,1,0
2026-05-21 13:21:35,165,CLOUD,26.23,178.59,147.21,205.59,5,3.80,LOCAL,1,59.28,84.53,29.80,45.50,17.77,346.09,258.04,333.20,1,0.00,1,1,0
2026-05-21 13:21:35,166,CLOUD,25.08,177.30,146.11,202.97,5,3.84,LOCAL,1,59.28,84.53,29.80,45.50,17.77,346.09,258.04,333.20,1,0.00,1,1,0
2026-05-21 13:21:36,167,CLOUD,35.41,181.54,148.39,217.56,5,3.83,LOCAL,1,59.28,84.53,29.80,45.50,17.77,346.09,258.04,333.20,1,0.00,1,1,0
2026-05-21 13:21:36,168,CLOUD,18.11,174.42,147.92,193.38,5,3.83,LOCAL,1,59.28,84.53,29.80,45.50,17.77,346.09,258.04,333.20,1,0.00,1,1,0
2026-05-21 13:21:36,169,CLOUD,40.38,167.70,147.68,208.73,5,3.84,LOCAL,1,59.28,84.53,29.80,45.50,17.77,346.09,258.04,333.20,1,0.00,1,1,0
2026-05-21 13:21:36,170,CLOUD,38.25,212.24,147.74,267.00,5,3.82,LOCAL,1,59.28,84.53,29.80,45.50,17.77,346.09,258.04,333.20,1,0.00,1,1,0
2026-05-21 13:21:37,171,CLOUD,18.39,184.55,152.93,203.59,5,3.81,LOCAL,1,59.28,84.53,29.80,45.50,17.77,346.09,258.04,333.20,1,0.00,1,1,0
2026-05-21 13:21:37,172,CLOUD,43.45,186.47,147.88,230.53,5,3.84,LOCAL,1,59.28,84.53,29.80,45.50,17.77,346.09,258.04,333.20,1,0.00,1,1,0
2026-05-21 13:21:37,173,CLOUD,24.65,233.68,157.53,259.13,5,3.87,LOCAL,1,62.22,84.56,27.50,45.50,17.23,9391.11,258.04,186.47,1,0.00,1,1,0
2026-05-21 13:21:37,174,CLOUD,29.67,298.02,226.16,328.29,5,3.82,,0,62.22,84.56,27.50,45.50,17.23,9391.11,258.04,186.47,1,0.00,1,1,0
2026-05-21 13:21:38,175,CLOUD,41.56,193.39,151.64,235.59,5,3.81,,0,62.22,84.56,27.50,45.50,17.23,9391.11,258.04,186.47,1,0.00,1,1,0
2026-05-21 13:21:38,176,CLOUD,30.32,182.85,148.15,213.80,5,3.82,,0,62.22,84.56,27.50,45.50,17.23,9391.11,258.04,186.47,1,0.00,1,1,0
2026-05-21 13:21:38,177,CLOUD,29.30,254.75,197.59,284.67,5,3.78,,0,62.22,84.56,27.50,45.50,17.23,9391.11,258.04,186.47,1,0.00,1,1,0
2026-05-21 13:21:38,178,CLOUD,29.13,174.29,147.58,203.94,5,3.78,,0,62.22,84.56,27.50,45.50,17.23,9391.11,258.04,186.47,1,0.00,1,1,0
2026-05-21 13:21:39,179,CLOUD,26.01,170.54,146.87,197.17,5,3.79,,0,62.22,84.56,27.50,45.50,17.23,9391.11,258.04,186.47,1,0.00,1,1,0
2026-05-21 13:21:39,180,CLOUD,23.59,173.07,149.23,197.21,5,3.80,,0,62.22,84.56,27.50,45.50,17.23,9391.11,258.04,186.47,1,0.00,1,1,0
2026-05-21 13:21:39,181,CLOUD,27.31,169.77,147.65,197.77,5,3.80,,0,62.22,84.56,27.50,45.50,17.23,9391.11,258.04,186.47,1,0.00,1,1,0
2026-05-21 13:21:39,182,CLOUD,58.03,173.13,147.66,231.78,5,3.80,,0,58.87,84.56,9.40,45.50,17.23,9391.11,258.04,169.77,1,0.00,1,1,0
2026-05-21 13:21:39,183,CLOUD,36.69,180.02,147.61,217.22,5,3.81,LOCAL,1,58.87,84.56,9.40,45.50,17.23,9391.11,258.04,169.77,1,0.00,1,1,0
2026-05-21 13:21:40,184,CLOUD,95.45,370.09,289.30,467.30,5,3.77,LOCAL,1,58.87,84.56,9.40,45.50,17.23,9391.11,258.04,169.77,1,0.00,1,1,0
2026-05-21 13:21:40,185,CLOUD,50.21,181.20,157.24,232.17,5,3.81,LOCAL,1,58.87,84.56,9.40,45.50,17.23,9391.11,258.04,169.77,1,0.00,1,1,0
2026-05-21 13:21:40,186,CLOUD,40.18,174.17,147.55,214.87,5,3.83,LOCAL,1,58.87,84.56,9.40,45.50,17.23,9391.11,258.04,169.77,1,0.00,1,1,0
2026-05-21 13:21:41,187,CLOUD,42.48,172.80,148.14,215.91,5,3.85,LOCAL,1,58.87,84.56,9.40,45.50,17.23,9391.11,258.04,169.77,1,0.00,1,1,0
2026-05-21 13:21:41,188,CLOUD,41.68,179.56,147.66,221.85,5,3.88,LOCAL,1,58.87,84.56,9.40,45.50,17.23,9391.11,258.04,169.77,1,0.00,1,1,0
2026-05-21 13:21:41,189,CLOUD,46.33,181.34,150.80,228.28,5,3.98,LOCAL,1,62.13,84.60,0.00,45.50,10.57,8909.83,258.04,179.56,1,0.00,1,1,0
2026-05-21 13:21:41,190,CLOUD,14.99,202.32,148.22,217.94,5,4.12,,0,62.13,84.60,0.00,45.50,10.57,8909.83,258.04,179.56,1,0.00,1,1,0
2026-05-21 13:21:42,191,CLOUD,36.54,180.28,148.18,217.47,5,4.13,,0,62.13,84.60,0.00,45.50,10.57,8909.83,258.04,179.56,1,0.00,1,1,0
2026-05-21 13:21:42,192,CLOUD,45.09,181.19,148.26,226.95,5,4.20,,0,62.13,84.60,0.00,45.50,10.57,8909.83,258.04,179.56,1,0.00,1,1,0
2026-05-21 13:21:42,193,CLOUD,23.30,174.41,149.35,198.42,5,4.22,,0,62.13,84.60,0.00,45.50,10.57,8909.83,258.04,179.56,1,0.00,1,1,0
2026-05-21 13:21:42,194,CLOUD,50.14,178.74,147.29,229.51,5,4.21,,0,62.13,84.60,0.00,45.50,10.57,8909.83,258.04,179.56,1,0.00,1,1,0
2026-05-21 13:21:42,195,CLOUD,26.75,354.83,284.53,382.14,5,4.10,,0,62.13,84.60,0.00,45.50,10.57,8909.83,258.04,179.56,1,0.00,1,1,0
2026-05-21 13:21:43,196,CLOUD,33.40,275.62,152.12,322.21,5,4.04,,0,62.13,84.60,0.00,45.50,10.57,8909.83,258.04,179.56,1,0.00,1,1,0
2026-05-21 13:21:43,197,CLOUD,16.00,191.95,156.17,208.64,5,4.02,,0,62.54,84.64,0.00,45.50,22.30,345.46,258.04,275.62,0,0.00,1,1,0
2026-05-21 13:21:43,198,CLOUD,47.04,169.18,147.41,217.10,5,4.01,,0,62.54,84.64,0.00,45.50,22.30,345.46,258.04,275.62,0,0.00,1,1,0
2026-05-21 13:21:44,199,CLOUD,37.19,172.10,147.67,209.95,5,4.04,,0,62.54,84.64,0.00,45.50,22.30,345.46,258.04,275.62,0,0.00,1,1,0
2026-05-21 13:21:44,200,CLOUD,49.94,173.44,150.27,224.01,5,4.04,,0,62.54,84.64,0.00,45.50,22.30,345.46,258.04,275.62,0,0.00,1,1,0
2026-05-21 13:21:44,201,CLOUD,30.45,170.39,147.93,201.46,5,4.06,,0,62.54,84.64,0.00,45.50,22.30,345.46,258.04,275.62,0,0.00,1,1,0
2026-05-21 13:21:44,202,CLOUD,26.41,169.75,146.00,196.87,5,4.10,,0,62.54,84.64,0.00,45.50,22.30,345.46,258.04,275.62,0,0.00,1,1,0
2026-05-21 13:21:44,203,CLOUD,48.19,166.45,145.60,215.29,5,4.16,,0,62.54,84.64,0.00,45.50,22.30,345.46,258.04,275.62,0,0.00,1,1,0
2026-05-21 13:21:45,204,CLOUD,37.03,172.55,149.05,210.20,5,4.18,,0,62.54,84.64,0.00,45.50,22.30,345.46,258.04,275.62,0,0.00,1,1,0
2026-05-21 13:21:45,205,CLOUD,44.39,184.18,150.60,229.08,5,4.17,,0,62.54,84.64,0.00,45.50,22.30,345.46,258.04,275.62,0,0.00,1,1,0
2026-05-21 13:21:45,206,CLOUD,23.59,359.85,301.36,384.11,5,4.11,,0,58.17,84.47,0.00,45.50,22.30,345.46,258.04,184.18,1,0.00,1,1,0
2026-05-21 13:21:45,207,CLOUD,17.77,183.87,159.04,202.22,5,4.11,LOCAL,1,58.17,84.47,0.00,45.50,22.30,345.46,258.04,184.18,1,0.00,1,1,0
2026-05-21 13:21:46,208,CLOUD,16.11,177.35,149.51,194.27,5,4.12,LOCAL,1,58.17,84.47,0.00,45.50,22.30,345.46,258.04,184.18,1,0.00,1,1,0
2026-05-21 13:21:46,209,CLOUD,18.29,182.15,150.34,201.07,5,4.12,LOCAL,1,58.17,84.47,0.00,45.50,22.30,345.46,258.04,184.18,1,0.00,1,1,0
2026-05-21 13:21:46,210,CLOUD,13.43,184.34,157.19,199.49,5,4.12,LOCAL,1,58.17,84.47,0.00,45.50,22.30,345.46,258.04,184.18,1,0.00,1,1,0
2026-05-21 13:21:46,211,CLOUD,13.77,179.35,148.18,194.27,5,4.13,LOCAL,1,58.17,84.47,0.00,45.50,22.30,345.46,258.04,184.18,1,0.00,1,1,0
2026-05-21 13:21:46,212,CLOUD,18.62,176.67,148.86,196.08,5,4.15,LOCAL,1,58.17,84.47,0.00,45.50,22.30,345.46,258.04,184.18,1,0.00,1,1,0
2026-05-21 13:21:47,213,CLOUD,14.60,178.36,152.07,193.65,5,4.31,LOCAL,1,58.17,84.47,0.00,45.50,22.30,345.46,258.04,184.18,1,0.00,1,1,0
2026-05-21 13:21:47,214,CLOUD,16.13,171.58,145.79,188.82,5,4.34,LOCAL,1,58.17,84.47,0.00,45.50,22.30,345.46,258.04,184.18,1,0.00,1,1,0
2026-05-21 13:21:47,215,CLOUD,14.20,174.53,147.81,189.71,5,4.36,LOCAL,1,58.17,84.47,0.00,45.50,22.30,345.46,258.04,184.18,1,0.00,1,1,0
2026-05-21 13:21:47,216,CLOUD,13.61,172.41,147.35,186.97,5,4.37,LOCAL,2,22.18,84.37,0.00,45.00,21.31,328.01,258.04,174.53,1,0.00,1,1,0
2026-05-21 13:21:47,217,CLOUD,18.98,170.63,147.88,190.78,5,4.39,LOCAL,2,22.18,84.37,0.00,45.00,21.31,328.01,258.04,174.53,1,0.00,1,1,0
2026-05-21 13:21:48,218,CLOUD,14.47,238.86,202.06,254.03,5,4.37,LOCAL,2,22.18,84.37,0.00,45.00,21.31,328.01,258.04,174.53,1,0.00,1,1,0
2026-05-21 13:21:48,219,CLOUD,20.99,286.15,208.77,307.82,5,4.32,LOCAL,2,22.18,84.37,0.00,45.00,21.31,328.01,258.04,174.53,1,0.00,1,1,0
2026-05-21 13:21:48,220,CLOUD,16.47,220.32,173.25,238.14,5,4.30,LOCAL,2,22.18,84.37,0.00,45.00,21.31,328.01,258.04,174.53,1,0.00,1,1,0
2026-05-21 13:21:48,221,CLOUD,23.62,169.65,146.41,193.80,5,4.33,LOCAL,2,22.18,84.37,0.00,45.00,21.31,328.01,258.04,174.53,1,0.00,1,1,0
2026-05-21 13:21:49,222,CLOUD,13.59,173.81,147.67,188.24,5,4.33,LOCAL,2,22.18,84.37,0.00,45.00,21.31,328.01,258.04,174.53,1,0.00,1,1,0
2026-05-21 13:21:49,223,CLOUD,25.03,173.74,147.72,199.62,5,4.35,LOCAL,2,22.18,84.37,0.00,45.00,21.31,328.01,258.04,174.53,1,0.00,1,1,0
2026-05-21 13:21:49,224,CLOUD,13.60,168.07,147.62,182.59,5,4.48,LOCAL,2,22.18,84.37,0.00,45.00,21.31,328.01,258.04,174.53,1,0.00,1,1,0
2026-05-21 13:21:49,225,CLOUD,19.76,173.06,153.52,193.61,5,4.58,LOCAL,2,25.10,84.33,3.00,44.50,21.31,328.01,258.04,168.07,1,0.00,1,1,0
2026-05-21 13:21:49,226,LOCAL,0.00,219.80,0.00,219.88,5,4.58,,0,25.10,84.33,3.00,44.50,21.31,328.01,258.04,168.07,1,0.00,1,1,0
2026-05-21 13:21:50,227,LOCAL,0.00,133.49,0.00,133.61,5,4.65,,0,25.10,84.33,3.00,44.50,21.31,328.01,258.04,168.07,1,0.00,1,1,0
2026-05-21 13:21:50,228,LOCAL,0.00,129.91,0.00,129.97,5,4.71,,0,25.10,84.33,3.00,44.50,21.31,328.01,258.04,168.07,1,0.00,1,1,0
2026-05-21 13:21:50,229,LOCAL,0.00,181.19,0.00,181.25,5,4.73,,0,25.10,84.33,3.00,44.50,21.31,328.01,258.04,168.07,1,0.00,1,1,0
2026-05-21 13:21:50,230,LOCAL,0.00,138.02,0.00,138.08,5,4.77,,0,25.10,84.33,3.00,44.50,21.31,328.01,258.04,168.07,1,0.00,1,1,0
2026-05-21 13:21:50,231,LOCAL,0.00,112.79,0.00,112.84,5,4.84,,0,25.10,84.33,3.00,44.50,21.31,328.01,258.04,168.07,1,0.00,1,1,0
2026-05-21 13:21:50,232,LOCAL,0.00,112.95,0.00,113.00,5,4.92,,0,25.10,84.33,3.00,44.50,21.31,328.01,258.04,168.07,1,0.00,1,1,0
2026-05-21 13:21:51,233,LOCAL,0.00,112.96,0.00,113.02,5,5.01,,0,25.10,84.33,3.00,44.50,21.31,328.01,258.04,168.07,1,0.00,1,1,0
2026-05-21 13:21:51,234,LOCAL,0.00,116.74,0.00,116.80,5,5.11,,0,25.10,84.33,3.00,44.50,21.31,328.01,258.04,168.07,1,0.00,1,1,0
2026-05-21 13:21:51,235,LOCAL,0.00,117.19,0.00,117.25,5,5.36,,0,25.10,84.33,3.00,44.50,21.31,328.01,258.04,168.07,1,0.00,1,1,0
2026-05-21 13:21:51,236,LOCAL,0.00,116.65,0.00,116.72,5,5.44,,0,25.10,84.33,3.00,44.50,21.31,328.01,258.04,168.07,1,0.00,1,1,0
2026-05-21 13:21:51,237,LOCAL,0.00,125.03,0.00,125.09,5,5.51,,0,25.10,84.33,3.00,44.50,21.31,328.01,258.04,168.07,1,0.00,1,1,0
2026-05-21 13:21:51,238,LOCAL,0.00,120.75,0.00,120.81,5,5.59,,0,25.10,84.33,3.00,44.50,21.31,328.01,258.04,168.07,1,0.00,1,1,0
2026-05-21 13:21:51,239,LOCAL,0.00,117.44,0.00,117.50,5,5.68,,0,25.10,84.33,3.00,44.50,21.31,328.01,258.04,168.07,1,0.00,1,1,0
2026-05-21 13:21:51,240,LOCAL,0.00,120.98,0.00,121.04,5,5.77,,0,48.08,86.23,22.90,47.00,14.46,338.14,117.44,173.06,1,0.00,1,1,0
2026-05-21 13:21:51,241,LOCAL,0.00,117.86,0.00,117.92,5,5.86,,0,48.08,86.23,22.90,47.00,14.46,338.14,117.44,173.06,1,0.00,1,1,0
2026-05-21 13:21:52,242,LOCAL,0.00,118.65,0.00,118.71,5,5.96,,0,48.08,86.23,22.90,47.00,14.46,338.14,117.44,173.06,1,0.00,1,1,0
2026-05-21 13:21:52,243,LOCAL,0.00,123.81,0.00,123.87,5,6.04,,0,48.08,86.23,22.90,47.00,14.46,338.14,117.44,173.06,1,0.00,1,1,0
2026-05-21 13:21:52,244,LOCAL,0.00,118.03,0.00,118.10,5,6.13,,0,48.08,86.23,22.90,47.00,14.46,338.14,117.44,173.06,1,0.00,1,1,0
2026-05-21 13:21:52,245,LOCAL,0.00,116.64,0.00,116.70,5,6.23,,0,48.08,86.23,22.90,47.00,14.46,338.14,117.44,173.06,1,0.00,1,1,0
2026-05-21 13:21:52,246,LOCAL,0.00,116.10,0.00,116.15,5,6.34,,0,48.08,86.23,22.90,47.00,14.46,338.14,117.44,173.06,1,0.00,1,1,0
2026-05-21 13:21:52,247,LOCAL,0.00,127.17,0.00,127.23,5,6.52,,0,48.08,86.23,22.90,47.00,14.46,338.14,117.44,173.06,1,0.00,1,1,0
2026-05-21 13:21:52,248,LOCAL,0.00,115.81,0.00,115.88,5,6.81,,0,48.08,86.23,22.90,47.00,14.46,338.14,117.44,173.06,1,0.00,1,1,0
2026-05-21 13:21:52,249,LOCAL,0.00,182.60,0.00,182.70,5,6.90,,0,48.08,86.23,22.90,47.00,14.46,338.14,117.44,173.06,1,0.00,1,1,0
2026-05-21 13:21:53,250,LOCAL,0.00,121.11,0.00,121.18,5,7.02,,0,48.08,86.23,22.90,47.00,14.46,338.14,117.44,173.06,1,0.00,1,1,0
2026-05-21 13:21:53,251,LOCAL,0.00,117.20,0.00,117.26,5,7.15,,0,48.08,86.23,22.90,47.00,14.46,338.14,117.44,173.06,1,0.00,1,1,0
2026-05-21 13:21:53,252,LOCAL,0.00,128.63,0.00,128.69,5,7.28,,0,48.08,86.23,22.90,47.00,14.46,338.14,117.44,173.06,1,0.00,1,1,0
2026-05-21 13:21:53,253,LOCAL,0.00,125.75,0.00,125.81,5,7.39,,0,48.08,86.23,22.90,47.00,14.46,338.14,117.44,173.06,1,0.00,1,1,0
2026-05-21 13:21:53,254,LOCAL,0.00,124.89,0.00,124.95,5,7.52,,0,48.08,86.23,22.90,47.00,14.46,338.14,117.44,173.06,1,0.00,1,1,0
2026-05-21 13:21:53,255,LOCAL,0.00,132.70,0.00,132.76,5,7.71,,0,44.25,89.66,3.30,47.00,0.55,7449.92,124.89,173.06,1,0.00,1,1,0
2026-05-21 13:21:53,256,LOCAL,0.00,116.81,0.00,116.87,5,7.74,,0,44.25,89.66,3.30,47.00,0.55,7449.92,124.89,173.06,1,0.00,1,1,0
2026-05-21 13:21:54,257,LOCAL,0.00,118.25,0.00,118.31,5,7.77,,0,44.25,89.66,3.30,47.00,0.55,7449.92,124.89,173.06,1,0.00,1,1,0
2026-05-21 13:21:54,258,LOCAL,0.00,125.76,0.00,125.82,5,7.91,,0,44.25,89.66,3.30,47.00,0.55,7449.92,124.89,173.06,1,0.00,1,1,0
2026-05-21 13:21:54,259,LOCAL,0.00,141.71,0.00,141.77,5,7.92,,0,44.25,89.66,3.30,47.00,0.55,7449.92,124.89,173.06,1,0.00,1,1,0
2026-05-21 13:21:54,260,LOCAL,0.00,116.73,0.00,116.80,5,7.90,,0,44.25,89.66,3.30,47.00,0.55,7449.92,124.89,173.06,1,0.00,1,1,0
2026-05-21 13:21:54,261,LOCAL,0.00,118.79,0.00,118.85,5,7.89,,0,44.25,89.66,3.30,47.00,0.55,7449.92,124.89,173.06,1,0.00,1,1,0
2026-05-21 13:21:54,262,LOCAL,0.00,119.69,0.00,119.75,5,7.88,,0,44.25,89.66,3.30,47.00,0.55,7449.92,124.89,173.06,1,0.00,1,1,0
2026-05-21 13:21:54,263,LOCAL,0.00,120.36,0.00,120.42,5,7.87,,0,44.25,89.66,3.30,47.00,0.55,7449.92,124.89,173.06,1,0.00,1,1,0
2026-05-21 13:21:54,264,LOCAL,0.00,117.98,0.00,118.04,5,7.87,,0,44.25,89.66,3.30,47.00,0.55,7449.92,124.89,173.06,1,0.00,1,1,0
2026-05-21 13:21:55,265,LOCAL,0.00,116.31,0.00,116.37,5,7.89,,0,44.25,89.66,3.30,47.00,0.55,7449.92,124.89,173.06,1,0.00,1,1,0
2026-05-21 13:21:55,266,LOCAL,0.00,118.04,0.00,118.10,5,7.90,,0,44.25,89.66,3.30,47.00,0.55,7449.92,124.89,173.06,1,0.00,1,1,0
2026-05-21 13:21:55,267,LOCAL,0.00,132.16,0.00,132.22,5,7.88,,0,44.25,89.66,3.30,47.00,0.55,7449.92,124.89,173.06,1,0.00,1,1,0
2026-05-21 13:21:55,268,LOCAL,0.00,118.88,0.00,118.95,5,7.87,,0,44.25,89.66,3.30,47.00,0.55,7449.92,124.89,173.06,1,0.00,1,1,0
2026-05-21 13:21:55,269,LOCAL,0.00,123.31,0.00,123.37,5,7.86,,0,44.25,89.66,3.30,47.00,0.55,7449.92,124.89,173.06,1,0.00,1,1,0
2026-05-21 13:21:55,270,LOCAL,0.00,130.41,0.00,130.47,5,7.83,,0,44.25,89.66,3.30,47.00,0.55,7449.92,124.89,173.06,1,0.00,1,1,0
2026-05-21 13:21:55,271,LOCAL,0.00,116.92,0.00,116.98,5,7.84,,0,44.25,89.66,3.30,47.00,0.55,7449.92,124.89,173.06,1,0.00,1,1,0
2026-05-21 13:21:55,272,LOCAL,0.00,125.39,0.00,125.45,5,7.83,,0,45.62,92.72,0.60,47.50,0.55,7449.92,116.92,173.06,1,0.00,1,1,0
2026-05-21 13:21:56,273,LOCAL,0.00,114.63,0.00,114.69,5,7.84,,0,45.62,92.72,0.60,47.50,0.55,7449.92,116.92,173.06,1,0.00,1,1,0
2026-05-21 13:21:56,274,LOCAL,0.00,265.42,0.00,265.51,5,7.54,,0,45.62,92.72,0.60,47.50,0.55,7449.92,116.92,173.06,1,0.00,1,1,0
2026-05-21 13:21:56,275,LOCAL,0.00,116.52,0.00,116.58,5,7.53,,0,45.62,92.72,0.60,47.50,0.55,7449.92,116.92,173.06,1,0.00,1,1,0
2026-05-21 13:21:56,276,LOCAL,0.00,121.81,0.00,121.86,5,7.54,,0,45.62,92.72,0.60,47.50,0.55,7449.92,116.92,173.06,1,0.00,1,1,0
2026-05-21 13:21:56,277,LOCAL,0.00,172.27,0.00,172.33,5,7.43,,0,45.62,92.72,0.60,47.50,0.55,7449.92,116.92,173.06,1,0.00,1,1,0
2026-05-21 13:21:56,278,LOCAL,0.00,170.53,0.00,170.58,5,7.46,,0,45.62,92.72,0.60,47.50,0.55,7449.92,116.92,173.06,1,0.00,1,1,0
2026-05-21 13:21:57,279,LOCAL,0.00,120.05,0.00,120.11,5,7.46,,0,45.62,92.72,0.60,47.50,0.55,7449.92,116.92,173.06,1,0.00,1,1,0
2026-05-21 13:21:57,280,LOCAL,0.00,115.92,0.00,115.98,5,7.47,,0,45.62,92.72,0.60,47.50,0.55,7449.92,116.92,173.06,1,0.00,1,1,0
2026-05-21 13:21:57,281,LOCAL,0.00,118.97,0.00,119.03,5,7.48,,0,45.62,92.72,0.60,47.50,0.55,7449.92,116.92,173.06,1,0.00,1,1,0
2026-05-21 13:21:57,282,LOCAL,0.00,114.04,0.00,114.10,5,7.51,,0,45.62,92.72,0.60,47.50,0.55,7449.92,116.92,173.06,1,0.00,1,1,0
2026-05-21 13:21:57,283,LOCAL,0.00,113.58,0.00,113.64,5,7.53,,0,45.62,92.72,0.60,47.50,0.55,7449.92,116.92,173.06,1,0.00,1,1,0
2026-05-21 13:21:57,284,LOCAL,0.00,123.57,0.00,123.64,5,7.55,,0,45.62,92.72,0.60,47.50,0.55,7449.92,116.92,173.06,1,0.00,1,1,0
2026-05-21 13:21:57,285,LOCAL,0.00,123.70,0.00,123.76,5,7.53,,0,45.62,92.72,0.60,47.50,0.55,7449.92,116.92,173.06,1,0.00,1,1,0
2026-05-21 13:21:57,286,LOCAL,0.00,126.52,0.00,126.58,5,7.52,,0,53.02,92.21,98.60,48.00,0.54,8579.50,123.70,173.06,1,0.00,1,1,0
2026-05-21 13:21:58,287,LOCAL,0.00,123.07,0.00,123.13,5,7.52,,0,53.02,92.21,98.60,48.00,0.54,8579.50,123.70,173.06,1,0.00,1,1,0
2026-05-21 13:21:58,288,LOCAL,0.00,117.98,0.00,118.04,5,7.57,,0,53.02,92.21,98.60,48.00,0.54,8579.50,123.70,173.06,1,0.00,1,1,0
2026-05-21 13:21:58,289,LOCAL,0.00,112.58,0.00,112.64,5,7.58,,0,53.02,92.21,98.60,48.00,0.54,8579.50,123.70,173.06,1,0.00,1,1,0
2026-05-21 13:21:58,290,LOCAL,0.00,115.31,0.00,115.38,5,7.59,,0,53.02,92.21,98.60,48.00,0.54,8579.50,123.70,173.06,1,0.00,1,1,0
2026-05-21 13:21:58,291,LOCAL,0.00,115.07,0.00,115.13,5,7.60,,0,53.02,92.21,98.60,48.00,0.54,8579.50,123.70,173.06,1,0.00,1,1,0
2026-05-21 13:21:58,292,LOCAL,0.00,114.41,0.00,114.47,5,7.61,,0,53.02,92.21,98.60,48.00,0.54,8579.50,123.70,173.06,1,0.00,1,1,0
2026-05-21 13:21:58,293,LOCAL,0.00,119.33,0.00,119.39,5,7.61,,0,53.02,92.21,98.60,48.00,0.54,8579.50,123.70,173.06,1,0.00,1,1,0
2026-05-21 13:21:58,294,LOCAL,0.00,113.14,0.00,113.19,5,7.61,,0,53.02,92.21,98.60,48.00,0.54,8579.50,123.70,173.06,1,0.00,1,1,0
2026-05-21 13:21:58,295,LOCAL,0.00,112.45,0.00,112.51,5,7.63,,0,53.02,92.21,98.60,48.00,0.54,8579.50,123.70,173.06,1,0.00,1,1,0
2026-05-21 13:21:59,296,LOCAL,0.00,114.69,0.00,114.75,5,7.66,,0,53.02,92.21,98.60,48.00,0.54,8579.50,123.70,173.06,1,0.00,1,1,0
2026-05-21 13:21:59,297,LOCAL,0.00,115.15,0.00,115.21,5,7.68,,0,53.02,92.21,98.60,48.00,0.54,8579.50,123.70,173.06,1,0.00,1,1,0
2026-05-21 13:21:59,298,LOCAL,0.00,178.76,0.00,178.84,5,7.57,,0,53.02,92.21,98.60,48.00,0.54,8579.50,123.70,173.06,1,0.00,1,1,0
2026-05-21 13:21:59,299,LOCAL,0.00,120.87,0.00,120.94,5,7.59,,0,53.02,92.21,98.60,48.00,0.54,8579.50,123.70,173.06,1,0.00,1,1,0
2026-05-21 13:21:59,300,LOCAL,0.00,112.42,0.00,112.48,5,7.60,,0,53.02,92.21,98.60,48.00,0.54,8579.50,123.70,173.06,1,0.00,1,1,0
2026-05-21 13:21:59,301,LOCAL,0.00,113.66,0.00,113.72,5,7.62,,0,53.02,92.21,98.60,48.00,0.54,8579.50,123.70,173.06,1,0.00,1,1,0
2026-05-21 13:21:59,302,LOCAL,0.00,115.28,0.00,115.33,5,7.62,,0,53.02,92.21,98.60,48.00,0.54,8579.50,123.70,173.06,1,0.00,1,1,0
2026-05-21 13:21:59,303,LOCAL,0.00,114.95,0.00,115.01,5,7.94,,0,37.71,82.56,0.60,47.50,0.54,9054.08,115.28,173.06,1,0.00,1,1,0
2026-05-21 13:22:00,304,LOCAL,0.00,112.24,0.00,112.30,5,7.95,,0,37.71,82.56,0.60,47.50,0.54,9054.08,115.28,173.06,1,0.00,1,1,0
2026-05-21 13:22:00,305,LOCAL,0.00,111.52,0.00,111.58,5,7.97,,0,37.71,82.56,0.60,47.50,0.54,9054.08,115.28,173.06,1,0.00,1,1,0
2026-05-21 13:22:00,306,LOCAL,0.00,123.33,0.00,123.39,5,8.08,,0,37.71,82.56,0.60,47.50,0.54,9054.08,115.28,173.06,1,0.00,1,1,0
2026-05-21 13:22:00,307,LOCAL,0.00,114.46,0.00,114.53,5,8.21,,0,37.71,82.56,0.60,47.50,0.54,9054.08,115.28,173.06,1,0.00,1,1,0
2026-05-21 13:22:00,308,LOCAL,0.00,112.95,0.00,113.00,5,8.23,,0,37.71,82.56,0.60,47.50,0.54,9054.08,115.28,173.06,1,0.00,1,1,0
2026-05-21 13:22:00,309,LOCAL,0.00,114.15,0.00,114.21,5,8.23,,0,37.71,82.56,0.60,47.50,0.54,9054.08,115.28,173.06,1,0.00,1,1,0
2026-05-21 13:22:00,310,LOCAL,0.00,115.81,0.00,115.87,5,8.24,,0,37.71,82.56,0.60,47.50,0.54,9054.08,115.28,173.06,1,0.00,1,1,0
2026-05-21 13:22:00,311,LOCAL,0.00,114.61,0.00,114.68,5,8.24,,0,37.71,82.56,0.60,47.50,0.54,9054.08,115.28,173.06,1,0.00,1,1,0
2026-05-21 13:22:01,312,LOCAL,0.00,112.21,0.00,112.27,5,8.24,,0,37.71,82.56,0.60,47.50,0.54,9054.08,115.28,173.06,1,0.00,1,1,0
2026-05-21 13:22:01,313,LOCAL,0.00,108.23,0.00,108.28,5,8.28,,0,37.71,82.56,0.60,47.50,0.54,9054.08,115.28,173.06,1,0.00,1,1,0
2026-05-21 13:22:01,314,LOCAL,0.00,112.38,0.00,112.43,5,8.31,,0,37.71,82.56,0.60,47.50,0.54,9054.08,115.28,173.06,1,0.00,1,1,0
2026-05-21 13:22:01,315,LOCAL,0.00,109.81,0.00,109.86,5,8.35,,0,37.71,82.56,0.60,47.50,0.54,9054.08,115.28,173.06,1,0.00,1,1,0
2026-05-21 13:22:01,316,LOCAL,0.00,109.72,0.00,109.79,5,8.38,,0,37.71,82.56,0.60,47.50,0.54,9054.08,115.28,173.06,1,0.00,1,1,0
2026-05-21 13:22:01,317,LOCAL,0.00,109.98,0.00,110.04,5,8.40,,0,37.71,82.56,0.60,47.50,0.54,9054.08,115.28,173.06,1,0.00,1,1,0
2026-05-21 13:22:01,318,LOCAL,0.00,114.16,0.00,114.21,5,8.40,,0,37.71,82.56,0.60,47.50,0.54,9054.08,115.28,173.06,1,0.00,1,1,0
2026-05-21 13:22:01,319,LOCAL,0.00,112.54,0.00,112.59,5,8.41,,0,37.71,82.56,0.60,47.50,0.54,9054.08,115.28,173.06,1,0.00,1,1,0
2026-05-21 13:22:01,320,LOCAL,0.00,116.93,0.00,116.99,5,8.40,,0,32.23,82.56,52.20,47.50,0.54,9054.08,112.54,173.06,1,0.00,1,1,0
2026-05-21 13:22:02,321,LOCAL,0.00,116.30,0.00,116.36,5,8.40,,0,32.23,82.56,52.20,47.50,0.54,9054.08,112.54,173.06,1,0.00,1,1,0
2026-05-21 13:22:02,322,LOCAL,0.00,117.86,0.00,117.92,5,8.40,,0,32.23,82.56,52.20,47.50,0.54,9054.08,112.54,173.06,1,0.00,1,1,0
2026-05-21 13:22:02,323,LOCAL,0.00,116.11,0.00,116.17,5,8.40,,0,32.23,82.56,52.20,47.50,0.54,9054.08,112.54,173.06,1,0.00,1,1,0
2026-05-21 13:22:02,324,LOCAL,0.00,111.17,0.00,111.23,5,8.40,,0,32.23,82.56,52.20,47.50,0.54,9054.08,112.54,173.06,1,0.00,1,1,0
2026-05-21 13:22:02,325,LOCAL,0.00,143.90,0.00,144.07,5,8.24,,0,32.23,82.56,52.20,47.50,0.54,9054.08,112.54,173.06,1,0.00,1,1,0
2026-05-21 13:22:02,326,LOCAL,0.00,109.60,0.00,109.66,5,8.25,,0,32.23,82.56,52.20,47.50,0.54,9054.08,112.54,173.06,1,0.00,1,1,0
2026-05-21 13:22:02,327,LOCAL,0.00,111.65,0.00,111.70,5,8.41,,0,32.23,82.56,52.20,47.50,0.54,9054.08,112.54,173.06,1,0.00,1,1,0
2026-05-21 13:22:02,328,LOCAL,0.00,115.56,0.00,115.62,5,8.43,,0,32.23,82.56,52.20,47.50,0.54,9054.08,112.54,173.06,1,0.00,1,1,0
2026-05-21 13:22:03,329,LOCAL,0.00,110.50,0.00,110.56,5,8.44,,0,32.23,82.56,52.20,47.50,0.54,9054.08,112.54,173.06,1,0.00,1,1,0
2026-05-21 13:22:03,330,LOCAL,0.00,111.77,0.00,111.82,5,8.44,,0,32.23,82.56,52.20,47.50,0.54,9054.08,112.54,173.06,1,0.00,1,1,0
2026-05-21 13:22:03,331,LOCAL,0.00,111.59,0.00,111.64,5,8.45,,0,32.23,82.56,52.20,47.50,0.54,9054.08,112.54,173.06,1,0.00,1,1,0
2026-05-21 13:22:03,332,LOCAL,0.00,117.22,0.00,117.28,5,8.45,,0,32.23,82.56,52.20,47.50,0.54,9054.08,112.54,173.06,1,0.00,1,1,0
2026-05-21 13:22:03,333,LOCAL,0.00,113.66,0.00,113.72,5,8.44,,0,32.23,82.56,52.20,47.50,0.54,9054.08,112.54,173.06,1,0.00,1,1,0
2026-05-21 13:22:03,334,LOCAL,0.00,112.01,0.00,112.06,5,8.44,,0,32.23,82.56,52.20,47.50,0.54,9054.08,112.54,173.06,1,0.00,1,1,0
2026-05-21 13:22:03,335,LOCAL,0.00,111.54,0.00,111.60,5,8.47,,0,32.23,82.56,52.20,47.50,0.54,9054.08,112.54,173.06,1,0.00,1,1,0
2026-05-21 13:22:03,336,LOCAL,0.00,112.57,0.00,112.63,5,8.48,,0,32.23,82.56,52.20,47.50,0.54,9054.08,112.54,173.06,1,0.00,1,1,0
2026-05-21 13:22:04,337,LOCAL,0.00,114.79,0.00,114.85,5,8.47,,0,31.23,82.57,5.00,47.50,0.54,4346.99,112.57,173.06,1,0.00,1,1,0
2026-05-21 13:22:04,338,LOCAL,0.00,115.53,0.00,115.58,5,8.47,,0,31.23,82.57,5.00,47.50,0.54,4346.99,112.57,173.06,1,0.00,1,1,0
2026-05-21 13:22:04,339,LOCAL,0.00,109.60,0.00,109.65,5,8.48,,0,31.23,82.57,5.00,47.50,0.54,4346.99,112.57,173.06,1,0.00,1,1,0
2026-05-21 13:22:04,340,LOCAL,0.00,113.91,0.00,113.97,5,8.48,,0,31.23,82.57,5.00,47.50,0.54,4346.99,112.57,173.06,1,0.00,1,1,0
2026-05-21 13:22:04,341,LOCAL,0.00,110.97,0.00,111.04,5,8.48,,0,31.23,82.57,5.00,47.50,0.54,4346.99,112.57,173.06,1,0.00,1,1,0
2026-05-21 13:22:04,342,LOCAL,0.00,110.74,0.00,110.80,5,8.48,,0,31.23,82.57,5.00,47.50,0.54,4346.99,112.57,173.06,1,0.00,1,1,0
2026-05-21 13:22:04,343,LOCAL,0.00,114.83,0.00,114.89,5,8.47,,0,31.23,82.57,5.00,47.50,0.54,4346.99,112.57,173.06,1,0.00,1,1,0
2026-05-21 13:22:04,344,LOCAL,0.00,112.70,0.00,112.76,5,8.46,,0,31.23,82.57,5.00,47.50,0.54,4346.99,112.57,173.06,1,0.00,1,1,0
2026-05-21 13:22:04,345,LOCAL,0.00,113.97,0.00,114.03,5,8.45,,0,31.23,82.57,5.00,47.50,0.54,4346.99,112.57,173.06,1,0.00,1,1,0
2026-05-21 13:22:05,346,LOCAL,0.00,113.98,0.00,114.04,5,8.44,,0,31.23,82.57,5.00,47.50,0.54,4346.99,112.57,173.06,1,0.00,1,1,0
2026-05-21 13:22:05,347,LOCAL,0.00,107.74,0.00,107.79,5,8.46,,0,31.23,82.57,5.00,47.50,0.54,4346.99,112.57,173.06,1,0.00,1,1,0
2026-05-21 13:22:05,348,LOCAL,0.00,110.02,0.00,110.07,5,8.46,,0,31.23,82.57,5.00,47.50,0.54,4346.99,112.57,173.06,1,0.00,1,1,0
2026-05-21 13:22:05,349,LOCAL,0.00,111.34,0.00,111.40,5,8.48,,0,31.23,82.57,5.00,47.50,0.54,4346.99,112.57,173.06,1,0.00,1,1,0
2026-05-21 13:22:05,350,LOCAL,0.00,114.19,0.00,114.25,5,8.48,,0,31.23,82.57,5.00,47.50,0.54,4346.99,112.57,173.06,1,0.00,1,1,0
2026-05-21 13:22:05,351,LOCAL,0.00,112.17,0.00,112.23,5,8.50,,0,31.23,82.57,5.00,47.50,0.54,4346.99,112.57,173.06,1,0.00,1,1,0
2026-05-21 13:22:05,352,LOCAL,0.00,121.31,0.00,121.46,5,8.33,,0,31.23,82.57,5.00,47.50,0.54,4346.99,112.57,173.06,1,0.00,1,1,0
2026-05-21 13:22:05,353,LOCAL,0.00,115.84,0.00,115.90,5,8.33,,0,31.23,82.57,5.00,47.50,0.54,4346.99,112.57,173.06,1,0.00,1,1,0
2026-05-21 13:22:06,354,LOCAL,0.00,117.03,0.00,117.09,5,8.47,,0,31.42,82.57,0.00,48.00,0.54,1287.29,115.84,173.06,1,0.00,1,1,0
2026-05-21 13:22:06,355,LOCAL,0.00,117.94,0.00,118.00,5,8.45,,0,31.42,82.57,0.00,48.00,0.54,1287.29,115.84,173.06,1,0.00,1,1,0
2026-05-21 13:22:06,356,LOCAL,0.00,113.15,0.00,113.21,5,8.45,,0,31.42,82.57,0.00,48.00,0.54,1287.29,115.84,173.06,1,0.00,1,1,0
2026-05-21 13:22:06,357,LOCAL,0.00,128.77,0.00,128.83,5,8.41,,0,31.42,82.57,0.00,48.00,0.54,1287.29,115.84,173.06,1,0.00,1,1,0
2026-05-21 13:22:06,358,LOCAL,0.00,114.88,0.00,114.95,5,8.40,,0,31.42,82.57,0.00,48.00,0.54,1287.29,115.84,173.06,1,0.00,1,1,0
2026-05-21 13:22:06,359,LOCAL,0.00,114.51,0.00,114.56,5,8.39,,0,31.42,82.57,0.00,48.00,0.54,1287.29,115.84,173.06,1,0.00,1,1,0
2026-05-21 13:22:06,360,LOCAL,0.00,112.49,0.00,112.55,5,8.39,,0,31.42,82.57,0.00,48.00,0.54,1287.29,115.84,173.06,1,0.00,1,1,0
2026-05-21 13:22:06,361,LOCAL,0.00,119.21,0.00,119.27,5,8.39,,0,31.42,82.57,0.00,48.00,0.54,1287.29,115.84,173.06,1,0.00,1,1,0
2026-05-21 13:22:07,362,LOCAL,0.00,113.52,0.00,113.59,5,8.39,,0,31.42,82.57,0.00,48.00,0.54,1287.29,115.84,173.06,1,0.00,1,1,0
2026-05-21 13:22:07,363,LOCAL,0.00,111.13,0.00,111.19,5,8.39,,0,31.42,82.57,0.00,48.00,0.54,1287.29,115.84,173.06,1,0.00,1,1,0
2026-05-21 13:22:07,364,LOCAL,0.00,116.42,0.00,116.51,5,8.38,,0,31.42,82.57,0.00,48.00,0.54,1287.29,115.84,173.06,1,0.00,1,1,0
2026-05-21 13:22:07,365,LOCAL,0.00,118.77,0.00,118.83,5,8.36,,0,31.42,82.57,0.00,48.00,0.54,1287.29,115.84,173.06,1,0.00,1,1,0
2026-05-21 13:22:07,366,LOCAL,0.00,119.06,0.00,119.12,5,8.35,,0,31.42,82.57,0.00,48.00,0.54,1287.29,115.84,173.06,1,0.00,1,1,0
2026-05-21 13:22:07,367,LOCAL,0.00,112.21,0.00,112.26,5,8.36,,0,31.42,82.57,0.00,48.00,0.54,1287.29,115.84,173.06,1,0.00,1,1,0
2026-05-21 13:22:07,368,LOCAL,0.00,110.45,0.00,110.50,5,8.36,,0,31.42,82.57,0.00,48.00,0.54,1287.29,115.84,173.06,1,0.00,1,1,0
2026-05-21 13:22:07,369,LOCAL,0.00,116.93,0.00,116.98,5,8.35,,0,31.42,82.57,0.00,48.00,0.54,1287.29,115.84,173.06,1,0.00,1,1,0
2026-05-21 13:22:07,370,LOCAL,0.00,114.43,0.00,114.48,5,8.35,,0,31.42,82.61,0.00,48.50,0.54,1287.29,114.43,173.06,1,0.00,1,1,0
2026-05-21 13:22:08,371,LOCAL,0.00,114.40,0.00,114.46,5,8.34,,0,31.42,82.61,0.00,48.50,0.54,1287.29,114.43,173.06,1,0.00,1,1,0
2026-05-21 13:22:08,372,LOCAL,0.00,111.56,0.00,111.65,5,8.35,,0,31.42,82.61,0.00,48.50,0.54,1287.29,114.43,173.06,1,0.00,1,1,0
2026-05-21 13:22:08,373,LOCAL,0.00,110.88,0.00,110.94,5,8.35,,0,31.42,82.61,0.00,48.50,0.54,1287.29,114.43,173.06,1,0.00,1,1,0
2026-05-21 13:22:08,374,LOCAL,0.00,109.42,0.00,109.47,5,8.36,,0,31.42,82.61,0.00,48.50,0.54,1287.29,114.43,173.06,1,0.00,1,1,0
2026-05-21 13:22:08,375,LOCAL,0.00,113.61,0.00,113.67,5,8.36,,0,31.42,82.61,0.00,48.50,0.54,1287.29,114.43,173.06,1,0.00,1,1,0
2026-05-21 13:22:08,376,LOCAL,0.00,113.85,0.00,113.90,5,8.35,,0,31.42,82.61,0.00,48.50,0.54,1287.29,114.43,173.06,1,0.00,1,1,0
2026-05-21 13:22:08,377,LOCAL,0.00,111.26,0.00,111.32,5,8.35,,0,31.42,82.61,0.00,48.50,0.54,1287.29,114.43,173.06,1,0.00,1,1,0
2026-05-21 13:22:08,378,LOCAL,0.00,141.11,0.00,141.18,5,8.27,,0,31.42,82.61,0.00,48.50,0.54,1287.29,114.43,173.06,1,0.00,1,1,0
2026-05-21 13:22:09,379,LOCAL,0.00,118.68,0.00,118.74,5,8.26,,0,31.42,82.61,0.00,48.50,0.54,1287.29,114.43,173.06,1,0.00,1,1,0
2026-05-21 13:22:09,380,LOCAL,0.00,113.12,0.00,113.18,5,8.26,,0,31.42,82.61,0.00,48.50,0.54,1287.29,114.43,173.06,1,0.00,1,1,0
2026-05-21 13:22:09,381,LOCAL,0.00,116.88,0.00,116.94,5,8.42,,0,31.42,82.61,0.00,48.50,0.54,1287.29,114.43,173.06,1,0.00,1,1,0
2026-05-21 13:22:09,382,LOCAL,0.00,117.14,0.00,117.19,5,8.42,,0,31.42,82.61,0.00,48.50,0.54,1287.29,114.43,173.06,1,0.00,1,1,0
2026-05-21 13:22:09,383,LOCAL,0.00,116.10,0.00,116.15,5,8.43,,0,31.42,82.61,0.00,48.50,0.54,1287.29,114.43,173.06,1,0.00,1,1,0
2026-05-21 13:22:09,384,LOCAL,0.00,118.99,0.00,119.04,5,8.43,,0,31.42,82.61,0.00,48.50,0.54,1287.29,114.43,173.06,1,0.00,1,1,0
2026-05-21 13:22:09,385,LOCAL,0.00,116.05,0.00,116.10,5,8.42,,0,31.42,82.61,0.00,48.50,0.54,1287.29,114.43,173.06,1,0.00,1,1,0
2026-05-21 13:22:09,386,LOCAL,0.00,111.05,0.00,111.11,5,8.46,,0,31.42,82.61,0.00,48.50,0.54,1287.29,114.43,173.06,1,0.00,1,1,0
2026-05-21 13:22:09,387,LOCAL,0.00,114.22,0.00,114.30,5,8.47,,0,31.42,82.61,0.00,48.50,0.54,1287.29,114.43,173.06,1,0.00,1,1,0
2026-05-21 13:22:10,388,LOCAL,0.00,116.04,0.00,116.09,5,8.46,,0,31.57,82.61,0.60,49.00,0.55,4350.37,114.22,173.06,1,0.00,1,1,0
2026-05-21 13:22:10,389,LOCAL,0.00,116.26,0.00,116.32,5,8.45,,0,31.57,82.61,0.60,49.00,0.55,4350.37,114.22,173.06,1,0.00,1,1,0
2026-05-21 13:22:10,390,LOCAL,0.00,121.72,0.00,121.78,5,8.44,,0,31.57,82.61,0.60,49.00,0.55,4350.37,114.22,173.06,1,0.00,1,1,0
2026-05-21 13:22:10,391,LOCAL,0.00,117.83,0.00,117.90,5,8.43,,0,31.57,82.61,0.60,49.00,0.55,4350.37,114.22,173.06,1,0.00,1,1,0
2026-05-21 13:22:10,392,LOCAL,0.00,113.22,0.00,113.28,5,8.42,,0,31.57,82.61,0.60,49.00,0.55,4350.37,114.22,173.06,1,0.00,1,1,0
2026-05-21 13:22:10,393,LOCAL,0.00,115.98,0.00,116.04,5,8.42,,0,31.57,82.61,0.60,49.00,0.55,4350.37,114.22,173.06,1,0.00,1,1,0
2026-05-21 13:22:10,394,LOCAL,0.00,114.16,0.00,114.22,5,8.44,,0,31.57,82.61,0.60,49.00,0.55,4350.37,114.22,173.06,1,0.00,1,1,0
2026-05-21 13:22:10,395,LOCAL,0.00,113.61,0.00,113.67,5,8.45,,0,31.57,82.61,0.60,49.00,0.55,4350.37,114.22,173.06,1,0.00,1,1,0
2026-05-21 13:22:11,396,LOCAL,0.00,116.45,0.00,116.51,5,8.44,,0,31.57,82.61,0.60,49.00,0.55,4350.37,114.22,173.06,1,0.00,1,1,0
2026-05-21 13:22:11,397,LOCAL,0.00,112.88,0.00,112.94,5,8.43,,0,31.57,82.61,0.60,49.00,0.55,4350.37,114.22,173.06,1,0.00,1,1,0
2026-05-21 13:22:11,398,LOCAL,0.00,112.51,0.00,112.57,5,8.44,,0,31.57,82.61,0.60,49.00,0.55,4350.37,114.22,173.06,1,0.00,1,1,0
2026-05-21 13:22:11,399,LOCAL,0.00,115.13,0.00,115.18,5,8.44,,0,31.57,82.61,0.60,49.00,0.55,4350.37,114.22,173.06,1,0.00,1,1,0
2026-05-21 13:22:11,400,LOCAL,0.00,111.79,0.00,111.85,5,8.45,,0,31.57,82.61,0.60,49.00,0.55,4350.37,114.22,173.06,1,0.00,1,1,0
2026-05-21 13:22:11,401,LOCAL,0.00,114.89,0.00,114.94,5,8.44,,0,31.57,82.61,0.60,49.00,0.55,4350.37,114.22,173.06,1,0.00,1,1,0
2026-05-21 13:22:11,402,LOCAL,0.00,110.55,0.00,110.61,5,8.44,,0,31.57,82.61,0.60,49.00,0.55,4350.37,114.22,173.06,1,0.00,1,1,0
2026-05-21 13:22:11,403,LOCAL,0.00,116.79,0.00,116.85,5,8.43,,0,31.57,82.61,0.60,49.00,0.55,4350.37,114.22,173.06,1,0.00,1,1,0
2026-05-21 13:22:11,404,LOCAL,0.00,168.51,0.00,168.64,5,8.29,,0,32.57,82.67,12.10,48.00,0.54,1272.74,168.51,173.06,1,0.00,1,1,0
2026-05-21 13:22:12,405,LOCAL,0.00,121.83,0.00,121.91,5,8.25,,0,32.57,82.67,12.10,48.00,0.54,1272.74,168.51,173.06,1,0.00,1,1,0
2026-05-21 13:22:12,406,LOCAL,0.00,113.93,0.00,113.99,5,8.24,,0,32.57,82.67,12.10,48.00,0.54,1272.74,168.51,173.06,1,0.00,1,1,0
2026-05-21 13:22:12,407,LOCAL,0.00,109.49,0.00,109.57,5,8.31,,0,32.57,82.67,12.10,48.00,0.54,1272.74,168.51,173.06,1,0.00,1,1,0
2026-05-21 13:22:12,408,LOCAL,0.00,113.11,0.00,113.18,5,8.33,,0,32.57,82.67,12.10,48.00,0.54,1272.74,168.51,173.06,1,0.00,1,1,0
2026-05-21 13:22:12,409,LOCAL,0.00,113.65,0.00,113.71,5,8.33,,0,32.57,82.67,12.10,48.00,0.54,1272.74,168.51,173.06,1,0.00,1,1,0
2026-05-21 13:22:12,410,LOCAL,0.00,114.77,0.00,114.83,5,8.33,,0,32.57,82.67,12.10,48.00,0.54,1272.74,168.51,173.06,1,0.00,1,1,0
2026-05-21 13:22:12,411,LOCAL,0.00,115.34,0.00,115.40,5,8.34,,0,32.57,82.67,12.10,48.00,0.54,1272.74,168.51,173.06,1,0.00,1,1,0
2026-05-21 13:22:12,412,LOCAL,0.00,112.90,0.00,112.96,5,8.35,,0,32.57,82.67,12.10,48.00,0.54,1272.74,168.51,173.06,1,0.00,1,1,0
2026-05-21 13:22:13,413,LOCAL,0.00,112.48,0.00,112.54,5,8.36,,0,32.57,82.67,12.10,48.00,0.54,1272.74,168.51,173.06,1,0.00,1,1,0
2026-05-21 13:22:13,414,LOCAL,0.00,116.23,0.00,116.29,5,8.36,,0,32.57,82.67,12.10,48.00,0.54,1272.74,168.51,173.06,1,0.00,1,1,0
2026-05-21 13:22:13,415,LOCAL,0.00,114.11,0.00,114.17,5,8.35,,0,32.57,82.67,12.10,48.00,0.54,1272.74,168.51,173.06,1,0.00,1,1,0
2026-05-21 13:22:13,416,LOCAL,0.00,115.59,0.00,115.65,5,8.35,,0,32.57,82.67,12.10,48.00,0.54,1272.74,168.51,173.06,1,0.00,1,1,0
2026-05-21 13:22:13,417,LOCAL,0.00,115.13,0.00,115.19,5,8.35,,0,32.57,82.67,12.10,48.00,0.54,1272.74,168.51,173.06,1,0.00,1,1,0
2026-05-21 13:22:13,418,LOCAL,0.00,117.43,0.00,117.48,5,8.35,,0,32.57,82.67,12.10,48.00,0.54,1272.74,168.51,173.06,1,0.00,1,1,0
2026-05-21 13:22:13,419,LOCAL,0.00,118.60,0.00,118.66,5,8.36,,0,32.57,82.67,12.10,48.00,0.54,1272.74,168.51,173.06,1,0.00,1,1,0
2026-05-21 13:22:13,420,LOCAL,0.00,117.82,0.00,117.88,5,8.37,,0,32.57,82.67,12.10,48.00,0.54,1272.74,168.51,173.06,1,0.00,1,1,0
2026-05-21 13:22:14,421,LOCAL,0.00,117.04,0.00,117.09,5,8.36,,0,32.57,82.67,12.10,48.00,0.54,1272.74,168.51,173.06,1,0.00,1,1,0
2026-05-21 13:22:14,422,LOCAL,0.00,114.21,0.00,114.27,5,8.36,,0,31.84,82.62,0.00,48.00,0.54,1272.74,117.04,173.06,1,0.00,1,1,0
2026-05-21 13:22:14,423,LOCAL,0.00,114.59,0.00,114.65,5,8.36,,0,31.84,82.62,0.00,48.00,0.54,1272.74,117.04,173.06,1,0.00,1,1,0
2026-05-21 13:22:14,424,LOCAL,0.00,112.51,0.00,112.57,5,8.36,,0,31.84,82.62,0.00,48.00,0.54,1272.74,117.04,173.06,1,0.00,1,1,0
2026-05-21 13:22:14,425,LOCAL,0.00,122.64,0.00,122.70,5,8.35,,0,31.84,82.62,0.00,48.00,0.54,1272.74,117.04,173.06,1,0.00,1,1,0
2026-05-21 13:22:14,426,LOCAL,0.00,110.50,0.00,110.56,5,8.35,,0,31.84,82.62,0.00,48.00,0.54,1272.74,117.04,173.06,1,0.00,1,1,0
2026-05-21 13:22:14,427,LOCAL,0.00,110.29,0.00,110.35,5,8.36,,0,31.84,82.62,0.00,48.00,0.54,1272.74,117.04,173.06,1,0.00,1,1,0
2026-05-21 13:22:14,428,LOCAL,0.00,113.34,0.00,113.39,5,8.36,,0,31.84,82.62,0.00,48.00,0.54,1272.74,117.04,173.06,1,0.00,1,1,0
2026-05-21 13:22:14,429,LOCAL,0.00,112.74,0.00,112.80,5,8.36,,0,31.84,82.62,0.00,48.00,0.54,1272.74,117.04,173.06,1,0.00,1,1,0
2026-05-21 13:22:15,430,LOCAL,0.00,111.50,0.00,111.56,5,8.37,,0,31.84,82.62,0.00,48.00,0.54,1272.74,117.04,173.06,1,0.00,1,1,0
2026-05-21 13:22:15,431,LOCAL,0.00,177.96,0.00,178.04,5,8.21,,0,31.84,82.62,0.00,48.00,0.54,1272.74,117.04,173.06,1,0.00,1,1,0
2026-05-21 13:22:15,432,LOCAL,0.00,119.98,0.00,120.04,5,8.20,,0,31.84,82.62,0.00,48.00,0.54,1272.74,117.04,173.06,1,0.00,1,1,0
2026-05-21 13:22:15,433,LOCAL,0.00,115.48,0.00,115.54,5,8.32,,0,31.84,82.62,0.00,48.00,0.54,1272.74,117.04,173.06,1,0.00,1,1,0
2026-05-21 13:22:15,434,LOCAL,0.00,114.55,0.00,114.60,5,8.37,,0,31.84,82.62,0.00,48.00,0.54,1272.74,117.04,173.06,1,0.00,1,1,0
2026-05-21 13:22:15,435,LOCAL,0.00,117.94,0.00,118.00,5,8.36,,0,31.84,82.62,0.00,48.00,0.54,1272.74,117.04,173.06,1,0.00,1,1,0
2026-05-21 13:22:15,436,LOCAL,0.00,115.66,0.00,115.72,5,8.34,,0,31.84,82.62,0.00,48.00,0.54,1272.74,117.04,173.06,1,0.00,1,1,0
2026-05-21 13:22:15,437,LOCAL,0.00,119.51,0.00,119.57,5,8.33,,0,31.84,82.62,0.00,48.00,0.54,1272.74,117.04,173.06,1,0.00,1,1,0
2026-05-21 13:22:16,438,LOCAL,0.00,110.44,0.00,110.50,5,8.34,,0,33.64,82.62,98.30,47.50,0.55,7189.72,119.51,173.06,1,0.00,1,1,0
2026-05-21 13:22:16,439,LOCAL,0.00,114.49,0.00,114.55,5,8.34,,0,33.64,82.62,98.30,47.50,0.55,7189.72,119.51,173.06,1,0.00,1,1,0
2026-05-21 13:22:16,440,LOCAL,0.00,116.07,0.00,116.14,5,8.33,,0,33.64,82.62,98.30,47.50,0.55,7189.72,119.51,173.06,1,0.00,1,1,0
2026-05-21 13:22:16,441,LOCAL,0.00,114.82,0.00,114.89,5,8.32,,0,33.64,82.62,98.30,47.50,0.55,7189.72,119.51,173.06,1,0.00,1,1,0
2026-05-21 13:22:16,442,LOCAL,0.00,117.28,0.00,117.34,5,8.31,,0,33.64,82.62,98.30,47.50,0.55,7189.72,119.51,173.06,1,0.00,1,1,0
2026-05-21 13:22:16,443,LOCAL,0.00,111.28,0.00,111.34,5,8.32,,0,33.64,82.62,98.30,47.50,0.55,7189.72,119.51,173.06,1,0.00,1,1,0
2026-05-21 13:22:16,444,LOCAL,0.00,113.89,0.00,113.95,5,8.32,,0,33.64,82.62,98.30,47.50,0.55,7189.72,119.51,173.06,1,0.00,1,1,0
2026-05-21 13:22:16,445,LOCAL,0.00,110.83,0.00,110.89,5,8.33,,0,33.64,82.62,98.30,47.50,0.55,7189.72,119.51,173.06,1,0.00,1,1,0
2026-05-21 13:22:17,446,LOCAL,0.00,112.37,0.00,112.43,5,8.34,,0,33.64,82.62,98.30,47.50,0.55,7189.72,119.51,173.06,1,0.00,1,1,0
2026-05-21 13:22:17,447,LOCAL,0.00,113.17,0.00,113.23,5,8.35,,0,33.64,82.62,98.30,47.50,0.55,7189.72,119.51,173.06,1,0.00,1,1,0
2026-05-21 13:22:17,448,LOCAL,0.00,116.23,0.00,116.29,5,8.35,,0,33.64,82.62,98.30,47.50,0.55,7189.72,119.51,173.06,1,0.00,1,1,0
2026-05-21 13:22:17,449,LOCAL,0.00,114.42,0.00,114.47,5,8.36,,0,33.64,82.62,98.30,47.50,0.55,7189.72,119.51,173.06,1,0.00,1,1,0
2026-05-21 13:22:17,450,LOCAL,0.00,115.66,0.00,115.72,5,8.36,,0,33.64,82.62,98.30,47.50,0.55,7189.72,119.51,173.06,1,0.00,1,1,0
2026-05-21 13:22:17,451,LOCAL,0.00,114.97,0.00,115.03,5,8.36,,0,33.64,82.62,98.30,47.50,0.55,7189.72,119.51,173.06,1,0.00,1,1,0
2026-05-21 13:22:17,452,LOCAL,0.00,113.28,0.00,113.34,5,8.37,,0,33.64,82.62,98.30,47.50,0.55,7189.72,119.51,173.06,1,0.00,1,1,0
2026-05-21 13:22:17,453,LOCAL,0.00,114.59,0.00,114.65,5,8.36,,0,33.64,82.62,98.30,47.50,0.55,7189.72,119.51,173.06,1,0.00,1,1,0
2026-05-21 13:22:17,454,LOCAL,0.00,113.86,0.00,113.92,5,8.38,,0,33.64,82.62,98.30,47.50,0.55,7189.72,119.51,173.06,1,0.00,1,1,0
2026-05-21 13:22:18,455,LOCAL,0.00,118.80,0.00,118.85,5,8.36,,0,33.64,82.62,98.30,47.50,0.55,7189.72,119.51,173.06,1,0.00,1,1,0
2026-05-21 13:22:18,456,LOCAL,0.00,114.48,0.00,114.54,5,8.34,,0,32.81,82.65,0.00,48.50,0.55,7189.72,118.80,173.06,1,0.00,1,1,0
2026-05-21 13:22:18,457,LOCAL,0.00,138.54,0.00,138.62,5,8.28,,0,32.81,82.65,0.00,48.50,0.55,7189.72,118.80,173.06,1,0.00,1,1,0
2026-05-21 13:22:18,458,LOCAL,0.00,122.41,0.00,122.47,5,8.25,,0,32.81,82.65,0.00,48.50,0.55,7189.72,118.80,173.06,1,0.00,1,1,0
2026-05-21 13:22:18,459,LOCAL,0.00,112.85,0.00,112.90,5,8.25,,0,32.81,82.65,0.00,48.50,0.55,7189.72,118.80,173.06,1,0.00,1,1,0
2026-05-21 13:22:18,460,LOCAL,0.00,110.60,0.00,110.66,5,8.41,,0,32.81,82.65,0.00,48.50,0.55,7189.72,118.80,173.06,1,0.00,1,1,0
2026-05-21 13:22:18,461,LOCAL,0.00,110.53,0.00,110.58,5,8.44,,0,32.81,82.65,0.00,48.50,0.55,7189.72,118.80,173.06,1,0.00,1,1,0
2026-05-21 13:22:18,462,LOCAL,0.00,121.21,0.00,121.27,5,8.43,,0,32.81,82.65,0.00,48.50,0.55,7189.72,118.80,173.06,1,0.00,1,1,0
2026-05-21 13:22:19,463,LOCAL,0.00,113.90,0.00,113.96,5,8.43,,0,32.81,82.65,0.00,48.50,0.55,7189.72,118.80,173.06,1,0.00,1,1,0
2026-05-21 13:22:19,464,LOCAL,0.00,115.88,0.00,115.93,5,8.43,,0,32.81,82.65,0.00,48.50,0.55,7189.72,118.80,173.06,1,0.00,1,1,0
2026-05-21 13:22:19,465,LOCAL,0.00,110.15,0.00,110.21,5,8.45,,0,32.81,82.65,0.00,48.50,0.55,7189.72,118.80,173.06,1,0.00,1,1,0
2026-05-21 13:22:19,466,LOCAL,0.00,112.07,0.00,112.13,5,8.47,,0,32.81,82.65,0.00,48.50,0.55,7189.72,118.80,173.06,1,0.00,1,1,0
2026-05-21 13:22:19,467,LOCAL,0.00,112.80,0.00,112.85,5,8.46,,0,32.81,82.65,0.00,48.50,0.55,7189.72,118.80,173.06,1,0.00,1,1,0
2026-05-21 13:22:19,468,LOCAL,0.00,113.81,0.00,113.91,5,8.46,,0,32.81,82.65,0.00,48.50,0.55,7189.72,118.80,173.06,1,0.00,1,1,0
2026-05-21 13:22:19,469,LOCAL,0.00,113.85,0.00,113.91,5,8.47,,0,32.81,82.65,0.00,48.50,0.55,7189.72,118.80,173.06,1,0.00,1,1,0
2026-05-21 13:22:19,470,LOCAL,0.00,111.78,0.00,111.84,5,8.49,,0,32.81,82.65,0.00,48.50,0.55,7189.72,118.80,173.06,1,0.00,1,1,0
2026-05-21 13:22:19,471,LOCAL,0.00,114.42,0.00,114.48,5,8.50,,0,32.81,82.65,0.00,48.50,0.55,7189.72,118.80,173.06,1,0.00,1,1,0
2026-05-21 13:22:20,472,LOCAL,0.00,114.72,0.00,114.77,5,8.49,,0,32.81,82.65,0.00,48.50,0.55,7189.72,118.80,173.06,1,0.00,1,1,0
2026-05-21 13:22:20,473,LOCAL,0.00,116.73,0.00,116.78,5,8.48,,0,31.51,82.65,0.60,49.00,0.60,1521.54,114.72,173.06,1,0.00,1,1,0
2026-05-21 13:22:20,474,LOCAL,0.00,117.43,0.00,117.50,5,8.46,,0,31.51,82.65,0.60,49.00,0.60,1521.54,114.72,173.06,1,0.00,1,1,0
2026-05-21 13:22:20,475,LOCAL,0.00,115.61,0.00,115.67,5,8.43,,0,31.51,82.65,0.60,49.00,0.60,1521.54,114.72,173.06,1,0.00,1,1,0
2026-05-21 13:22:20,476,LOCAL,0.00,110.93,0.00,110.98,5,8.44,,0,31.51,82.65,0.60,49.00,0.60,1521.54,114.72,173.06,1,0.00,1,1,0
2026-05-21 13:22:20,477,LOCAL,0.00,113.37,0.00,113.42,5,8.44,,0,31.51,82.65,0.60,49.00,0.60,1521.54,114.72,173.06,1,0.00,1,1,0
2026-05-21 13:22:20,478,LOCAL,0.00,112.80,0.00,112.86,5,8.45,,0,31.51,82.65,0.60,49.00,0.60,1521.54,114.72,173.06,1,0.00,1,1,0
2026-05-21 13:22:20,479,LOCAL,0.00,113.70,0.00,113.76,5,8.45,,0,31.51,82.65,0.60,49.00,0.60,1521.54,114.72,173.06,1,0.00,1,1,0
2026-05-21 13:22:21,480,LOCAL,0.00,110.35,0.00,110.41,5,8.46,,0,31.51,82.65,0.60,49.00,0.60,1521.54,114.72,173.06,1,0.00,1,1,0
2026-05-21 13:22:21,481,LOCAL,0.00,112.14,0.00,112.23,5,8.47,,0,31.51,82.65,0.60,49.00,0.60,1521.54,114.72,173.06,1,0.00,1,1,0
2026-05-21 15:03:40,1,LOCAL,0.00,5816.36,0.00,5816.43,5,0.00,,0,60.71,97.83,99.00,39.00,0.59,7680.12,-1.00,-1.00,1,0.00,1,1,0
2026-05-21 15:03:46,2,LOCAL,0.00,114.94,0.00,115.00,5,8.11,CLOUD,1,60.71,97.83,99.00,39.00,0.59,7680.12,-1.00,-1.00,1,0.00,1,1,0
2026-05-21 15:03:46,3,LOCAL,0.00,114.61,0.00,114.67,5,8.16,CLOUD,1,60.71,97.83,99.00,39.00,0.59,7680.12,-1.00,-1.00,1,0.00,1,1,0
2026-05-21 15:03:46,4,LOCAL,0.00,113.87,0.00,113.94,5,8.26,CLOUD,1,60.71,97.83,99.00,39.00,0.59,7680.12,-1.00,-1.00,1,0.00,1,1,0
2026-05-21 15:03:46,5,LOCAL,0.00,107.98,0.00,108.05,5,8.43,CLOUD,1,60.71,97.83,99.00,39.00,0.59,7680.12,-1.00,-1.00,1,0.00,1,1,0
2026-05-21 15:03:46,6,LOCAL,0.00,112.72,0.00,112.79,5,8.45,CLOUD,1,60.71,97.83,99.00,39.00,0.59,7680.12,-1.00,-1.00,1,0.00,1,1,0
2026-05-21 15:03:46,7,LOCAL,0.00,108.53,0.00,108.62,5,8.53,CLOUD,1,60.71,97.83,99.00,39.00,0.59,7680.12,-1.00,-1.00,1,0.00,1,1,0
2026-05-21 15:03:47,8,LOCAL,0.00,110.38,0.00,110.44,5,8.57,CLOUD,1,60.71,97.83,99.00,39.00,0.59,7680.12,-1.00,-1.00,1,0.00,1,1,0
2026-05-21 15:03:47,9,LOCAL,0.00,117.17,0.00,117.23,5,8.53,CLOUD,1,60.71,97.83,99.00,39.00,0.59,7680.12,-1.00,-1.00,1,0.00,1,1,0
2026-05-21 15:03:47,10,LOCAL,0.00,109.11,0.00,109.17,5,8.57,CLOUD,1,60.71,97.83,99.00,39.00,0.59,7680.12,-1.00,-1.00,1,0.00,1,1,0
2026-05-21 15:03:47,11,LOCAL,0.00,110.96,0.00,111.03,5,8.58,CLOUD,1,60.71,97.83,99.00,39.00,0.59,7680.12,-1.00,-1.00,1,0.00,1,1,0
2026-05-21 15:03:47,12,LOCAL,0.00,109.17,0.00,109.23,5,8.61,CLOUD,1,60.71,97.83,99.00,39.00,0.59,7680.12,-1.00,-1.00,1,0.00,1,1,0
2026-05-21 15:03:47,13,LOCAL,0.00,111.91,0.00,111.97,5,8.61,CLOUD,1,60.71,97.83,99.00,39.00,0.59,7680.12,-1.00,-1.00,1,0.00,1,1,0
2026-05-21 15:03:47,14,LOCAL,0.00,108.29,0.00,108.35,5,8.64,CLOUD,1,60.71,97.83,99.00,39.00,0.59,7680.12,-1.00,-1.00,1,0.00,1,1,0
2026-05-21 15:03:47,15,LOCAL,0.00,108.37,0.00,108.44,5,8.67,CLOUD,1,60.71,97.83,99.00,39.00,0.59,7680.12,-1.00,-1.00,1,0.00,1,1,0
2026-05-21 15:03:47,16,LOCAL,0.00,109.61,0.00,109.68,5,8.68,CLOUD,1,60.71,97.83,99.00,39.00,0.59,7680.12,-1.00,-1.00,1,0.00,1,1,0
2026-05-21 15:03:48,17,LOCAL,0.00,107.46,0.00,107.52,5,8.71,CLOUD,1,60.71,97.83,99.00,39.00,0.59,7680.12,-1.00,-1.00,1,0.00,1,1,0
2026-05-21 15:03:48,18,LOCAL,0.00,109.25,0.00,109.31,5,8.72,CLOUD,1,60.71,97.83,99.00,39.00,0.59,7680.12,-1.00,-1.00,1,0.00,1,1,0
2026-05-21 15:03:48,19,LOCAL,0.00,109.15,0.00,109.21,5,8.73,CLOUD,1,49.33,87.92,0.00,40.00,0.59,7680.12,109.25,-1.00,1,0.00,1,1,0
2026-05-21 15:03:48,20,LOCAL,0.00,115.46,0.00,115.52,5,8.71,,0,49.33,87.92,0.00,40.00,0.59,7680.12,109.25,-1.00,1,0.00,1,1,0
2026-05-21 15:03:48,21,LOCAL,0.00,104.59,0.00,104.65,5,8.74,,0,49.33,87.92,0.00,40.00,0.59,7680.12,109.25,-1.00,1,0.00,1,1,0
2026-05-21 15:03:48,22,LOCAL,0.00,167.60,0.00,167.68,5,8.54,,0,49.33,87.92,0.00,40.00,0.59,7680.12,109.25,-1.00,1,0.00,1,1,0
2026-05-21 15:03:48,23,LOCAL,0.00,105.95,0.00,106.02,5,8.56,,0,49.33,87.92,0.00,40.00,0.59,7680.12,109.25,-1.00,1,0.00,1,1,0
2026-05-21 15:03:48,24,LOCAL,0.00,107.58,0.00,107.64,5,8.58,,0,49.33,87.92,0.00,40.00,0.59,7680.12,109.25,-1.00,1,0.00,1,1,0
2026-05-21 15:03:48,25,LOCAL,0.00,107.81,0.00,107.87,5,8.60,,0,49.33,87.92,0.00,40.00,0.59,7680.12,109.25,-1.00,1,0.00,1,1,0
2026-05-21 15:03:49,26,LOCAL,0.00,106.65,0.00,106.71,5,8.62,,0,49.33,87.92,0.00,40.00,0.59,7680.12,109.25,-1.00,1,0.00,1,1,0
2026-05-21 15:03:49,27,LOCAL,0.00,114.74,0.00,114.80,5,8.62,,0,49.33,87.92,0.00,40.00,0.59,7680.12,109.25,-1.00,1,0.00,1,1,0
2026-05-21 15:03:49,28,LOCAL,0.00,103.50,0.00,103.56,5,8.64,,0,49.33,87.92,0.00,40.00,0.59,7680.12,109.25,-1.00,1,0.00,1,1,0
2026-05-21 15:03:49,29,LOCAL,0.00,111.16,0.00,111.21,5,8.65,,0,49.33,87.92,0.00,40.00,0.59,7680.12,109.25,-1.00,1,0.00,1,1,0
2026-05-21 15:03:49,30,LOCAL,0.00,106.67,0.00,106.73,5,8.67,,0,49.33,87.92,0.00,40.00,0.59,7680.12,109.25,-1.00,1,0.00,1,1,0
2026-05-21 15:03:49,31,LOCAL,0.00,108.35,0.00,108.41,5,8.70,,0,49.33,87.92,0.00,40.00,0.59,7680.12,109.25,-1.00,1,0.00,1,1,0
2026-05-21 15:03:49,32,LOCAL,0.00,105.85,0.00,105.91,5,8.73,,0,49.33,87.92,0.00,40.00,0.59,7680.12,109.25,-1.00,1,0.00,1,1,0
2026-05-21 15:03:49,33,LOCAL,0.00,107.39,0.00,107.50,5,8.76,,0,49.33,87.92,0.00,40.00,0.59,7680.12,109.25,-1.00,1,0.00,1,1,0
2026-05-21 15:03:49,34,LOCAL,0.00,110.04,0.00,110.10,5,8.75,,0,49.33,87.92,0.00,40.00,0.59,7680.12,109.25,-1.00,1,0.00,1,1,0
2026-05-21 15:03:50,35,LOCAL,0.00,109.41,0.00,109.46,5,8.77,,0,49.33,87.92,0.00,40.00,0.59,7680.12,109.25,-1.00,1,0.00,1,1,0
2026-05-21 15:03:50,36,LOCAL,0.00,109.37,0.00,109.43,5,8.77,,0,36.01,87.95,98.40,40.00,0.58,7180.49,109.41,-1.00,1,0.00,1,1,0
2026-05-21 15:03:50,37,LOCAL,0.00,107.70,0.00,107.75,5,8.77,,0,36.01,87.95,98.40,40.00,0.58,7180.49,109.41,-1.00,1,0.00,1,1,0
2026-05-21 15:03:50,38,LOCAL,0.00,107.94,0.00,108.00,5,8.80,,0,36.01,87.95,98.40,40.00,0.58,7180.49,109.41,-1.00,1,0.00,1,1,0
2026-05-21 15:03:50,39,LOCAL,0.00,108.07,0.00,108.13,5,8.80,,0,36.01,87.95,98.40,40.00,0.58,7180.49,109.41,-1.00,1,0.00,1,1,0
2026-05-21 15:03:50,40,LOCAL,0.00,107.87,0.00,107.93,5,8.81,,0,36.01,87.95,98.40,40.00,0.58,7180.49,109.41,-1.00,1,0.00,1,1,0
2026-05-21 15:03:50,41,LOCAL,0.00,112.72,0.00,112.78,5,8.80,,0,36.01,87.95,98.40,40.00,0.58,7180.49,109.41,-1.00,1,0.00,1,1,0
2026-05-21 15:03:50,42,LOCAL,0.00,105.73,0.00,105.79,5,8.82,,0,36.01,87.95,98.40,40.00,0.58,7180.49,109.41,-1.00,1,0.00,1,1,0
2026-05-21 15:03:50,43,LOCAL,0.00,108.16,0.00,108.22,5,8.82,,0,36.01,87.95,98.40,40.00,0.58,7180.49,109.41,-1.00,1,0.00,1,1,0
2026-05-21 15:03:51,44,LOCAL,0.00,106.69,0.00,106.75,5,8.83,,0,36.01,87.95,98.40,40.00,0.58,7180.49,109.41,-1.00,1,0.00,1,1,0
2026-05-21 15:03:51,45,LOCAL,0.00,106.03,0.00,106.09,5,8.84,,0,36.01,87.95,98.40,40.00,0.58,7180.49,109.41,-1.00,1,0.00,1,1,0
2026-05-21 15:03:51,46,LOCAL,0.00,108.69,0.00,108.75,5,8.84,,0,36.01,87.95,98.40,40.00,0.58,7180.49,109.41,-1.00,1,0.00,1,1,0
2026-05-21 15:03:51,47,LOCAL,0.00,111.21,0.00,111.27,5,8.83,,0,36.01,87.95,98.40,40.00,0.58,7180.49,109.41,-1.00,1,0.00,1,1,0
2026-05-21 15:03:51,48,LOCAL,0.00,105.03,0.00,105.09,5,8.84,,0,36.01,87.95,98.40,40.00,0.58,7180.49,109.41,-1.00,1,0.00,1,1,0
2026-05-21 15:03:51,49,LOCAL,0.00,109.67,0.00,109.73,5,8.86,,0,36.01,87.95,98.40,40.00,0.58,7180.49,109.41,-1.00,1,0.00,1,1,0
2026-05-21 15:03:51,50,LOCAL,0.00,188.83,0.00,188.97,5,8.64,,0,36.01,87.95,98.40,40.00,0.58,7180.49,109.41,-1.00,1,0.00,1,1,0
2026-05-21 15:03:51,51,LOCAL,0.00,107.34,0.00,107.42,5,8.80,,0,36.01,87.95,98.40,40.00,0.58,7180.49,109.41,-1.00,1,0.00,1,1,0
2026-05-21 15:03:52,52,LOCAL,0.00,111.86,0.00,111.92,5,8.78,,0,36.01,87.95,98.40,40.00,0.58,7180.49,109.41,-1.00,1,0.00,1,1,0
2026-05-21 15:03:52,53,LOCAL,0.00,108.75,0.00,108.81,5,8.78,,0,36.01,87.95,98.40,40.00,0.58,7180.49,109.41,-1.00,1,0.00,1,1,0
2026-05-21 15:03:52,54,LOCAL,0.00,106.64,0.00,106.70,5,8.78,,0,36.94,87.74,0.00,40.00,0.56,6051.30,108.75,-1.00,1,0.00,1,1,0
2026-05-21 15:03:52,55,LOCAL,0.00,104.45,0.00,104.52,5,8.79,,0,36.94,87.74,0.00,40.00,0.56,6051.30,108.75,-1.00,1,0.00,1,1,0
2026-05-21 15:03:52,56,LOCAL,0.00,105.25,0.00,105.30,5,8.81,,0,36.94,87.74,0.00,40.00,0.56,6051.30,108.75,-1.00,1,0.00,1,1,0
2026-05-21 15:03:52,57,LOCAL,0.00,109.07,0.00,109.13,5,8.80,,0,36.94,87.74,0.00,40.00,0.56,6051.30,108.75,-1.00,1,0.00,1,1,0
2026-05-21 15:03:52,58,LOCAL,0.00,108.76,0.00,108.82,5,8.80,,0,36.94,87.74,0.00,40.00,0.56,6051.30,108.75,-1.00,1,0.00,1,1,0
2026-05-21 15:03:52,59,LOCAL,0.00,110.91,0.00,110.97,5,8.79,,0,36.94,87.74,0.00,40.00,0.56,6051.30,108.75,-1.00,1,0.00,1,1,0
2026-05-21 15:03:52,60,LOCAL,0.00,107.16,0.00,107.22,5,8.79,,0,36.94,87.74,0.00,40.00,0.56,6051.30,108.75,-1.00,1,0.00,1,1,0
2026-05-21 15:03:53,61,LOCAL,0.00,109.36,0.00,109.42,5,8.79,,0,36.94,87.74,0.00,40.00,0.56,6051.30,108.75,-1.00,1,0.00,1,1,0
2026-05-21 15:03:53,62,LOCAL,0.00,121.94,0.00,122.00,5,8.75,,0,36.94,87.74,0.00,40.00,0.56,6051.30,108.75,-1.00,1,0.00,1,1,0
2026-05-21 15:03:53,63,LOCAL,0.00,115.86,0.00,115.92,5,8.73,,0,36.94,87.74,0.00,40.00,0.56,6051.30,108.75,-1.00,1,0.00,1,1,0
2026-05-21 15:03:53,64,LOCAL,0.00,109.82,0.00,109.89,5,8.72,,0,36.94,87.74,0.00,40.00,0.56,6051.30,108.75,-1.00,1,0.00,1,1,0
2026-05-21 15:03:53,65,LOCAL,0.00,117.67,0.00,117.74,5,8.70,,0,36.94,87.74,0.00,40.00,0.56,6051.30,108.75,-1.00,1,0.00,1,1,0
2026-05-21 15:03:53,66,LOCAL,0.00,118.26,0.00,118.33,5,8.67,,0,36.94,87.74,0.00,40.00,0.56,6051.30,108.75,-1.00,1,0.00,1,1,0
2026-05-21 15:03:53,67,LOCAL,0.00,115.53,0.00,115.59,5,8.65,,0,36.94,87.74,0.00,40.00,0.56,6051.30,108.75,-1.00,1,0.00,1,1,0
2026-05-21 15:03:53,68,LOCAL,0.00,114.51,0.00,114.56,5,8.63,,0,36.94,87.74,0.00,40.00,0.56,6051.30,108.75,-1.00,1,0.00,1,1,0
2026-05-21 15:03:54,69,LOCAL,0.00,110.48,0.00,110.54,5,8.63,,0,36.94,87.74,0.00,40.00,0.56,6051.30,108.75,-1.00,1,0.00,1,1,0
2026-05-21 15:03:54,70,LOCAL,0.00,111.17,0.00,111.22,5,8.63,,0,36.94,87.74,0.00,40.00,0.56,6051.30,108.75,-1.00,1,0.00,1,1,0
2026-05-21 15:03:54,71,LOCAL,0.00,115.23,0.00,115.29,5,8.61,,0,42.09,87.83,98.50,42.00,0.56,6051.30,111.17,-1.00,1,0.00,1,1,0
2026-05-21 15:03:54,72,LOCAL,0.00,120.72,0.00,120.78,5,8.57,,0,42.09,87.83,98.50,42.00,0.56,6051.30,111.17,-1.00,1,0.00,1,1,0
2026-05-21 15:03:54,73,LOCAL,0.00,111.06,0.00,111.12,5,8.56,,0,42.09,87.83,98.50,42.00,0.56,6051.30,111.17,-1.00,1,0.00,1,1,0
2026-05-21 15:03:54,74,LOCAL,0.00,111.70,0.00,111.76,5,8.54,,0,42.09,87.83,98.50,42.00,0.56,6051.30,111.17,-1.00,1,0.00,1,1,0
2026-05-21 15:03:54,75,LOCAL,0.00,111.22,0.00,111.27,5,8.54,,0,42.09,87.83,98.50,42.00,0.56,6051.30,111.17,-1.00,1,0.00,1,1,0
2026-05-21 15:03:54,76,LOCAL,0.00,107.86,0.00,107.92,5,8.54,,0,42.09,87.83,98.50,42.00,0.56,6051.30,111.17,-1.00,1,0.00,1,1,0
2026-05-21 15:03:54,77,LOCAL,0.00,182.75,0.00,182.83,5,8.35,,0,42.09,87.83,98.50,42.00,0.56,6051.30,111.17,-1.00,1,0.00,1,1,0
2026-05-21 15:03:55,78,LOCAL,0.00,108.36,0.00,108.43,5,8.35,,0,42.09,87.83,98.50,42.00,0.56,6051.30,111.17,-1.00,1,0.00,1,1,0
2026-05-21 15:03:55,79,LOCAL,0.00,110.07,0.00,110.14,5,8.55,,0,42.09,87.83,98.50,42.00,0.56,6051.30,111.17,-1.00,1,0.00,1,1,0
2026-05-21 15:03:55,80,LOCAL,0.00,104.89,0.00,104.95,5,8.56,,0,42.09,87.83,98.50,42.00,0.56,6051.30,111.17,-1.00,1,0.00,1,1,0
2026-05-21 15:03:55,81,LOCAL,0.00,110.43,0.00,110.48,5,8.56,,0,42.09,87.83,98.50,42.00,0.56,6051.30,111.17,-1.00,1,0.00,1,1,0
2026-05-21 15:03:55,82,LOCAL,0.00,111.03,0.00,111.11,5,8.55,,0,42.09,87.83,98.50,42.00,0.56,6051.30,111.17,-1.00,1,0.00,1,1,0
2026-05-21 15:03:55,83,LOCAL,0.00,116.19,0.00,116.25,5,8.53,,0,42.09,87.83,98.50,42.00,0.56,6051.30,111.17,-1.00,1,0.00,1,1,0
2026-05-21 15:03:55,84,LOCAL,0.00,110.95,0.00,111.01,5,8.51,,0,42.09,87.83,98.50,42.00,0.56,6051.30,111.17,-1.00,1,0.00,1,1,0
2026-05-21 15:03:55,85,LOCAL,0.00,109.59,0.00,109.65,5,8.50,,0,42.09,87.83,98.50,42.00,0.56,6051.30,111.17,-1.00,1,0.00,1,1,0
2026-05-21 15:03:56,86,LOCAL,0.00,107.40,0.00,107.46,5,8.51,,0,42.09,87.83,98.50,42.00,0.56,6051.30,111.17,-1.00,1,0.00,1,1,0
2026-05-21 15:03:56,87,LOCAL,0.00,109.76,0.00,109.82,5,8.50,,0,42.09,87.83,98.50,42.00,0.56,6051.30,111.17,-1.00,1,0.00,1,1,0
2026-05-21 15:03:56,88,LOCAL,0.00,110.53,0.00,110.59,5,8.51,,0,42.09,87.83,98.50,42.00,0.56,6051.30,111.17,-1.00,1,0.00,1,1,0
2026-05-21 15:03:56,89,LOCAL,0.00,110.61,0.00,110.72,5,8.50,,0,38.06,87.79,0.00,40.50,0.54,7256.58,110.53,-1.00,1,0.00,1,1,0
2026-05-21 15:03:56,90,LOCAL,0.00,107.64,0.00,107.75,5,8.50,,0,38.06,87.79,0.00,40.50,0.54,7256.58,110.53,-1.00,1,0.00,1,1,0
2026-05-21 15:03:56,91,LOCAL,0.00,111.42,0.00,111.48,5,8.52,,0,38.06,87.79,0.00,40.50,0.54,7256.58,110.53,-1.00,1,0.00,1,1,0
2026-05-21 15:03:56,92,LOCAL,0.00,114.80,0.00,114.86,5,8.53,,0,38.06,87.79,0.00,40.50,0.54,7256.58,110.53,-1.00,1,0.00,1,1,0
2026-05-21 15:03:56,93,LOCAL,0.00,109.57,0.00,109.63,5,8.53,,0,38.06,87.79,0.00,40.50,0.54,7256.58,110.53,-1.00,1,0.00,1,1,0
2026-05-21 15:03:56,94,LOCAL,0.00,106.61,0.00,106.67,5,8.56,,0,38.06,87.79,0.00,40.50,0.54,7256.58,110.53,-1.00,1,0.00,1,1,0
2026-05-21 15:03:57,95,LOCAL,0.00,110.90,0.00,110.96,5,8.59,,0,38.06,87.79,0.00,40.50,0.54,7256.58,110.53,-1.00,1,0.00,1,1,0
2026-05-21 15:03:57,96,LOCAL,0.00,104.07,0.00,104.13,5,8.62,,0,38.06,87.79,0.00,40.50,0.54,7256.58,110.53,-1.00,1,0.00,1,1,0
2026-05-21 15:03:57,97,LOCAL,0.00,107.79,0.00,107.84,5,8.64,,0,38.06,87.79,0.00,40.50,0.54,7256.58,110.53,-1.00,1,0.00,1,1,0
2026-05-21 15:03:57,98,LOCAL,0.00,109.89,0.00,109.95,5,8.64,,0,38.06,87.79,0.00,40.50,0.54,7256.58,110.53,-1.00,1,0.00,1,1,0
2026-05-21 15:03:57,99,LOCAL,0.00,109.78,0.00,109.84,5,8.64,,0,38.06,87.79,0.00,40.50,0.54,7256.58,110.53,-1.00,1,0.00,1,1,0
2026-05-21 15:03:57,100,LOCAL,0.00,106.67,0.00,106.73,5,8.66,,0,38.06,87.79,0.00,40.50,0.54,7256.58,110.53,-1.00,1,0.00,1,1,0
2026-05-21 15:03:57,101,LOCAL,0.00,110.18,0.00,110.24,5,8.69,,0,38.06,87.79,0.00,40.50,0.54,7256.58,110.53,-1.00,1,0.00,1,1,0
2026-05-21 15:03:57,102,LOCAL,0.00,107.77,0.00,107.83,5,8.71,,0,38.06,87.79,0.00,40.50,0.54,7256.58,110.53,-1.00,1,0.00,1,1,0
2026-05-21 15:03:57,103,LOCAL,0.00,113.22,0.00,113.28,5,8.70,,0,38.06,87.79,0.00,40.50,0.54,7256.58,110.53,-1.00,1,0.00,1,1,0
2026-05-21 15:03:58,104,LOCAL,0.00,109.37,0.00,109.42,5,8.71,,0,38.06,87.79,0.00,40.50,0.54,7256.58,110.53,-1.00,1,0.00,1,1,0
2026-05-21 15:03:58,105,LOCAL,0.00,175.31,0.00,175.39,5,8.53,,0,38.06,87.79,0.00,40.50,0.54,7256.58,110.53,-1.00,1,0.00,1,1,0
2026-05-21 15:03:58,106,LOCAL,0.00,111.90,0.00,111.96,5,8.72,,0,36.46,87.79,34.90,40.50,0.54,7371.36,175.31,-1.00,1,0.00,1,1,0
2026-05-21 15:03:58,107,LOCAL,0.00,108.27,0.00,108.34,5,8.71,,0,36.46,87.79,34.90,40.50,0.54,7371.36,175.31,-1.00,1,0.00,1,1,0
2026-05-21 15:03:58,108,LOCAL,0.00,109.27,0.00,109.34,5,8.71,,0,36.46,87.79,34.90,40.50,0.54,7371.36,175.31,-1.00,1,0.00,1,1,0
2026-05-21 15:03:58,109,LOCAL,0.00,109.17,0.00,109.23,5,8.70,,0,36.46,87.79,34.90,40.50,0.54,7371.36,175.31,-1.00,1,0.00,1,1,0
2026-05-21 15:03:58,110,LOCAL,0.00,106.62,0.00,106.68,5,8.71,,0,36.46,87.79,34.90,40.50,0.54,7371.36,175.31,-1.00,1,0.00,1,1,0
2026-05-21 15:03:58,111,LOCAL,0.00,110.42,0.00,110.47,5,8.71,,0,36.46,87.79,34.90,40.50,0.54,7371.36,175.31,-1.00,1,0.00,1,1,0
2026-05-21 15:03:59,112,LOCAL,0.00,107.06,0.00,107.12,5,8.73,,0,36.46,87.79,34.90,40.50,0.54,7371.36,175.31,-1.00,1,0.00,1,1,0
2026-05-21 15:03:59,113,LOCAL,0.00,104.22,0.00,104.28,5,8.75,,0,36.46,87.79,34.90,40.50,0.54,7371.36,175.31,-1.00,1,0.00,1,1,0
2026-05-21 15:03:59,114,LOCAL,0.00,108.54,0.00,108.60,5,8.76,,0,36.46,87.79,34.90,40.50,0.54,7371.36,175.31,-1.00,1,0.00,1,1,0
2026-05-21 15:03:59,115,LOCAL,0.00,113.38,0.00,113.44,5,8.74,,0,36.46,87.79,34.90,40.50,0.54,7371.36,175.31,-1.00,1,0.00,1,1,0
2026-05-21 15:03:59,116,LOCAL,0.00,108.54,0.00,108.60,5,8.74,,0,36.46,87.79,34.90,40.50,0.54,7371.36,175.31,-1.00,1,0.00,1,1,0
2026-05-21 15:03:59,117,LOCAL,0.00,112.32,0.00,112.39,5,8.74,,0,36.46,87.79,34.90,40.50,0.54,7371.36,175.31,-1.00,1,0.00,1,1,0
2026-05-21 15:03:59,118,LOCAL,0.00,110.32,0.00,110.38,5,8.74,,0,36.46,87.79,34.90,40.50,0.54,7371.36,175.31,-1.00,1,0.00,1,1,0
2026-05-21 15:03:59,119,LOCAL,0.00,106.76,0.00,106.82,5,8.75,,0,36.46,87.79,34.90,40.50,0.54,7371.36,175.31,-1.00,1,0.00,1,1,0
2026-05-21 15:03:59,120,LOCAL,0.00,105.86,0.00,105.93,5,8.76,,0,36.46,87.79,34.90,40.50,0.54,7371.36,175.31,-1.00,1,0.00,1,1,0
2026-05-21 15:04:00,121,LOCAL,0.00,105.88,0.00,105.95,5,8.79,,0,36.46,87.79,34.90,40.50,0.54,7371.36,175.31,-1.00,1,0.00,1,1,0
2026-05-21 15:04:00,122,LOCAL,0.00,108.47,0.00,108.53,5,8.79,,0,36.46,87.79,34.90,40.50,0.54,7371.36,175.31,-1.00,1,0.00,1,1,0
2026-05-21 15:04:00,123,LOCAL,0.00,109.16,0.00,109.23,5,8.78,,0,36.46,87.79,34.90,40.50,0.54,7371.36,175.31,-1.00,1,0.00,1,1,0
2026-05-21 15:04:00,124,LOCAL,0.00,113.96,0.00,114.02,5,8.77,,0,38.15,87.82,0.00,41.00,0.54,7371.36,109.16,-1.00,1,0.00,1,1,0
2026-05-21 15:04:00,125,LOCAL,0.00,107.71,0.00,107.77,5,8.76,,0,38.15,87.82,0.00,41.00,0.54,7371.36,109.16,-1.00,1,0.00,1,1,0
2026-05-21 15:04:00,126,LOCAL,0.00,105.58,0.00,105.64,5,8.76,,0,38.15,87.82,0.00,41.00,0.54,7371.36,109.16,-1.00,1,0.00,1,1,0
2026-05-21 15:04:00,127,LOCAL,0.00,109.57,0.00,109.62,5,8.77,,0,38.15,87.82,0.00,41.00,0.54,7371.36,109.16,-1.00,1,0.00,1,1,0
2026-05-21 15:04:00,128,LOCAL,0.00,105.86,0.00,105.92,5,8.78,,0,38.15,87.82,0.00,41.00,0.54,7371.36,109.16,-1.00,1,0.00,1,1,0
2026-05-21 15:04:00,129,LOCAL,0.00,108.80,0.00,108.86,5,8.77,,0,38.15,87.82,0.00,41.00,0.54,7371.36,109.16,-1.00,1,0.00,1,1,0
2026-05-21 15:04:01,130,LOCAL,0.00,108.03,0.00,108.09,5,8.78,,0,38.15,87.82,0.00,41.00,0.54,7371.36,109.16,-1.00,1,0.00,1,1,0
2026-05-21 15:04:01,131,LOCAL,0.00,109.90,0.00,109.96,5,8.77,,0,38.15,87.82,0.00,41.00,0.54,7371.36,109.16,-1.00,1,0.00,1,1,0
2026-05-21 15:04:01,132,LOCAL,0.00,106.02,0.00,106.08,5,8.79,,0,38.15,87.82,0.00,41.00,0.54,7371.36,109.16,-1.00,1,0.00,1,1,0
2026-05-21 15:04:01,133,LOCAL,0.00,186.44,0.00,186.51,5,8.59,,0,38.15,87.82,0.00,41.00,0.54,7371.36,109.16,-1.00,1,0.00,1,1,0
2026-05-21 15:04:01,134,LOCAL,0.00,111.62,0.00,111.69,5,8.75,,0,38.15,87.82,0.00,41.00,0.54,7371.36,109.16,-1.00,1,0.00,1,1,0
2026-05-21 15:04:01,135,LOCAL,0.00,109.22,0.00,109.28,5,8.76,,0,38.15,87.82,0.00,41.00,0.54,7371.36,109.16,-1.00,1,0.00,1,1,0
2026-05-21 15:04:01,136,LOCAL,0.00,108.28,0.00,108.34,5,8.78,,0,38.15,87.82,0.00,41.00,0.54,7371.36,109.16,-1.00,1,0.00,1,1,0
2026-05-21 15:04:01,137,LOCAL,0.00,106.72,0.00,106.78,5,8.78,,0,38.15,87.82,0.00,41.00,0.54,7371.36,109.16,-1.00,1,0.00,1,1,0
2026-05-21 15:04:01,138,LOCAL,0.00,110.69,0.00,110.75,5,8.78,,0,38.15,87.82,0.00,41.00,0.54,7371.36,109.16,-1.00,1,0.00,1,1,0
2026-05-21 15:04:02,139,LOCAL,0.00,106.40,0.00,106.46,5,8.78,,0,38.15,87.82,0.00,41.00,0.54,7371.36,109.16,-1.00,1,0.00,1,1,0
2026-05-21 15:04:02,140,LOCAL,0.00,106.59,0.00,106.65,5,8.79,,0,38.15,87.82,0.00,41.00,0.54,7371.36,109.16,-1.00,1,0.00,1,1,0
2026-05-21 15:04:02,141,LOCAL,0.00,109.19,0.00,109.25,5,8.78,,0,38.15,87.82,0.00,41.00,0.54,7371.36,109.16,-1.00,1,0.00,1,1,0
2026-05-21 15:04:02,142,LOCAL,0.00,109.80,0.00,109.89,5,8.77,,0,38.47,87.84,4.30,41.50,0.58,6589.64,109.19,-1.00,1,0.00,1,1,0
2026-05-21 15:04:02,143,LOCAL,0.00,109.63,0.00,109.69,5,8.76,,0,38.47,87.84,4.30,41.50,0.58,6589.64,109.19,-1.00,1,0.00,1,1,0
2026-05-21 15:04:02,144,LOCAL,0.00,110.78,0.00,110.84,5,8.77,,0,38.47,87.84,4.30,41.50,0.58,6589.64,109.19,-1.00,1,0.00,1,1,0
2026-05-21 15:04:02,145,LOCAL,0.00,108.48,0.00,108.54,5,8.76,,0,38.47,87.84,4.30,41.50,0.58,6589.64,109.19,-1.00,1,0.00,1,1,0
2026-05-21 15:04:02,146,LOCAL,0.00,112.67,0.00,112.73,5,8.76,,0,38.47,87.84,4.30,41.50,0.58,6589.64,109.19,-1.00,1,0.00,1,1,0
2026-05-21 15:04:02,147,LOCAL,0.00,111.30,0.00,111.37,5,8.76,,0,38.47,87.84,4.30,41.50,0.58,6589.64,109.19,-1.00,1,0.00,1,1,0
2026-05-21 15:04:03,148,LOCAL,0.00,112.12,0.00,112.18,5,8.74,,0,38.47,87.84,4.30,41.50,0.58,6589.64,109.19,-1.00,1,0.00,1,1,0
2026-05-21 15:04:03,149,LOCAL,0.00,112.63,0.00,112.69,5,8.73,,0,38.47,87.84,4.30,41.50,0.58,6589.64,109.19,-1.00,1,0.00,1,1,0
2026-05-21 15:04:03,150,LOCAL,0.00,110.98,0.00,111.05,5,8.71,,0,38.47,87.84,4.30,41.50,0.58,6589.64,109.19,-1.00,1,0.00,1,1,0
2026-05-21 15:04:03,151,LOCAL,0.00,109.07,0.00,109.13,5,8.71,,0,38.47,87.84,4.30,41.50,0.58,6589.64,109.19,-1.00,1,0.00,1,1,0
2026-05-21 15:04:03,152,LOCAL,0.00,111.69,0.00,111.74,5,8.70,,0,38.47,87.84,4.30,41.50,0.58,6589.64,109.19,-1.00,1,0.00,1,1,0
2026-05-21 15:04:03,153,LOCAL,0.00,106.79,0.00,106.84,5,8.72,,0,38.47,87.84,4.30,41.50,0.58,6589.64,109.19,-1.00,1,0.00,1,1,0
2026-05-21 15:04:03,154,LOCAL,0.00,119.19,0.00,119.25,5,8.70,,0,38.47,87.84,4.30,41.50,0.58,6589.64,109.19,-1.00,1,0.00,1,1,0
2026-05-21 15:04:03,155,LOCAL,0.00,110.50,0.00,110.56,5,8.69,,0,38.47,87.84,4.30,41.50,0.58,6589.64,109.19,-1.00,1,0.00,1,1,0
2026-05-21 15:04:04,156,LOCAL,0.00,107.44,0.00,107.50,5,8.69,,0,38.47,87.84,4.30,41.50,0.58,6589.64,109.19,-1.00,1,0.00,1,1,0
2026-05-21 15:04:04,157,LOCAL,0.00,109.41,0.00,109.47,5,8.68,,0,38.47,87.84,4.30,41.50,0.58,6589.64,109.19,-1.00,1,0.00,1,1,0
2026-05-21 15:04:04,158,LOCAL,0.00,106.65,0.00,106.71,5,8.68,,0,38.47,87.84,4.30,41.50,0.58,6589.64,109.19,-1.00,1,0.00,1,1,0
2026-05-21 15:04:04,159,LOCAL,0.00,122.49,0.00,122.55,5,8.64,,0,38.46,87.83,0.40,41.00,0.58,6589.64,122.49,-1.00,1,0.00,1,1,0
2026-05-21 15:04:04,160,LOCAL,0.00,153.48,0.00,153.55,5,8.53,,0,38.46,87.83,0.40,41.00,0.58,6589.64,122.49,-1.00,1,0.00,1,1,0
2026-05-21 15:04:04,161,LOCAL,0.00,113.62,0.00,113.68,5,8.50,,0,38.46,87.83,0.40,41.00,0.58,6589.64,122.49,-1.00,1,0.00,1,1,0
2026-05-21 15:04:04,162,LOCAL,0.00,107.10,0.00,107.16,5,8.70,,0,38.46,87.83,0.40,41.00,0.58,6589.64,122.49,-1.00,1,0.00,1,1,0
2026-05-21 15:04:04,163,LOCAL,0.00,109.79,0.00,109.85,5,8.70,,0,38.46,87.83,0.40,41.00,0.58,6589.64,122.49,-1.00,1,0.00,1,1,0
2026-05-21 15:04:04,164,LOCAL,0.00,108.00,0.00,108.06,5,8.71,,0,38.46,87.83,0.40,41.00,0.58,6589.64,122.49,-1.00,1,0.00,1,1,0
2026-05-21 15:04:05,165,LOCAL,0.00,112.42,0.00,112.48,5,8.70,,0,38.46,87.83,0.40,41.00,0.58,6589.64,122.49,-1.00,1,0.00,1,1,0
2026-05-21 15:04:05,166,LOCAL,0.00,108.79,0.00,108.85,5,8.69,,0,38.46,87.83,0.40,41.00,0.58,6589.64,122.49,-1.00,1,0.00,1,1,0
2026-05-21 15:04:05,167,LOCAL,0.00,110.81,0.00,110.87,5,8.69,,0,38.46,87.83,0.40,41.00,0.58,6589.64,122.49,-1.00,1,0.00,1,1,0
2026-05-21 15:04:05,168,LOCAL,0.00,109.30,0.00,109.36,5,8.68,,0,38.46,87.83,0.40,41.00,0.58,6589.64,122.49,-1.00,1,0.00,1,1,0
2026-05-21 15:04:05,169,LOCAL,0.00,109.40,0.00,109.47,5,8.68,,0,38.46,87.83,0.40,41.00,0.58,6589.64,122.49,-1.00,1,0.00,1,1,0
2026-05-21 15:04:05,170,LOCAL,0.00,111.04,0.00,111.14,5,8.67,,0,38.46,87.83,0.40,41.00,0.58,6589.64,122.49,-1.00,1,0.00,1,1,0
2026-05-21 15:04:05,171,LOCAL,0.00,112.04,0.00,112.10,5,8.67,,0,38.46,87.83,0.40,41.00,0.58,6589.64,122.49,-1.00,1,0.00,1,1,0
2026-05-21 15:04:05,172,LOCAL,0.00,109.80,0.00,109.87,5,8.67,,0,38.46,87.83,0.40,41.00,0.58,6589.64,122.49,-1.00,1,0.00,1,1,0
2026-05-21 15:04:05,173,LOCAL,0.00,110.62,0.00,110.68,5,8.67,,0,38.46,87.83,0.40,41.00,0.58,6589.64,122.49,-1.00,1,0.00,1,1,0
2026-05-21 15:04:06,174,LOCAL,0.00,114.91,0.00,114.97,5,8.65,,0,38.46,87.83,0.40,41.00,0.58,6589.64,122.49,-1.00,1,0.00,1,1,0
2026-05-21 15:04:06,175,LOCAL,0.00,114.23,0.00,114.29,5,8.65,,0,38.46,87.83,0.40,41.00,0.58,6589.64,122.49,-1.00,1,0.00,1,1,0
2026-05-21 15:04:06,176,LOCAL,0.00,112.42,0.00,112.49,5,8.65,,0,38.46,87.83,0.40,41.00,0.58,6589.64,122.49,-1.00,1,0.00,1,1,0
2026-05-21 15:04:06,177,LOCAL,0.00,114.61,0.00,114.67,5,8.64,,0,37.95,87.84,0.00,41.00,0.54,6533.18,112.42,-1.00,1,0.00,1,1,0
2026-05-21 15:04:06,178,LOCAL,0.00,113.60,0.00,113.66,5,8.64,,0,37.95,87.84,0.00,41.00,0.54,6533.18,112.42,-1.00,1,0.00,1,1,0
2026-05-21 15:04:06,179,LOCAL,0.00,108.49,0.00,108.55,5,8.65,,0,37.95,87.84,0.00,41.00,0.54,6533.18,112.42,-1.00,1,0.00,1,1,0
2026-05-21 15:04:06,180,LOCAL,0.00,112.09,0.00,112.15,5,8.64,,0,37.95,87.84,0.00,41.00,0.54,6533.18,112.42,-1.00,1,0.00,1,1,0
2026-05-21 15:04:06,181,LOCAL,0.00,120.87,0.00,120.94,5,8.61,,0,37.95,87.84,0.00,41.00,0.54,6533.18,112.42,-1.00,1,0.00,1,1,0
2026-05-21 15:04:07,182,LOCAL,0.00,114.56,0.00,114.63,5,8.59,,0,37.95,87.84,0.00,41.00,0.54,6533.18,112.42,-1.00,1,0.00,1,1,0
2026-05-21 15:04:07,183,LOCAL,0.00,129.84,0.00,129.90,5,8.56,,0,37.95,87.84,0.00,41.00,0.54,6533.18,112.42,-1.00,1,0.00,1,1,0
2026-05-21 15:04:07,184,LOCAL,0.00,121.07,0.00,121.13,5,8.51,,0,37.95,87.84,0.00,41.00,0.54,6533.18,112.42,-1.00,1,0.00,1,1,0
2026-05-21 15:04:07,185,LOCAL,0.00,115.53,0.00,115.59,5,8.50,,0,37.95,87.84,0.00,41.00,0.54,6533.18,112.42,-1.00,1,0.00,1,1,0
2026-05-21 15:04:07,186,LOCAL,0.00,107.16,0.00,107.22,5,8.50,,0,37.95,87.84,0.00,41.00,0.54,6533.18,112.42,-1.00,1,0.00,1,1,0
2026-05-21 15:04:07,187,LOCAL,0.00,140.83,0.00,140.91,5,8.42,,0,37.95,87.84,0.00,41.00,0.54,6533.18,112.42,-1.00,1,0.00,1,1,0
2026-05-21 15:04:07,188,LOCAL,0.00,108.42,0.00,108.49,5,8.45,,0,37.95,87.84,0.00,41.00,0.54,6533.18,112.42,-1.00,1,0.00,1,1,0
2026-05-21 15:04:07,189,LOCAL,0.00,108.92,0.00,108.98,5,8.57,,0,37.95,87.84,0.00,41.00,0.54,6533.18,112.42,-1.00,1,0.00,1,1,0
2026-05-21 15:04:08,190,LOCAL,0.00,106.08,0.00,106.18,5,8.60,,0,37.95,87.84,0.00,41.00,0.54,6533.18,112.42,-1.00,1,0.00,1,1,0
2026-05-21 15:04:08,191,LOCAL,0.00,107.76,0.00,107.82,5,8.60,,0,37.95,87.84,0.00,41.00,0.54,6533.18,112.42,-1.00,1,0.00,1,1,0
2026-05-21 15:04:08,192,LOCAL,0.00,107.14,0.00,107.20,5,8.60,,0,37.95,87.84,0.00,41.00,0.54,6533.18,112.42,-1.00,1,0.00,1,1,0
2026-05-21 15:04:08,193,LOCAL,0.00,111.31,0.00,111.37,5,8.60,,0,37.95,87.84,0.00,41.00,0.54,6533.18,112.42,-1.00,1,0.00,1,1,0
2026-05-21 15:04:08,194,LOCAL,0.00,106.58,0.00,106.64,5,8.61,,0,44.08,87.93,3.90,41.00,0.55,7666.08,111.31,-1.00,1,0.00,1,1,0
2026-05-21 15:04:08,195,LOCAL,0.00,111.26,0.00,111.32,5,8.60,,0,44.08,87.93,3.90,41.00,0.55,7666.08,111.31,-1.00,1,0.00,1,1,0
2026-05-21 15:04:08,196,LOCAL,0.00,110.39,0.00,110.45,5,8.60,,0,44.08,87.93,3.90,41.00,0.55,7666.08,111.31,-1.00,1,0.00,1,1,0
2026-05-21 15:04:08,197,LOCAL,0.00,110.19,0.00,110.25,5,8.60,,0,44.08,87.93,3.90,41.00,0.55,7666.08,111.31,-1.00,1,0.00,1,1,0
2026-05-21 15:04:08,198,LOCAL,0.00,127.86,0.00,127.92,5,8.55,,0,44.08,87.93,3.90,41.00,0.55,7666.08,111.31,-1.00,1,0.00,1,1,0
2026-05-21 15:04:09,199,LOCAL,0.00,168.98,0.00,169.05,5,8.37,,0,44.08,87.93,3.90,41.00,0.55,7666.08,111.31,-1.00,1,0.00,1,1,0
2026-05-21 15:04:09,200,LOCAL,0.00,175.77,0.00,175.83,5,8.22,,0,44.08,87.93,3.90,41.00,0.55,7666.08,111.31,-1.00,1,0.00,1,1,0
2026-05-21 15:04:09,201,LOCAL,0.00,164.95,0.00,165.01,5,8.09,,0,44.08,87.93,3.90,41.00,0.55,7666.08,111.31,-1.00,1,0.00,1,1,0
2026-05-21 15:04:09,202,LOCAL,0.00,169.80,0.00,169.86,5,7.96,,0,44.08,87.93,3.90,41.00,0.55,7666.08,111.31,-1.00,1,0.00,1,1,0
2026-05-21 15:04:09,203,LOCAL,0.00,172.69,0.00,172.75,5,7.84,,0,44.08,87.93,3.90,41.00,0.55,7666.08,111.31,-1.00,1,0.00,1,1,0
2026-05-21 15:04:09,204,LOCAL,0.00,148.45,0.00,148.51,5,7.76,,0,44.08,87.93,3.90,41.00,0.55,7666.08,111.31,-1.00,1,0.00,1,1,0
2026-05-21 15:04:10,205,LOCAL,0.00,133.53,0.00,133.59,5,7.69,,0,44.08,87.93,3.90,41.00,0.55,7666.08,111.31,-1.00,1,0.00,1,1,0
2026-05-21 15:04:10,206,LOCAL,0.00,148.10,0.00,148.17,5,7.62,,0,44.08,87.93,3.90,41.00,0.55,7666.08,111.31,-1.00,1,0.00,1,1,0
2026-05-21 15:04:10,207,LOCAL,0.00,112.78,0.00,112.84,5,7.60,,0,44.08,87.93,3.90,41.00,0.55,7666.08,111.31,-1.00,1,0.00,1,1,0
2026-05-21 15:04:10,208,LOCAL,0.00,115.43,0.00,115.49,5,7.58,,0,59.73,87.65,5.20,42.50,0.55,7666.08,112.78,-1.00,1,0.00,1,1,0
2026-05-21 15:04:10,209,LOCAL,0.00,115.76,0.00,115.81,5,7.58,,0,59.73,87.65,5.20,42.50,0.55,7666.08,112.78,-1.00,1,0.00,1,1,0
2026-05-21 15:04:10,210,LOCAL,0.00,108.67,0.00,108.73,5,7.60,,0,59.73,87.65,5.20,42.50,0.55,7666.08,112.78,-1.00,1,0.00,1,1,0
2026-05-21 15:04:10,211,LOCAL,0.00,176.00,0.00,176.11,5,7.48,,0,59.73,87.65,5.20,42.50,0.55,7666.08,112.78,-1.00,1,0.00,1,1,0
2026-05-21 15:04:11,212,LOCAL,0.00,111.95,0.00,112.02,5,7.51,,0,59.73,87.65,5.20,42.50,0.55,7666.08,112.78,-1.00,1,0.00,1,1,0
2026-05-21 15:04:11,213,LOCAL,0.00,111.55,0.00,111.60,5,7.55,,0,59.73,87.65,5.20,42.50,0.55,7666.08,112.78,-1.00,1,0.00,1,1,0
2026-05-21 15:04:11,214,LOCAL,0.00,114.07,0.00,114.13,5,7.55,,0,59.73,87.65,5.20,42.50,0.55,7666.08,112.78,-1.00,1,0.00,1,1,0
2026-05-21 15:04:11,215,LOCAL,0.00,109.32,0.00,109.39,5,7.55,,0,59.73,87.65,5.20,42.50,0.55,7666.08,112.78,-1.00,1,0.00,1,1,0
2026-05-21 15:04:11,216,LOCAL,0.00,109.65,0.00,109.71,5,7.61,,0,59.73,87.65,5.20,42.50,0.55,7666.08,112.78,-1.00,1,0.00,1,1,0
2026-05-21 15:04:11,217,LOCAL,0.00,109.50,0.00,109.55,5,7.61,,0,59.73,87.65,5.20,42.50,0.55,7666.08,112.78,-1.00,1,0.00,1,1,0
2026-05-21 15:04:11,218,LOCAL,0.00,110.47,0.00,110.52,5,7.61,,0,59.73,87.65,5.20,42.50,0.55,7666.08,112.78,-1.00,1,0.00,1,1,0
2026-05-21 15:04:11,219,LOCAL,0.00,109.13,0.00,109.19,5,7.60,,0,59.73,87.65,5.20,42.50,0.55,7666.08,112.78,-1.00,1,0.00,1,1,0
2026-05-21 15:04:11,220,LOCAL,0.00,108.44,0.00,108.50,5,7.60,,0,59.73,87.65,5.20,42.50,0.55,7666.08,112.78,-1.00,1,0.00,1,1,0
2026-05-21 15:04:12,221,LOCAL,0.00,110.56,0.00,110.62,5,7.59,,0,59.73,87.65,5.20,42.50,0.55,7666.08,112.78,-1.00,1,0.00,1,1,0
2026-05-21 15:04:12,222,LOCAL,0.00,105.75,0.00,105.81,5,7.60,,0,59.73,87.65,5.20,42.50,0.55,7666.08,112.78,-1.00,1,0.00,1,1,0
2026-05-21 15:04:12,223,LOCAL,0.00,110.00,0.00,110.07,5,7.60,,0,59.73,87.65,5.20,42.50,0.55,7666.08,112.78,-1.00,1,0.00,1,1,0
2026-05-21 15:04:12,224,LOCAL,0.00,111.82,0.00,111.88,5,7.60,,0,59.73,87.65,5.20,42.50,0.55,7666.08,112.78,-1.00,1,0.00,1,1,0
2026-05-21 15:04:12,225,LOCAL,0.00,107.88,0.00,107.95,5,7.60,,0,38.68,87.66,0.00,41.50,0.55,5368.71,111.82,-1.00,1,0.00,1,1,0
2026-05-21 15:04:12,226,LOCAL,0.00,110.15,0.00,110.21,5,7.60,,0,38.68,87.66,0.00,41.50,0.55,5368.71,111.82,-1.00,1,0.00,1,1,0
2026-05-21 15:04:12,227,LOCAL,0.00,108.35,0.00,108.41,5,7.65,,0,38.68,87.66,0.00,41.50,0.55,5368.71,111.82,-1.00,1,0.00,1,1,0
2026-05-21 15:04:12,228,LOCAL,0.00,109.27,0.00,109.32,5,7.80,,0,38.68,87.66,0.00,41.50,0.55,5368.71,111.82,-1.00,1,0.00,1,1,0
2026-05-21 15:04:12,229,LOCAL,0.00,107.93,0.00,107.99,5,7.94,,0,38.68,87.66,0.00,41.50,0.55,5368.71,111.82,-1.00,1,0.00,1,1,0
2026-05-21 15:04:13,230,LOCAL,0.00,109.61,0.00,109.67,5,8.06,,0,38.68,87.66,0.00,41.50,0.55,5368.71,111.82,-1.00,1,0.00,1,1,0
2026-05-21 15:04:13,231,LOCAL,0.00,108.28,0.00,108.34,5,8.21,,0,38.68,87.66,0.00,41.50,0.55,5368.71,111.82,-1.00,1,0.00,1,1,0
2026-05-21 15:04:13,232,LOCAL,0.00,107.52,0.00,107.58,5,8.36,,0,38.68,87.66,0.00,41.50,0.55,5368.71,111.82,-1.00,1,0.00,1,1,0
2026-05-21 15:04:13,233,LOCAL,0.00,108.49,0.00,108.55,5,8.47,,0,38.68,87.66,0.00,41.50,0.55,5368.71,111.82,-1.00,1,0.00,1,1,0
2026-05-21 15:04:13,234,LOCAL,0.00,108.43,0.00,108.50,5,8.57,,0,38.68,87.66,0.00,41.50,0.55,5368.71,111.82,-1.00,1,0.00,1,1,0
2026-05-21 15:04:13,235,LOCAL,0.00,112.20,0.00,112.25,5,8.66,,0,38.68,87.66,0.00,41.50,0.55,5368.71,111.82,-1.00,1,0.00,1,1,0
2026-05-21 15:04:13,236,LOCAL,0.00,106.55,0.00,106.61,5,8.70,,0,38.68,87.66,0.00,41.50,0.55,5368.71,111.82,-1.00,1,0.00,1,1,0
2026-05-21 15:04:13,237,LOCAL,0.00,108.42,0.00,108.48,5,8.72,,0,38.68,87.66,0.00,41.50,0.55,5368.71,111.82,-1.00,1,0.00,1,1,0
2026-05-21 15:04:13,238,LOCAL,0.00,118.24,0.00,118.31,5,8.71,,0,38.68,87.66,0.00,41.50,0.55,5368.71,111.82,-1.00,1,0.00,1,1,0
2026-05-21 15:04:14,239,LOCAL,0.00,124.15,0.00,124.32,5,8.49,,0,38.68,87.66,0.00,41.50,0.55,5368.71,111.82,-1.00,1,0.00,1,1,0
2026-05-21 15:04:14,240,LOCAL,0.00,108.78,0.00,108.84,5,8.67,,0,38.68,87.66,0.00,41.50,0.55,5368.71,111.82,-1.00,1,0.00,1,1,0
2026-05-21 15:04:14,241,LOCAL,0.00,113.49,0.00,113.56,5,8.67,,0,38.68,87.66,0.00,41.50,0.55,5368.71,111.82,-1.00,1,0.00,1,1,0
2026-05-21 15:04:14,242,LOCAL,0.00,107.79,0.00,107.84,5,8.68,,0,37.50,87.62,0.00,41.00,0.58,489.05,113.49,-1.00,1,0.00,1,1,0
2026-05-21 15:04:14,243,LOCAL,0.00,109.51,0.00,109.57,5,8.69,,0,37.50,87.62,0.00,41.00,0.58,489.05,113.49,-1.00,1,0.00,1,1,0
2026-05-21 15:04:14,244,LOCAL,0.00,109.44,0.00,109.50,5,8.69,,0,37.50,87.62,0.00,41.00,0.58,489.05,113.49,-1.00,1,0.00,1,1,0
2026-05-21 15:04:14,245,LOCAL,0.00,109.53,0.00,109.59,5,8.69,,0,37.50,87.62,0.00,41.00,0.58,489.05,113.49,-1.00,1,0.00,1,1,0
2026-05-21 15:04:14,246,LOCAL,0.00,108.31,0.00,108.37,5,8.69,,0,37.50,87.62,0.00,41.00,0.58,489.05,113.49,-1.00,1,0.00,1,1,0
2026-05-21 15:04:15,247,LOCAL,0.00,107.84,0.00,107.90,5,8.70,,0,37.50,87.62,0.00,41.00,0.58,489.05,113.49,-1.00,1,0.00,1,1,0
2026-05-21 15:04:15,248,LOCAL,0.00,111.60,0.00,111.67,5,8.69,,0,37.50,87.62,0.00,41.00,0.58,489.05,113.49,-1.00,1,0.00,1,1,0
2026-05-21 15:04:15,249,LOCAL,0.00,116.50,0.00,116.56,5,8.67,,0,37.50,87.62,0.00,41.00,0.58,489.05,113.49,-1.00,1,0.00,1,1,0
2026-05-21 15:04:15,250,LOCAL,0.00,112.02,0.00,112.08,5,8.67,,0,37.50,87.62,0.00,41.00,0.58,489.05,113.49,-1.00,1,0.00,1,1,0
2026-05-21 15:04:15,251,LOCAL,0.00,108.55,0.00,108.61,5,8.66,,0,37.50,87.62,0.00,41.00,0.58,489.05,113.49,-1.00,1,0.00,1,1,0
2026-05-21 15:04:15,252,LOCAL,0.00,108.59,0.00,108.65,5,8.66,,0,37.50,87.62,0.00,41.00,0.58,489.05,113.49,-1.00,1,0.00,1,1,0
2026-05-21 15:04:15,253,LOCAL,0.00,108.16,0.00,108.22,5,8.67,,0,37.50,87.62,0.00,41.00,0.58,489.05,113.49,-1.00,1,0.00,1,1,0
2026-05-21 15:04:15,254,LOCAL,0.00,112.49,0.00,112.55,5,8.66,,0,37.50,87.62,0.00,41.00,0.58,489.05,113.49,-1.00,1,0.00,1,1,0
2026-05-21 15:04:15,255,LOCAL,0.00,105.33,0.00,105.39,5,8.68,,0,37.50,87.62,0.00,41.00,0.58,489.05,113.49,-1.00,1,0.00,1,1,0
2026-05-21 15:04:16,256,LOCAL,0.00,114.32,0.00,114.37,5,8.66,,0,37.50,87.62,0.00,41.00,0.58,489.05,113.49,-1.00,1,0.00,1,1,0
2026-05-21 15:04:16,257,LOCAL,0.00,113.53,0.00,113.59,5,8.65,,0,37.50,87.62,0.00,41.00,0.58,489.05,113.49,-1.00,1,0.00,1,1,0
2026-05-21 15:04:16,258,LOCAL,0.00,111.70,0.00,111.76,5,8.64,,0,37.50,87.62,0.00,41.00,0.58,489.05,113.49,-1.00,1,0.00,1,1,0
2026-05-21 15:04:16,259,LOCAL,0.00,110.24,0.00,110.30,5,8.64,,0,37.50,87.62,0.00,41.00,0.58,489.05,113.49,-1.00,1,0.00,1,1,0
2026-05-21 15:04:16,260,LOCAL,0.00,111.03,0.00,111.09,5,8.63,,0,37.20,87.62,0.00,43.00,0.58,489.05,110.24,-1.00,1,0.00,1,1,0
2026-05-21 15:04:16,261,LOCAL,0.00,108.96,0.00,109.02,5,8.63,,0,37.20,87.62,0.00,43.00,0.58,489.05,110.24,-1.00,1,0.00,1,1,0
2026-05-21 15:04:16,262,LOCAL,0.00,106.35,0.00,106.41,5,8.63,,0,37.20,87.62,0.00,43.00,0.58,489.05,110.24,-1.00,1,0.00,1,1,0
2026-05-21 15:04:16,263,LOCAL,0.00,106.70,0.00,106.76,5,8.64,,0,37.20,87.62,0.00,43.00,0.58,489.05,110.24,-1.00,1,0.00,1,1,0
2026-05-21 15:04:16,264,LOCAL,0.00,107.88,0.00,107.94,5,8.65,,0,37.20,87.62,0.00,43.00,0.58,489.05,110.24,-1.00,1,0.00,1,1,0
2026-05-21 15:04:17,265,LOCAL,0.00,109.19,0.00,109.27,5,8.64,,0,37.20,87.62,0.00,43.00,0.58,489.05,110.24,-1.00,1,0.00,1,1,0
2026-05-21 15:04:17,266,LOCAL,0.00,180.94,0.00,181.02,5,8.45,,0,37.20,87.62,0.00,43.00,0.58,489.05,110.24,-1.00,1,0.00,1,1,0
2026-05-21 15:04:17,267,LOCAL,0.00,109.67,0.00,109.74,5,8.47,,0,37.20,87.62,0.00,43.00,0.58,489.05,110.24,-1.00,1,0.00,1,1,0
2026-05-21 15:04:17,268,LOCAL,0.00,108.17,0.00,108.23,5,8.69,,0,37.20,87.62,0.00,43.00,0.58,489.05,110.24,-1.00,1,0.00,1,1,0
2026-05-21 15:04:17,269,LOCAL,0.00,112.59,0.00,112.65,5,8.68,,0,37.20,87.62,0.00,43.00,0.58,489.05,110.24,-1.00,1,0.00,1,1,0
2026-05-21 15:04:17,270,LOCAL,0.00,107.38,0.00,107.44,5,8.70,,0,37.20,87.62,0.00,43.00,0.58,489.05,110.24,-1.00,1,0.00,1,1,0
2026-05-21 15:04:17,271,LOCAL,0.00,108.66,0.00,108.71,5,8.70,,0,37.20,87.62,0.00,43.00,0.58,489.05,110.24,-1.00,1,0.00,1,1,0
2026-05-21 15:04:17,272,LOCAL,0.00,108.65,0.00,108.72,5,8.70,,0,37.20,87.62,0.00,43.00,0.58,489.05,110.24,-1.00,1,0.00,1,1,0
2026-05-21 15:04:18,273,LOCAL,0.00,105.97,0.00,106.04,5,8.71,,0,37.20,87.62,0.00,43.00,0.58,489.05,110.24,-1.00,1,0.00,1,1,0
2026-05-21 15:04:18,274,LOCAL,0.00,108.40,0.00,108.46,5,8.71,,0,37.20,87.62,0.00,43.00,0.58,489.05,110.24,-1.00,1,0.00,1,1,0
2026-05-21 15:04:18,275,LOCAL,0.00,107.47,0.00,107.59,5,8.71,,0,37.20,87.62,0.00,43.00,0.58,489.05,110.24,-1.00,1,0.00,1,1,0
2026-05-21 15:04:18,276,LOCAL,0.00,105.79,0.00,105.85,5,8.72,,0,37.20,87.62,0.00,43.00,0.58,489.05,110.24,-1.00,1,0.00,1,1,0
2026-05-21 15:04:18,277,LOCAL,0.00,108.38,0.00,108.43,5,8.73,,0,37.58,87.62,97.10,41.50,0.58,5469.35,105.79,-1.00,1,0.00,1,1,0
2026-05-21 15:04:18,278,LOCAL,0.00,107.78,0.00,107.84,5,8.75,,0,37.58,87.62,97.10,41.50,0.58,5469.35,105.79,-1.00,1,0.00,1,1,0
2026-05-21 15:04:18,279,LOCAL,0.00,109.23,0.00,109.29,5,8.76,,0,37.58,87.62,97.10,41.50,0.58,5469.35,105.79,-1.00,1,0.00,1,1,0
2026-05-21 15:04:18,280,LOCAL,0.00,107.31,0.00,107.37,5,8.77,,0,37.58,87.62,97.10,41.50,0.58,5469.35,105.79,-1.00,1,0.00,1,1,0
2026-05-21 15:04:18,281,LOCAL,0.00,109.55,0.00,109.61,5,8.76,,0,37.58,87.62,97.10,41.50,0.58,5469.35,105.79,-1.00,1,0.00,1,1,0
2026-05-21 15:04:19,282,LOCAL,0.00,106.32,0.00,106.37,5,8.77,,0,37.58,87.62,97.10,41.50,0.58,5469.35,105.79,-1.00,1,0.00,1,1,0
2026-05-21 15:04:19,283,LOCAL,0.00,105.35,0.00,105.41,5,8.79,,0,37.58,87.62,97.10,41.50,0.58,5469.35,105.79,-1.00,1,0.00,1,1,0
2026-05-21 15:04:19,284,LOCAL,0.00,110.90,0.00,110.96,5,8.77,,0,37.58,87.62,97.10,41.50,0.58,5469.35,105.79,-1.00,1,0.00,1,1,0
2026-05-21 15:04:19,285,LOCAL,0.00,108.45,0.00,108.52,5,8.79,,0,37.58,87.62,97.10,41.50,0.58,5469.35,105.79,-1.00,1,0.00,1,1,0
2026-05-21 15:04:19,286,LOCAL,0.00,113.90,0.00,113.96,5,8.79,,0,37.58,87.62,97.10,41.50,0.58,5469.35,105.79,-1.00,1,0.00,1,1,0
2026-05-21 15:04:19,287,LOCAL,0.00,109.95,0.00,110.01,5,8.79,,0,37.58,87.62,97.10,41.50,0.58,5469.35,105.79,-1.00,1,0.00,1,1,0
2026-05-21 15:04:19,288,LOCAL,0.00,109.59,0.00,109.65,5,8.79,,0,37.58,87.62,97.10,41.50,0.58,5469.35,105.79,-1.00,1,0.00,1,1,0
2026-05-21 15:04:19,289,LOCAL,0.00,108.75,0.00,108.82,5,8.80,,0,37.58,87.62,97.10,41.50,0.58,5469.35,105.79,-1.00,1,0.00,1,1,0
2026-05-21 15:04:19,290,LOCAL,0.00,113.72,0.00,113.78,5,8.79,,0,37.58,87.62,97.10,41.50,0.58,5469.35,105.79,-1.00,1,0.00,1,1,0
2026-05-21 15:04:20,291,LOCAL,0.00,119.12,0.00,119.18,5,8.75,,0,37.58,87.62,97.10,41.50,0.58,5469.35,105.79,-1.00,1,0.00,1,1,0
2026-05-21 15:04:20,292,LOCAL,0.00,107.12,0.00,107.18,5,8.75,,0,37.58,87.62,97.10,41.50,0.58,5469.35,105.79,-1.00,1,0.00,1,1,0
2026-05-21 15:04:20,293,LOCAL,0.00,109.27,0.00,109.33,5,8.75,,0,37.58,87.62,97.10,41.50,0.58,5469.35,105.79,-1.00,1,0.00,1,1,0
2026-05-21 15:04:20,294,LOCAL,0.00,149.16,0.00,149.31,5,8.52,,0,38.19,87.64,98.80,41.00,0.59,621.89,109.27,-1.00,1,0.00,1,1,0
2026-05-21 15:04:20,295,LOCAL,0.00,106.05,0.00,106.11,5,8.72,,0,38.19,87.64,98.80,41.00,0.59,621.89,109.27,-1.00,1,0.00,1,1,0
2026-05-21 15:04:20,296,LOCAL,0.00,108.11,0.00,108.17,5,8.73,,0,38.19,87.64,98.80,41.00,0.59,621.89,109.27,-1.00,1,0.00,1,1,0
2026-05-21 15:04:20,297,LOCAL,0.00,108.86,0.00,108.91,5,8.72,,0,38.19,87.64,98.80,41.00,0.59,621.89,109.27,-1.00,1,0.00,1,1,0
2026-05-21 15:04:20,298,LOCAL,0.00,110.19,0.00,110.24,5,8.73,,0,38.19,87.64,98.80,41.00,0.59,621.89,109.27,-1.00,1,0.00,1,1,0
2026-05-21 15:04:21,299,LOCAL,0.00,108.22,0.00,108.28,5,8.73,,0,38.19,87.64,98.80,41.00,0.59,621.89,109.27,-1.00,1,0.00,1,1,0
2026-05-21 15:04:21,300,LOCAL,0.00,110.58,0.00,110.64,5,8.72,,0,38.19,87.64,98.80,41.00,0.59,621.89,109.27,-1.00,1,0.00,1,1,0
2026-05-21 15:04:21,301,LOCAL,0.00,109.07,0.00,109.13,5,8.72,,0,38.19,87.64,98.80,41.00,0.59,621.89,109.27,-1.00,1,0.00,1,1,0
2026-05-21 15:04:21,302,LOCAL,0.00,106.27,0.00,106.33,5,8.72,,0,38.19,87.64,98.80,41.00,0.59,621.89,109.27,-1.00,1,0.00,1,1,0
2026-05-21 15:04:21,303,LOCAL,0.00,105.02,0.00,105.09,5,8.73,,0,38.19,87.64,98.80,41.00,0.59,621.89,109.27,-1.00,1,0.00,1,1,0
2026-05-21 15:04:21,304,LOCAL,0.00,109.11,0.00,109.18,5,8.72,,0,38.19,87.64,98.80,41.00,0.59,621.89,109.27,-1.00,1,0.00,1,1,0
2026-05-21 15:04:21,305,LOCAL,0.00,110.82,0.00,110.88,5,8.71,,0,38.19,87.64,98.80,41.00,0.59,621.89,109.27,-1.00,1,0.00,1,1,0
2026-05-21 15:04:21,306,LOCAL,0.00,112.08,0.00,112.14,5,8.70,,0,38.19,87.64,98.80,41.00,0.59,621.89,109.27,-1.00,1,0.00,1,1,0
2026-05-21 15:04:21,307,LOCAL,0.00,109.89,0.00,109.95,5,8.69,,0,38.19,87.64,98.80,41.00,0.59,621.89,109.27,-1.00,1,0.00,1,1,0
2026-05-21 15:04:22,308,LOCAL,0.00,110.66,0.00,110.72,5,8.69,,0,38.19,87.64,98.80,41.00,0.59,621.89,109.27,-1.00,1,0.00,1,1,0
2026-05-21 15:04:22,309,LOCAL,0.00,108.67,0.00,108.73,5,8.69,,0,38.19,87.64,98.80,41.00,0.59,621.89,109.27,-1.00,1,0.00,1,1,0
2026-05-21 15:04:22,310,LOCAL,0.00,108.81,0.00,108.86,5,8.69,,0,38.19,87.64,98.80,41.00,0.59,621.89,109.27,-1.00,1,0.00,1,1,0
2026-05-21 15:04:22,311,LOCAL,0.00,111.17,0.00,111.23,5,8.67,,0,38.19,87.64,98.80,41.00,0.59,621.89,109.27,-1.00,1,0.00,1,1,0
2026-05-21 15:04:22,312,LOCAL,0.00,106.07,0.00,106.13,5,8.67,,0,38.19,87.64,98.80,41.00,0.59,621.89,109.27,-1.00,1,0.00,1,1,0
2026-05-21 15:04:22,313,LOCAL,0.00,107.41,0.00,107.47,5,8.68,,0,36.93,87.65,0.60,43.00,0.59,621.89,106.07,-1.00,1,0.00,1,1,0
2026-05-21 15:04:22,314,LOCAL,0.00,105.30,0.00,105.36,5,8.69,,0,36.93,87.65,0.60,43.00,0.59,621.89,106.07,-1.00,1,0.00,1,1,0
2026-05-21 15:04:22,315,LOCAL,0.00,106.66,0.00,106.72,5,8.71,,0,36.93,87.65,0.60,43.00,0.59,621.89,106.07,-1.00,1,0.00,1,1,0
2026-05-21 15:04:22,316,LOCAL,0.00,110.47,0.00,110.53,5,8.71,,0,36.93,87.65,0.60,43.00,0.59,621.89,106.07,-1.00,1,0.00,1,1,0
2026-05-21 15:04:23,317,LOCAL,0.00,113.70,0.00,113.76,5,8.70,,0,36.93,87.65,0.60,43.00,0.59,621.89,106.07,-1.00,1,0.00,1,1,0
2026-05-21 15:04:23,318,LOCAL,0.00,112.46,0.00,112.51,5,8.69,,0,36.93,87.65,0.60,43.00,0.59,621.89,106.07,-1.00,1,0.00,1,1,0
2026-05-21 15:04:23,319,LOCAL,0.00,110.82,0.00,110.88,5,8.69,,0,36.93,87.65,0.60,43.00,0.59,621.89,106.07,-1.00,1,0.00,1,1,0
2026-05-21 15:04:23,320,LOCAL,0.00,108.17,0.00,108.23,5,8.72,,0,36.93,87.65,0.60,43.00,0.59,621.89,106.07,-1.00,1,0.00,1,1,0
2026-05-21 15:04:23,321,LOCAL,0.00,109.07,0.00,109.13,5,8.72,,0,36.93,87.65,0.60,43.00,0.59,621.89,106.07,-1.00,1,0.00,1,1,0
2026-05-21 15:04:23,322,LOCAL,0.00,119.54,0.00,119.69,5,8.52,,0,36.93,87.65,0.60,43.00,0.59,621.89,106.07,-1.00,1,0.00,1,1,0
2026-05-21 15:04:23,323,LOCAL,0.00,111.61,0.00,111.67,5,8.73,,0,36.93,87.65,0.60,43.00,0.59,621.89,106.07,-1.00,1,0.00,1,1,0
2026-05-21 15:04:23,324,LOCAL,0.00,109.34,0.00,109.40,5,8.72,,0,36.93,87.65,0.60,43.00,0.59,621.89,106.07,-1.00,1,0.00,1,1,0
2026-05-21 15:04:24,325,LOCAL,0.00,110.42,0.00,110.48,5,8.71,,0,36.93,87.65,0.60,43.00,0.59,621.89,106.07,-1.00,1,0.00,1,1,0
2026-05-21 15:04:24,326,LOCAL,0.00,112.61,0.00,112.67,5,8.71,,0,36.93,87.65,0.60,43.00,0.59,621.89,106.07,-1.00,1,0.00,1,1,0
2026-05-21 15:04:24,327,LOCAL,0.00,104.02,0.00,104.08,5,8.72,,0,36.93,87.65,0.60,43.00,0.59,621.89,106.07,-1.00,1,0.00,1,1,0
2026-05-21 15:04:24,328,LOCAL,0.00,113.26,0.00,113.33,5,8.71,,0,36.93,87.65,0.60,43.00,0.59,621.89,106.07,-1.00,1,0.00,1,1,0
2026-05-21 15:04:24,329,LOCAL,0.00,106.35,0.00,106.42,5,8.71,,0,36.93,87.65,0.60,43.00,0.59,621.89,106.07,-1.00,1,0.00,1,1,0
2026-05-21 15:04:24,330,LOCAL,0.00,114.95,0.00,115.00,5,8.70,,0,37.28,87.70,0.00,42.50,0.58,180.76,106.35,-1.00,1,0.00,1,1,0
2026-05-21 15:04:24,331,LOCAL,0.00,111.39,0.00,111.45,5,8.68,,0,37.28,87.70,0.00,42.50,0.58,180.76,106.35,-1.00,1,0.00,1,1,0
2026-05-21 15:04:24,332,LOCAL,0.00,110.61,0.00,110.67,5,8.67,,0,37.28,87.70,0.00,42.50,0.58,180.76,106.35,-1.00,1,0.00,1,1,0
2026-05-21 15:04:24,333,LOCAL,0.00,107.98,0.00,108.05,5,8.67,,0,37.28,87.70,0.00,42.50,0.58,180.76,106.35,-1.00,1,0.00,1,1,0
2026-05-21 15:04:25,334,LOCAL,0.00,104.63,0.00,104.68,5,8.69,,0,37.28,87.70,0.00,42.50,0.58,180.76,106.35,-1.00,1,0.00,1,1,0
2026-05-21 15:04:25,335,LOCAL,0.00,112.90,0.00,112.96,5,8.69,,0,37.28,87.70,0.00,42.50,0.58,180.76,106.35,-1.00,1,0.00,1,1,0
2026-05-21 15:04:25,336,LOCAL,0.00,107.53,0.00,107.60,5,8.70,,0,37.28,87.70,0.00,42.50,0.58,180.76,106.35,-1.00,1,0.00,1,1,0
2026-05-21 15:04:25,337,LOCAL,0.00,121.98,0.00,122.04,5,8.66,,0,37.28,87.70,0.00,42.50,0.58,180.76,106.35,-1.00,1,0.00,1,1,0
2026-05-21 15:04:25,338,LOCAL,0.00,109.32,0.00,109.38,5,8.66,,0,37.28,87.70,0.00,42.50,0.58,180.76,106.35,-1.00,1,0.00,1,1,0
2026-05-21 15:04:25,339,LOCAL,0.00,107.84,0.00,107.90,5,8.67,,0,37.28,87.70,0.00,42.50,0.58,180.76,106.35,-1.00,1,0.00,1,1,0
2026-05-21 15:04:25,340,LOCAL,0.00,109.71,0.00,109.77,5,8.67,,0,37.28,87.70,0.00,42.50,0.58,180.76,106.35,-1.00,1,0.00,1,1,0
2026-05-21 15:04:25,341,LOCAL,0.00,109.29,0.00,109.35,5,8.66,,0,37.28,87.70,0.00,42.50,0.58,180.76,106.35,-1.00,1,0.00,1,1,0
2026-05-21 15:04:25,342,LOCAL,0.00,113.82,0.00,113.88,5,8.65,,0,37.28,87.70,0.00,42.50,0.58,180.76,106.35,-1.00,1,0.00,1,1,0
2026-05-21 15:04:26,343,LOCAL,0.00,108.10,0.00,108.17,5,8.63,,0,37.28,87.70,0.00,42.50,0.58,180.76,106.35,-1.00,1,0.00,1,1,0
2026-05-21 15:04:26,344,LOCAL,0.00,110.58,0.00,110.64,5,8.62,,0,37.28,87.70,0.00,42.50,0.58,180.76,106.35,-1.00,1,0.00,1,1,0
2026-05-21 15:04:26,345,LOCAL,0.00,111.05,0.00,111.11,5,8.62,,0,37.28,87.70,0.00,42.50,0.58,180.76,106.35,-1.00,1,0.00,1,1,0
2026-05-21 15:04:26,346,LOCAL,0.00,108.20,0.00,108.27,5,8.63,,0,37.28,87.70,0.00,42.50,0.58,180.76,106.35,-1.00,1,0.00,1,1,0
2026-05-21 15:04:26,347,LOCAL,0.00,119.75,0.00,119.81,5,8.60,,0,39.16,87.68,6.90,42.00,0.58,180.76,108.20,-1.00,1,0.00,1,1,0
2026-05-21 15:04:26,348,LOCAL,0.00,110.42,0.00,110.48,5,8.60,,0,39.16,87.68,6.90,42.00,0.58,180.76,108.20,-1.00,1,0.00,1,1,0
2026-05-21 15:04:26,349,LOCAL,0.00,187.53,0.00,187.68,5,8.40,,0,39.16,87.68,6.90,42.00,0.58,180.76,108.20,-1.00,1,0.00,1,1,0
2026-05-21 15:04:26,350,LOCAL,0.00,110.45,0.00,110.51,5,8.39,,0,39.16,87.68,6.90,42.00,0.58,180.76,108.20,-1.00,1,0.00,1,1,0
