timestamp,rtt_ms,bandwidth_kbps,bandwidth_mbps,inference_ms,error_rate_pct,network_ok,bandwidth_ok
2026-05-19T16:44:31.343818,59.45,620.61,0.6061,0.0,0.0,1,1
2026-05-19T16:44:34.518463,22.84,3686.49,3.6001,0.0,0.0,1,1
2026-05-19T16:44:37.699130,12.44,973.89,0.9511,0.0,0.0,1,1
2026-05-19T16:44:40.848235,5.36,823.77,0.8045,0.0,0.0,1,1
2026-05-19T16:44:44.016413,5.51,1129.17,1.1027,0.0,0.0,1,1
2026-05-19T16:44:47.202887,7.35,873.59,0.8531,0.0,0.0,1,1
2026-05-19T16:44:50.376906,9.3,639.59,0.6246,0.0,0.0,1,1
2026-05-19T16:44:53.526755,8.01,1349.41,1.3178,0.0,0.0,1,1
2026-05-19T16:44:56.675480,7.99,1758.71,1.7175,0.0,0.0,1,1
2026-05-19T16:44:59.855653,10.13,895.02,0.874,0.0,0.0,1,1
2026-05-19T16:45:03.007458,7.63,1737.22,1.6965,0.0,0.0,1,1
2026-05-19T16:45:06.157370,4.71,1057.83,1.033,0.0,0.0,1,1
2026-05-19T16:45:09.308365,4.04,901.88,0.8807,0.0,0.0,1,1
2026-05-19T16:45:12.671014,8.28,753.42,0.7358,0.0,0.0,1,1
2026-05-19T16:45:15.800306,7.88,799.09,0.7804,0.0,0.0,1,1
2026-05-19T16:45:18.954801,7.73,919.8,0.8982,0.0,0.0,1,1
2026-05-19T16:45:22.143792,9.46,842.76,0.823,0.0,0.0,1,1
2026-05-19T16:45:25.337775,9.98,644.31,0.6292,0.0,0.0,1,1
2026-05-19T16:45:28.532169,10.06,2102.67,2.0534,0.0,0.0,1,1
2026-05-19T16:45:31.746073,7.7,678.99,0.6631,0.0,0.0,1,1
2026-05-19T16:45:34.903715,6.63,1240.37,1.2113,0.0,0.0,1,1
2026-05-19T16:45:38.075233,5.63,1641.93,1.6034,0.0,0.0,1,1
2026-05-19T16:45:41.236999,8.97,896.0,0.875,0.0,0.0,1,1
2026-05-19T16:45:44.406137,5.35,807.16,0.7882,0.0,0.0,1,1
2026-05-19T16:45:47.584588,8.18,744.96,0.7275,0.0,0.0,1,1
2026-05-19T16:45:50.856273,35.16,1246.82,1.2176,0.0,0.0,1,1
2026-05-19T16:45:53.990045,20.64,522.29,0.51,0.0,0.0,1,1
2026-05-19T16:45:57.116724,54.65,3354.1,3.2755,0.0,0.0,1,1
2026-05-19T16:46:00.280931,20.62,497.63,0.486,0.0,0.0,1,1
2026-05-19T16:46:03.436065,12.09,515.55,0.5035,0.0,0.0,1,1
2026-05-19T16:46:06.647329,10.47,501.96,0.4902,0.0,0.0,1,1
2026-05-19T16:46:09.818098,1.6,4139.46,4.0424,0.0,0.0,1,1
2026-05-19T16:46:12.977701,4.84,529.36,0.517,0.0,0.0,1,1
2026-05-19T16:46:16.145491,8.01,498.05,0.4864,0.0,0.0,1,1
2026-05-19T16:46:19.265755,11.27,482.67,0.4714,0.0,0.0,1,1
2026-05-19T16:46:22.467694,13.95,342.89,0.3348,0.0,0.0,1,1
2026-05-19T16:46:25.643412,11.66,499.11,0.4874,0.0,0.0,1,1
2026-05-19T16:46:28.859275,11.38,356.98,0.3486,0.0,0.0,1,1
2026-05-19T16:46:32.004107,11.79,548.45,0.5356,0.0,0.0,1,1
2026-05-19T16:46:35.174258,7.85,845.82,0.826,0.0,0.0,1,1
2026-05-19T16:46:38.346041,8.28,523.07,0.5108,0.0,0.0,1,1
2026-05-19T16:46:41.537834,6.57,617.35,0.6029,0.0,0.0,1,1
2026-05-19T16:46:44.773620,3.38,622.0,0.6074,0.0,0.0,1,1
2026-05-19T16:46:47.934212,1.7,1952.88,1.9071,0.0,0.0,1,1
2026-05-19T16:46:51.134469,4.75,3633.0,3.5479,0.0,0.0,1,1
2026-05-19T16:46:54.311733,7.33,965.18,0.9426,0.0,0.0,1,1
2026-05-19T16:46:57.452669,6.91,478.64,0.4674,0.0,0.0,1,1
2026-05-19T16:47:00.651289,7.59,872.72,0.8523,0.0,0.0,1,1
2026-05-19T16:47:03.821560,8.79,586.68,0.5729,0.0,0.0,1,1
2026-05-19T16:47:06.982036,10.1,513.36,0.5013,0.0,0.0,1,1
2026-05-19T16:47:10.145765,10.09,828.61,0.8092,0.0,0.0,1,1
2026-05-19T16:47:13.306629,7.47,875.41,0.8549,0.0,0.0,1,1
2026-05-19T16:47:16.452511,5.19,634.24,0.6194,0.0,0.0,1,1
2026-05-19T16:47:19.624770,8.45,849.93,0.83,0.0,0.0,1,1
2026-05-19T16:47:22.808182,11.97,691.36,0.6752,0.0,0.0,1,1
2026-05-19T16:47:26.008360,10.79,485.35,0.474,0.0,0.0,1,1
2026-05-19T16:47:29.179391,9.27,753.85,0.7362,0.0,0.0,1,1
2026-05-19T16:47:32.326393,2.21,1957.21,1.9113,0.0,0.0,1,1
2026-05-19T16:47:35.466126,2.05,3026.47,2.9555,0.0,0.0,1,1
2026-05-19T16:47:38.631880,21.95,872.61,0.8522,0.0,0.0,1,1
2026-05-19T16:47:41.804353,8.32,734.7,0.7175,0.0,0.0,1,1
2026-05-19T16:47:44.978433,8.53,504.95,0.4931,0.0,0.0,1,1
2026-05-19T16:47:48.117159,9.06,682.4,0.6664,0.0,0.0,1,1
2026-05-19T16:47:51.298659,10.09,765.35,0.7474,0.0,0.0,1,1
2026-05-19T16:47:54.405956,5.75,871.75,0.8513,0.0,0.0,1,1
2026-05-19T16:47:57.537341,5.44,812.12,0.7931,0.0,0.0,1,1
2026-05-19T16:48:00.712803,4.75,544.2,0.5314,0.0,0.0,1,1
2026-05-19T16:48:03.873109,14.22,954.88,0.9325,0.0,0.0,1,1
2026-05-19T16:48:07.039795,11.21,514.73,0.5027,0.0,0.0,1,1
2026-05-19T16:48:10.222519,9.07,373.72,0.365,0.0,0.0,1,1
2026-05-19T16:48:13.392313,7.9,3699.9,3.6132,0.0,0.0,1,1
2026-05-19T16:48:16.526045,1.73,4210.62,4.1119,0.0,0.0,1,1
2026-05-19T16:48:19.743304,1.6,3553.37,3.4701,0.0,0.0,1,1
2026-05-19T16:48:22.909851,5.35,763.68,0.7458,0.0,0.0,1,1
2026-05-19T16:48:26.071872,8.11,799.66,0.7809,0.0,0.0,1,1
2026-05-19T16:48:29.241192,8.94,771.63,0.7535,0.0,0.0,1,1
2026-05-19T16:48:32.383715,9.29,581.63,0.568,0.0,0.0,1,1
2026-05-19T16:48:35.502658,8.88,1044.4,1.0199,0.0,0.0,1,1
2026-05-19T16:48:38.666662,8.49,690.92,0.6747,0.0,0.0,1,1
2026-05-19T16:48:41.811254,8.13,678.54,0.6626,0.0,0.0,1,1
2026-05-19T16:48:44.964282,9.52,913.49,0.8921,0.0,0.0,1,1
2026-05-19T16:48:48.121140,11.04,495.09,0.4835,0.0,0.0,1,1
2026-05-19T16:48:51.270136,54.41,4011.29,3.9173,0.0,0.0,1,1
2026-05-19T16:48:54.353880,34.05,4306.82,4.2059,0.0,0.0,1,1
2026-05-19T16:48:57.504695,1.52,3951.76,3.8591,0.0,0.0,1,1
2026-05-19T16:49:00.619721,10.8,389.43,0.3803,0.0,0.0,1,1
2026-05-19T16:49:03.780807,12.22,424.42,0.4145,0.0,0.0,1,1
2026-05-19T16:49:06.963188,12.57,503.71,0.4919,0.0,0.0,1,1
2026-05-19T16:49:10.158466,15.49,473.89,0.4628,0.0,0.0,1,1
2026-05-19T16:49:13.341035,13.79,526.06,0.5137,0.0,0.0,1,1
2026-05-19T16:49:16.526419,4.69,525.04,0.5127,0.0,0.0,1,1
2026-05-19T16:49:19.713053,8.8,535.12,0.5226,0.0,0.0,1,1
2026-05-19T16:49:23.024344,23.54,168.69,0.1647,0.0,0.0,1,1
2026-05-19T16:49:26.189844,39.88,425.88,0.4159,0.0,0.0,1,1
2026-05-19T16:49:29.350207,13.67,530.61,0.5182,0.0,0.0,1,1
2026-05-19T16:49:32.455761,16.0,537.46,0.5249,0.0,0.0,1,1
2026-05-19T16:49:35.607670,16.47,538.75,0.5261,0.0,0.0,1,1
2026-05-19T16:49:38.781065,14.59,493.03,0.4815,0.0,0.0,1,1
2026-05-19T16:49:41.945486,16.84,543.21,0.5305,0.0,0.0,1,1
2026-05-19T16:49:45.130862,15.23,487.65,0.4762,0.0,0.0,1,1
2026-05-19T16:49:48.299891,16.08,381.46,0.3725,0.0,0.0,1,1
2026-05-19T16:49:51.479906,12.66,561.36,0.5482,0.0,0.0,1,1
2026-05-19T16:49:54.688848,9.43,916.11,0.8946,0.0,0.0,1,1
2026-05-19T16:49:57.891662,16.11,304.82,0.2977,0.0,0.0,1,1
2026-05-19T16:50:01.097504,20.31,462.71,0.4519,0.0,0.0,1,1
2026-05-19T16:50:04.279678,21.99,515.19,0.5031,0.0,0.0,1,1
2026-05-19T16:50:07.462088,16.93,571.29,0.5579,0.0,0.0,1,1
2026-05-19T16:50:10.615585,10.89,345.78,0.3377,0.0,0.0,1,1
2026-05-19T16:50:13.791132,13.1,526.37,0.514,0.0,0.0,1,1
2026-05-19T16:50:16.992441,6.26,484.63,0.4733,0.0,0.0,1,1
2026-05-19T16:50:20.169862,5.21,3971.88,3.8788,0.0,0.0,1,1
2026-05-19T16:50:23.359116,8.12,382.16,0.3732,0.0,0.0,1,1
2026-05-19T16:50:26.529982,12.46,494.72,0.4831,0.0,0.0,1,1
2026-05-19T16:50:29.697405,10.49,474.19,0.4631,0.0,0.0,1,1
2026-05-19T16:50:32.867330,14.95,380.1,0.3712,0.0,0.0,1,1
2026-05-19T16:50:36.051439,13.4,542.16,0.5295,0.0,0.0,1,1
2026-05-19T16:50:39.230768,12.77,393.88,0.3847,0.0,0.0,1,1
2026-05-19T16:50:42.415224,10.35,337.29,0.3294,0.0,0.0,1,1
2026-05-19T16:50:45.603399,13.41,377.3,0.3685,0.0,0.0,1,1
2026-05-19T16:50:48.790483,12.91,525.83,0.5135,0.0,0.0,1,1
2026-05-19T16:50:51.964972,14.45,403.87,0.3944,0.0,0.0,1,1
2026-05-19T16:50:55.120853,13.22,534.77,0.5222,0.0,0.0,1,1
2026-05-19T16:50:58.235180,7.9,377.01,0.3682,0.0,0.0,1,1
2026-05-19T16:51:01.420846,14.18,368.84,0.3602,0.0,0.0,1,1
2026-05-19T16:51:04.577847,17.01,526.68,0.5143,0.0,0.0,1,1
2026-05-19T16:51:07.721091,18.45,536.92,0.5243,0.0,0.0,1,1
2026-05-19T16:51:10.861722,18.52,433.24,0.4231,0.0,0.0,1,1
2026-05-19T16:51:13.986678,21.46,495.25,0.4836,0.0,0.0,1,1
2026-05-19T16:51:17.163156,5.24,2686.29,2.6233,0.0,0.0,1,1
2026-05-19T16:51:20.344282,11.82,529.34,0.5169,0.0,0.0,1,1
2026-05-19T16:51:23.530746,13.89,581.45,0.5678,0.0,0.0,1,1
2026-05-19T16:51:26.711142,10.9,507.47,0.4956,0.0,0.0,1,1
2026-05-19T16:51:29.911824,11.14,309.55,0.3023,0.0,0.0,1,1
2026-05-19T16:51:33.091795,11.86,757.93,0.7402,0.0,0.0,1,1
2026-05-19T16:51:36.266506,11.61,718.34,0.7015,0.0,0.0,1,1
2026-05-19T16:51:39.412519,9.93,849.41,0.8295,0.0,0.0,1,1
2026-05-19T16:51:42.601225,11.3,583.62,0.5699,0.0,0.0,1,1
2026-05-19T16:51:45.791665,16.27,452.73,0.4421,0.0,0.0,1,1
2026-05-19T16:51:49.006395,8.9,383.76,0.3748,0.0,0.0,1,1
2026-05-19T16:51:52.186882,5.31,467.62,0.4567,0.0,0.0,1,1
2026-05-19T16:51:55.288132,1.5,2191.38,2.14,0.0,0.0,1,1
2026-05-19T16:51:58.443688,5.46,2828.26,2.762,0.0,0.0,1,1
2026-05-19T16:52:01.614507,19.41,871.91,0.8515,0.0,0.0,1,1
2026-05-19T16:52:04.816019,11.46,994.0,0.9707,0.0,0.0,1,1
2026-05-19T16:52:07.994251,12.09,527.58,0.5152,0.0,0.0,1,1
2026-05-19T16:52:11.150250,9.07,981.61,0.9586,0.0,0.0,1,1
2026-05-19T16:52:14.260806,16.83,507.44,0.4955,0.0,0.0,1,1
2026-05-19T16:52:17.382523,14.97,566.6,0.5533,0.0,0.0,1,1
2026-05-19T16:52:20.524459,12.67,508.46,0.4965,0.0,0.0,1,1
2026-05-19T16:52:23.712966,11.31,545.81,0.533,0.0,0.0,1,1
2026-05-19T16:52:26.897752,11.99,527.08,0.5147,0.0,0.0,1,1
2026-05-19T16:52:30.056458,12.78,560.4,0.5473,0.0,0.0,1,1
2026-05-19T16:52:33.261160,12.35,539.76,0.5271,0.0,0.0,1,1
2026-05-19T16:52:36.449505,5.42,534.15,0.5216,0.0,0.0,1,1
2026-05-19T16:52:39.609480,6.66,545.65,0.5329,0.0,0.0,1,1
2026-05-19T16:52:42.797448,8.97,488.45,0.477,0.0,0.0,1,1
2026-05-19T16:52:45.986521,10.07,857.62,0.8375,0.0,0.0,1,1
2026-05-19T16:52:49.148366,9.5,474.11,0.463,0.0,0.0,1,1
2026-05-19T16:52:52.295851,8.11,903.04,0.8819,0.0,0.0,1,1
2026-05-19T16:52:55.461124,5.19,496.12,0.4845,0.0,0.0,1,1
2026-05-19T16:52:58.603516,8.79,470.56,0.4595,0.0,0.0,1,1
2026-05-19T16:53:01.764723,16.32,713.29,0.6966,0.0,0.0,1,1
2026-05-19T16:53:04.971271,13.91,659.94,0.6445,0.0,0.0,1,1
2026-05-19T16:53:08.298999,82.03,78.04,0.0762,0.0,0.0,1,0
2026-05-19T16:53:11.676489,103.78,75.56,0.0738,0.0,0.0,1,0
2026-05-19T16:53:15.013864,103.66,77.81,0.076,0.0,0.0,1,0
2026-05-19T16:53:18.402590,101.66,77.89,0.0761,0.0,0.0,1,0
2026-05-19T16:53:21.768574,101.6,77.95,0.0761,0.0,0.0,1,0
2026-05-19T16:53:25.119572,102.05,77.82,0.076,0.0,0.0,1,0
2026-05-19T16:53:28.462956,101.76,77.44,0.0756,0.0,0.0,1,0
2026-05-19T16:53:31.827670,101.78,64.47,0.063,0.0,0.0,1,0
2026-05-19T16:53:36.126698,102.25,73.6,0.0719,0.0,25.0,0,0
2026-05-19T16:53:40.483089,101.7,7.17,0.007,0.0,0.0,1,0
2026-05-19T16:53:43.848205,101.73,78.27,0.0764,0.0,0.0,1,0
2026-05-19T16:53:48.109151,101.63,59.34,0.058,0.0,25.0,0,0
2026-05-19T16:53:51.464918,101.78,68.35,0.0667,0.0,0.0,1,0
2026-05-19T16:53:54.818523,102.45,76.68,0.0749,0.0,0.0,1,0
2026-05-19T16:53:58.199341,102.28,65.94,0.0644,0.0,0.0,1,0
2026-05-19T16:54:01.568418,102.29,64.74,0.0632,0.0,0.0,1,0
2026-05-19T16:54:04.934615,102.69,77.75,0.0759,0.0,0.0,1,0
2026-05-19T16:54:08.305022,101.66,74.33,0.0726,0.0,0.0,1,0
2026-05-19T16:54:11.667829,101.84,73.32,0.0716,0.0,0.0,1,0
2026-05-19T16:54:14.979100,102.3,78.08,0.0762,0.0,0.0,1,0
2026-05-19T16:54:18.322087,103.74,64.2,0.0627,0.0,0.0,1,0
2026-05-19T16:54:21.687120,101.76,78.09,0.0763,0.0,0.0,1,0
2026-05-19T16:54:25.121776,101.68,62.58,0.0611,0.0,0.0,1,0
2026-05-19T16:54:28.409589,101.86,78.17,0.0763,0.0,0.0,1,0
2026-05-19T16:54:31.682757,102.16,78.26,0.0764,0.0,0.0,1,0
2026-05-19T16:54:34.956637,101.86,78.08,0.0762,0.0,0.0,1,0
2026-05-19T16:54:38.234354,102.46,77.95,0.0761,0.0,0.0,1,0
2026-05-19T16:54:42.405619,102.91,78.12,0.0763,0.0,25.0,0,0
2026-05-19T16:54:45.684149,102.23,77.6,0.0758,0.0,0.0,1,0
2026-05-19T16:54:49.028202,119.35,77.64,0.0758,0.0,0.0,1,0
2026-05-19T16:54:52.316919,102.45,77.45,0.0756,0.0,0.0,1,0
2026-05-19T16:54:55.617368,101.83,67.87,0.0663,0.0,0.0,1,0
2026-05-19T16:54:59.854445,101.96,48.51,0.0474,0.0,25.0,0,0
2026-05-19T16:55:03.142142,102.46,77.52,0.0757,0.0,0.0,1,0
2026-05-19T16:55:06.429210,103.19,78.27,0.0764,0.0,0.0,1,0
2026-05-19T16:55:10.723285,102.03,7.13,0.007,0.0,0.0,1,0
2026-05-19T16:55:14.927854,102.25,76.11,0.0743,0.0,50.0,0,0
2026-05-19T16:55:18.205178,102.25,74.6,0.0728,0.0,0.0,1,0
2026-05-19T16:55:21.479421,102.02,77.98,0.0762,0.0,0.0,1,0
2026-05-19T16:55:26.657839,101.76,7.25,0.0071,0.0,25.0,0,0
2026-05-19T16:55:30.748072,13.3,2713.44,2.6498,0.0,25.0,0,1
2026-05-19T16:55:33.829201,2.11,2625.13,2.5636,0.0,0.0,1,1
2026-05-19T16:55:36.935365,1.85,252.98,0.2471,0.0,0.0,1,1
2026-05-19T16:55:40.023319,1.88,3766.78,3.6785,0.0,0.0,1,1
2026-05-19T16:55:43.098506,20.51,3635.37,3.5502,0.0,0.0,1,1
2026-05-19T16:55:46.183790,1.83,3646.43,3.561,0.0,0.0,1,1
2026-05-19T16:55:49.265632,13.72,3387.97,3.3086,0.0,0.0,1,1
2026-05-19T16:55:52.365001,1.82,291.85,0.285,0.0,0.0,1,1
2026-05-19T16:55:55.500675,1.76,376.17,0.3674,0.0,0.0,1,1
2026-05-19T16:55:58.618968,1.84,520.51,0.5083,0.0,0.0,1,1
2026-05-19T16:56:01.697120,24.07,2507.62,2.4488,0.0,0.0,1,1
2026-05-19T16:56:04.805903,2.17,831.5,0.812,0.0,0.0,1,1
2026-05-19T16:56:07.901708,2.48,430.55,0.4205,0.0,0.0,1,1
2026-05-19T16:56:11.020864,2.76,571.7,0.5583,0.0,0.0,1,1
2026-05-19T16:56:14.174456,2.66,217.01,0.2119,0.0,0.0,1,1
2026-05-19T16:56:17.259172,26.62,1320.99,1.29,0.0,0.0,1,1
2026-05-19T16:56:20.358188,21.55,2058.05,2.0098,0.0,0.0,1,1
2026-05-19T16:56:23.465202,2.42,345.77,0.3377,0.0,0.0,1,1
2026-05-19T16:56:26.566485,2.68,891.05,0.8702,0.0,0.0,1,1
2026-05-19T16:56:29.722104,2.86,545.08,0.5323,0.0,0.0,1,1
2026-05-19T16:56:32.905208,27.97,139.48,0.1362,0.0,0.0,1,1
2026-05-19T16:56:36.093016,53.23,123.45,0.1206,0.0,0.0,1,1
2026-05-19T16:56:39.298608,53.39,134.66,0.1315,0.0,0.0,1,1
2026-05-19T16:56:42.494005,52.65,150.23,0.1467,0.0,0.0,1,1
2026-05-19T17:06:17.304182,78.07,49.65,0.0485,0.0,0.0,1,0
2026-05-19T17:06:20.473509,60.64,143.1,0.1397,0.0,0.0,1,1
2026-05-19T17:06:23.677477,51.77,139.43,0.1362,0.0,0.0,1,1
2026-05-19T17:06:26.886164,52.23,131.05,0.128,0.0,0.0,1,1
2026-05-19T17:06:30.059614,51.86,151.09,0.1476,0.0,0.0,1,1
2026-05-19T17:06:33.236497,51.82,152.03,0.1485,0.0,0.0,1,1
2026-05-19T17:06:36.417792,52.58,149.76,0.1463,0.0,0.0,1,1
2026-05-19T17:06:39.619737,52.15,120.04,0.1172,0.0,0.0,1,1
2026-05-19T17:06:42.813807,52.15,134.43,0.1313,0.0,0.0,1,1
2026-05-19T17:06:46.016136,52.65,136.97,0.1338,0.0,0.0,1,1
2026-05-19T17:06:49.186296,52.13,151.67,0.1481,0.0,0.0,1,1
2026-05-19T17:06:52.371611,52.2,137.04,0.1338,0.0,0.0,1,1
2026-05-19T17:06:55.557898,52.07,138.0,0.1348,0.0,0.0,1,1
2026-05-19T17:06:58.746987,52.58,135.8,0.1326,0.0,0.0,1,1
2026-05-19T17:07:01.929290,52.71,126.11,0.1231,0.0,0.0,1,1
2026-05-19T17:07:05.150028,52.22,125.74,0.1228,0.0,0.0,1,1
2026-05-19T17:07:08.328790,52.41,134.7,0.1315,0.0,0.0,1,1
2026-05-19T17:07:11.520391,51.97,137.15,0.1339,0.0,0.0,1,1
2026-05-19T17:07:14.688873,51.8,149.02,0.1455,0.0,0.0,1,1
2026-05-19T17:07:17.884310,52.17,138.13,0.1349,0.0,0.0,1,1
2026-05-19T17:07:21.080625,51.83,127.76,0.1248,0.0,0.0,1,1
2026-05-19T17:07:24.286095,51.68,139.58,0.1363,0.0,0.0,1,1
2026-05-19T17:07:27.467035,52.5,152.75,0.1492,0.0,0.0,1,1
2026-05-19T17:07:30.649792,51.99,149.97,0.1465,0.0,0.0,1,1
2026-05-19T17:07:34.766830,1.99,3616.95,3.5322,0.0,25.0,0,1
2026-05-19T17:07:37.867550,2.01,571.67,0.5583,0.0,0.0,1,1
2026-05-19T17:07:40.955158,2.15,615.42,0.601,0.0,0.0,1,1
2026-05-19T17:07:44.093835,17.69,1408.67,1.3757,0.0,0.0,1,1
2026-05-19T17:07:47.193051,2.44,329.91,0.3222,0.0,0.0,1,1
2026-05-19T17:07:50.294454,3.41,371.98,0.3633,0.0,0.0,1,1
2026-05-19T17:07:53.402025,6.9,234.84,0.2293,0.0,0.0,1,1
2026-05-19T17:07:56.509010,3.55,296.07,0.2891,0.0,0.0,1,1
2026-05-19T17:07:59.605796,10.34,1184.04,1.1563,0.0,0.0,1,1
2026-05-19T17:08:02.761376,20.84,2411.21,2.3547,0.0,0.0,1,1
2026-05-19T17:08:05.880219,3.63,977.32,0.9544,0.0,0.0,1,1
2026-05-19T17:08:09.036274,9.61,844.75,0.825,0.0,0.0,1,1
2026-05-19T17:08:12.465381,4.85,1267.3,1.2376,0.0,0.0,1,1
2026-05-19T17:08:15.682880,5.55,948.21,0.926,0.0,0.0,1,1
2026-05-19T17:08:19.060517,6.35,562.71,0.5495,0.0,0.0,1,1
2026-05-19T17:08:22.215944,7.92,888.34,0.8675,0.0,0.0,1,1
2026-05-19T17:08:25.618864,7.66,657.02,0.6416,0.0,0.0,1,1
2026-05-19T17:08:28.786332,5.59,819.08,0.7999,0.0,0.0,1,1
2026-05-19T17:08:32.015124,10.45,875.25,0.8547,0.0,0.0,1,1
2026-05-19T17:08:35.132536,11.1,908.74,0.8874,0.0,0.0,1,1
2026-05-19T17:08:38.307122,11.12,873.56,0.8531,0.0,0.0,1,1
2026-05-19T17:08:41.453457,13.06,641.76,0.6267,0.0,0.0,1,1
2026-05-19T17:08:44.606832,11.17,494.95,0.4834,0.0,0.0,1,1
2026-05-19T17:08:47.743439,10.63,710.76,0.6941,0.0,0.0,1,1
2026-05-19T17:08:50.931349,7.49,762.03,0.7442,0.0,0.0,1,1
2026-05-19T17:08:54.055660,9.3,582.82,0.5692,0.0,0.0,1,1
2026-05-19T17:08:57.203917,8.77,764.04,0.7461,0.0,0.0,1,1
2026-05-19T17:09:00.344911,8.68,745.59,0.7281,0.0,0.0,1,1
2026-05-19T17:09:03.502766,7.96,861.45,0.8413,0.0,0.0,1,1
2026-05-19T17:09:06.668379,8.86,794.98,0.7763,0.0,0.0,1,1
2026-05-19T17:09:09.850480,8.97,844.75,0.825,0.0,0.0,1,1
2026-05-19T17:09:13.015252,9.0,789.87,0.7714,0.0,0.0,1,1
2026-05-19T17:09:16.183232,10.77,867.13,0.8468,0.0,0.0,1,1
2026-05-19T17:09:19.318950,10.48,832.37,0.8129,0.0,0.0,1,1
2026-05-19T17:09:22.473225,10.23,945.86,0.9237,0.0,0.0,1,1
2026-05-19T17:09:25.644278,8.36,797.87,0.7792,0.0,0.0,1,1
2026-05-19T17:09:28.808214,6.16,781.24,0.7629,0.0,0.0,1,1
2026-05-19T17:09:31.960913,5.99,731.29,0.7141,0.0,0.0,1,1
2026-05-19T17:09:35.125908,9.28,850.17,0.8302,0.0,0.0,1,1
2026-05-19T17:09:38.287564,7.94,643.93,0.6288,0.0,0.0,1,1
2026-05-19T17:09:41.409673,10.22,814.37,0.7953,0.0,0.0,1,1
2026-05-19T17:09:44.540854,9.6,921.17,0.8996,0.0,0.0,1,1
2026-05-19T17:09:47.685953,6.66,878.73,0.8581,0.0,0.0,1,1
2026-05-19T17:09:50.849064,5.94,727.94,0.7109,0.0,0.0,1,1
2026-05-19T17:09:54.006958,9.16,771.42,0.7533,0.0,0.0,1,1
2026-05-19T17:09:57.162000,8.27,803.12,0.7843,0.0,0.0,1,1
2026-05-19T17:10:00.325786,9.45,826.67,0.8073,0.0,0.0,1,1
2026-05-19T19:56:56.855090,57.18,0.0,0.0,0.0,0.0,1,0
2026-05-19T19:56:59.927399,40.57,0.0,0.0,0.0,0.0,1,0
2026-05-19T19:57:03.001432,14.49,0.0,0.0,0.0,0.0,1,0
2026-05-19T19:57:06.069786,39.55,0.0,0.0,0.0,0.0,1,0
2026-05-19T19:57:09.142373,25.8,0.0,0.0,0.0,0.0,1,0
2026-05-19T19:57:12.216139,34.62,0.0,0.0,0.0,0.0,1,0
2026-05-19T19:57:15.285503,16.63,0.0,0.0,0.0,0.0,1,0
2026-05-19T19:57:18.321902,30.0,0.0,0.0,0.0,0.0,1,0
2026-05-19T19:57:21.526278,59.87,0.0,0.0,0.0,0.0,1,0
2026-05-19T19:57:24.604798,20.91,0.0,0.0,0.0,0.0,1,0
2026-05-19T19:57:27.636418,9.26,0.0,0.0,0.0,0.0,1,0
2026-05-19T19:57:30.748268,42.56,0.0,0.0,0.0,0.0,1,0
2026-05-19T19:57:33.812513,13.22,0.0,0.0,0.0,0.0,1,0
2026-05-19T19:57:36.893064,6.6,0.0,0.0,0.0,0.0,1,0
2026-05-19T19:57:39.935041,4.24,0.0,0.0,0.0,0.0,1,0
2026-05-19T19:57:43.036864,50.03,0.0,0.0,0.0,0.0,1,0
2026-05-19T19:57:46.074694,6.57,0.0,0.0,0.0,0.0,1,0
2026-05-19T19:57:49.169097,18.07,0.0,0.0,0.0,0.0,1,0
2026-05-19T19:57:52.211941,8.96,0.0,0.0,0.0,0.0,1,0
2026-05-19T19:57:55.329830,34.08,0.0,0.0,0.0,0.0,1,0
2026-05-19T19:57:58.372033,29.76,0.0,0.0,0.0,0.0,1,0
2026-05-19T19:58:01.404026,7.46,0.0,0.0,0.0,0.0,1,0
2026-05-19T19:58:04.432287,3.88,0.0,0.0,0.0,0.0,1,0
2026-05-19T19:58:07.510202,14.83,0.0,0.0,0.0,0.0,1,0
2026-05-19T19:58:10.550939,3.12,0.0,0.0,0.0,0.0,1,0
2026-05-19T19:58:13.592727,3.05,0.0,0.0,0.0,0.0,1,0
2026-05-19T19:58:16.620885,25.95,0.0,0.0,0.0,0.0,1,0
2026-05-19T19:58:19.696160,14.66,0.0,0.0,0.0,0.0,1,0
2026-05-19T19:58:22.722766,3.31,0.0,0.0,0.0,0.0,1,0
2026-05-19T19:58:25.840097,33.24,0.0,0.0,0.0,0.0,1,0
2026-05-19T19:58:28.875861,7.06,0.0,0.0,0.0,0.0,1,0
2026-05-19T19:58:31.984701,27.74,0.0,0.0,0.0,0.0,1,0
2026-05-19T19:58:35.036380,46.17,0.0,0.0,0.0,0.0,1,0
2026-05-19T19:58:38.128767,29.76,0.0,0.0,0.0,0.0,1,0
2026-05-19T19:58:41.168778,5.55,0.0,0.0,0.0,0.0,1,0
2026-05-19T19:58:44.217931,4.98,0.0,0.0,0.0,0.0,1,0
2026-05-19T19:58:47.257905,19.95,0.0,0.0,0.0,0.0,1,0
2026-05-19T19:58:50.290328,15.68,0.0,0.0,0.0,0.0,1,0
2026-05-19T19:58:53.330800,11.23,0.0,0.0,0.0,0.0,1,0
2026-05-19T19:58:56.458022,67.77,0.0,0.0,0.0,0.0,1,0
2026-05-19T19:58:59.499380,5.1,0.0,0.0,0.0,0.0,1,0
2026-05-19T19:59:02.584712,38.4,0.0,0.0,0.0,0.0,1,0
2026-05-19T19:59:05.619651,11.22,0.0,0.0,0.0,0.0,1,0
2026-05-19T19:59:08.747078,39.25,0.0,0.0,0.0,0.0,1,0
2026-05-19T19:59:11.826706,16.93,0.0,0.0,0.0,0.0,1,0
2026-05-19T19:59:14.892686,14.09,0.0,0.0,0.0,0.0,1,0
2026-05-19T19:59:17.927724,6.73,0.0,0.0,0.0,0.0,1,0
2026-05-19T19:59:21.036192,39.59,0.0,0.0,0.0,0.0,1,0
2026-05-19T19:59:24.106917,22.39,0.0,0.0,0.0,0.0,1,0
2026-05-19T19:59:27.182270,40.77,0.0,0.0,0.0,0.0,1,0
2026-05-19T19:59:30.254469,12.45,0.0,0.0,0.0,0.0,1,0
2026-05-19T19:59:33.310253,56.68,0.0,0.0,0.0,0.0,1,0
2026-05-19T19:59:36.356281,32.96,0.0,0.0,0.0,0.0,1,0
2026-05-19T19:59:39.390460,11.0,0.0,0.0,0.0,0.0,1,0
2026-05-19T19:59:42.542787,59.37,0.0,0.0,0.0,0.0,1,0
2026-05-19T19:59:45.611458,34.23,0.0,0.0,0.0,0.0,1,0
2026-05-19T19:59:48.656335,24.52,0.0,0.0,0.0,0.0,1,0
2026-05-19T19:59:51.755233,28.78,0.0,0.0,0.0,0.0,1,0
2026-05-19T19:59:54.834738,40.03,0.0,0.0,0.0,0.0,1,0
2026-05-19T19:59:57.900761,61.55,0.0,0.0,0.0,0.0,1,0
2026-05-19T20:00:00.967735,16.6,0.0,0.0,0.0,0.0,1,0
2026-05-19T20:00:03.993022,11.22,0.0,0.0,0.0,0.0,1,0
2026-05-19T20:00:07.120591,79.27,0.0,0.0,0.0,0.0,1,0
2026-05-19T20:00:10.159941,28.68,0.0,0.0,0.0,0.0,1,0
2026-05-19T20:00:13.260015,28.31,0.0,0.0,0.0,0.0,1,0
2026-05-19T20:00:16.331408,33.76,0.0,0.0,0.0,0.0,1,0
2026-05-19T20:00:19.365257,2.63,0.0,0.0,0.0,0.0,1,0
2026-05-19T20:00:22.400194,24.79,0.0,0.0,0.0,0.0,1,0
2026-05-19T20:00:25.444443,23.64,0.0,0.0,0.0,0.0,1,0
2026-05-19T20:00:28.520232,40.95,0.0,0.0,0.0,0.0,1,0
2026-05-19T20:00:31.592111,50.76,0.0,0.0,0.0,0.0,1,0
2026-05-19T20:00:34.662315,42.12,0.0,0.0,0.0,0.0,1,0
2026-05-19T20:00:37.697353,26.61,0.0,0.0,0.0,0.0,1,0
2026-05-19T20:00:40.906829,68.62,0.0,0.0,0.0,0.0,1,0
2026-05-19T20:00:43.979535,38.25,0.0,0.0,0.0,0.0,1,0
2026-05-19T20:00:47.154840,68.63,0.0,0.0,0.0,0.0,1,0
2026-05-19T20:00:50.193984,31.49,0.0,0.0,0.0,0.0,1,0
2026-05-19T20:00:53.305406,29.05,0.0,0.0,0.0,0.0,1,0
2026-05-19T20:00:56.370801,57.27,0.0,0.0,0.0,0.0,1,0
2026-05-19T20:00:59.407309,26.49,0.0,0.0,0.0,0.0,1,0
2026-05-19T20:01:02.515845,41.39,0.0,0.0,0.0,0.0,1,0
2026-05-19T20:01:05.584084,40.6,0.0,0.0,0.0,0.0,1,0
2026-05-19T20:01:08.658368,31.79,0.0,0.0,0.0,0.0,1,0
2026-05-19T20:01:11.692844,32.98,0.0,0.0,0.0,0.0,1,0
2026-05-19T20:01:14.801295,25.45,0.0,0.0,0.0,0.0,1,0
2026-05-19T20:01:17.836236,31.18,0.0,0.0,0.0,0.0,1,0
2026-05-19T20:01:20.946432,43.42,0.0,0.0,0.0,0.0,1,0
2026-05-19T20:01:24.122506,61.34,0.0,0.0,0.0,0.0,1,0
2026-05-19T20:01:27.194113,38.24,0.0,0.0,0.0,0.0,1,0
2026-05-19T20:01:30.265594,30.28,0.0,0.0,0.0,0.0,1,0
2026-05-19T20:01:33.310297,31.87,0.0,0.0,0.0,0.0,1,0
2026-05-19T20:01:36.512412,56.96,0.0,0.0,0.0,0.0,1,0
2026-05-19T20:01:39.578836,15.64,0.0,0.0,0.0,0.0,1,0
2026-05-19T20:01:42.626437,27.99,0.0,0.0,0.0,0.0,1,0
2026-05-19T20:01:45.660728,70.71,0.0,0.0,0.0,0.0,1,0
2026-05-19T20:01:48.798743,46.72,0.0,0.0,0.0,0.0,1,0
2026-05-19T20:01:51.871101,41.55,0.0,0.0,0.0,0.0,1,0
2026-05-19T20:01:54.944484,16.49,0.0,0.0,0.0,0.0,1,0
2026-05-19T20:01:58.016072,50.2,0.0,0.0,0.0,0.0,1,0
2026-05-19T20:02:01.189345,61.38,0.0,0.0,0.0,0.0,1,0
2026-05-19T20:02:04.238667,40.58,0.0,0.0,0.0,0.0,1,0
2026-05-19T20:02:07.337902,49.16,0.0,0.0,0.0,0.0,1,0
2026-05-19T20:02:10.407439,30.71,0.0,0.0,0.0,0.0,1,0
2026-05-19T20:02:13.478183,54.78,0.0,0.0,0.0,0.0,1,0
2026-05-19T20:02:16.549325,36.54,0.0,0.0,0.0,0.0,1,0
2026-05-19T20:02:19.585036,7.52,0.0,0.0,0.0,0.0,1,0
2026-05-19T20:02:22.617802,23.97,0.0,0.0,0.0,0.0,1,0
2026-05-19T20:02:25.663605,45.05,0.0,0.0,0.0,0.0,1,0
2026-05-19T20:02:28.735150,11.9,0.0,0.0,0.0,0.0,1,0
2026-05-19T20:02:31.806660,67.64,0.0,0.0,0.0,0.0,1,0
2026-05-19T20:02:34.851239,3.0,0.0,0.0,0.0,0.0,1,0
2026-05-19T20:02:37.880123,19.38,0.0,0.0,0.0,0.0,1,0
2026-05-19T20:02:41.023274,87.2,0.0,0.0,0.0,0.0,1,0
2026-05-19T20:02:44.096008,40.72,0.0,0.0,0.0,0.0,1,0
2026-05-19T20:02:47.170201,41.49,0.0,0.0,0.0,0.0,1,0
2026-05-19T20:02:50.224286,20.86,0.0,0.0,0.0,0.0,1,0
2026-05-19T20:02:53.267212,60.38,0.0,0.0,0.0,0.0,1,0
2026-05-19T20:02:56.385791,36.7,0.0,0.0,0.0,0.0,1,0
2026-05-19T20:02:59.452038,49.57,0.0,0.0,0.0,0.0,1,0
2026-05-19T20:03:02.583305,49.68,0.0,0.0,0.0,0.0,1,0
2026-05-19T20:03:05.622255,11.09,0.0,0.0,0.0,0.0,1,0
2026-05-19T20:03:08.770803,43.38,0.0,0.0,0.0,0.0,1,0
2026-05-19T20:03:11.803191,9.84,0.0,0.0,0.0,0.0,1,0
2026-05-19T20:03:14.917021,34.84,0.0,0.0,0.0,0.0,1,0
2026-05-19T20:03:17.992885,55.04,0.0,0.0,0.0,0.0,1,0
2026-05-19T20:03:21.067783,50.21,0.0,0.0,0.0,0.0,1,0
2026-05-19T20:03:24.135248,49.49,0.0,0.0,0.0,0.0,1,0
2026-05-19T20:03:27.211920,84.32,0.0,0.0,0.0,0.0,1,0
2026-05-19T20:03:30.380973,41.54,0.0,0.0,0.0,0.0,1,0
2026-05-19T20:03:33.418069,55.29,0.0,0.0,0.0,0.0,1,0
2026-05-19T20:03:36.517244,38.02,0.0,0.0,0.0,0.0,1,0
2026-05-19T20:03:39.553507,19.36,0.0,0.0,0.0,0.0,1,0
2026-05-19T20:03:42.590136,25.48,0.0,0.0,0.0,0.0,1,0
2026-05-19T20:03:45.746771,114.51,0.0,0.0,0.0,0.0,1,0
2026-05-19T20:03:48.812265,24.0,0.0,0.0,0.0,0.0,1,0
2026-05-19T20:03:51.890888,17.66,0.0,0.0,0.0,0.0,1,0
2026-05-19T20:03:54.931689,2.77,0.0,0.0,0.0,0.0,1,0
2026-05-19T20:03:58.024768,22.46,0.0,0.0,0.0,0.0,1,0
2026-05-19T20:04:01.062222,8.75,0.0,0.0,0.0,0.0,1,0
2026-05-19T20:04:04.169712,28.99,0.0,0.0,0.0,0.0,1,0
2026-05-19T20:04:07.224797,3.29,0.0,0.0,0.0,0.0,1,0
2026-05-19T20:04:10.316314,21.0,0.0,0.0,0.0,0.0,1,0
2026-05-19T20:04:13.360380,30.41,0.0,0.0,0.0,0.0,1,0
2026-05-19T20:04:16.440712,21.53,0.0,0.0,0.0,0.0,1,0
2026-05-19T20:04:19.476162,10.96,0.0,0.0,0.0,0.0,1,0
2026-05-19T20:04:22.640404,36.97,0.0,0.0,0.0,0.0,1,0
2026-05-19T20:04:25.779445,50.55,0.0,0.0,0.0,0.0,1,0
2026-05-19T20:04:28.860766,9.85,0.0,0.0,0.0,0.0,1,0
2026-05-19T20:04:31.894781,30.4,0.0,0.0,0.0,0.0,1,0
2026-05-19T20:04:34.995038,21.79,0.0,0.0,0.0,0.0,1,0
2026-05-19T20:04:38.037599,4.96,0.0,0.0,0.0,0.0,1,0
2026-05-19T20:04:41.139380,21.87,0.0,0.0,0.0,0.0,1,0
2026-05-19T20:04:44.182754,52.85,0.0,0.0,0.0,0.0,1,0
2026-05-19T20:04:47.278368,19.15,0.0,0.0,0.0,0.0,1,0
2026-05-19T20:04:50.356338,14.68,0.0,0.0,0.0,0.0,1,0
2026-05-19T20:04:53.389139,6.98,0.0,0.0,0.0,0.0,1,0
2026-05-19T20:04:56.441590,15.21,0.0,0.0,0.0,0.0,1,0
2026-05-19T20:04:59.488740,14.68,0.0,0.0,0.0,0.0,1,0
2026-05-19T20:05:02.528248,26.67,0.0,0.0,0.0,0.0,1,0
2026-05-19T20:05:05.612106,46.88,0.0,0.0,0.0,0.0,1,0
2026-05-19T20:05:08.681710,15.52,0.0,0.0,0.0,0.0,1,0
2026-05-19T20:05:11.754744,42.34,0.0,0.0,0.0,0.0,1,0
2026-05-19T20:05:14.861916,20.29,0.0,0.0,0.0,0.0,1,0
2026-05-19T20:05:18.000488,25.36,0.0,0.0,0.0,0.0,1,0
2026-05-19T20:05:21.044374,33.07,0.0,0.0,0.0,0.0,1,0
2026-05-19T20:05:24.143632,29.11,0.0,0.0,0.0,0.0,1,0
2026-05-19T20:05:27.184406,6.63,0.0,0.0,0.0,0.0,1,0
2026-05-19T20:05:30.289753,18.23,0.0,0.0,0.0,0.0,1,0
2026-05-19T20:05:33.332569,18.88,0.0,0.0,0.0,0.0,1,0
2026-05-19T20:05:36.433318,20.83,0.0,0.0,0.0,0.0,1,0
2026-05-19T20:05:39.480216,31.97,0.0,0.0,0.0,0.0,1,0
2026-05-19T20:05:42.576522,20.01,0.0,0.0,0.0,0.0,1,0
2026-05-19T20:05:45.615665,5.17,0.0,0.0,0.0,0.0,1,0
2026-05-19T20:05:48.722718,48.07,0.0,0.0,0.0,0.0,1,0
2026-05-19T20:05:51.773150,5.41,0.0,0.0,0.0,0.0,1,0
2026-05-19T20:05:54.862436,34.48,0.0,0.0,0.0,0.0,1,0
2026-05-19T20:05:57.906723,8.89,0.0,0.0,0.0,0.0,1,0
2026-05-19T20:06:01.008566,23.05,0.0,0.0,0.0,0.0,1,0
2026-05-19T20:06:04.051467,31.56,0.0,0.0,0.0,0.0,1,0
2026-05-19T20:06:07.158369,36.52,0.0,0.0,0.0,0.0,1,0
2026-05-19T20:06:10.198304,3.34,0.0,0.0,0.0,0.0,1,0
2026-05-19T20:06:13.297989,18.72,0.0,0.0,0.0,0.0,1,0
2026-05-19T20:06:16.326778,3.23,0.0,0.0,0.0,0.0,1,0
2026-05-19T20:06:19.362565,3.15,0.0,0.0,0.0,0.0,1,0
2026-05-19T20:06:22.511848,49.95,0.0,0.0,0.0,0.0,1,0
2026-05-19T20:06:25.583542,46.42,0.0,0.0,0.0,0.0,1,0
2026-05-19T20:06:28.658470,59.33,0.0,0.0,0.0,0.0,1,0
2026-05-19T20:06:31.728255,9.44,0.0,0.0,0.0,0.0,1,0
2026-05-19T20:06:34.770470,27.98,0.0,0.0,0.0,0.0,1,0
2026-05-19T20:06:37.808916,18.94,0.0,0.0,0.0,0.0,1,0
2026-05-19T20:06:41.045259,84.2,0.0,0.0,0.0,0.0,1,0
2026-05-19T20:06:44.085342,27.89,0.0,0.0,0.0,0.0,1,0
2026-05-19T20:06:47.190119,33.91,0.0,0.0,0.0,0.0,1,0
2026-05-19T20:06:50.261728,28.84,0.0,0.0,0.0,0.0,1,0
2026-05-19T20:06:53.321354,26.53,0.0,0.0,0.0,0.0,1,0
2026-05-19T20:06:56.360706,2.8,0.0,0.0,0.0,0.0,1,0
2026-05-19T20:06:59.403421,10.91,0.0,0.0,0.0,0.0,1,0
2026-05-19T20:07:02.441360,24.9,0.0,0.0,0.0,0.0,1,0
2026-05-19T20:07:05.482536,3.53,0.0,0.0,0.0,0.0,1,0
2026-05-19T20:07:08.527644,8.63,0.0,0.0,0.0,0.0,1,0
2026-05-19T20:07:11.664898,47.01,0.0,0.0,0.0,0.0,1,0
2026-05-19T20:07:14.737072,35.77,0.0,0.0,0.0,0.0,1,0
2026-05-19T20:07:17.809590,59.34,0.0,0.0,0.0,0.0,1,0
2026-05-19T20:07:20.881054,57.3,0.0,0.0,0.0,0.0,1,0
2026-05-19T20:07:23.952807,17.44,0.0,0.0,0.0,0.0,1,0
2026-05-19T20:07:27.028393,37.32,0.0,0.0,0.0,0.0,1,0
2026-05-19T20:07:30.095438,35.58,0.0,0.0,0.0,0.0,1,0
2026-05-19T20:07:33.167830,34.19,0.0,0.0,0.0,0.0,1,0
2026-05-19T20:07:36.209157,5.06,0.0,0.0,0.0,0.0,1,0
2026-05-19T20:07:39.244898,9.84,0.0,0.0,0.0,0.0,1,0
2026-05-19T20:07:42.370817,56.12,0.0,0.0,0.0,0.0,1,0
2026-05-19T20:07:45.456572,15.18,0.0,0.0,0.0,0.0,1,0
2026-05-19T20:07:48.499369,23.33,0.0,0.0,0.0,0.0,1,0
2026-05-19T20:07:51.599960,31.07,0.0,0.0,0.0,0.0,1,0
2026-05-19T20:07:54.672138,15.02,0.0,0.0,0.0,0.0,1,0
2026-05-19T20:07:57.743206,34.2,0.0,0.0,0.0,0.0,1,0
2026-05-19T20:08:00.816409,63.39,0.0,0.0,0.0,0.0,1,0
2026-05-19T20:08:03.888732,64.22,0.0,0.0,0.0,0.0,1,0
2026-05-19T20:08:06.959985,34.08,0.0,0.0,0.0,0.0,1,0
2026-05-19T20:08:10.004107,51.55,0.0,0.0,0.0,0.0,1,0
2026-05-19T20:08:13.205912,57.02,0.0,0.0,0.0,0.0,1,0
2026-05-19T20:08:16.279784,14.9,0.0,0.0,0.0,0.0,1,0
2026-05-19T20:08:19.351395,31.14,0.0,0.0,0.0,0.0,1,0
2026-05-19T20:08:22.390305,5.16,0.0,0.0,0.0,0.0,1,0
2026-05-19T20:08:25.430574,7.69,0.0,0.0,0.0,0.0,1,0
2026-05-19T20:08:28.471893,21.4,0.0,0.0,0.0,0.0,1,0
2026-05-19T20:08:31.536503,16.7,0.0,0.0,0.0,0.0,1,0
2026-05-19T20:08:34.574372,5.37,0.0,0.0,0.0,0.0,1,0
2026-05-19T20:08:37.615156,18.15,0.0,0.0,0.0,0.0,1,0
2026-05-19T20:08:40.752242,57.79,0.0,0.0,0.0,0.0,1,0
2026-05-19T20:08:43.823210,12.22,0.0,0.0,0.0,0.0,1,0
2026-05-19T20:08:46.896973,34.53,0.0,0.0,0.0,0.0,1,0
2026-05-19T20:08:49.970224,39.67,0.0,0.0,0.0,0.0,1,0
2026-05-19T20:08:53.155290,69.41,0.0,0.0,0.0,0.0,1,0
2026-05-19T20:08:56.213748,31.77,0.0,0.0,0.0,0.0,1,0
2026-05-19T20:08:59.259845,36.54,0.0,0.0,0.0,0.0,1,0
2026-05-19T20:09:02.357049,30.59,0.0,0.0,0.0,0.0,1,0
2026-05-19T20:09:05.430482,16.93,0.0,0.0,0.0,0.0,1,0
2026-05-19T20:09:08.481149,11.18,0.0,0.0,0.0,0.0,1,0
2026-05-19T20:09:11.520369,4.55,0.0,0.0,0.0,0.0,1,0
2026-05-19T20:09:14.562483,18.79,0.0,0.0,0.0,0.0,1,0
2026-05-19T20:09:17.602407,20.23,0.0,0.0,0.0,0.0,1,0
2026-05-19T20:09:20.644251,8.49,0.0,0.0,0.0,0.0,1,0
2026-05-19T20:09:23.761401,28.71,0.0,0.0,0.0,0.0,1,0
2026-05-19T20:09:26.834489,55.16,0.0,0.0,0.0,0.0,1,0
2026-05-19T20:09:30.005448,84.38,0.0,0.0,0.0,0.0,1,0
2026-05-19T20:09:33.078502,32.73,0.0,0.0,0.0,0.0,1,0
2026-05-19T20:09:36.149408,47.56,0.0,0.0,0.0,0.0,1,0
2026-05-19T20:09:39.189988,26.29,0.0,0.0,0.0,0.0,1,0
2026-05-19T20:09:42.293690,37.11,0.0,0.0,0.0,0.0,1,0
2026-05-19T20:09:45.366606,11.53,0.0,0.0,0.0,0.0,1,0
2026-05-19T20:09:48.408060,52.04,0.0,0.0,0.0,0.0,1,0
2026-05-19T20:09:51.514256,29.78,0.0,0.0,0.0,0.0,1,0
2026-05-19T20:09:54.552537,29.55,0.0,0.0,0.0,0.0,1,0
2026-05-19T20:09:57.593016,7.03,0.0,0.0,0.0,0.0,1,0
2026-05-19T20:10:00.635391,19.64,0.0,0.0,0.0,0.0,1,0
2026-05-19T20:10:03.705953,29.91,0.0,0.0,0.0,0.0,1,0
2026-05-19T20:10:06.768179,49.78,0.0,0.0,0.0,0.0,1,0
2026-05-19T20:10:09.804623,27.48,0.0,0.0,0.0,0.0,1,0
2026-05-19T20:10:12.915374,30.34,0.0,0.0,0.0,0.0,1,0
2026-05-19T20:10:15.985277,45.15,0.0,0.0,0.0,0.0,1,0
2026-05-19T20:10:19.059992,42.03,0.0,0.0,0.0,0.0,1,0
2026-05-19T20:10:22.126722,34.41,0.0,0.0,0.0,0.0,1,0
2026-05-19T20:10:25.198239,32.05,0.0,0.0,0.0,0.0,1,0
2026-05-19T20:10:28.232625,33.62,0.0,0.0,0.0,0.0,1,0
2026-05-19T20:10:31.281932,24.43,0.0,0.0,0.0,0.0,1,0
2026-05-19T20:10:34.432855,41.24,0.0,0.0,0.0,0.0,1,0
2026-05-19T20:10:37.490619,24.06,0.0,0.0,0.0,0.0,1,0
2026-05-19T20:10:40.639700,50.37,0.0,0.0,0.0,0.0,1,0
2026-05-19T20:10:43.734801,18.18,0.0,0.0,0.0,0.0,1,0
2026-05-19T20:10:46.788043,10.56,0.0,0.0,0.0,0.0,1,0
2026-05-19T20:10:49.980667,71.71,0.0,0.0,0.0,0.0,1,0
2026-05-19T20:10:53.054161,14.44,0.0,0.0,0.0,0.0,1,0
2026-05-19T20:10:56.100940,29.1,0.0,0.0,0.0,0.0,1,0
2026-05-19T20:10:59.168271,14.36,0.0,0.0,0.0,0.0,1,0
2026-05-19T20:11:02.203164,19.13,0.0,0.0,0.0,0.0,1,0
2026-05-19T20:11:05.331324,40.4,0.0,0.0,0.0,0.0,1,0
2026-05-19T20:11:08.372180,32.68,0.0,0.0,0.0,0.0,1,0
2026-05-19T20:11:11.419779,18.65,0.0,0.0,0.0,0.0,1,0
2026-05-19T20:11:14.466396,31.6,0.0,0.0,0.0,0.0,1,0
2026-05-19T20:11:17.527143,18.19,0.0,0.0,0.0,0.0,1,0
2026-05-19T20:11:20.597893,21.38,0.0,0.0,0.0,0.0,1,0
2026-05-19T20:11:23.670562,30.04,0.0,0.0,0.0,0.0,1,0
2026-05-19T20:11:26.705472,6.99,0.0,0.0,0.0,0.0,1,0
2026-05-19T20:11:29.755297,5.62,0.0,0.0,0.0,0.0,1,0
2026-05-19T20:11:32.798103,18.98,0.0,0.0,0.0,0.0,1,0
2026-05-19T20:11:35.856430,8.77,0.0,0.0,0.0,0.0,1,0
2026-05-19T20:11:38.884306,2.83,0.0,0.0,0.0,0.0,1,0
2026-05-19T20:11:41.999017,39.17,0.0,0.0,0.0,0.0,1,0
2026-05-19T20:11:45.044515,4.73,0.0,0.0,0.0,0.0,1,0
2026-05-19T20:11:48.081684,16.16,0.0,0.0,0.0,0.0,1,0
2026-05-19T20:11:51.121325,15.06,0.0,0.0,0.0,0.0,1,0
2026-05-19T20:11:54.167267,27.34,0.0,0.0,0.0,0.0,1,0
2026-05-19T20:11:57.221275,34.55,0.0,0.0,0.0,0.0,1,0
2026-05-19T20:12:00.263169,9.2,0.0,0.0,0.0,0.0,1,0
2026-05-19T20:12:03.304769,34.11,0.0,0.0,0.0,0.0,1,0
2026-05-19T20:12:06.371275,55.79,0.0,0.0,0.0,0.0,1,0
2026-05-19T20:12:09.444535,31.88,0.0,0.0,0.0,0.0,1,0
2026-05-19T20:12:12.514740,59.14,0.0,0.0,0.0,0.0,1,0
2026-05-19T20:12:15.585735,35.03,0.0,0.0,0.0,0.0,1,0
2026-05-19T20:12:18.660256,11.21,0.0,0.0,0.0,0.0,1,0
2026-05-19T20:12:21.731470,38.51,0.0,0.0,0.0,0.0,1,0
2026-05-19T20:12:24.802671,57.13,0.0,0.0,0.0,0.0,1,0
2026-05-19T20:12:27.873883,34.62,0.0,0.0,0.0,0.0,1,0
2026-05-19T20:12:30.914410,6.73,0.0,0.0,0.0,0.0,1,0
2026-05-19T20:12:34.020019,23.26,0.0,0.0,0.0,0.0,1,0
2026-05-19T20:12:37.090955,14.99,0.0,0.0,0.0,0.0,1,0
2026-05-19T20:12:40.163277,13.94,0.0,0.0,0.0,0.0,1,0
2026-05-19T20:12:43.235587,31.93,0.0,0.0,0.0,0.0,1,0
2026-05-19T20:12:46.307557,36.7,0.0,0.0,0.0,0.0,1,0
2026-05-19T20:12:49.378974,28.66,0.0,0.0,0.0,0.0,1,0
2026-05-19T20:12:52.449995,37.36,0.0,0.0,0.0,0.0,1,0
2026-05-19T20:12:55.522125,13.48,0.0,0.0,0.0,0.0,1,0
2026-05-19T20:12:58.595969,35.66,0.0,0.0,0.0,0.0,1,0
2026-05-19T20:13:01.666865,27.22,0.0,0.0,0.0,0.0,1,0
2026-05-19T20:13:04.841549,66.5,0.0,0.0,0.0,0.0,1,0
2026-05-19T20:13:07.910259,19.65,0.0,0.0,0.0,0.0,1,0
2026-05-19T20:13:10.951069,5.59,0.0,0.0,0.0,0.0,1,0
2026-05-19T20:13:14.057962,24.21,0.0,0.0,0.0,0.0,1,0
2026-05-19T20:13:17.101437,25.07,0.0,0.0,0.0,0.0,1,0
2026-05-19T20:13:20.146282,5.71,0.0,0.0,0.0,0.0,1,0
2026-05-19T20:13:23.274964,37.55,0.0,0.0,0.0,0.0,1,0
2026-05-19T20:13:26.343869,37.01,0.0,0.0,0.0,0.0,1,0
2026-05-19T20:13:29.415698,34.38,0.0,0.0,0.0,0.0,1,0
2026-05-19T20:13:32.489246,37.97,0.0,0.0,0.0,0.0,1,0
2026-05-19T20:13:35.560382,35.39,0.0,0.0,0.0,0.0,1,0
2026-05-19T20:13:38.633563,32.63,0.0,0.0,0.0,0.0,1,0
2026-05-19T20:13:41.706190,58.82,0.0,0.0,0.0,0.0,1,0
2026-05-19T20:13:44.748501,51.13,0.0,0.0,0.0,0.0,1,0
2026-05-19T20:13:47.848433,32.64,0.0,0.0,0.0,0.0,1,0
2026-05-19T20:13:50.920741,28.71,0.0,0.0,0.0,0.0,1,0
2026-05-19T20:13:53.993824,33.69,0.0,0.0,0.0,0.0,1,0
2026-05-19T20:13:57.032350,31.16,0.0,0.0,0.0,0.0,1,0
2026-05-19T20:14:00.136264,23.54,0.0,0.0,0.0,0.0,1,0
2026-05-19T20:14:03.209711,34.37,0.0,0.0,0.0,0.0,1,0
2026-05-19T20:14:06.234757,9.19,0.0,0.0,0.0,0.0,1,0
2026-05-19T20:14:09.281774,9.95,0.0,0.0,0.0,0.0,1,0
2026-05-19T20:14:12.324431,38.73,0.0,0.0,0.0,0.0,1,0
2026-05-19T20:14:15.394746,11.15,0.0,0.0,0.0,0.0,1,0
2026-05-19T20:14:18.471905,37.3,0.0,0.0,0.0,0.0,1,0
2026-05-19T20:14:21.537998,35.16,0.0,0.0,0.0,0.0,1,0
2026-05-19T20:14:24.610924,14.44,0.0,0.0,0.0,0.0,1,0
2026-05-19T20:14:27.653949,77.59,0.0,0.0,0.0,0.0,1,0
2026-05-19T20:14:30.754480,19.96,0.0,0.0,0.0,0.0,1,0
2026-05-19T20:14:33.832445,37.02,0.0,0.0,0.0,0.0,1,0
2026-05-19T20:14:36.899100,56.01,0.0,0.0,0.0,0.0,1,0
2026-05-19T20:14:39.969384,62.62,0.0,0.0,0.0,0.0,1,0
2026-05-19T20:14:43.024199,14.98,0.0,0.0,0.0,0.0,1,0
2026-05-19T20:14:46.113274,40.08,0.0,0.0,0.0,0.0,1,0
2026-05-19T20:14:49.154749,5.48,0.0,0.0,0.0,0.0,1,0
2026-05-19T20:14:52.195409,42.63,0.0,0.0,0.0,0.0,1,0
2026-05-19T20:14:55.288197,31.07,0.0,0.0,0.0,0.0,1,0
2026-05-19T20:14:58.324687,18.4,0.0,0.0,0.0,0.0,1,0
2026-05-19T20:15:01.474622,67.74,0.0,0.0,0.0,0.0,1,0
2026-05-19T20:15:04.516772,21.8,0.0,0.0,0.0,0.0,1,0
2026-05-19T20:15:07.581069,23.0,0.0,0.0,0.0,0.0,1,0
2026-05-19T20:15:10.627783,22.18,0.0,0.0,0.0,0.0,1,0
2026-05-19T20:15:13.762610,38.76,0.0,0.0,0.0,0.0,1,0
2026-05-19T20:15:16.839965,13.3,0.0,0.0,0.0,0.0,1,0
2026-05-19T20:15:19.882614,71.72,0.0,0.0,0.0,0.0,1,0
2026-05-19T20:15:22.978445,25.68,0.0,0.0,0.0,0.0,1,0
2026-05-19T20:15:26.021107,36.88,0.0,0.0,0.0,0.0,1,0
2026-05-19T20:15:29.078115,45.6,0.0,0.0,0.0,0.0,1,0
2026-05-19T20:15:32.193151,28.62,0.0,0.0,0.0,0.0,1,0
2026-05-19T20:15:35.265651,11.08,0.0,0.0,0.0,0.0,1,0
2026-05-19T20:15:38.306970,5.97,0.0,0.0,0.0,0.0,1,0
2026-05-19T20:15:41.410262,22.93,0.0,0.0,0.0,0.0,1,0
2026-05-19T20:15:44.451016,26.97,0.0,0.0,0.0,0.0,1,0
2026-05-19T20:15:47.493419,17.43,0.0,0.0,0.0,0.0,1,0
2026-05-19T20:15:50.625378,53.34,0.0,0.0,0.0,0.0,1,0
2026-05-19T20:15:53.697032,34.13,0.0,0.0,0.0,0.0,1,0
2026-05-19T20:15:56.988508,95.93,0.0,0.0,0.0,0.0,1,0
2026-05-19T20:16:00.029182,49.97,0.0,0.0,0.0,0.0,1,0
2026-05-19T20:16:03.118440,25.4,0.0,0.0,0.0,0.0,1,0
2026-05-19T20:16:06.190799,11.95,0.0,0.0,0.0,0.0,1,0
2026-05-19T20:16:09.232578,21.15,0.0,0.0,0.0,0.0,1,0
2026-05-19T20:16:12.272805,7.65,0.0,0.0,0.0,0.0,1,0
2026-05-19T20:16:15.297617,3.42,0.0,0.0,0.0,0.0,1,0
2026-05-19T20:16:18.319613,11.51,0.0,0.0,0.0,0.0,1,0
2026-05-19T20:16:21.359688,30.18,0.0,0.0,0.0,0.0,1,0
2026-05-19T20:16:24.417145,26.01,0.0,0.0,0.0,0.0,1,0
2026-05-19T20:16:27.459310,27.52,0.0,0.0,0.0,0.0,1,0
2026-05-19T20:16:30.566873,23.66,0.0,0.0,0.0,0.0,1,0
2026-05-19T20:16:33.634297,31.2,0.0,0.0,0.0,0.0,1,0
2026-05-19T20:16:36.705156,36.74,0.0,0.0,0.0,0.0,1,0
2026-05-19T20:16:39.743067,58.68,0.0,0.0,0.0,0.0,1,0
2026-05-19T20:16:42.781519,9.0,0.0,0.0,0.0,0.0,1,0
2026-05-19T20:16:45.825216,2.88,0.0,0.0,0.0,0.0,1,0
2026-05-19T20:16:48.865037,46.18,0.0,0.0,0.0,0.0,1,0
2026-05-19T20:16:51.902773,6.49,0.0,0.0,0.0,0.0,1,0
2026-05-19T20:16:54.939274,3.41,0.0,0.0,0.0,0.0,1,0
2026-05-19T20:16:57.978555,3.37,0.0,0.0,0.0,0.0,1,0
2026-05-19T20:17:01.017082,6.13,0.0,0.0,0.0,0.0,1,0
2026-05-19T20:17:04.059300,2.54,0.0,0.0,0.0,0.0,1,0
2026-05-19T20:17:07.101944,2.82,0.0,0.0,0.0,0.0,1,0
2026-05-19T20:17:10.184145,17.78,0.0,0.0,0.0,0.0,1,0
2026-05-19T20:17:13.224115,76.45,0.0,0.0,0.0,0.0,1,0
2026-05-19T20:17:16.340288,21.12,0.0,0.0,0.0,0.0,1,0
2026-05-19T20:17:19.380928,23.37,0.0,0.0,0.0,0.0,1,0
2026-05-19T20:17:22.477842,15.41,0.0,0.0,0.0,0.0,1,0
2026-05-19T20:17:25.549764,35.26,0.0,0.0,0.0,0.0,1,0
2026-05-19T20:17:28.626667,61.36,0.0,0.0,0.0,0.0,1,0
2026-05-19T20:17:31.668936,4.47,0.0,0.0,0.0,0.0,1,0
2026-05-19T20:17:34.765862,17.64,0.0,0.0,0.0,0.0,1,0
2026-05-19T20:17:37.840396,16.44,0.0,0.0,0.0,0.0,1,0
2026-05-19T20:17:40.909980,31.51,0.0,0.0,0.0,0.0,1,0
2026-05-19T20:17:43.992213,37.81,0.0,0.0,0.0,0.0,1,0
2026-05-19T20:17:47.173094,99.08,0.0,0.0,0.0,0.0,1,0
2026-05-19T20:17:50.216475,21.44,0.0,0.0,0.0,0.0,1,0
2026-05-19T20:17:53.261803,9.09,0.0,0.0,0.0,0.0,1,0
2026-05-19T20:17:56.288265,3.49,0.0,0.0,0.0,0.0,1,0
2026-05-19T20:17:59.329404,2.93,0.0,0.0,0.0,0.0,1,0
2026-05-19T20:18:02.365028,2.91,0.0,0.0,0.0,0.0,1,0
2026-05-19T20:18:05.410120,3.19,0.0,0.0,0.0,0.0,1,0
2026-05-19T20:18:08.558483,65.74,0.0,0.0,0.0,0.0,1,0
2026-05-19T20:18:11.630078,10.62,0.0,0.0,0.0,0.0,1,0
2026-05-19T20:18:14.704537,12.33,0.0,0.0,0.0,0.0,1,0
2026-05-19T20:18:17.774130,45.97,0.0,0.0,0.0,0.0,1,0
2026-05-19T20:18:20.845668,32.99,0.0,0.0,0.0,0.0,1,0
2026-05-19T20:18:23.887167,26.81,0.0,0.0,0.0,0.0,1,0
2026-05-19T20:18:26.929262,3.2,0.0,0.0,0.0,0.0,1,0
2026-05-19T20:18:30.206575,79.13,0.0,0.0,0.0,0.0,1,0
2026-05-19T20:18:33.298418,70.07,0.0,0.0,0.0,0.0,1,0
2026-05-19T20:18:36.411230,27.5,0.0,0.0,0.0,0.0,1,0
2026-05-19T20:18:39.453981,5.23,0.0,0.0,0.0,0.0,1,0
2026-05-19T20:18:42.555233,28.36,0.0,0.0,0.0,0.0,1,0
2026-05-19T20:18:45.581724,36.48,0.0,0.0,0.0,0.0,1,0
2026-05-19T20:18:48.800676,62.96,0.0,0.0,0.0,0.0,1,0
2026-05-19T20:18:51.872234,58.64,0.0,0.0,0.0,0.0,1,0
2026-05-19T20:18:54.915775,52.21,0.0,0.0,0.0,0.0,1,0
2026-05-19T20:18:58.017215,30.42,0.0,0.0,0.0,0.0,1,0
2026-05-19T20:19:01.088741,33.49,0.0,0.0,0.0,0.0,1,0
2026-05-19T20:19:04.162795,36.09,0.0,0.0,0.0,0.0,1,0
2026-05-19T20:19:07.336495,65.28,0.0,0.0,0.0,0.0,1,0
2026-05-19T20:19:10.408740,11.47,0.0,0.0,0.0,0.0,1,0
2026-05-19T20:19:13.448721,5.25,0.0,0.0,0.0,0.0,1,0
2026-05-19T20:19:16.490061,12.74,0.0,0.0,0.0,0.0,1,0
2026-05-19T20:19:19.527895,20.6,0.0,0.0,0.0,0.0,1,0
2026-05-19T20:19:22.572105,50.02,0.0,0.0,0.0,0.0,1,0
2026-05-19T20:19:25.667769,22.38,0.0,0.0,0.0,0.0,1,0
2026-05-19T20:19:28.736554,59.66,0.0,0.0,0.0,0.0,1,0
2026-05-19T20:19:31.808997,37.19,0.0,0.0,0.0,0.0,1,0
2026-05-19T20:19:34.880597,38.11,0.0,0.0,0.0,0.0,1,0
2026-05-19T20:19:37.953005,34.23,0.0,0.0,0.0,0.0,1,0
2026-05-19T20:19:41.026812,10.55,0.0,0.0,0.0,0.0,1,0
2026-05-19T20:19:44.097646,110.34,0.0,0.0,0.0,0.0,1,0
2026-05-19T20:19:47.169399,33.72,0.0,0.0,0.0,0.0,1,0
2026-05-19T20:19:50.241070,33.07,0.0,0.0,0.0,0.0,1,0
2026-05-19T20:19:53.296906,65.17,0.0,0.0,0.0,0.0,1,0
2026-05-19T20:19:56.487997,60.92,0.0,0.0,0.0,0.0,1,0
2026-05-19T20:19:59.527863,4.49,0.0,0.0,0.0,0.0,1,0
2026-05-19T20:20:02.572023,14.42,0.0,0.0,0.0,0.0,1,0
2026-05-19T20:20:05.613381,32.42,0.0,0.0,0.0,0.0,1,0
2026-05-19T20:20:08.672338,26.98,0.0,0.0,0.0,0.0,1,0
2026-05-19T20:20:11.711729,28.66,0.0,0.0,0.0,0.0,1,0
2026-05-19T20:20:14.817821,23.83,0.0,0.0,0.0,0.0,1,0
2026-05-19T20:20:17.888044,81.92,0.0,0.0,0.0,0.0,1,0
2026-05-19T20:20:20.962626,34.36,0.0,0.0,0.0,0.0,1,0
2026-05-19T20:20:24.134618,82.25,0.0,0.0,0.0,0.0,1,0
2026-05-19T20:20:27.310300,61.5,0.0,0.0,0.0,0.0,1,0
2026-05-19T20:20:30.381322,13.04,0.0,0.0,0.0,0.0,1,0
2026-05-19T20:20:33.453643,33.01,0.0,0.0,0.0,0.0,1,0
2026-05-19T20:20:36.495599,5.04,0.0,0.0,0.0,0.0,1,0
2026-05-19T20:20:39.539758,13.54,0.0,0.0,0.0,0.0,1,0
2026-05-19T20:20:42.581960,14.46,0.0,0.0,0.0,0.0,1,0
2026-05-19T20:20:45.625277,27.14,0.0,0.0,0.0,0.0,1,0
2026-05-19T20:20:48.711357,14.15,0.0,0.0,0.0,0.0,1,0
2026-05-19T20:20:51.785534,13.46,0.0,0.0,0.0,0.0,1,0
2026-05-19T20:20:54.826892,5.31,0.0,0.0,0.0,0.0,1,0
2026-05-19T20:20:57.929083,26.89,0.0,0.0,0.0,0.0,1,0
2026-05-19T20:21:00.998626,43.6,0.0,0.0,0.0,0.0,1,0
2026-05-19T20:21:04.073134,39.63,0.0,0.0,0.0,0.0,1,0
2026-05-19T20:21:07.144643,33.72,0.0,0.0,0.0,0.0,1,0
2026-05-19T20:21:10.218331,32.5,0.0,0.0,0.0,0.0,1,0
2026-05-19T20:21:13.287971,85.49,0.0,0.0,0.0,0.0,1,0
2026-05-19T20:21:16.359634,56.8,0.0,0.0,0.0,0.0,1,0
2026-05-19T20:21:19.547761,61.67,0.0,0.0,0.0,0.0,1,0
2026-05-19T20:21:22.591667,20.76,0.0,0.0,0.0,0.0,1,0
2026-05-19T20:21:25.633095,8.94,0.0,0.0,0.0,0.0,1,0
2026-05-19T20:21:28.749911,29.25,0.0,0.0,0.0,0.0,1,0
2026-05-19T20:21:31.827045,36.5,0.0,0.0,0.0,0.0,1,0
2026-05-19T20:21:34.900952,61.1,0.0,0.0,0.0,0.0,1,0
2026-05-19T20:21:37.968549,57.02,0.0,0.0,0.0,0.0,1,0
2026-05-19T20:21:41.038787,28.77,0.0,0.0,0.0,0.0,1,0
2026-05-19T20:21:44.110281,58.8,0.0,0.0,0.0,0.0,1,0
2026-05-19T20:21:47.181334,36.67,0.0,0.0,0.0,0.0,1,0
2026-05-19T20:21:50.356497,35.82,0.0,0.0,0.0,0.0,1,0
2026-05-19T20:21:53.397770,74.45,0.0,0.0,0.0,0.0,1,0
2026-05-19T20:21:56.503244,31.33,0.0,0.0,0.0,0.0,1,0
2026-05-19T20:21:59.613108,20.67,0.0,0.0,0.0,0.0,1,0
2026-05-19T20:22:02.655141,14.68,0.0,0.0,0.0,0.0,1,0
2026-05-19T20:22:05.696448,4.83,0.0,0.0,0.0,0.0,1,0
2026-05-19T20:22:08.787775,18.78,0.0,0.0,0.0,0.0,1,0
2026-05-19T20:22:11.830584,52.36,0.0,0.0,0.0,0.0,1,0
2026-05-19T20:22:14.932654,32.91,0.0,0.0,0.0,0.0,1,0
2026-05-19T20:22:17.979981,51.05,0.0,0.0,0.0,0.0,1,0
2026-05-19T20:22:21.077500,42.18,0.0,0.0,0.0,0.0,1,0
2026-05-19T20:22:24.148247,20.31,0.0,0.0,0.0,0.0,1,0
2026-05-19T20:22:27.222156,36.74,0.0,0.0,0.0,0.0,1,0
2026-05-19T20:22:30.291569,18.12,0.0,0.0,0.0,0.0,1,0
2026-05-19T20:22:33.333839,53.14,0.0,0.0,0.0,0.0,1,0
2026-05-19T20:22:36.538588,83.33,0.0,0.0,0.0,0.0,1,0
2026-05-19T20:22:39.610128,13.71,0.0,0.0,0.0,0.0,1,0
2026-05-19T20:22:42.650096,28.95,0.0,0.0,0.0,0.0,1,0
2026-05-19T20:22:45.731728,24.25,0.0,0.0,0.0,0.0,1,0
2026-05-19T20:22:48.827214,20.69,0.0,0.0,0.0,0.0,1,0
2026-05-19T20:22:51.869247,30.46,0.0,0.0,0.0,0.0,1,0
2026-05-19T20:22:54.970675,29.51,0.0,0.0,0.0,0.0,1,0
2026-05-19T20:22:58.045614,35.66,0.0,0.0,0.0,0.0,1,0
2026-05-19T20:23:01.115301,29.98,0.0,0.0,0.0,0.0,1,0
2026-05-19T20:23:04.156646,28.64,0.0,0.0,0.0,0.0,1,0
2026-05-19T20:23:07.267021,18.19,0.0,0.0,0.0,0.0,1,0
2026-05-19T20:23:10.329608,8.35,0.0,0.0,0.0,0.0,1,0
2026-05-19T20:23:13.369397,25.09,0.0,0.0,0.0,0.0,1,0
2026-05-19T20:23:16.475100,31.74,0.0,0.0,0.0,0.0,1,0
2026-05-19T20:23:19.547401,27.7,0.0,0.0,0.0,0.0,1,0
2026-05-19T20:23:22.587960,4.45,0.0,0.0,0.0,0.0,1,0
2026-05-19T20:23:25.690719,21.03,0.0,0.0,0.0,0.0,1,0
2026-05-19T20:23:28.763747,29.8,0.0,0.0,0.0,0.0,1,0
2026-05-19T20:23:31.812121,5.01,0.0,0.0,0.0,0.0,1,0
2026-05-19T20:23:34.842157,7.0,0.0,0.0,0.0,0.0,1,0
2026-05-19T20:23:37.887190,19.99,0.0,0.0,0.0,0.0,1,0
2026-05-19T20:23:40.934382,20.99,0.0,0.0,0.0,0.0,1,0
2026-05-19T20:23:44.020745,44.52,0.0,0.0,0.0,0.0,1,0
2026-05-19T20:23:47.069105,50.69,0.0,0.0,0.0,0.0,1,0
2026-05-19T20:23:50.168051,55.42,0.0,0.0,0.0,0.0,1,0
2026-05-19T20:23:53.235638,58.63,0.0,0.0,0.0,0.0,1,0
2026-05-19T20:23:56.307124,34.02,0.0,0.0,0.0,0.0,1,0
2026-05-19T20:23:59.380195,34.77,0.0,0.0,0.0,0.0,1,0
2026-05-19T20:24:02.452599,60.8,0.0,0.0,0.0,0.0,1,0
2026-05-19T20:24:05.529940,36.37,0.0,0.0,0.0,0.0,1,0
2026-05-19T20:24:08.598106,31.76,0.0,0.0,0.0,0.0,1,0
2026-05-19T20:24:11.669055,35.35,0.0,0.0,0.0,0.0,1,0
2026-05-19T20:24:14.713182,54.26,0.0,0.0,0.0,0.0,1,0
2026-05-19T20:24:17.814514,27.39,0.0,0.0,0.0,0.0,1,0
2026-05-19T20:24:20.883994,34.34,0.0,0.0,0.0,0.0,1,0
2026-05-19T20:24:23.929075,5.59,0.0,0.0,0.0,0.0,1,0
2026-05-19T20:24:27.032769,19.13,0.0,0.0,0.0,0.0,1,0
2026-05-19T20:24:30.099006,50.44,0.0,0.0,0.0,0.0,1,0
2026-05-19T20:24:33.275765,61.65,0.0,0.0,0.0,0.0,1,0
2026-05-19T20:24:36.347419,60.03,0.0,0.0,0.0,0.0,1,0
2026-05-19T20:24:39.417581,33.05,0.0,0.0,0.0,0.0,1,0
2026-05-19T20:24:42.492875,35.71,0.0,0.0,0.0,0.0,1,0
2026-05-19T20:24:45.534027,25.82,0.0,0.0,0.0,0.0,1,0
2026-05-19T20:24:48.602958,24.43,0.0,0.0,0.0,0.0,1,0
2026-05-19T20:24:51.705633,32.14,0.0,0.0,0.0,0.0,1,0
2026-05-19T20:24:54.731435,35.31,0.0,0.0,0.0,0.0,1,0
2026-05-19T20:24:57.850302,41.23,0.0,0.0,0.0,0.0,1,0
2026-05-19T20:25:00.924295,49.49,0.0,0.0,0.0,0.0,1,0
2026-05-19T20:25:03.969870,29.92,0.0,0.0,0.0,0.0,1,0
2026-05-19T20:25:07.168867,47.39,0.0,0.0,0.0,0.0,1,0
2026-05-19T20:25:10.214442,23.66,0.0,0.0,0.0,0.0,1,0
2026-05-19T20:25:13.295182,37.02,0.0,0.0,0.0,0.0,1,0
2026-05-19T20:25:16.387576,45.55,0.0,0.0,0.0,0.0,1,0
2026-05-19T20:25:19.458478,59.26,0.0,0.0,0.0,0.0,1,0
2026-05-19T20:25:22.502560,51.06,0.0,0.0,0.0,0.0,1,0
2026-05-19T20:25:25.601153,29.01,0.0,0.0,0.0,0.0,1,0
2026-05-19T20:25:28.674108,32.27,0.0,0.0,0.0,0.0,1,0
2026-05-19T20:25:31.847826,92.24,0.0,0.0,0.0,0.0,1,0
2026-05-19T20:25:34.888675,27.54,0.0,0.0,0.0,0.0,1,0
2026-05-19T20:25:37.933004,17.07,0.0,0.0,0.0,0.0,1,0
2026-05-19T20:25:41.065952,42.13,0.0,0.0,0.0,0.0,1,0
2026-05-19T20:25:44.113462,2.73,0.0,0.0,0.0,0.0,1,0
2026-05-19T20:25:47.206940,18.58,0.0,0.0,0.0,0.0,1,0
2026-05-19T20:25:50.248922,14.95,0.0,0.0,0.0,0.0,1,0
2026-05-19T20:25:53.293777,13.27,0.0,0.0,0.0,0.0,1,0
2026-05-19T20:25:56.333801,13.75,0.0,0.0,0.0,0.0,1,0
2026-05-19T20:25:59.376663,3.3,0.0,0.0,0.0,0.0,1,0
2026-05-19T20:26:02.465080,46.31,0.0,0.0,0.0,0.0,1,0
2026-05-19T20:26:05.508783,53.03,0.0,0.0,0.0,0.0,1,0
2026-05-19T20:26:08.553544,10.87,0.0,0.0,0.0,0.0,1,0
2026-05-19T20:26:11.679548,32.95,0.0,0.0,0.0,0.0,1,0
2026-05-19T20:26:14.751859,11.63,0.0,0.0,0.0,0.0,1,0
2026-05-19T20:26:17.824273,10.66,0.0,0.0,0.0,0.0,1,0
2026-05-19T20:26:20.894513,37.0,0.0,0.0,0.0,0.0,1,0
2026-05-19T20:26:23.970276,36.07,0.0,0.0,0.0,0.0,1,0
2026-05-19T20:26:27.013766,35.63,0.0,0.0,0.0,0.0,1,0
2026-05-19T20:26:30.070753,12.84,0.0,0.0,0.0,0.0,1,0
2026-05-19T20:26:33.182279,24.62,0.0,0.0,0.0,0.0,1,0
2026-05-19T20:26:36.221811,4.0,0.0,0.0,0.0,0.0,1,0
2026-05-19T20:26:39.244310,11.26,0.0,0.0,0.0,0.0,1,0
2026-05-19T20:26:42.296416,6.14,0.0,0.0,0.0,0.0,1,0
2026-05-19T20:26:45.335257,4.33,0.0,0.0,0.0,0.0,1,0
2026-05-19T20:26:48.373254,19.45,0.0,0.0,0.0,0.0,1,0
2026-05-19T20:26:51.512430,60.19,0.0,0.0,0.0,0.0,1,0
2026-05-19T20:26:54.583726,18.07,0.0,0.0,0.0,0.0,1,0
2026-05-19T20:26:57.624280,26.82,0.0,0.0,0.0,0.0,1,0
2026-05-19T20:27:00.727700,56.28,0.0,0.0,0.0,0.0,1,0
2026-05-19T20:27:03.801271,8.71,0.0,0.0,0.0,0.0,1,0
2026-05-19T20:27:06.839045,4.65,0.0,0.0,0.0,0.0,1,0
2026-05-19T20:27:09.879751,7.79,0.0,0.0,0.0,0.0,1,0
2026-05-19T20:27:13.024045,55.21,0.0,0.0,0.0,0.0,1,0
2026-05-19T20:27:16.089241,11.21,0.0,0.0,0.0,0.0,1,0
2026-05-19T20:27:19.156503,33.1,0.0,0.0,0.0,0.0,1,0
2026-05-19T20:27:22.197120,8.98,0.0,0.0,0.0,0.0,1,0
2026-05-19T20:27:25.238133,2.06,0.0,0.0,0.0,0.0,1,0
2026-05-19T20:27:28.294204,4.18,0.0,0.0,0.0,0.0,1,0
2026-05-19T20:27:31.348037,4.67,0.0,0.0,0.0,0.0,1,0
2026-05-19T20:27:34.418171,30.48,0.0,0.0,0.0,0.0,1,0
2026-05-19T20:27:37.490156,33.24,0.0,0.0,0.0,0.0,1,0
2026-05-19T20:27:40.562640,33.69,0.0,0.0,0.0,0.0,1,0
2026-05-19T20:27:43.636734,30.68,0.0,0.0,0.0,0.0,1,0
2026-05-19T20:27:46.811128,84.92,0.0,0.0,0.0,0.0,1,0
2026-05-19T20:27:49.881661,31.34,0.0,0.0,0.0,0.0,1,0
2026-05-19T20:27:52.952536,34.55,0.0,0.0,0.0,0.0,1,0
2026-05-19T20:27:56.128264,82.41,0.0,0.0,0.0,0.0,1,0
2026-05-19T20:27:59.168790,27.51,0.0,0.0,0.0,0.0,1,0
2026-05-19T20:28:02.210849,12.13,0.0,0.0,0.0,0.0,1,0
2026-05-19T20:28:05.341425,34.08,0.0,0.0,0.0,0.0,1,0
2026-05-19T20:28:08.394782,23.9,0.0,0.0,0.0,0.0,1,0
2026-05-19T20:28:11.488011,50.48,0.0,0.0,0.0,0.0,1,0
2026-05-19T20:28:14.561119,45.4,0.0,0.0,0.0,0.0,1,0
2026-05-19T20:28:17.602969,76.75,0.0,0.0,0.0,0.0,1,0
2026-05-19T20:28:20.649871,30.12,0.0,0.0,0.0,0.0,1,0
2026-05-19T20:28:23.691015,2.1,0.0,0.0,0.0,0.0,1,0
2026-05-19T20:28:26.744842,29.21,0.0,0.0,0.0,0.0,1,0
2026-05-19T20:28:29.842291,9.65,0.0,0.0,0.0,0.0,1,0
2026-05-19T20:28:32.888497,40.36,0.0,0.0,0.0,0.0,1,0
2026-05-19T20:28:35.963377,28.63,0.0,0.0,0.0,0.0,1,0
2026-05-19T20:28:39.032865,56.01,0.0,0.0,0.0,0.0,1,0
2026-05-19T20:28:42.105898,34.23,0.0,0.0,0.0,0.0,1,0
2026-05-19T20:28:45.174433,33.98,0.0,0.0,0.0,0.0,1,0
2026-05-19T20:28:48.249092,36.58,0.0,0.0,0.0,0.0,1,0
2026-05-19T20:28:51.291192,24.24,0.0,0.0,0.0,0.0,1,0
2026-05-19T20:28:54.332468,2.1,0.0,0.0,0.0,0.0,1,0
2026-05-19T20:28:57.373173,2.54,0.0,0.0,0.0,0.0,1,0
2026-05-19T20:29:00.421791,27.03,0.0,0.0,0.0,0.0,1,0
2026-05-19T20:29:03.506345,71.55,0.0,0.0,0.0,0.0,1,0
2026-05-19T20:29:06.565109,31.58,0.0,0.0,0.0,0.0,1,0
2026-05-19T20:29:09.631056,15.7,0.0,0.0,0.0,0.0,1,0
2026-05-19T20:29:12.712911,24.59,0.0,0.0,0.0,0.0,1,0
2026-05-19T20:29:15.752463,2.13,0.0,0.0,0.0,0.0,1,0
2026-05-19T20:29:18.793249,1.81,0.0,0.0,0.0,0.0,1,0
2026-05-19T20:29:21.835643,1.87,0.0,0.0,0.0,0.0,1,0
2026-05-19T20:29:24.877253,2.41,0.0,0.0,0.0,0.0,1,0
2026-05-19T20:29:27.920760,2.41,0.0,0.0,0.0,0.0,1,0
2026-05-19T20:29:31.053599,39.3,0.0,0.0,0.0,0.0,1,0
2026-05-19T20:29:34.084412,31.89,0.0,0.0,0.0,0.0,1,0
2026-05-19T20:29:37.194530,35.65,0.0,0.0,0.0,0.0,1,0
2026-05-19T20:29:40.220543,1.98,0.0,0.0,0.0,0.0,1,0
2026-05-19T20:29:43.262801,9.64,0.0,0.0,0.0,0.0,1,0
2026-05-19T20:29:46.286703,28.12,0.0,0.0,0.0,0.0,1,0
2026-05-19T20:29:49.310215,1.92,0.0,0.0,0.0,0.0,1,0
2026-05-19T20:29:52.349124,1.99,0.0,0.0,0.0,0.0,1,0
2026-05-19T20:29:55.392343,2.02,0.0,0.0,0.0,0.0,1,0
2026-05-19T20:29:58.421550,2.19,0.0,0.0,0.0,0.0,1,0
2026-05-19T20:30:01.445985,1.94,0.0,0.0,0.0,0.0,1,0
2026-05-19T20:30:04.472669,13.46,0.0,0.0,0.0,0.0,1,0
2026-05-19T20:30:07.520161,19.58,0.0,0.0,0.0,0.0,1,0
2026-05-19T20:30:10.563365,9.0,0.0,0.0,0.0,0.0,1,0
2026-05-19T20:30:13.652532,41.01,0.0,0.0,0.0,0.0,1,0
2026-05-19T20:30:16.727029,44.95,0.0,0.0,0.0,0.0,1,0
2026-05-19T20:30:19.795819,57.0,0.0,0.0,0.0,0.0,1,0
2026-05-19T20:30:22.863996,32.99,0.0,0.0,0.0,0.0,1,0
2026-05-19T20:30:25.938083,35.28,0.0,0.0,0.0,0.0,1,0
2026-05-19T20:30:28.977550,17.25,0.0,0.0,0.0,0.0,1,0
2026-05-19T20:30:32.017173,8.76,0.0,0.0,0.0,0.0,1,0
2026-05-19T20:30:35.062835,1.87,0.0,0.0,0.0,0.0,1,0
2026-05-19T20:30:38.104211,1.89,0.0,0.0,0.0,0.0,1,0
2026-05-19T20:30:41.150119,1.95,0.0,0.0,0.0,0.0,1,0
2026-05-19T20:30:44.191113,1.85,0.0,0.0,0.0,0.0,1,0
2026-05-19T20:30:47.234380,1.93,0.0,0.0,0.0,0.0,1,0
2026-05-19T20:30:50.309929,13.83,0.0,0.0,0.0,0.0,1,0
2026-05-19T20:30:53.349813,12.15,0.0,0.0,0.0,0.0,1,0
2026-05-19T20:30:56.388793,1.88,0.0,0.0,0.0,0.0,1,0
2026-05-19T20:30:59.433502,12.98,0.0,0.0,0.0,0.0,1,0
2026-05-19T20:31:02.472871,2.04,0.0,0.0,0.0,0.0,1,0
2026-05-19T20:31:05.513458,1.72,0.0,0.0,0.0,0.0,1,0
2026-05-19T20:31:08.553947,2.11,0.0,0.0,0.0,0.0,1,0
2026-05-19T20:31:11.608415,5.53,0.0,0.0,0.0,0.0,1,0
2026-05-19T20:31:14.679167,11.18,0.0,0.0,0.0,0.0,1,0
2026-05-19T20:31:17.719067,26.94,0.0,0.0,0.0,0.0,1,0
2026-05-19T20:31:20.928145,60.55,0.0,0.0,0.0,0.0,1,0
2026-05-19T20:31:24.001189,45.19,0.0,0.0,0.0,0.0,1,0
2026-05-19T20:31:27.070926,55.9,0.0,0.0,0.0,0.0,1,0
2026-05-19T20:31:30.141568,33.7,0.0,0.0,0.0,0.0,1,0
2026-05-19T20:31:33.218531,29.24,0.0,0.0,0.0,0.0,1,0
2026-05-19T20:31:36.291738,38.39,0.0,0.0,0.0,0.0,1,0
2026-05-19T20:31:39.356710,27.95,0.0,0.0,0.0,0.0,1,0
2026-05-19T20:31:42.430060,27.37,0.0,0.0,0.0,0.0,1,0
2026-05-19T20:31:45.505670,15.96,0.0,0.0,0.0,0.0,1,0
2026-05-19T20:31:48.555568,6.8,0.0,0.0,0.0,0.0,1,0
2026-05-19T20:31:51.597334,28.97,0.0,0.0,0.0,0.0,1,0
2026-05-19T20:31:54.622138,2.06,0.0,0.0,0.0,0.0,1,0
2026-05-19T20:31:57.665155,47.97,0.0,0.0,0.0,0.0,1,0
2026-05-19T20:32:00.759624,25.08,0.0,0.0,0.0,0.0,1,0
2026-05-19T20:32:03.832911,35.64,0.0,0.0,0.0,0.0,1,0
2026-05-19T20:32:06.904387,34.8,0.0,0.0,0.0,0.0,1,0
2026-05-19T20:32:09.925563,8.76,0.0,0.0,0.0,0.0,1,0
2026-05-19T20:32:12.961239,27.21,0.0,0.0,0.0,0.0,1,0
2026-05-19T20:32:16.019798,25.27,0.0,0.0,0.0,0.0,1,0
2026-05-19T20:32:19.057279,26.39,0.0,0.0,0.0,0.0,1,0
2026-05-19T20:32:22.096535,6.8,0.0,0.0,0.0,0.0,1,0
2026-05-19T20:32:25.233229,45.67,0.0,0.0,0.0,0.0,1,0
2026-05-19T20:32:28.298114,70.91,0.0,0.0,0.0,0.0,1,0
2026-05-19T20:32:31.338636,55.3,0.0,0.0,0.0,0.0,1,0
2026-05-19T20:32:34.449474,28.02,0.0,0.0,0.0,0.0,1,0
2026-05-19T20:32:37.522633,16.76,0.0,0.0,0.0,0.0,1,0
2026-05-19T20:32:40.562589,4.62,0.0,0.0,0.0,0.0,1,0
2026-05-19T20:32:43.600691,7.82,0.0,0.0,0.0,0.0,1,0
2026-05-19T20:32:46.645334,20.65,0.0,0.0,0.0,0.0,1,0
2026-05-19T20:32:49.707932,8.12,0.0,0.0,0.0,0.0,1,0
2026-05-19T20:32:52.781021,54.42,0.0,0.0,0.0,0.0,1,0
2026-05-19T20:32:55.831377,52.88,0.0,0.0,0.0,0.0,1,0
2026-05-19T20:32:58.923425,20.01,0.0,0.0,0.0,0.0,1,0
2026-05-19T20:33:01.995780,37.98,0.0,0.0,0.0,0.0,1,0
2026-05-19T20:33:05.069713,39.41,0.0,0.0,0.0,0.0,1,0
2026-05-19T20:33:08.112389,26.65,0.0,0.0,0.0,0.0,1,0
2026-05-19T20:33:11.156638,11.83,0.0,0.0,0.0,0.0,1,0
2026-05-19T20:33:14.198834,29.92,0.0,0.0,0.0,0.0,1,0
2026-05-19T20:33:17.255100,46.08,0.0,0.0,0.0,0.0,1,0
2026-05-19T20:33:20.329617,35.79,0.0,0.0,0.0,0.0,1,0
2026-05-19T20:33:23.501225,50.39,0.0,0.0,0.0,0.0,1,0
2026-05-19T20:33:26.570546,23.28,0.0,0.0,0.0,0.0,1,0
2026-05-19T20:33:29.617037,3.21,0.0,0.0,0.0,0.0,1,0
2026-05-19T20:33:32.658046,34.19,0.0,0.0,0.0,0.0,1,0
2026-05-19T20:33:35.701157,13.59,0.0,0.0,0.0,0.0,1,0
2026-05-19T20:33:38.750146,26.68,0.0,0.0,0.0,0.0,1,0
2026-05-19T20:33:41.832838,20.6,0.0,0.0,0.0,0.0,1,0
2026-05-19T20:33:44.901855,57.16,0.0,0.0,0.0,0.0,1,0
2026-05-19T20:33:47.973494,38.2,0.0,0.0,0.0,0.0,1,0
2026-05-19T20:33:51.046622,59.19,0.0,0.0,0.0,0.0,1,0
2026-05-19T20:33:54.090831,25.76,0.0,0.0,0.0,0.0,1,0
2026-05-19T20:33:57.130049,11.97,0.0,0.0,0.0,0.0,1,0
2026-05-19T20:34:00.262803,58.7,0.0,0.0,0.0,0.0,1,0
2026-05-19T20:34:03.305845,51.34,0.0,0.0,0.0,0.0,1,0
2026-05-19T20:34:06.405710,20.23,0.0,0.0,0.0,0.0,1,0
2026-05-19T20:34:09.478624,37.03,0.0,0.0,0.0,0.0,1,0
2026-05-19T20:34:12.549736,32.4,0.0,0.0,0.0,0.0,1,0
2026-05-19T20:34:15.622669,59.61,0.0,0.0,0.0,0.0,1,0
2026-05-19T20:34:18.716989,28.0,0.0,0.0,0.0,0.0,1,0
2026-05-19T20:34:21.769936,21.2,0.0,0.0,0.0,0.0,1,0
2026-05-19T20:34:24.813049,30.05,0.0,0.0,0.0,0.0,1,0
2026-05-19T20:34:27.887409,21.64,0.0,0.0,0.0,0.0,1,0
2026-05-19T20:34:30.928877,14.55,0.0,0.0,0.0,0.0,1,0
2026-05-19T20:34:34.052734,48.74,0.0,0.0,0.0,0.0,1,0
2026-05-19T20:34:37.125772,10.69,0.0,0.0,0.0,0.0,1,0
2026-05-19T20:34:40.197390,42.18,0.0,0.0,0.0,0.0,1,0
2026-05-19T20:34:43.269841,75.39,0.0,0.0,0.0,0.0,1,0
2026-05-19T20:34:46.341319,49.37,0.0,0.0,0.0,0.0,1,0
2026-05-19T20:34:49.414113,41.62,0.0,0.0,0.0,0.0,1,0
2026-05-19T20:34:52.487478,74.93,0.0,0.0,0.0,0.0,1,0
2026-05-19T20:34:55.557017,49.44,0.0,0.0,0.0,0.0,1,0
2026-05-19T20:34:58.628805,43.04,0.0,0.0,0.0,0.0,1,0
2026-05-19T20:35:01.700983,26.33,0.0,0.0,0.0,0.0,1,0
2026-05-19T20:35:04.763794,24.09,0.0,0.0,0.0,0.0,1,0
2026-05-19T20:35:07.844514,23.3,0.0,0.0,0.0,0.0,1,0
2026-05-19T20:35:10.866017,9.98,0.0,0.0,0.0,0.0,1,0
2026-05-19T20:35:13.989158,69.11,0.0,0.0,0.0,0.0,1,0
2026-05-19T20:35:17.065793,29.03,0.0,0.0,0.0,0.0,1,0
2026-05-19T20:35:20.133863,73.7,0.0,0.0,0.0,0.0,1,0
2026-05-19T20:35:23.154744,6.92,0.0,0.0,0.0,0.0,1,0
2026-05-19T20:35:26.277917,28.91,0.0,0.0,0.0,0.0,1,0
2026-05-19T20:35:29.297404,4.87,0.0,0.0,0.0,0.0,1,0
2026-05-19T20:35:32.422555,64.22,0.0,0.0,0.0,0.0,1,0
2026-05-19T20:35:35.493626,50.8,0.0,0.0,0.0,0.0,1,0
2026-05-19T20:35:38.564593,50.12,0.0,0.0,0.0,0.0,1,0
2026-05-19T20:35:41.638942,49.0,0.0,0.0,0.0,0.0,1,0
2026-05-19T20:35:44.710712,21.59,0.0,0.0,0.0,0.0,1,0
2026-05-19T20:35:47.781768,42.03,0.0,0.0,0.0,0.0,1,0
2026-05-19T20:35:54.795944,6.06,0.0,0.0,0.0,25.0,0,0
2026-05-19T20:36:01.887836,0.0,0.0,0.0,0.0,100.0,0,0
2026-05-19T20:36:08.959941,0.0,0.0,0.0,0.0,100.0,0,0
2026-05-19T20:36:15.998809,0.0,0.0,0.0,0.0,100.0,0,0
2026-05-19T20:36:20.096270,0.0,0.0,0.0,0.0,100.0,0,0
2026-05-19T20:36:26.167876,0.0,0.0,0.0,0.0,100.0,0,0
2026-05-19T20:36:30.235958,0.0,0.0,0.0,0.0,100.0,0,0
2026-05-19T20:36:36.315775,0.0,0.0,0.0,0.0,100.0,0,0
2026-05-19T20:36:40.380156,0.0,0.0,0.0,0.0,100.0,0,0
2026-05-19T20:36:46.455757,0.0,0.0,0.0,0.0,100.0,0,0
2026-05-19T20:36:50.524200,0.0,0.0,0.0,0.0,100.0,0,0
2026-05-19T20:36:56.603815,0.0,0.0,0.0,0.0,100.0,0,0
2026-05-19T20:37:00.667962,0.0,0.0,0.0,0.0,100.0,0,0
2026-05-19T20:37:06.744739,0.0,0.0,0.0,0.0,100.0,0,0
2026-05-19T20:37:10.812033,0.0,0.0,0.0,0.0,100.0,0,0
2026-05-19T20:37:16.955933,0.0,0.0,0.0,0.0,100.0,0,0
2026-05-19T20:37:23.100260,0.0,0.0,0.0,0.0,100.0,0,0
2026-05-19T20:37:29.244627,0.0,0.0,0.0,0.0,100.0,0,0
2026-05-20T07:28:48.039935,0.0,0.0,0.0,0.0,100.0,0,0
2026-05-20T07:28:55.117690,0.0,0.0,0.0,0.0,100.0,0,0
2026-05-20T07:29:02.221239,0.0,0.0,0.0,0.0,100.0,0,0
2026-05-20T07:29:09.319935,0.0,0.0,0.0,0.0,100.0,0,0
2026-05-20T07:29:16.466523,0.0,0.0,0.0,0.0,100.0,0,0
2026-05-20T07:29:23.591938,0.0,0.0,0.0,0.0,100.0,0,0
2026-05-20T07:29:30.722046,0.0,0.0,0.0,0.0,100.0,0,0
2026-05-20T07:29:37.936996,0.0,0.0,0.0,0.0,100.0,0,0
2026-05-20T07:29:45.065059,0.0,0.0,0.0,0.0,100.0,0,0
2026-05-20T07:29:52.172690,0.0,0.0,0.0,0.0,100.0,0,0
2026-05-20T07:29:59.320261,0.0,0.0,0.0,0.0,100.0,0,0
2026-05-20T07:30:06.536968,0.0,0.0,0.0,0.0,100.0,0,0
2026-05-20T07:30:13.743845,0.0,0.0,0.0,0.0,100.0,0,0
2026-05-20T07:30:20.935961,0.0,0.0,0.0,0.0,100.0,0,0
2026-05-20T07:30:28.104132,0.0,0.0,0.0,0.0,100.0,0,0
2026-05-20T07:30:35.308562,0.0,0.0,0.0,0.0,100.0,0,0
2026-05-20T07:30:42.503986,0.0,0.0,0.0,0.0,100.0,0,0
2026-05-20T07:30:49.671935,0.0,0.0,0.0,0.0,100.0,0,0
2026-05-20T07:30:56.840067,0.0,0.0,0.0,0.0,100.0,0,0
2026-05-20T07:31:04.009133,0.0,0.0,0.0,0.0,100.0,0,0
2026-05-20T07:31:11.207911,0.0,0.0,0.0,0.0,100.0,0,0
2026-05-20T07:31:18.412693,0.0,0.0,0.0,0.0,100.0,0,0
2026-05-20T07:31:25.580124,0.0,0.0,0.0,0.0,100.0,0,0
2026-05-20T07:31:32.778914,0.0,0.0,0.0,0.0,100.0,0,0
2026-05-20T07:31:39.977189,0.0,0.0,0.0,0.0,100.0,0,0
2026-05-20T07:31:47.144212,0.0,0.0,0.0,0.0,100.0,0,0
2026-05-20T07:31:54.343977,0.0,0.0,0.0,0.0,100.0,0,0
2026-05-20T07:32:01.544097,0.0,0.0,0.0,0.0,100.0,0,0
2026-05-20T07:32:08.679991,0.0,0.0,0.0,0.0,100.0,0,0
2026-05-20T07:32:15.913360,0.0,0.0,0.0,0.0,100.0,0,0
2026-05-20T07:32:23.080053,0.0,0.0,0.0,0.0,100.0,0,0
2026-05-20T07:32:30.251989,0.0,0.0,0.0,0.0,100.0,0,0
2026-05-20T07:32:37.415836,0.0,0.0,0.0,0.0,100.0,0,0
2026-05-20T07:32:44.554675,0.0,0.0,0.0,0.0,100.0,0,0
2026-05-20T07:32:51.720245,0.0,0.0,0.0,0.0,100.0,0,0
2026-05-20T07:32:58.952259,0.0,0.0,0.0,0.0,100.0,0,0
2026-05-20T07:33:06.159934,0.0,0.0,0.0,0.0,100.0,0,0
2026-05-20T07:51:13.927970,0.0,0.0,0.0,0.0,100.0,0,0
2026-05-20T07:51:21.037494,0.0,0.0,0.0,0.0,100.0,0,0
2026-05-20T07:51:28.141105,0.0,0.0,0.0,0.0,100.0,0,0
2026-05-20T07:51:35.240528,0.0,0.0,0.0,0.0,100.0,0,0
2026-05-20T07:51:42.383985,0.0,0.0,0.0,0.0,100.0,0,0
2026-05-20T07:51:49.543504,0.0,0.0,0.0,0.0,100.0,0,0
2026-05-20T07:51:56.690063,0.0,0.0,0.0,0.0,100.0,0,0
2026-05-20T07:52:03.861886,0.0,0.0,0.0,0.0,100.0,0,0
2026-05-20T07:52:10.999238,0.0,0.0,0.0,0.0,100.0,0,0
2026-05-20T07:52:18.131120,0.0,0.0,0.0,0.0,100.0,0,0
2026-05-20T07:52:25.271942,0.0,0.0,0.0,0.0,100.0,0,0
2026-05-20T07:52:32.434070,0.0,0.0,0.0,0.0,100.0,0,0
2026-05-20T07:52:39.568003,0.0,0.0,0.0,0.0,100.0,0,0
2026-05-20T08:43:42.795372,1.85,2923.88,2.8554,0.0,0.0,1,1
2026-05-20T08:43:45.841818,1.9,2929.75,2.8611,0.0,0.0,1,1
2026-05-20T08:43:48.908996,1.91,3052.07,2.9805,0.0,0.0,1,1
2026-05-20T08:43:51.971918,1.87,2060.2,2.0119,0.0,0.0,1,1
2026-05-20T08:43:55.029780,1.93,3110.64,3.0377,0.0,0.0,1,1
2026-05-20T08:43:58.086911,1.84,3148.29,3.0745,0.0,0.0,1,1
2026-05-20T08:44:01.144901,1.88,3082.63,3.0104,0.0,0.0,1,1
2026-05-20T08:44:04.277756,1.91,3145.04,3.0713,0.0,0.0,1,1
2026-05-20T08:44:07.353939,1.93,673.24,0.6575,0.0,0.0,1,1
2026-05-20T08:44:10.563054,2.71,3140.33,3.0667,0.0,0.0,1,1
2026-05-20T08:44:13.685538,4.07,1372.03,1.3399,0.0,0.0,1,1
2026-05-20T08:44:16.844616,2.57,1237.17,1.2082,0.0,0.0,1,1
2026-05-20T08:44:20.032555,2.04,1438.38,1.4047,0.0,0.0,1,1
2026-05-20T08:44:23.177091,2.7,2740.93,2.6767,0.0,0.0,1,1
2026-05-20T08:44:26.280336,3.07,1818.18,1.7756,0.0,0.0,1,1
2026-05-20T08:44:28.303102,3.54,639.79,0.6248,0.0,0.0,1,1
2026-05-20T09:25:59.793210,1.93,2903.39,2.8353,0.0,0.0,1,1
2026-05-20T09:26:02.849455,1.84,3188.98,3.1142,0.0,0.0,1,1
2026-05-20T09:26:05.949763,1.84,2833.75,2.7673,0.0,0.0,1,1
2026-05-20T09:26:09.047421,1.87,273.37,0.267,0.0,0.0,1,1
2026-05-20T09:26:12.110588,1.86,3298.06,3.2208,0.0,0.0,1,1
2026-05-20T09:26:15.204901,1.81,448.48,0.438,0.0,0.0,1,1
2026-05-20T09:26:18.276536,1.81,2235.62,2.1832,0.0,0.0,1,1
2026-05-20T09:26:21.344939,1.84,2626.57,2.565,0.0,0.0,1,1
2026-05-20T09:26:24.417535,1.8,2951.66,2.8825,0.0,0.0,1,1
2026-05-20T09:26:27.485875,1.96,1033.11,1.0089,0.0,0.0,1,1
2026-05-20T09:26:30.561276,1.88,3049.85,2.9784,0.0,0.0,1,1
2026-05-20T09:26:33.635435,1.94,627.41,0.6127,0.0,0.0,1,1
2026-05-20T09:26:36.736434,1.86,2665.59,2.6031,0.0,0.0,1,1
2026-05-20T09:26:39.817344,1.89,2746.76,2.6824,0.0,0.0,1,1
2026-05-20T09:26:42.885705,1.89,2540.46,2.4809,0.0,0.0,1,1
2026-05-20T09:26:45.969117,1.87,2294.16,2.2404,0.0,0.0,1,1
2026-05-20T09:26:49.033818,1.83,2868.64,2.8014,0.0,0.0,1,1
2026-05-20T09:26:52.122270,1.85,740.73,0.7234,0.0,0.0,1,1
2026-05-20T09:26:55.232333,1.85,2688.66,2.6256,0.0,0.0,1,1
2026-05-20T09:26:58.311200,1.88,633.6,0.6188,0.0,0.0,1,1
2026-05-20T09:27:01.380611,1.82,3124.54,3.0513,0.0,0.0,1,1
2026-05-20T09:27:04.472573,1.86,1076.84,1.0516,0.0,0.0,1,1
2026-05-20T09:27:07.536238,1.9,2875.52,2.8081,0.0,0.0,1,1
2026-05-20T09:27:10.608434,1.87,2972.84,2.9032,0.0,0.0,1,1
2026-05-20T09:27:13.676959,1.82,2840.71,2.7741,0.0,0.0,1,1
2026-05-20T09:27:16.753165,1.85,3293.85,3.2166,0.0,0.0,1,1
2026-05-20T09:27:19.827486,1.8,3229.49,3.1538,0.0,0.0,1,1
2026-05-20T09:27:22.907772,1.82,453.33,0.4427,0.0,0.0,1,1
2026-05-20T09:27:25.997249,1.92,3095.14,3.0226,0.0,0.0,1,1
2026-05-20T09:27:29.070648,1.77,742.85,0.7254,0.0,0.0,1,1
2026-05-20T09:27:32.144525,1.77,2869.86,2.8026,0.0,0.0,1,1
2026-05-20T09:27:35.210111,1.8,2946.47,2.8774,0.0,0.0,1,1
2026-05-20T09:27:38.296435,1.8,1189.16,1.1613,0.0,0.0,1,1
2026-05-20T09:27:41.380705,1.83,2528.59,2.4693,0.0,0.0,1,1
2026-05-20T09:27:44.456077,1.88,1374.62,1.3424,0.0,0.0,1,1
2026-05-20T09:27:47.521202,1.82,2810.72,2.7448,0.0,0.0,1,1
2026-05-20T09:27:49.600943,1.82,3132.71,3.0593,0.0,0.0,1,1
2026-05-20T09:30:27.753293,1.8,2779.07,2.7139,0.0,0.0,1,1
2026-05-20T09:30:30.814387,1.88,2204.92,2.1532,0.0,0.0,1,1
2026-05-20T09:30:33.876244,1.87,3216.18,3.1408,0.0,0.0,1,1
2026-05-20T09:30:36.936786,1.83,3098.0,3.0254,0.0,0.0,1,1
2026-05-20T09:30:39.995587,1.89,3312.38,3.2347,0.0,0.0,1,1
2026-05-20T09:30:43.059563,2.03,2833.75,2.7673,0.0,0.0,1,1
2026-05-20T09:30:46.142216,1.93,318.74,0.3113,0.0,0.0,1,1
2026-05-20T09:30:49.215327,1.9,2908.17,2.84,0.0,0.0,1,1
2026-05-20T09:30:52.277451,1.96,2958.94,2.8896,0.0,0.0,1,1
2026-05-20T09:30:55.336527,1.91,3117.28,3.0442,0.0,0.0,1,1
2026-05-20T09:30:58.411165,1.8,841.72,0.822,0.0,0.0,1,1
2026-05-20T09:31:01.470184,1.9,2916.51,2.8482,0.0,0.0,1,1
2026-05-20T09:31:04.561128,1.94,376.34,0.3675,0.0,0.0,1,1
2026-05-20T09:31:07.619188,1.88,2987.13,2.9171,0.0,0.0,1,1
2026-05-20T09:31:10.700569,1.85,552.75,0.5398,0.0,0.0,1,1
2026-05-20T09:31:13.759965,1.89,2968.37,2.8988,0.0,0.0,1,1
2026-05-20T09:31:16.827511,1.87,2232.05,2.1797,0.0,0.0,1,1
2026-05-20T09:31:19.895326,1.9,3104.3,3.0315,0.0,0.0,1,1
2026-05-20T09:31:22.966620,1.85,560.0,0.5469,0.0,0.0,1,1
2026-05-20T09:31:25.387956,1.8,3205.43,3.1303,0.0,0.0,1,1
2026-05-20T09:34:19.251654,1.87,2814.5,2.7485,0.0,0.0,1,1
2026-05-20T09:34:22.319220,1.89,377.14,0.3683,0.0,0.0,1,1
2026-05-20T09:34:25.418198,1.89,918.54,0.897,0.0,0.0,1,1
2026-05-20T09:34:28.475831,1.88,2812.61,2.7467,0.0,0.0,1,1
2026-05-20T09:34:31.531986,1.86,3349.08,3.2706,0.0,0.0,1,1
2026-05-20T09:34:34.615565,1.86,694.94,0.6787,0.0,0.0,1,1
2026-05-20T09:34:37.692019,1.86,3156.28,3.0823,0.0,0.0,1,1
2026-05-20T09:34:40.761283,1.84,1051.01,1.0264,0.0,0.0,1,1
2026-05-20T09:34:43.823177,1.84,3013.42,2.9428,0.0,0.0,1,1
2026-05-20T09:34:46.882756,1.89,2923.37,2.8549,0.0,0.0,1,1
2026-05-20T09:34:49.942007,1.86,3151.24,3.0774,0.0,0.0,1,1
2026-05-20T09:34:53.008226,1.86,2255.61,2.2027,0.0,0.0,1,1
2026-05-20T09:34:56.066513,1.83,3342.41,3.2641,0.0,0.0,1,1
2026-05-20T09:34:59.157088,1.89,324.55,0.3169,0.0,0.0,1,1
2026-05-20T09:35:02.247895,1.89,532.11,0.5196,0.0,0.0,1,1
2026-05-20T09:35:05.394946,1.94,615.34,0.6009,0.0,0.0,1,1
2026-05-20T09:35:08.532358,2.61,1529.51,1.4937,0.0,0.0,1,1
2026-05-20T09:35:11.726799,2.67,2959.21,2.8898,0.0,0.0,1,1
2026-05-20T09:35:14.865797,2.67,2845.28,2.7786,0.0,0.0,1,1
2026-05-20T09:35:17.993220,4.52,2577.74,2.5173,0.0,0.0,1,1
2026-05-20T09:35:21.239665,2.69,1296.39,1.266,0.0,0.0,1,1
2026-05-20T09:35:24.383423,1.88,2787.61,2.7223,0.0,0.0,1,1
2026-05-20T09:35:27.480839,4.33,1531.89,1.496,0.0,0.0,1,1
2026-05-20T09:35:30.737413,1.82,1361.62,1.3297,0.0,0.0,1,1
2026-05-20T09:35:33.836047,3.17,2606.98,2.5459,0.0,0.0,1,1
2026-05-20T09:35:36.964095,3.81,2876.75,2.8093,0.0,0.0,1,1
2026-05-20T09:35:40.138915,5.04,1217.59,1.1891,0.0,0.0,1,1
2026-05-20T09:35:43.274556,2.92,1088.48,1.063,0.0,0.0,1,1
2026-05-20T09:35:46.394348,4.98,896.63,0.8756,0.0,0.0,1,1
2026-05-20T09:35:49.499475,3.78,2468.87,2.411,0.0,0.0,1,1
2026-05-20T09:35:52.607128,2.99,3996.95,3.9033,0.0,0.0,1,1
2026-05-20T09:35:55.731006,5.16,1124.48,1.0981,0.0,0.0,1,1
2026-05-20T09:35:58.901032,2.96,1372.48,1.3403,0.0,0.0,1,1
2026-05-20T09:36:02.033149,2.96,1374.11,1.3419,0.0,0.0,1,1
2026-05-20T09:36:05.196698,2.93,1027.57,1.0035,0.0,0.0,1,1
2026-05-20T09:36:08.342219,4.64,1080.07,1.0548,0.0,0.0,1,1
2026-05-20T09:36:11.499458,3.0,1458.25,1.4241,0.0,0.0,1,1
2026-05-20T09:36:14.628588,2.95,1295.09,1.2647,0.0,0.0,1,1
2026-05-20T09:36:17.743371,3.02,3150.95,3.0771,0.0,0.0,1,1
2026-05-20T09:36:20.868256,1.85,3229.49,3.1538,0.0,0.0,1,1
2026-05-20T09:36:24.000764,4.17,1086.89,1.0614,0.0,0.0,1,1
2026-05-20T09:36:27.131455,4.11,2777.45,2.7124,0.0,0.0,1,1
2026-05-20T09:36:30.260285,4.03,1187.26,1.1594,0.0,0.0,1,1
2026-05-20T09:36:33.439376,3.46,1568.4,1.5316,0.0,0.0,1,1
2026-05-20T09:36:36.583678,2.55,2279.2,2.2258,0.0,0.0,1,1
2026-05-20T09:36:39.718097,3.8,1191.31,1.1634,0.0,0.0,1,1
2026-05-20T09:36:42.808562,2.08,1809.64,1.7672,0.0,0.0,1,1
2026-05-20T09:36:45.935205,4.28,1126.71,1.1003,0.0,0.0,1,1
2026-05-20T09:36:49.101019,4.96,1300.51,1.27,0.0,0.0,1,1
2026-05-20T09:36:52.294195,4.9,1082.37,1.057,0.0,0.0,1,1
2026-05-20T09:36:55.453545,2.34,3104.3,3.0315,0.0,0.0,1,1
2026-05-20T09:36:58.574563,4.0,1384.89,1.3524,0.0,0.0,1,1
2026-05-20T09:37:01.638971,2.31,3105.74,3.033,0.0,0.0,1,1
2026-05-20T09:37:04.784717,2.89,2126.93,2.0771,0.0,0.0,1,1
2026-05-20T09:37:07.931439,5.33,1151.06,1.1241,0.0,0.0,1,1
2026-05-20T09:37:11.059556,4.11,1180.04,1.1524,0.0,0.0,1,1
2026-05-20T09:37:14.129862,4.34,5682.38,5.5492,0.0,0.0,1,1
2026-05-20T09:37:17.271990,3.31,3014.77,2.9441,0.0,0.0,1,1
2026-05-20T09:37:20.429461,2.65,2791.09,2.7257,0.0,0.0,1,1
2026-05-20T09:37:23.559154,1.85,741.08,0.7237,0.0,0.0,1,1
2026-05-20T09:37:26.741636,3.68,1315.24,1.2844,0.0,0.0,1,1
2026-05-20T09:37:29.925973,4.33,1164.32,1.137,0.0,0.0,1,1
2026-05-20T09:37:33.100353,2.79,1086.29,1.0608,0.0,0.0,1,1
2026-05-20T09:37:36.261684,3.05,858.56,0.8384,0.0,0.0,1,1
2026-05-20T09:37:39.424627,3.8,3043.49,2.9722,0.0,0.0,1,1
2026-05-20T09:37:42.603786,2.75,3634.97,3.5498,0.0,0.0,1,1
2026-05-20T09:37:45.762122,2.81,3003.71,2.9333,0.0,0.0,1,1
2026-05-20T09:37:48.905012,4.47,1103.44,1.0776,0.0,0.0,1,1
2026-05-20T09:37:52.081080,3.59,1172.82,1.1453,0.0,0.0,1,1
2026-05-20T09:37:55.193212,4.64,1217.95,1.1894,0.0,0.0,1,1
2026-05-20T09:37:58.304183,2.69,361.13,0.3527,0.0,0.0,1,1
2026-05-20T09:38:01.421652,1.94,356.43,0.3481,0.0,0.0,1,1
2026-05-20T09:38:04.496494,1.87,2716.96,2.6533,0.0,0.0,1,1
2026-05-20T09:38:07.578750,1.91,464.18,0.4533,0.0,0.0,1,1
2026-05-20T09:38:10.639478,1.85,3088.02,3.0156,0.0,0.0,1,1
2026-05-20T09:38:13.717327,1.81,2145.7,2.0954,0.0,0.0,1,1
2026-05-20T09:38:16.779033,1.9,3178.1,3.1036,0.0,0.0,1,1
2026-05-20T09:38:19.846752,1.88,2998.07,2.9278,0.0,0.0,1,1
2026-05-20T09:38:22.917651,1.84,3060.42,2.9887,0.0,0.0,1,1
2026-05-20T09:38:25.980883,1.89,2887.89,2.8202,0.0,0.0,1,1
2026-05-20T09:38:29.040353,1.91,3036.6,2.9654,0.0,0.0,1,1
2026-05-20T09:38:32.099963,1.91,2951.92,2.8827,0.0,0.0,1,1
2026-05-20T09:38:35.162633,1.86,3319.26,3.2415,0.0,0.0,1,1
2026-05-20T09:38:38.223717,1.86,2931.54,2.8628,0.0,0.0,1,1
2026-05-20T09:38:41.327104,1.87,608.76,0.5945,0.0,0.0,1,1
2026-05-20T09:38:44.397268,1.9,2757.82,2.6932,0.0,0.0,1,1
2026-05-20T09:38:47.501641,1.88,416.65,0.4069,0.0,0.0,1,1
2026-05-20T09:38:50.570867,1.89,3136.22,3.0627,0.0,0.0,1,1
2026-05-20T09:38:53.656966,1.82,345.74,0.3376,0.0,0.0,1,1
2026-05-20T09:38:56.719507,1.9,3478.22,3.3967,0.0,0.0,1,1
2026-05-20T09:38:59.842049,1.85,2768.75,2.7039,0.0,0.0,1,1
2026-05-20T09:39:02.970808,1.88,3408.96,3.3291,0.0,0.0,1,1
2026-05-20T09:39:06.095619,1.87,1371.42,1.3393,0.0,0.0,1,1
2026-05-20T09:39:09.322004,3.61,1466.48,1.4321,0.0,0.0,1,1
2026-05-20T09:39:12.408660,3.65,3005.05,2.9346,0.0,0.0,1,1
2026-05-20T09:39:15.533952,5.39,2027.46,1.9799,0.0,0.0,1,1
2026-05-20T09:39:18.614225,4.24,1218.74,1.1902,0.0,0.0,1,1
2026-05-20T09:39:21.746435,5.18,1541.88,1.5057,0.0,0.0,1,1
2026-05-20T09:39:24.826075,4.15,2846.73,2.78,0.0,0.0,1,1
2026-05-20T09:39:27.954558,3.92,1132.49,1.1059,0.0,0.0,1,1
2026-05-20T09:39:31.101287,4.38,1177.35,1.1498,0.0,0.0,1,1
2026-05-20T09:39:34.203254,4.06,1277.97,1.248,0.0,0.0,1,1
2026-05-20T09:39:37.331898,3.24,2560.43,2.5004,0.0,0.0,1,1
2026-05-20T09:39:40.505488,4.03,3128.04,3.0547,0.0,0.0,1,1
2026-05-20T09:39:43.589923,4.81,1017.33,0.9935,0.0,0.0,1,1
2026-05-20T09:39:46.673672,4.73,3213.1,3.1378,0.0,0.0,1,1
2026-05-20T09:39:49.803824,4.95,1370.86,1.3387,0.0,0.0,1,1
2026-05-20T09:39:52.924536,4.69,3165.51,3.0913,0.0,0.0,1,1
2026-05-20T09:39:56.080493,2.82,1803.71,1.7614,0.0,0.0,1,1
2026-05-20T09:39:59.160651,4.0,3092.57,3.0201,0.0,0.0,1,1
2026-05-20T09:40:02.360210,2.88,3132.42,3.059,0.0,0.0,1,1
2026-05-20T09:40:05.480206,2.56,3025.65,2.9547,0.0,0.0,1,1
2026-05-20T09:40:08.609329,4.58,1350.22,1.3186,0.0,0.0,1,1
2026-05-20T09:40:11.790298,4.31,2964.7,2.8952,0.0,0.0,1,1
2026-05-20T09:40:14.937761,2.85,3075.85,3.0038,0.0,0.0,1,1
2026-05-20T09:40:18.111450,3.34,1879.69,1.8356,0.0,0.0,1,1
2026-05-20T09:40:21.217050,4.65,1115.69,1.0895,0.0,0.0,1,1
2026-05-20T09:40:24.340012,3.92,1409.61,1.3766,0.0,0.0,1,1
2026-05-20T09:40:27.435981,2.86,558.17,0.5451,0.0,0.0,1,1
2026-05-20T09:40:30.618162,3.83,2888.14,2.8205,0.0,0.0,1,1
2026-05-20T09:40:33.732003,4.9,2905.4,2.8373,0.0,0.0,1,1
2026-05-20T09:40:36.802157,3.88,1026.04,1.002,0.0,0.0,1,1
2026-05-20T09:40:39.910529,2.71,954.15,0.9318,0.0,0.0,1,1
2026-05-20T09:40:42.987609,4.42,868.45,0.8481,0.0,0.0,1,1
2026-05-20T09:40:46.155777,3.88,2580.51,2.52,0.0,0.0,1,1
2026-05-20T09:40:49.226070,5.33,1218.12,1.1896,0.0,0.0,1,1
2026-05-20T09:40:52.292294,3.79,1030.83,1.0067,0.0,0.0,1,1
2026-05-20T09:40:55.405780,1.86,3078.11,3.006,0.0,0.0,1,1
2026-05-20T09:40:58.500670,1.89,2443.52,2.3863,0.0,0.0,1,1
2026-05-20T09:41:01.567516,1.88,2681.78,2.6189,0.0,0.0,1,1
2026-05-20T09:41:04.625237,1.87,2677.71,2.615,0.0,0.0,1,1
2026-05-20T09:41:07.713362,1.86,940.22,0.9182,0.0,0.0,1,1
2026-05-20T09:41:10.771254,1.89,3279.04,3.2022,0.0,0.0,1,1
2026-05-20T09:41:13.852240,1.87,3143.27,3.0696,0.0,0.0,1,1
2026-05-20T09:41:16.950767,1.85,630.7,0.6159,0.0,0.0,1,1
2026-05-20T09:41:20.026312,1.92,2984.47,2.9145,0.0,0.0,1,1
2026-05-20T09:41:23.091445,1.86,2848.91,2.7821,0.0,0.0,1,1
2026-05-20T09:41:26.153958,1.91,2843.35,2.7767,0.0,0.0,1,1
2026-05-20T09:41:29.214022,1.87,2852.06,2.7852,0.0,0.0,1,1
2026-05-20T09:41:32.346230,1.89,2902.13,2.8341,0.0,0.0,1,1
2026-05-20T09:41:35.499301,1.87,2052.01,2.0039,0.0,0.0,1,1
2026-05-20T09:41:38.559460,1.93,2969.42,2.8998,0.0,0.0,1,1
2026-05-20T09:41:41.630793,1.77,3238.84,3.1629,0.0,0.0,1,1
2026-05-20T09:41:44.716058,1.8,1755.67,1.7145,0.0,0.0,1,1
2026-05-20T09:41:47.833259,1.85,316.22,0.3088,0.0,0.0,1,1
2026-05-20T09:41:50.910071,1.91,2763.73,2.699,0.0,0.0,1,1
2026-05-20T09:41:53.991782,1.89,444.27,0.4339,0.0,0.0,1,1
2026-05-20T09:41:57.101930,1.87,3349.08,3.2706,0.0,0.0,1,1
2026-05-20T09:42:00.197408,1.81,2903.39,2.8353,0.0,0.0,1,1
2026-05-20T09:42:03.260469,2.09,2810.72,2.7448,0.0,0.0,1,1
2026-05-20T09:42:06.331680,2.0,2471.24,2.4133,0.0,0.0,1,1
2026-05-20T09:42:09.402038,1.9,2963.39,2.8939,0.0,0.0,1,1
2026-05-20T09:42:12.469460,1.82,3006.13,2.9357,0.0,0.0,1,1
2026-05-20T09:42:15.579747,1.8,3272.96,3.1963,0.0,0.0,1,1
2026-05-20T09:42:18.714073,1.88,615.73,0.6013,0.0,0.0,1,1
2026-05-20T09:42:21.815584,1.87,3533.91,3.4511,0.0,0.0,1,1
2026-05-20T09:42:24.902645,1.86,2918.03,2.8496,0.0,0.0,1,1
2026-05-20T09:42:27.964683,1.83,2854.0,2.7871,0.0,0.0,1,1
2026-05-20T09:42:31.029864,1.83,3187.16,3.1125,0.0,0.0,1,1
2026-05-20T09:42:34.168009,1.88,2852.06,2.7852,0.0,0.0,1,1
2026-05-20T09:42:37.256142,1.88,3091.72,3.0193,0.0,0.0,1,1
2026-05-20T09:42:40.347450,1.91,2912.21,2.844,0.0,0.0,1,1
2026-05-20T09:42:43.446866,1.85,3101.44,3.0287,0.0,0.0,1,1
2026-05-20T09:42:46.531507,1.85,316.04,0.3086,0.0,0.0,1,1
2026-05-20T09:42:49.596316,1.86,2542.0,2.4824,0.0,0.0,1,1
2026-05-20T09:42:52.665552,1.91,1017.2,0.9934,0.0,0.0,1,1
2026-05-20T09:42:55.806926,1.79,3211.26,3.136,0.0,0.0,1,1
2026-05-20T09:42:58.881714,1.82,2852.78,2.7859,0.0,0.0,1,1
2026-05-20T09:43:02.021468,1.91,479.59,0.4683,0.0,0.0,1,1
2026-05-20T09:43:05.115949,1.87,1038.97,1.0146,0.0,0.0,1,1
2026-05-20T09:43:08.237696,1.93,3013.69,2.9431,0.0,0.0,1,1
2026-05-20T09:43:11.335936,1.87,350.41,0.3422,0.0,0.0,1,1
2026-05-20T09:43:14.420048,1.91,3094.29,3.0218,0.0,0.0,1,1
2026-05-20T09:43:17.496911,1.9,995.62,0.9723,0.0,0.0,1,1
2026-05-20T09:43:20.556511,1.99,3080.93,3.0087,0.0,0.0,1,1
2026-05-20T09:43:23.630779,1.83,3449.26,3.3684,0.0,0.0,1,1
2026-05-20T09:43:26.751551,1.92,2771.49,2.7065,0.0,0.0,1,1
2026-05-20T09:43:29.875937,1.92,1204.31,1.1761,0.0,0.0,1,1
2026-05-20T09:43:32.963432,1.87,3054.01,2.9824,0.0,0.0,1,1
2026-05-20T09:43:36.060623,1.88,2892.62,2.8248,0.0,0.0,1,1
2026-05-20T09:43:39.168455,1.9,431.64,0.4215,0.0,0.0,1,1
2026-05-20T09:43:42.259091,1.87,3212.49,3.1372,0.0,0.0,1,1
2026-05-20T09:43:45.387961,1.95,1176.69,1.1491,0.0,0.0,1,1
2026-05-20T09:43:48.485625,1.91,2711.25,2.6477,0.0,0.0,1,1
2026-05-20T09:43:51.601991,1.88,348.06,0.3399,0.0,0.0,1,1
2026-05-20T09:43:54.721339,1.83,443.31,0.4329,0.0,0.0,1,1
2026-05-20T09:43:57.856268,1.79,1028.55,1.0044,0.0,0.0,1,1
2026-05-20T09:44:00.927987,1.88,2644.58,2.5826,0.0,0.0,1,1
2026-05-20T09:44:03.991390,1.91,2737.8,2.6736,0.0,0.0,1,1
2026-05-20T09:44:07.067853,1.87,2801.81,2.7361,0.0,0.0,1,1
2026-05-20T09:44:10.138622,1.8,2842.63,2.776,0.0,0.0,1,1
2026-05-20T09:44:13.222796,1.9,2200.0,2.1484,0.0,0.0,1,1
2026-05-20T09:44:16.363038,2.79,2651.06,2.5889,0.0,0.0,1,1
2026-05-20T09:44:19.480578,3.04,1586.42,1.5492,0.0,0.0,1,1
2026-05-20T09:44:22.617896,4.64,1211.35,1.183,0.0,0.0,1,1
2026-05-20T09:44:25.757080,3.66,2950.88,2.8817,0.0,0.0,1,1
2026-05-20T09:44:28.881495,4.87,1072.27,1.0471,0.0,0.0,1,1
2026-05-20T09:44:31.989487,2.54,3109.19,3.0363,0.0,0.0,1,1
2026-05-20T09:44:35.146203,3.63,1213.37,1.1849,0.0,0.0,1,1
2026-05-20T09:44:38.258106,2.81,1519.95,1.4843,0.0,0.0,1,1
2026-05-20T09:44:41.356337,2.76,2978.12,2.9083,0.0,0.0,1,1
2026-05-20T09:44:44.471291,3.61,1969.04,1.9229,0.0,0.0,1,1
2026-05-20T09:44:47.552788,4.0,1218.92,1.1904,0.0,0.0,1,1
2026-05-20T09:44:50.647581,3.49,1179.83,1.1522,0.0,0.0,1,1
2026-05-20T09:44:53.725935,2.88,1252.17,1.2228,0.0,0.0,1,1
2026-05-20T09:44:56.892750,1.93,3119.6,3.0465,0.0,0.0,1,1
2026-05-20T09:44:59.979396,4.09,1507.59,1.4723,0.0,0.0,1,1
2026-05-20T09:45:03.044675,4.01,2355.69,2.3005,0.0,0.0,1,1
2026-05-20T09:45:06.173978,3.56,2380.08,2.3243,0.0,0.0,1,1
2026-05-20T09:45:09.332565,3.46,1557.77,1.5213,0.0,0.0,1,1
2026-05-20T09:45:12.534478,4.69,1232.8,1.2039,0.0,0.0,1,1
2026-05-20T09:45:15.639616,3.38,3036.33,2.9652,0.0,0.0,1,1
2026-05-20T09:45:18.760633,2.8,3121.92,3.0488,0.0,0.0,1,1
2026-05-20T09:45:21.835892,4.08,1145.32,1.1185,0.0,0.0,1,1
2026-05-20T09:45:24.921771,3.02,2979.17,2.9093,0.0,0.0,1,1
2026-05-20T09:45:28.054054,3.27,2949.58,2.8805,0.0,0.0,1,1
2026-05-20T09:45:31.177888,4.28,906.95,0.8857,0.0,0.0,1,1
2026-05-20T09:45:34.326838,4.5,1599.58,1.5621,0.0,0.0,1,1
2026-05-20T09:45:37.412445,3.5,1504.35,1.4691,0.0,0.0,1,1
2026-05-20T09:45:40.539961,3.4,2811.43,2.7455,0.0,0.0,1,1
2026-05-20T09:45:43.611606,2.68,2404.99,2.3486,0.0,0.0,1,1
2026-05-20T09:45:46.778800,2.27,2841.19,2.7746,0.0,0.0,1,1
2026-05-20T09:45:49.897032,4.05,1162.9,1.1356,0.0,0.0,1,1
2026-05-20T09:45:53.006229,3.77,965.71,0.9431,0.0,0.0,1,1
2026-05-20T09:45:56.160146,4.42,1167.15,1.1398,0.0,0.0,1,1
2026-05-20T09:45:59.255727,2.71,1152.12,1.1251,0.0,0.0,1,1
2026-05-20T09:46:02.363725,3.4,1334.86,1.3036,0.0,0.0,1,1
2026-05-20T09:46:05.497605,5.07,1233.71,1.2048,0.0,0.0,1,1
2026-05-20T09:46:08.626624,3.3,821.83,0.8026,0.0,0.0,1,1
2026-05-20T09:46:11.733273,3.85,2827.06,2.7608,0.0,0.0,1,1
2026-05-20T09:46:14.910552,4.78,1296.49,1.2661,0.0,0.0,1,1
2026-05-20T09:46:18.091675,3.87,3254.55,3.1783,0.0,0.0,1,1
2026-05-20T09:46:21.214606,2.57,3160.15,3.0861,0.0,0.0,1,1
2026-05-20T09:46:24.345954,3.89,998.88,0.9755,0.0,0.0,1,1
2026-05-20T09:46:27.444076,4.66,736.76,0.7195,0.0,0.0,1,1
2026-05-20T09:46:30.557180,2.71,3084.9,3.0126,0.0,0.0,1,1
2026-05-20T09:46:33.673360,4.63,1061.48,1.0366,0.0,0.0,1,1
2026-05-20T09:46:36.793077,3.02,2956.86,2.8876,0.0,0.0,1,1
2026-05-20T09:46:39.885410,4.45,1216.0,1.1875,0.0,0.0,1,1
2026-05-20T09:46:43.023092,2.77,2932.05,2.8633,0.0,0.0,1,1
2026-05-20T09:46:46.137970,4.84,1225.69,1.197,0.0,0.0,1,1
2026-05-20T09:46:49.253277,3.87,3270.73,3.1941,0.0,0.0,1,1
2026-05-20T09:46:52.363317,3.9,1243.13,1.214,0.0,0.0,1,1
2026-05-20T09:46:55.506192,2.72,2922.61,2.8541,0.0,0.0,1,1
2026-05-20T09:46:58.641237,4.0,1314.67,1.2839,0.0,0.0,1,1
2026-05-20T09:47:01.772396,5.07,2811.67,2.7458,0.0,0.0,1,1
2026-05-20T09:47:04.871116,3.86,3015.04,2.9444,0.0,0.0,1,1
2026-05-20T09:47:08.034591,2.78,1132.41,1.1059,0.0,0.0,1,1
2026-05-20T09:47:11.141848,3.83,2653.57,2.5914,0.0,0.0,1,1
2026-05-20T09:47:14.212814,3.77,4686.37,4.5765,0.0,0.0,1,1
2026-05-20T09:47:17.396097,2.98,690.12,0.6739,0.0,0.0,1,1
2026-05-20T09:47:20.531522,4.17,3389.68,3.3102,0.0,0.0,1,1
2026-05-20T09:47:23.694648,3.95,1221.36,1.1927,0.0,0.0,1,1
2026-05-20T09:47:26.765217,4.2,3328.15,3.2501,0.0,0.0,1,1
2026-05-20T09:47:29.897649,2.9,1094.19,1.0685,0.0,0.0,1,1
2026-05-20T09:47:33.014069,4.31,1441.96,1.4082,0.0,0.0,1,1
2026-05-20T09:47:36.109261,4.18,676.75,0.6609,0.0,0.0,1,1
2026-05-20T09:47:39.224959,3.94,1288.72,1.2585,0.0,0.0,1,1
2026-05-20T09:47:42.351391,3.6,2048.75,2.0007,0.0,0.0,1,1
2026-05-20T09:47:45.496471,3.46,1049.33,1.0247,0.0,0.0,1,1
2026-05-20T09:47:48.593594,3.75,3154.5,3.0806,0.0,0.0,1,1
2026-05-20T09:47:51.755986,3.66,1325.11,1.2941,0.0,0.0,1,1
2026-05-20T09:47:54.887529,4.4,1065.69,1.0407,0.0,0.0,1,1
2026-05-20T09:47:57.993653,3.13,3283.86,3.2069,0.0,0.0,1,1
2026-05-20T09:48:01.078656,4.98,1530.91,1.495,0.0,0.0,1,1
2026-05-20T09:48:04.211569,2.99,2974.42,2.9047,0.0,0.0,1,1
2026-05-20T09:48:07.283932,4.1,2764.41,2.6996,0.0,0.0,1,1
2026-05-20T09:48:10.409396,3.15,1264.15,1.2345,0.0,0.0,1,1
2026-05-20T09:48:13.536895,5.77,1230.63,1.2018,0.0,0.0,1,1
2026-05-20T09:48:16.685979,3.53,1367.67,1.3356,0.0,0.0,1,1
2026-05-20T09:48:19.807704,3.69,1730.06,1.6895,0.0,0.0,1,1
2026-05-20T09:48:22.939701,3.11,2612.87,2.5516,0.0,0.0,1,1
2026-05-20T09:48:26.094824,4.84,1199.06,1.171,0.0,0.0,1,1
2026-05-20T09:48:29.284628,4.09,866.52,0.8462,0.0,0.0,1,1
2026-05-20T09:48:32.418872,3.11,2941.82,2.8729,0.0,0.0,1,1
2026-05-20T09:48:35.491434,3.05,2854.72,2.7878,0.0,0.0,1,1
2026-05-20T09:48:38.623366,3.73,1613.35,1.5755,0.0,0.0,1,1
2026-05-20T09:48:41.733761,3.91,556.8,0.5437,0.0,0.0,1,1
2026-05-20T09:48:44.865879,4.96,1005.71,0.9821,0.0,0.0,1,1
2026-05-20T09:48:48.029505,4.87,1122.37,1.0961,0.0,0.0,1,1
2026-05-20T09:48:51.176766,3.98,2527.64,2.4684,0.0,0.0,1,1
2026-05-20T09:48:54.307758,3.79,1931.64,1.8864,0.0,0.0,1,1
2026-05-20T09:48:57.424965,4.17,2417.47,2.3608,0.0,0.0,1,1
2026-05-20T09:49:00.500042,5.22,1030.83,1.0067,0.0,0.0,1,1
2026-05-20T09:49:03.628914,3.81,2996.47,2.9262,0.0,0.0,1,1
2026-05-20T09:49:06.747130,4.54,720.08,0.7032,0.0,0.0,1,1
2026-05-20T09:49:09.885591,4.89,1273.99,1.2441,0.0,0.0,1,1
2026-05-20T09:49:13.002013,2.6,2610.43,2.5492,0.0,0.0,1,1
2026-05-20T09:49:16.098860,4.1,1324.06,1.293,0.0,0.0,1,1
2026-05-20T09:49:19.199007,2.85,912.62,0.8912,0.0,0.0,1,1
2026-05-20T09:49:22.301384,5.05,1294.99,1.2646,0.0,0.0,1,1
2026-05-20T09:49:25.388144,4.18,1105.44,1.0795,0.0,0.0,1,1
2026-05-20T09:49:28.469596,1.83,2917.52,2.8491,0.0,0.0,1,1
2026-05-20T09:49:31.598237,3.02,2878.73,2.8113,0.0,0.0,1,1
2026-05-20T09:49:34.720223,3.92,2234.88,2.1825,0.0,0.0,1,1
2026-05-20T09:49:37.827685,3.51,1265.25,1.2356,0.0,0.0,1,1
2026-05-20T09:49:40.937241,3.17,1250.72,1.2214,0.0,0.0,1,1
2026-05-20T09:49:44.093936,2.79,2965.48,2.896,0.0,0.0,1,1
2026-05-20T09:49:47.177918,5.07,1329.84,1.2987,0.0,0.0,1,1
2026-05-20T09:49:50.265531,5.37,982.7,0.9597,0.0,0.0,1,1
2026-05-20T09:49:53.354637,4.8,3015.59,2.9449,0.0,0.0,1,1
2026-05-20T09:49:56.471839,5.51,837.86,0.8182,0.0,0.0,1,1
2026-05-20T09:49:59.606765,4.94,850.15,0.8302,0.0,0.0,1,1
2026-05-20T09:50:02.691062,4.49,3039.63,2.9684,0.0,0.0,1,1
2026-05-20T09:50:05.841941,4.78,1102.28,1.0764,0.0,0.0,1,1
2026-05-20T09:50:08.912608,4.03,1702.84,1.6629,0.0,0.0,1,1
2026-05-20T09:50:11.992099,2.8,1787.95,1.746,0.0,0.0,1,1
2026-05-20T09:50:15.076157,1.88,2892.87,2.8251,0.0,0.0,1,1
2026-05-20T09:50:18.160089,1.79,2340.57,2.2857,0.0,0.0,1,1
2026-05-20T09:50:21.245291,1.94,612.64,0.5983,0.0,0.0,1,1
2026-05-20T09:50:24.330995,1.81,2858.86,2.7919,0.0,0.0,1,1
2026-05-20T09:50:27.402349,1.9,1030.95,1.0068,0.0,0.0,1,1
2026-05-20T09:50:30.489829,1.89,2712.78,2.6492,0.0,0.0,1,1
2026-05-20T09:50:33.556106,1.84,2887.15,2.8195,0.0,0.0,1,1
2026-05-20T09:50:36.615930,1.86,2889.14,2.8214,0.0,0.0,1,1
2026-05-20T09:50:39.701100,1.9,447.2,0.4367,0.0,0.0,1,1
2026-05-20T09:50:42.800950,2.12,2904.64,2.8366,0.0,0.0,1,1
2026-05-20T09:50:45.860885,1.86,2808.14,2.7423,0.0,0.0,1,1
2026-05-20T09:50:48.924852,1.91,2951.92,2.8827,0.0,0.0,1,1
2026-05-20T09:50:51.993557,1.87,2808.84,2.743,0.0,0.0,1,1
2026-05-20T09:50:55.054929,1.9,2916.51,2.8482,0.0,0.0,1,1
2026-05-20T09:50:58.120712,1.88,2958.94,2.8896,0.0,0.0,1,1
2026-05-20T09:51:01.183782,1.89,2855.7,2.7888,0.0,0.0,1,1
2026-05-20T09:51:04.246881,1.87,3178.1,3.1036,0.0,0.0,1,1
2026-05-20T09:51:07.373637,1.91,3153.02,3.0791,0.0,0.0,1,1
2026-05-20T09:51:10.522791,1.88,1032.22,1.008,0.0,0.0,1,1
2026-05-20T09:51:13.650958,4.49,1294.74,1.2644,0.0,0.0,1,1
2026-05-20T09:51:16.736889,4.51,3145.92,3.0722,0.0,0.0,1,1
2026-05-20T09:51:19.874983,1.84,3073.31,3.0013,0.0,0.0,1,1
2026-05-20T09:51:22.984807,2.8,1993.25,1.9465,0.0,0.0,1,1
2026-05-20T09:51:26.101093,3.26,1038.64,1.0143,0.0,0.0,1,1
2026-05-20T09:51:29.225216,6.33,1060.34,1.0355,0.0,0.0,1,1
2026-05-20T09:51:32.373749,3.3,2814.02,2.7481,0.0,0.0,1,1
2026-05-20T09:51:35.452710,4.04,1791.86,1.7499,0.0,0.0,1,1
2026-05-20T09:51:38.563540,5.05,1164.8,1.1375,0.0,0.0,1,1
2026-05-20T09:51:41.724412,4.33,3158.66,3.0846,0.0,0.0,1,1
2026-05-20T09:51:44.795329,4.31,1055.04,1.0303,0.0,0.0,1,1
2026-05-20T09:51:47.919694,3.79,1377.89,1.3456,0.0,0.0,1,1
2026-05-20T09:51:51.060027,4.76,1401.31,1.3685,0.0,0.0,1,1
2026-05-20T09:51:54.137597,5.11,1723.13,1.6827,0.0,0.0,1,1
2026-05-20T09:51:57.202881,4.26,922.18,0.9006,0.0,0.0,1,1
2026-05-20T09:52:00.292228,4.45,1047.86,1.0233,0.0,0.0,1,1
2026-05-20T09:52:03.365385,2.92,1319.59,1.2887,0.0,0.0,1,1
2026-05-20T09:52:06.496240,1.79,2666.01,2.6035,0.0,0.0,1,1
2026-05-20T09:52:09.602847,2.88,1160.01,1.1328,0.0,0.0,1,1
2026-05-20T09:52:12.752586,2.95,3323.21,3.2453,0.0,0.0,1,1
2026-05-20T09:52:15.863658,2.88,1274.96,1.2451,0.0,0.0,1,1
2026-05-20T09:52:18.944833,4.25,2983.15,2.9132,0.0,0.0,1,1
2026-05-20T09:52:22.063347,3.92,791.55,0.773,0.0,0.0,1,1
2026-05-20T09:52:25.167531,3.73,1364.45,1.3325,0.0,0.0,1,1
2026-05-20T09:52:28.259381,4.45,1261.73,1.2322,0.0,0.0,1,1
2026-05-20T09:52:31.393261,3.62,894.81,0.8738,0.0,0.0,1,1
2026-05-20T09:52:34.544268,2.7,3259.29,3.1829,0.0,0.0,1,1
2026-05-20T09:52:37.643265,3.98,1122.18,1.0959,0.0,0.0,1,1
2026-05-20T09:52:40.814962,3.21,1471.94,1.4374,0.0,0.0,1,1
2026-05-20T09:52:43.946431,4.27,1097.2,1.0715,0.0,0.0,1,1
2026-05-20T09:52:47.043564,4.11,1611.1,1.5733,0.0,0.0,1,1
2026-05-20T09:52:50.165932,6.01,1109.05,1.0831,0.0,0.0,1,1
2026-05-20T09:52:53.320727,5.46,1293.89,1.2636,0.0,0.0,1,1
2026-05-20T09:52:56.461534,3.95,1271.96,1.2422,0.0,0.0,1,1
2026-05-20T09:52:59.526897,5.08,3129.2,3.0559,0.0,0.0,1,1
2026-05-20T09:53:02.677367,5.4,1063.19,1.0383,0.0,0.0,1,1
2026-05-20T09:53:05.763395,3.9,2936.67,2.8678,0.0,0.0,1,1
2026-05-20T09:53:08.832240,1.88,3075.57,3.0035,0.0,0.0,1,1
2026-05-20T09:53:11.971845,3.11,2319.7,2.2653,0.0,0.0,1,1
2026-05-20T09:53:15.146596,4.62,1185.12,1.1573,0.0,0.0,1,1
2026-05-20T09:53:18.219921,3.96,3226.08,3.1505,0.0,0.0,1,1
2026-05-20T09:53:21.313700,3.21,1152.04,1.125,0.0,0.0,1,1
2026-05-20T09:53:24.421992,1.86,3084.05,3.0118,0.0,0.0,1,1
2026-05-20T09:53:27.533221,1.86,2383.3,2.3274,0.0,0.0,1,1
2026-05-20T09:53:30.651458,4.93,892.95,0.872,0.0,0.0,1,1
2026-05-20T09:53:33.761205,5.0,1266.59,1.2369,0.0,0.0,1,1
2026-05-20T09:53:36.945504,5.62,1083.55,1.0582,0.0,0.0,1,1
2026-05-20T09:53:40.062865,2.43,989.86,0.9667,0.0,0.0,1,1
2026-05-20T09:53:43.163304,4.28,1007.31,0.9837,0.0,0.0,1,1
2026-05-20T09:53:46.290022,5.62,1137.98,1.1113,0.0,0.0,1,1
2026-05-20T09:53:49.470134,4.63,1294.64,1.2643,0.0,0.0,1,1
2026-05-20T09:53:52.607934,3.08,1049.03,1.0244,0.0,0.0,1,1
2026-05-20T09:53:55.756366,5.14,1267.88,1.2382,0.0,0.0,1,1
2026-05-20T09:53:58.817629,3.31,3332.45,3.2543,0.0,0.0,1,1
2026-05-20T09:54:01.934743,4.08,1232.35,1.2035,0.0,0.0,1,1
2026-05-20T09:54:05.128722,3.9,1122.56,1.0962,0.0,0.0,1,1
2026-05-20T09:54:08.244075,2.98,1461.05,1.4268,0.0,0.0,1,1
2026-05-20T09:54:11.465854,4.05,3067.97,2.9961,0.0,0.0,1,1
2026-05-20T09:54:14.558597,5.1,1168.13,1.1407,0.0,0.0,1,1
2026-05-20T09:54:17.668039,4.93,1097.16,1.0714,0.0,0.0,1,1
2026-05-20T09:54:20.803334,4.06,1275.35,1.2455,0.0,0.0,1,1
2026-05-20T09:54:24.003973,5.29,1193.13,1.1652,0.0,0.0,1,1
2026-05-20T09:54:27.132994,5.11,1178.63,1.151,0.0,0.0,1,1
2026-05-20T09:54:30.239420,3.87,2849.88,2.7831,0.0,0.0,1,1
2026-05-20T09:54:33.358633,5.2,2725.12,2.6613,0.0,0.0,1,1
2026-05-20T09:54:36.421786,3.55,3093.71,3.0212,0.0,0.0,1,1
2026-05-20T09:54:39.563825,5.4,998.44,0.975,0.0,0.0,1,1
2026-05-20T09:54:42.694045,4.8,1453.52,1.4194,0.0,0.0,1,1
2026-05-20T09:54:45.828841,5.15,1004.23,0.9807,0.0,0.0,1,1
2026-05-20T09:54:48.948788,4.42,1206.17,1.1779,0.0,0.0,1,1
2026-05-20T09:54:52.059450,4.07,3062.37,2.9906,0.0,0.0,1,1
2026-05-20T09:54:55.220681,4.92,983.65,0.9606,0.0,0.0,1,1
2026-05-20T09:54:58.339516,3.09,2837.34,2.7708,0.0,0.0,1,1
2026-05-20T09:55:01.407281,5.0,1295.04,1.2647,0.0,0.0,1,1
2026-05-20T09:55:04.538784,3.73,1273.65,1.2438,0.0,0.0,1,1
2026-05-20T09:55:07.716333,1.53,1112.1,1.086,0.0,0.0,1,1
2026-05-20T09:55:10.838906,4.0,1245.89,1.2167,0.0,0.0,1,1
2026-05-20T09:55:13.969637,4.12,2526.5,2.4673,0.0,0.0,1,1
2026-05-20T09:55:17.089069,4.36,1253.95,1.2246,0.0,0.0,1,1
2026-05-20T09:55:20.157899,4.62,1298.95,1.2685,0.0,0.0,1,1
2026-05-20T09:55:23.247967,1.8,3218.96,3.1435,0.0,0.0,1,1
2026-05-20T09:55:26.372442,1.79,468.69,0.4577,0.0,0.0,1,1
2026-05-20T09:55:29.462818,1.84,3034.95,2.9638,0.0,0.0,1,1
2026-05-20T09:55:32.538340,2.09,635.01,0.6201,0.0,0.0,1,1
2026-05-20T09:55:35.634742,3.75,1417.23,1.384,0.0,0.0,1,1
2026-05-20T09:55:38.835423,3.79,3342.07,3.2637,0.0,0.0,1,1
2026-05-20T09:55:41.900379,3.59,1291.5,1.2612,0.0,0.0,1,1
2026-05-20T09:55:45.004317,2.95,3114.39,3.0414,0.0,0.0,1,1
2026-05-20T09:55:48.073929,2.83,2923.37,2.8549,0.0,0.0,1,1
2026-05-20T09:55:51.212505,2.96,1309.34,1.2787,0.0,0.0,1,1
2026-05-20T09:55:54.297665,4.02,1096.34,1.0706,0.0,0.0,1,1
2026-05-20T09:55:57.473282,3.74,1596.39,1.559,0.0,0.0,1,1
2026-05-20T09:56:00.634453,5.49,1005.92,0.9823,0.0,0.0,1,1
2026-05-20T09:56:03.736394,5.22,1776.4,1.7348,0.0,0.0,1,1
2026-05-20T09:56:06.928064,4.17,1100.98,1.0752,0.0,0.0,1,1
2026-05-20T09:56:10.014535,6.1,724.73,0.7077,0.0,0.0,1,1
2026-05-20T09:56:13.117687,4.36,1361.35,1.3294,0.0,0.0,1,1
2026-05-20T12:07:06.134777,73.88,138.79,0.1355,0.0,0.0,1,1
2026-05-20T12:07:09.261845,61.08,155.38,0.1517,0.0,0.0,1,1
2026-05-20T12:07:12.424882,66.44,106.41,0.1039,0.0,0.0,1,1
2026-05-20T12:07:16.551491,63.63,83.45,0.0815,0.0,25.0,0,0
2026-05-20T12:07:19.698944,75.97,157.86,0.1542,0.0,0.0,1,1
2026-05-20T12:07:22.822540,68.22,175.12,0.171,0.0,0.0,1,1
2026-05-20T12:07:25.962432,67.51,151.81,0.1483,0.0,0.0,1,1
2026-05-20T12:07:29.097513,68.2,187.91,0.1835,0.0,0.0,1,1
2026-05-20T12:07:32.257612,69.9,128.39,0.1254,0.0,0.0,1,1
2026-05-20T12:07:35.383771,64.22,206.47,0.2016,0.0,0.0,1,1
2026-05-20T12:07:38.522047,72.6,222.92,0.2177,0.0,0.0,1,1
2026-05-20T12:07:41.653415,70.37,206.68,0.2018,0.0,0.0,1,1
2026-05-20T12:07:44.801928,60.11,138.87,0.1356,0.0,0.0,1,1
2026-05-20T12:07:47.946916,88.8,138.7,0.1355,0.0,0.0,1,1
2026-05-20T12:07:55.032194,43.48,0.0,0.0,0.0,75.0,0,0
2026-05-20T12:07:58.350577,1526.51,62.49,0.061,0.0,0.0,0,0
2026-05-20T12:08:01.543398,397.78,106.76,0.1043,0.0,0.0,0,1
2026-05-20T12:08:04.701040,90.95,141.84,0.1385,0.0,0.0,1,1
2026-05-20T12:08:08.151438,169.87,136.06,0.1329,0.0,0.0,1,1
2026-05-20T12:08:11.315213,73.76,123.9,0.121,0.0,0.0,1,1
2026-05-20T12:08:14.489320,127.27,122.63,0.1198,0.0,0.0,1,1
2026-05-20T12:08:17.663997,74.78,115.36,0.1127,0.0,0.0,1,1
2026-05-20T12:08:20.808439,74.96,146.04,0.1426,0.0,0.0,1,1
2026-05-20T12:08:24.021451,89.53,88.14,0.0861,0.0,0.0,1,0
2026-05-20T12:08:27.181772,99.87,137.07,0.1339,0.0,0.0,1,1
2026-05-20T12:08:30.361725,85.02,139.54,0.1363,0.0,0.0,1,1
2026-05-20T12:08:33.528616,76.95,144.22,0.1408,0.0,0.0,1,1
2026-05-20T12:08:36.672466,119.99,133.5,0.1304,0.0,0.0,1,1
2026-05-20T12:08:39.829222,121.99,143.68,0.1403,0.0,0.0,1,1
2026-05-20T12:08:42.991059,93.36,132.51,0.1294,0.0,0.0,1,1
2026-05-20T12:08:46.149033,96.64,142.7,0.1394,0.0,0.0,1,1
2026-05-20T12:08:49.315182,150.24,133.51,0.1304,0.0,0.0,1,1
2026-05-20T12:08:52.552282,127.83,128.71,0.1257,0.0,0.0,1,1
2026-05-20T12:08:55.733503,112.65,117.55,0.1148,0.0,0.0,1,1
2026-05-20T12:08:58.932398,125.39,82.07,0.0801,0.0,0.0,1,0
2026-05-20T12:09:02.088804,118.93,151.57,0.148,0.0,0.0,1,1
2026-05-20T12:09:05.252064,88.09,136.57,0.1334,0.0,0.0,1,1
2026-05-20T12:09:08.401293,82.45,133.16,0.13,0.0,0.0,1,1
2026-05-20T12:09:11.710911,87.66,38.53,0.0376,0.0,0.0,1,0
2026-05-20T12:09:14.967536,176.77,126.68,0.1237,0.0,0.0,1,1
2026-05-20T12:09:19.134931,130.49,70.2,0.0686,0.0,25.0,0,0
2026-05-20T12:09:22.282987,119.01,141.76,0.1384,0.0,0.0,1,1
2026-05-20T12:09:25.405577,358.4,171.45,0.1674,0.0,0.0,0,1
2026-05-20T12:09:28.489601,38.98,259.3,0.2532,0.0,0.0,1,1
2026-05-20T12:09:31.619921,47.98,138.25,0.135,0.0,0.0,1,1
2026-05-20T12:09:34.862573,197.82,86.78,0.0847,0.0,0.0,1,0
2026-05-20T12:09:38.161641,125.39,70.52,0.0689,0.0,0.0,1,0
2026-05-20T12:09:41.567568,90.64,44.81,0.0438,0.0,0.0,1,0
2026-05-20T12:09:44.697683,115.5,222.6,0.2174,0.0,0.0,1,1
2026-05-20T12:09:47.840649,114.17,113.54,0.1109,0.0,0.0,1,1
2026-05-20T12:09:51.431236,325.63,66.16,0.0646,0.0,0.0,0,0
2026-05-20T12:09:54.608220,201.8,100.12,0.0978,0.0,0.0,0,1
2026-05-20T12:09:57.893751,121.38,75.82,0.074,0.0,0.0,1,0
2026-05-20T12:10:01.006742,166.72,266.63,0.2604,0.0,0.0,1,1
2026-05-20T12:10:04.314018,250.1,70.72,0.0691,0.0,0.0,0,0
2026-05-20T12:10:07.481140,72.24,107.52,0.105,0.0,0.0,1,1
2026-05-20T12:10:10.621066,80.39,147.37,0.1439,0.0,0.0,1,1
2026-05-20T12:10:13.766075,73.43,157.2,0.1535,0.0,0.0,1,1
2026-05-20T12:10:16.891083,72.04,168.64,0.1647,0.0,0.0,1,1
2026-05-20T12:10:20.017813,67.8,242.92,0.2372,0.0,0.0,1,1
2026-05-20T12:10:23.162992,93.91,150.28,0.1468,0.0,0.0,1,1
2026-05-20T12:10:26.297471,88.77,249.33,0.2435,0.0,0.0,1,1
2026-05-20T12:10:29.472575,71.77,148.28,0.1448,0.0,0.0,1,1
2026-05-20T12:10:32.667035,70.44,119.92,0.1171,0.0,0.0,1,1
2026-05-20T12:10:35.866592,70.63,133.87,0.1307,0.0,0.0,1,1
2026-05-20T12:10:38.982160,100.42,211.55,0.2066,0.0,0.0,1,1
2026-05-20T12:10:42.143193,77.81,147.69,0.1442,0.0,0.0,1,1
2026-05-20T12:10:45.272386,64.83,211.94,0.207,0.0,0.0,1,1
2026-05-20T12:10:48.433581,66.54,158.42,0.1547,0.0,0.0,1,1
2026-05-20T12:10:51.628958,81.85,108.53,0.106,0.0,0.0,1,1
2026-05-20T12:10:54.753247,87.19,210.86,0.2059,0.0,0.0,1,1
2026-05-20T12:10:57.922440,69.05,151.84,0.1483,0.0,0.0,1,1
2026-05-20T12:11:01.063154,66.28,165.54,0.1617,0.0,0.0,1,1
2026-05-20T12:11:04.271488,59.19,63.12,0.0616,0.0,0.0,1,0
2026-05-20T12:11:07.398363,130.53,244.22,0.2385,0.0,0.0,1,1
2026-05-20T12:11:10.534997,59.86,201.39,0.1967,0.0,0.0,1,1
2026-05-20T12:11:13.707567,63.09,128.71,0.1257,0.0,0.0,1,1
2026-05-20T12:11:16.831994,60.28,211.45,0.2065,0.0,0.0,1,1
2026-05-20T12:11:19.983433,82.52,178.24,0.1741,0.0,0.0,1,1
2026-05-20T12:11:23.123492,78.11,209.65,0.2047,0.0,0.0,1,1
2026-05-20T12:11:26.252108,68.88,213.26,0.2083,0.0,0.0,1,1
2026-05-20T12:11:29.406141,67.23,155.21,0.1516,0.0,0.0,1,1
2026-05-20T12:11:32.663248,186.1,67.53,0.0659,0.0,0.0,1,0
2026-05-20T12:11:36.255921,374.54,92.43,0.0903,0.0,0.0,0,0
2026-05-20T12:11:39.403017,141.39,150.59,0.1471,0.0,0.0,1,1
2026-05-20T12:11:42.568867,60.29,107.34,0.1048,0.0,0.0,1,1
2026-05-20T12:11:46.067284,150.56,117.89,0.1151,0.0,0.0,1,1
2026-05-20T12:11:49.315954,100.84,122.87,0.12,0.0,0.0,1,1
2026-05-20T12:11:52.467871,85.67,125.96,0.123,0.0,0.0,1,1
2026-05-20T12:11:55.611813,128.53,255.72,0.2497,0.0,0.0,1,1
2026-05-20T12:11:58.787508,76.49,135.28,0.1321,0.0,0.0,1,1
2026-05-20T12:12:01.924696,82.95,158.53,0.1548,0.0,0.0,1,1
2026-05-20T12:12:05.030159,59.59,217.97,0.2129,0.0,0.0,1,1
2026-05-20T12:12:08.140985,103.12,252.82,0.2469,0.0,0.0,1,1
2026-05-20T12:12:11.298546,96.69,123.59,0.1207,0.0,0.0,1,1
2026-05-20T12:12:14.443873,82.24,178.0,0.1738,0.0,0.0,1,1
2026-05-20T12:12:18.576280,87.97,125.87,0.1229,0.0,50.0,0,1
2026-05-20T12:12:22.201489,156.9,50.71,0.0495,0.0,0.0,1,0
2026-05-20T12:12:25.355060,270.44,120.64,0.1178,0.0,0.0,0,1
2026-05-20T12:12:28.534206,90.75,113.44,0.1108,0.0,0.0,1,1
2026-05-20T12:12:31.713564,60.83,100.51,0.0982,0.0,0.0,1,1
2026-05-20T12:12:34.838425,56.57,204.19,0.1994,0.0,0.0,1,1
2026-05-20T12:12:37.978770,69.1,206.38,0.2015,0.0,0.0,1,1
2026-05-20T12:12:41.090897,62.9,256.23,0.2502,0.0,0.0,1,1
2026-05-20T12:12:44.247305,68.34,138.36,0.1351,0.0,0.0,1,1
2026-05-20T12:12:47.456465,86.52,109.27,0.1067,0.0,0.0,1,1
2026-05-20T12:12:50.570780,64.33,269.57,0.2633,0.0,0.0,1,1
2026-05-20T12:12:53.701997,104.4,217.28,0.2122,0.0,0.0,1,1
2026-05-20T12:12:56.846892,90.2,125.76,0.1228,0.0,0.0,1,1
2026-05-20T12:13:00.182802,123.82,34.85,0.034,0.0,0.0,1,0
2026-05-20T12:13:03.348353,207.79,116.57,0.1138,0.0,0.0,0,1
2026-05-20T12:13:06.601123,107.46,76.38,0.0746,0.0,0.0,1,0
2026-05-20T12:13:09.742630,66.61,139.96,0.1367,0.0,0.0,1,1
2026-05-20T12:13:12.891988,68.92,135.84,0.1327,0.0,0.0,1,1
2026-05-20T12:13:16.017835,79.29,205.66,0.2008,0.0,0.0,1,1
2026-05-20T12:13:19.174936,71.05,173.76,0.1697,0.0,0.0,1,1
2026-05-20T12:13:22.323043,124.57,178.81,0.1746,0.0,0.0,1,1
2026-05-20T12:13:25.472513,75.96,139.74,0.1365,0.0,0.0,1,1
2026-05-20T12:13:28.590114,68.85,254.35,0.2484,0.0,0.0,1,1
2026-05-20T12:13:31.728522,84.82,163.78,0.1599,0.0,0.0,1,1
2026-05-20T12:13:34.858167,54.14,138.76,0.1355,0.0,0.0,1,1
2026-05-20T12:13:37.999155,73.77,204.35,0.1996,0.0,0.0,1,1
2026-05-20T12:13:41.121676,67.19,247.77,0.242,0.0,0.0,1,1
2026-05-20T12:13:44.265942,75.3,171.86,0.1678,0.0,0.0,1,1
2026-05-20T12:13:47.413661,71.33,115.72,0.113,0.0,0.0,1,1
2026-05-20T12:13:50.569727,68.38,134.45,0.1313,0.0,0.0,1,1
2026-05-20T12:13:53.722631,69.13,129.22,0.1262,0.0,0.0,1,1
2026-05-20T12:13:56.882516,59.48,111.91,0.1093,0.0,0.0,1,1
2026-05-20T12:14:00.014266,81.38,159.48,0.1557,0.0,0.0,1,1
2026-05-20T12:14:03.160058,75.77,135.53,0.1324,0.0,0.0,1,1
2026-05-20T12:14:06.328324,123.14,139.69,0.1364,0.0,0.0,1,1
2026-05-20T12:14:09.456299,70.97,154.33,0.1507,0.0,0.0,1,1
2026-05-20T12:14:12.602302,69.86,245.43,0.2397,0.0,0.0,1,1
2026-05-20T12:14:15.747479,60.2,138.97,0.1357,0.0,0.0,1,1
2026-05-20T12:14:18.884078,56.7,138.69,0.1354,0.0,0.0,1,1
2026-05-20T12:14:22.001394,73.93,248.89,0.2431,0.0,0.0,1,1
2026-05-20T12:14:25.142038,69.81,147.85,0.1444,0.0,0.0,1,1
2026-05-20T12:14:28.271851,62.1,259.25,0.2532,0.0,0.0,1,1
2026-05-20T12:14:31.420454,70.45,133.25,0.1301,0.0,0.0,1,1
2026-05-20T12:14:34.580918,70.39,158.82,0.1551,0.0,0.0,1,1
2026-05-20T12:14:37.737757,62.44,139.82,0.1365,0.0,0.0,1,1
2026-05-20T12:14:40.868136,57.59,147.35,0.1439,0.0,0.0,1,1
2026-05-20T12:14:44.000982,64.37,257.4,0.2514,0.0,0.0,1,1
2026-05-20T12:14:47.157555,70.28,136.58,0.1334,0.0,0.0,1,1
2026-05-20T12:14:50.325942,83.19,111.19,0.1086,0.0,0.0,1,1
2026-05-20T12:14:53.492554,83.69,145.31,0.1419,0.0,0.0,1,1
2026-05-20T12:14:56.652980,84.34,147.42,0.144,0.0,0.0,1,1
2026-05-20T12:14:59.813372,78.17,143.8,0.1404,0.0,0.0,1,1
2026-05-20T12:15:02.944319,69.93,174.61,0.1705,0.0,0.0,1,1
2026-05-20T12:15:06.077260,68.55,168.55,0.1646,0.0,0.0,1,1
2026-05-20T12:15:09.237995,64.58,134.51,0.1314,0.0,0.0,1,1
2026-05-20T12:15:12.391111,71.7,176.26,0.1721,0.0,0.0,1,1
2026-05-20T12:15:15.547421,65.16,139.49,0.1362,0.0,0.0,1,1
2026-05-20T12:15:18.678405,67.44,205.71,0.2009,0.0,0.0,1,1
2026-05-20T12:15:21.837534,60.35,148.15,0.1447,0.0,0.0,1,1
2026-05-20T12:15:24.999269,55.73,142.82,0.1395,0.0,0.0,1,1
2026-05-20T12:15:28.137955,65.03,146.12,0.1427,0.0,0.0,1,1
2026-05-20T12:15:31.271126,79.51,242.05,0.2364,0.0,0.0,1,1
2026-05-20T12:15:34.482732,69.47,76.68,0.0749,0.0,0.0,1,0
2026-05-20T12:15:37.637946,69.17,142.29,0.139,0.0,0.0,1,1
2026-05-20T12:15:40.771447,102.8,267.7,0.2614,0.0,0.0,1,1
2026-05-20T12:15:43.891068,79.2,262.12,0.256,0.0,0.0,1,1
2026-05-20T12:15:47.014120,60.54,183.55,0.1792,0.0,0.0,1,1
2026-05-20T12:15:50.187231,111.23,108.37,0.1058,0.0,0.0,1,1
2026-05-20T12:15:53.311070,66.11,252.1,0.2462,0.0,0.0,1,1
2026-05-20T12:15:56.458125,70.86,138.88,0.1356,0.0,0.0,1,1
2026-05-20T12:15:59.608501,60.21,147.14,0.1437,0.0,0.0,1,1
2026-05-20T12:16:02.787942,65.82,116.24,0.1135,0.0,0.0,1,1
2026-05-20T12:16:05.900739,61.18,256.47,0.2505,0.0,0.0,1,1
2026-05-20T12:16:09.056065,63.92,122.48,0.1196,0.0,0.0,1,1
2026-05-20T12:16:12.206888,73.22,181.03,0.1768,0.0,0.0,1,1
2026-05-20T12:16:15.357238,71.45,168.63,0.1647,0.0,0.0,1,1
2026-05-20T12:16:18.502381,65.61,165.24,0.1614,0.0,0.0,1,1
2026-05-20T12:16:21.624048,64.88,231.29,0.2259,0.0,0.0,1,1
2026-05-20T12:16:24.741353,61.48,251.64,0.2457,0.0,0.0,1,1
2026-05-20T12:16:27.862041,58.89,254.94,0.249,0.0,0.0,1,1
2026-05-20T12:16:30.996497,57.59,216.52,0.2114,0.0,0.0,1,1
2026-05-20T12:16:34.120816,69.0,255.62,0.2496,0.0,0.0,1,1
2026-05-20T12:16:37.256238,142.1,220.84,0.2157,0.0,0.0,1,1
2026-05-20T12:16:40.540510,96.87,200.04,0.1953,0.0,0.0,1,1
2026-05-20T12:16:43.697092,62.11,102.74,0.1003,0.0,0.0,1,1
2026-05-20T12:16:46.847284,66.89,165.16,0.1613,0.0,0.0,1,1
2026-05-20T12:16:50.008741,66.32,130.1,0.127,0.0,0.0,1,1
2026-05-20T12:16:53.190187,75.0,122.52,0.1196,0.0,0.0,1,1
2026-05-20T12:16:56.321343,65.89,247.93,0.2421,0.0,0.0,1,1
2026-05-20T12:16:59.448446,74.0,182.06,0.1778,0.0,0.0,1,1
2026-05-20T12:17:02.610034,80.29,143.77,0.1404,0.0,0.0,1,1
2026-05-20T12:17:05.790872,70.36,93.76,0.0916,0.0,0.0,1,0
2026-05-20T12:17:08.956404,73.8,169.21,0.1652,0.0,0.0,1,1
2026-05-20T12:17:12.077204,53.16,161.11,0.1573,0.0,0.0,1,1
2026-05-20T12:17:15.197219,61.08,171.66,0.1676,0.0,0.0,1,1
2026-05-20T12:17:18.315264,59.44,203.78,0.199,0.0,0.0,1,1
2026-05-20T12:17:21.456247,67.63,155.72,0.1521,0.0,0.0,1,1
2026-05-20T12:17:24.573445,58.28,174.62,0.1705,0.0,0.0,1,1
2026-05-20T12:17:27.672466,49.23,205.98,0.2012,0.0,0.0,1,1
2026-05-20T12:17:30.781538,56.33,210.92,0.206,0.0,0.0,1,1
2026-05-20T12:17:33.927467,74.87,212.87,0.2079,0.0,0.0,1,1
2026-05-20T12:17:37.072252,56.44,116.55,0.1138,0.0,0.0,1,1
2026-05-20T12:17:40.201238,72.08,173.44,0.1694,0.0,0.0,1,1
2026-05-20T12:17:43.332084,69.96,254.92,0.2489,0.0,0.0,1,1
2026-05-20T12:17:46.491410,87.75,129.13,0.1261,0.0,0.0,1,1
2026-05-20T12:17:49.639984,71.8,144.43,0.141,0.0,0.0,1,1
2026-05-20T12:17:52.783487,66.95,178.52,0.1743,0.0,0.0,1,1
2026-05-20T12:17:55.994395,64.27,88.22,0.0862,0.0,0.0,1,0
2026-05-20T12:17:59.137002,75.88,212.98,0.208,0.0,0.0,1,1
2026-05-20T12:18:02.255954,93.44,169.05,0.1651,0.0,0.0,1,1
2026-05-20T12:18:05.403066,71.47,156.63,0.153,0.0,0.0,1,1
2026-05-20T12:18:08.583416,83.37,139.25,0.136,0.0,0.0,1,1
2026-05-20T12:18:11.725466,66.34,189.54,0.1851,0.0,0.0,1,1
2026-05-20T12:18:14.872297,68.59,140.53,0.1372,0.0,0.0,1,1
2026-05-20T12:18:18.031720,97.3,148.72,0.1452,0.0,0.0,1,1
2026-05-20T12:18:21.167615,59.19,126.83,0.1239,0.0,0.0,1,1
2026-05-20T12:18:24.280443,66.87,254.65,0.2487,0.0,0.0,1,1
2026-05-20T12:18:27.397769,61.8,203.03,0.1983,0.0,0.0,1,1
2026-05-20T12:18:30.530064,66.77,261.26,0.2551,0.0,0.0,1,1
2026-05-20T12:18:33.641438,65.93,252.72,0.2468,0.0,0.0,1,1
2026-05-20T12:18:36.761171,65.64,256.24,0.2502,0.0,0.0,1,1
2026-05-20T12:18:39.940622,82.34,137.13,0.1339,0.0,0.0,1,1
2026-05-20T12:18:43.081519,69.16,185.78,0.1814,0.0,0.0,1,1
2026-05-20T12:18:46.232129,60.66,137.4,0.1342,0.0,0.0,1,1
2026-05-20T12:18:49.576224,145.77,157.75,0.1541,0.0,0.0,1,1
2026-05-20T12:18:52.753023,74.74,146.83,0.1434,0.0,0.0,1,1
2026-05-20T12:18:55.917892,68.57,124.07,0.1212,0.0,0.0,1,1
2026-05-20T12:18:59.040712,73.99,270.94,0.2646,0.0,0.0,1,1
2026-05-20T12:19:02.189248,65.33,137.66,0.1344,0.0,0.0,1,1
2026-05-20T12:19:05.321706,86.09,150.3,0.1468,0.0,0.0,1,1
2026-05-20T12:19:08.467312,76.34,216.46,0.2114,0.0,0.0,1,1
2026-05-20T12:19:11.595347,67.69,222.39,0.2172,0.0,0.0,1,1
2026-05-20T12:19:14.716171,60.0,216.13,0.2111,0.0,0.0,1,1
2026-05-20T12:19:17.820696,60.28,256.2,0.2502,0.0,0.0,1,1
2026-05-20T12:19:20.930577,63.96,273.37,0.267,0.0,0.0,1,1
2026-05-20T12:19:24.057821,84.59,214.45,0.2094,0.0,0.0,1,1
2026-05-20T12:19:27.185101,50.02,153.4,0.1498,0.0,0.0,1,1
2026-05-20T12:19:30.296008,50.83,214.42,0.2094,0.0,0.0,1,1
2026-05-20T12:19:33.648888,104.54,87.96,0.0859,0.0,0.0,1,0
2026-05-20T12:19:36.781060,67.9,248.92,0.2431,0.0,0.0,1,1
2026-05-20T12:19:39.938907,71.65,158.14,0.1544,0.0,0.0,1,1
2026-05-20T12:19:43.077931,76.38,164.58,0.1607,0.0,0.0,1,1
2026-05-20T12:19:46.233751,76.48,133.0,0.1299,0.0,0.0,1,1
2026-05-20T12:19:49.392989,80.81,182.75,0.1785,0.0,0.0,1,1
2026-05-20T12:19:52.553876,64.07,115.47,0.1128,0.0,0.0,1,1
2026-05-20T12:19:55.758386,74.01,99.72,0.0974,0.0,0.0,1,0
2026-05-20T12:19:58.859058,49.88,208.35,0.2035,0.0,0.0,1,1
2026-05-20T12:20:01.969592,54.62,205.29,0.2005,0.0,0.0,1,1
2026-05-20T12:20:05.079986,57.07,204.71,0.1999,0.0,0.0,1,1
2026-05-20T12:20:08.199707,56.2,202.34,0.1976,0.0,0.0,1,1
2026-05-20T12:20:11.299645,56.14,205.96,0.2011,0.0,0.0,1,1
2026-05-20T12:20:14.401642,53.8,215.55,0.2105,0.0,0.0,1,1
2026-05-20T12:20:18.549696,61.08,7.54,0.0074,0.0,0.0,1,0
2026-05-20T12:20:21.649660,52.86,202.11,0.1974,0.0,0.0,1,1
2026-05-20T12:20:24.750979,59.7,202.15,0.1974,0.0,0.0,1,1
2026-05-20T12:20:27.870820,54.87,174.4,0.1703,0.0,0.0,1,1
2026-05-20T12:20:30.979326,71.05,179.2,0.175,0.0,0.0,1,1
2026-05-20T12:20:34.081588,57.11,194.83,0.1903,0.0,0.0,1,1
2026-05-20T12:20:37.318204,82.35,68.18,0.0666,0.0,0.0,1,0
2026-05-20T12:20:40.623290,119.58,64.45,0.0629,0.0,0.0,1,0
2026-05-20T12:20:43.773574,85.49,113.86,0.1112,0.0,0.0,1,1
2026-05-20T12:20:46.898863,68.96,151.0,0.1475,0.0,0.0,1,1
2026-05-20T12:20:50.037491,71.85,138.55,0.1353,0.0,0.0,1,1
2026-05-20T12:20:53.167117,72.59,149.68,0.1462,0.0,0.0,1,1
2026-05-20T12:20:56.304933,62.58,168.32,0.1644,0.0,0.0,1,1
2026-05-20T12:20:59.446223,57.77,134.51,0.1314,0.0,0.0,1,1
2026-05-20T12:21:02.589924,63.83,168.3,0.1644,0.0,0.0,1,1
2026-05-20T12:21:05.749458,60.2,156.81,0.1531,0.0,0.0,1,1
2026-05-20T12:21:08.889055,67.51,164.1,0.1603,0.0,0.0,1,1
2026-05-20T12:21:12.030489,56.73,170.58,0.1666,0.0,0.0,1,1
2026-05-20T12:21:15.186023,81.73,164.65,0.1608,0.0,0.0,1,1
2026-05-20T12:21:18.320120,59.97,149.89,0.1464,0.0,0.0,1,1
2026-05-20T12:21:21.449470,59.54,168.17,0.1642,0.0,0.0,1,1
2026-05-20T12:21:24.592618,63.46,139.34,0.1361,0.0,0.0,1,1
2026-05-20T12:21:27.729127,60.57,150.86,0.1473,0.0,0.0,1,1
2026-05-20T12:21:30.859515,57.61,168.63,0.1647,0.0,0.0,1,1
2026-05-20T12:21:33.998286,60.35,169.36,0.1654,0.0,0.0,1,1
2026-05-20T12:21:37.120856,58.72,191.3,0.1868,0.0,0.0,1,1
2026-05-20T12:21:40.265647,60.97,189.97,0.1855,0.0,0.0,1,1
2026-05-20T12:21:43.399374,57.6,170.45,0.1665,0.0,0.0,1,1
2026-05-20T12:21:46.541602,54.35,158.87,0.1551,0.0,0.0,1,1
2026-05-20T12:21:49.682673,58.81,160.99,0.1572,0.0,0.0,1,1
2026-05-20T12:21:52.820331,58.61,165.73,0.1618,0.0,0.0,1,1
2026-05-20T12:21:55.963416,58.4,164.73,0.1609,0.0,0.0,1,1
2026-05-20T12:21:59.160854,70.45,102.47,0.1001,0.0,0.0,1,1
2026-05-20T12:22:02.298173,70.76,184.86,0.1805,0.0,0.0,1,1
2026-05-20T12:22:05.432820,48.63,164.41,0.1606,0.0,0.0,1,1
2026-05-20T12:22:08.553062,58.29,209.91,0.205,0.0,0.0,1,1
2026-05-20T12:22:11.689554,69.79,165.76,0.1619,0.0,0.0,1,1
2026-05-20T12:22:14.854357,66.96,125.76,0.1228,0.0,0.0,1,1
2026-05-20T12:22:17.990408,60.83,171.37,0.1674,0.0,0.0,1,1
2026-05-20T12:22:21.201687,74.13,101.28,0.0989,0.0,0.0,1,1
2026-05-20T12:22:24.379585,68.78,88.38,0.0863,0.0,0.0,1,0
2026-05-20T12:22:27.528979,59.17,158.85,0.1551,0.0,0.0,1,1
2026-05-20T12:22:30.677808,61.07,167.59,0.1637,0.0,0.0,1,1
2026-05-20T12:22:33.821527,60.08,170.51,0.1665,0.0,0.0,1,1
2026-05-20T12:22:36.959197,66.81,165.81,0.1619,0.0,0.0,1,1
2026-05-20T12:22:40.094976,59.11,193.39,0.1889,0.0,0.0,1,1
2026-05-20T12:22:43.303239,71.47,101.7,0.0993,0.0,0.0,1,1
2026-05-20T12:22:52.802253,58.28,142.46,0.1391,0.0,0.0,1,1
2026-05-20T12:22:55.923272,56.79,242.14,0.2365,0.0,0.0,1,1
2026-05-20T12:22:59.041716,58.89,199.05,0.1944,0.0,0.0,1,1
2026-05-20T12:23:02.208984,65.04,158.17,0.1545,0.0,0.0,1,1
2026-05-20T12:23:05.333362,55.05,228.91,0.2235,0.0,0.0,1,1
2026-05-20T12:23:08.478277,59.31,140.31,0.137,0.0,0.0,1,1
2026-05-20T12:23:11.620351,61.59,161.53,0.1577,0.0,0.0,1,1
2026-05-20T12:23:14.760020,66.1,150.94,0.1474,0.0,0.0,1,1
2026-05-20T12:23:17.908826,76.5,166.03,0.1621,0.0,0.0,1,1
2026-05-20T12:23:21.069879,62.51,152.08,0.1485,0.0,0.0,1,1
2026-05-20T12:23:24.211168,64.95,163.91,0.1601,0.0,0.0,1,1
2026-05-20T12:23:27.333184,60.09,189.44,0.185,0.0,0.0,1,1
2026-05-20T12:23:30.441742,55.04,249.17,0.2433,0.0,0.0,1,1
2026-05-20T12:23:34.558936,56.62,114.25,0.1116,0.0,25.0,0,1
2026-05-20T12:23:37.723993,64.89,125.62,0.1227,0.0,0.0,1,1
2026-05-20T12:23:40.873304,73.45,157.79,0.1541,0.0,0.0,1,1
2026-05-20T12:23:44.019483,57.34,172.41,0.1684,0.0,0.0,1,1
2026-05-20T12:23:47.178377,61.88,117.89,0.1151,0.0,0.0,1,1
2026-05-20T12:23:50.329919,62.18,165.21,0.1613,0.0,0.0,1,1
2026-05-20T12:23:53.469094,63.65,168.88,0.1649,0.0,0.0,1,1
2026-05-20T12:23:56.621307,56.87,167.74,0.1638,0.0,0.0,1,1
2026-05-20T12:23:59.750305,57.32,165.52,0.1616,0.0,0.0,1,1
2026-05-20T12:24:02.912936,72.51,127.94,0.1249,0.0,0.0,1,1
2026-05-20T12:24:06.060148,56.05,166.82,0.1629,0.0,0.0,1,1
2026-05-20T12:24:09.208219,64.07,179.13,0.1749,0.0,0.0,1,1
2026-05-20T12:24:12.349768,65.14,162.45,0.1586,0.0,0.0,1,1
2026-05-20T12:24:15.494891,64.09,151.04,0.1475,0.0,0.0,1,1
2026-05-20T12:24:18.638131,58.83,142.33,0.139,0.0,0.0,1,1
2026-05-20T12:24:21.778307,66.75,175.29,0.1712,0.0,0.0,1,1
2026-05-20T12:24:24.915290,72.52,149.35,0.1458,0.0,0.0,1,1
2026-05-20T12:24:28.033607,46.79,166.71,0.1628,0.0,0.0,1,1
2026-05-20T12:24:31.186145,56.78,144.18,0.1408,0.0,0.0,1,1
2026-05-20T12:24:34.341138,96.4,117.32,0.1146,0.0,0.0,1,1
2026-05-20T12:24:37.506884,107.28,140.71,0.1374,0.0,0.0,1,1
2026-05-20T12:24:40.640477,74.38,252.16,0.2463,0.0,0.0,1,1
2026-05-20T12:24:43.762272,86.42,242.27,0.2366,0.0,0.0,1,1
2026-05-20T12:24:46.908009,83.54,146.6,0.1432,0.0,0.0,1,1
2026-05-20T12:24:50.065227,81.69,190.3,0.1858,0.0,0.0,1,1
2026-05-20T12:24:53.220250,89.92,154.05,0.1504,0.0,0.0,1,1
2026-05-20T12:24:56.360324,85.54,253.21,0.2473,0.0,0.0,1,1
2026-05-20T12:24:59.507118,84.2,194.4,0.1898,0.0,0.0,1,1
2026-05-20T12:25:02.678996,78.21,133.15,0.13,0.0,0.0,1,1
2026-05-20T12:25:05.866710,86.88,167.69,0.1638,0.0,0.0,1,1
2026-05-20T12:25:09.055332,91.18,130.37,0.1273,0.0,0.0,1,1
2026-05-20T12:25:12.228751,90.63,136.89,0.1337,0.0,0.0,1,1
2026-05-20T12:25:15.403558,80.88,122.4,0.1195,0.0,0.0,1,1
2026-05-20T12:25:18.580015,204.4,120.76,0.1179,0.0,0.0,0,1
2026-05-20T12:25:21.752757,85.27,147.39,0.1439,0.0,0.0,1,1
2026-05-20T12:25:24.912897,83.56,160.62,0.1569,0.0,0.0,1,1
2026-05-20T12:25:28.067423,80.16,163.36,0.1595,0.0,0.0,1,1
2026-05-20T12:25:31.201286,72.37,244.01,0.2383,0.0,0.0,1,1
2026-05-20T12:25:34.367991,69.4,136.69,0.1335,0.0,0.0,1,1
2026-05-20T12:25:37.528412,81.96,139.38,0.1361,0.0,0.0,1,1
2026-05-20T12:25:40.722422,85.91,94.36,0.0922,0.0,0.0,1,0
2026-05-20T12:25:43.886309,80.6,167.19,0.1633,0.0,0.0,1,1
2026-05-20T12:25:47.050218,84.65,157.5,0.1538,0.0,0.0,1,1
2026-05-20T12:25:50.207294,79.82,144.02,0.1406,0.0,0.0,1,1
2026-05-20T12:25:53.400522,84.08,119.0,0.1162,0.0,0.0,1,1
2026-05-20T12:25:56.526079,61.72,211.54,0.2066,0.0,0.0,1,1
2026-05-20T12:25:59.668364,72.1,138.81,0.1356,0.0,0.0,1,1
2026-05-20T12:26:02.827265,71.53,161.95,0.1582,0.0,0.0,1,1
2026-05-20T12:26:05.980438,66.89,151.19,0.1476,0.0,0.0,1,1
2026-05-20T12:26:09.136419,74.45,117.5,0.1147,0.0,0.0,1,1
2026-05-20T12:26:12.268126,60.87,200.49,0.1958,0.0,0.0,1,1
2026-05-20T12:26:15.431269,74.61,130.62,0.1276,0.0,0.0,1,1
2026-05-20T12:26:18.566953,110.96,203.33,0.1986,0.0,0.0,1,1
2026-05-20T12:28:28.060690,100.61,253.95,0.248,0.0,0.0,1,1
2026-05-20T12:28:31.286130,97.71,181.6,0.1773,0.0,0.0,1,1
2026-05-20T12:28:34.487374,80.21,170.78,0.1668,0.0,0.0,1,1
2026-05-20T12:28:54.980863,70.93,120.44,0.1176,0.0,0.0,1,1
2026-05-20T12:28:58.173516,72.06,127.72,0.1247,0.0,0.0,1,1
2026-05-20T12:29:01.381176,64.05,179.06,0.1749,0.0,0.0,1,1
2026-05-20T12:29:04.701022,90.32,135.53,0.1324,0.0,0.0,1,1
2026-05-20T12:29:07.881089,67.55,178.68,0.1745,0.0,0.0,1,1
2026-05-20T12:29:11.056557,58.94,131.84,0.1288,0.0,0.0,1,1
2026-05-20T12:29:14.254956,57.76,166.6,0.1627,0.0,0.0,1,1
2026-05-20T12:29:17.434871,56.71,129.64,0.1266,0.0,0.0,1,1
2026-05-20T12:29:20.632178,92.12,169.56,0.1656,0.0,0.0,1,1
2026-05-20T12:29:23.821205,69.74,169.78,0.1658,0.0,0.0,1,1
2026-05-20T12:29:27.025374,58.01,117.13,0.1144,0.0,0.0,1,1
2026-05-20T12:29:30.201733,69.45,222.02,0.2168,0.0,0.0,1,1
2026-05-20T12:29:33.421916,74.57,128.03,0.125,0.0,0.0,1,1
2026-05-20T12:29:36.651246,62.39,88.78,0.0867,0.0,0.0,1,0
2026-05-20T12:29:39.864512,65.44,129.37,0.1263,0.0,0.0,1,1
2026-05-20T12:29:43.110448,67.42,96.29,0.094,0.0,0.0,1,0
2026-05-20T12:29:46.303375,60.76,212.23,0.2073,0.0,0.0,1,1
2026-05-20T12:29:49.466099,51.93,124.28,0.1214,0.0,0.0,1,1
2026-05-20T12:29:52.670961,73.7,148.21,0.1447,0.0,0.0,1,1
2026-05-20T12:29:55.940467,61.15,163.37,0.1595,0.0,0.0,1,1
2026-05-20T12:29:59.234410,57.03,73.9,0.0722,0.0,0.0,1,0
2026-05-20T12:30:02.476512,118.58,145.28,0.1419,0.0,0.0,1,1
2026-05-20T12:30:05.795925,65.82,66.43,0.0649,0.0,0.0,1,0
2026-05-20T12:30:09.068838,74.62,96.56,0.0943,0.0,0.0,1,0
2026-05-20T12:30:12.275597,69.6,233.36,0.2279,0.0,0.0,1,1
2026-05-20T12:30:15.514964,71.43,194.99,0.1904,0.0,0.0,1,1
2026-05-20T12:30:18.763149,47.91,150.85,0.1473,0.0,0.0,1,1
2026-05-20T12:30:22.067791,74.7,87.59,0.0855,0.0,0.0,1,0
2026-05-20T12:30:25.411887,82.85,86.55,0.0845,0.0,0.0,1,0
2026-05-20T12:30:28.656000,70.45,175.31,0.1712,0.0,0.0,1,1
2026-05-20T12:30:31.888795,46.96,238.1,0.2325,0.0,0.0,1,1
2026-05-20T12:30:35.200701,52.71,69.53,0.0679,0.0,0.0,1,0
2026-05-20T12:30:38.486467,67.84,110.92,0.1083,0.0,0.0,1,1
2026-05-20T12:30:41.718509,76.36,91.5,0.0894,0.0,0.0,1,0
2026-05-20T12:30:45.010228,80.4,90.67,0.0885,0.0,0.0,1,0
2026-05-20T12:30:48.295027,67.8,119.7,0.1169,0.0,0.0,1,1
2026-05-20T12:30:55.299521,63.07,106.51,0.104,0.0,0.0,1,1
2026-05-20T12:30:58.612354,51.26,134.81,0.1316,0.0,0.0,1,1
2026-05-20T12:31:01.920768,79.56,93.54,0.0913,0.0,0.0,1,0
2026-05-20T12:31:05.237853,81.47,91.26,0.0891,0.0,0.0,1,0
2026-05-20T12:31:08.480666,63.68,163.41,0.1596,0.0,0.0,1,1
2026-05-20T12:31:11.719541,54.82,171.36,0.1673,0.0,0.0,1,1
2026-05-20T12:31:15.001852,63.14,104.18,0.1017,0.0,0.0,1,1
2026-05-20T12:31:18.237816,86.39,121.61,0.1188,0.0,0.0,1,1
2026-05-20T12:31:23.395700,73.04,113.8,0.1111,0.0,0.0,1,1
2026-05-20T12:31:26.643209,187.81,126.92,0.1239,0.0,0.0,1,1
2026-05-20T12:31:29.950109,61.34,99.79,0.0975,0.0,0.0,1,0
2026-05-20T12:31:33.208392,71.89,103.74,0.1013,0.0,0.0,1,1
2026-05-20T12:31:36.505179,88.39,100.82,0.0985,0.0,0.0,1,1
2026-05-20T12:31:39.830717,89.23,97.08,0.0948,0.0,0.0,1,0
2026-05-20T12:31:43.096374,63.14,106.19,0.1037,0.0,0.0,1,1
2026-05-20T12:31:46.355474,56.18,112.0,0.1094,0.0,0.0,1,1
2026-05-20T12:31:49.627655,81.6,107.88,0.1053,0.0,0.0,1,1
2026-05-20T12:31:52.963887,73.39,93.16,0.091,0.0,0.0,1,0
2026-05-20T12:31:56.204490,53.55,182.14,0.1779,0.0,0.0,1,1
2026-05-20T12:31:59.505192,65.23,77.32,0.0755,0.0,0.0,1,0
2026-05-20T12:32:02.690628,53.97,194.86,0.1903,0.0,0.0,1,1
2026-05-20T12:32:05.907344,48.93,170.25,0.1663,0.0,0.0,1,1
2026-05-20T12:32:09.120827,52.69,205.32,0.2005,0.0,0.0,1,1
2026-05-20T12:32:13.485948,60.6,83.25,0.0813,0.0,0.0,1,0
2026-05-20T12:32:16.733087,75.88,143.91,0.1405,0.0,0.0,1,1
2026-05-20T12:32:20.022645,58.49,115.39,0.1127,0.0,0.0,1,1
2026-05-20T12:32:23.235736,67.6,160.99,0.1572,0.0,0.0,1,1
2026-05-20T12:32:26.446833,57.76,148.82,0.1453,0.0,0.0,1,1
2026-05-20T12:32:29.675116,47.56,137.79,0.1346,0.0,0.0,1,1
2026-05-20T12:32:32.869804,65.43,220.11,0.215,0.0,0.0,1,1
2026-05-20T12:32:36.117315,48.3,120.03,0.1172,0.0,0.0,1,1
2026-05-20T12:32:39.310192,82.31,200.29,0.1956,0.0,0.0,1,1
2026-05-20T12:32:42.543384,53.0,182.67,0.1784,0.0,0.0,1,1
2026-05-20T12:32:45.779619,53.05,262.4,0.2562,0.0,0.0,1,1
2026-05-20T12:32:49.023887,84.3,170.61,0.1666,0.0,0.0,1,1
2026-05-20T12:33:05.780652,69.5,69.03,0.0674,0.0,0.0,1,0
2026-05-20T12:33:09.008345,43.28,181.44,0.1772,0.0,0.0,1,1
2026-05-20T12:33:12.277495,73.85,132.22,0.1291,0.0,0.0,1,1
2026-05-20T12:33:15.486655,60.91,161.7,0.1579,0.0,0.0,1,1
2026-05-20T12:33:18.768797,60.18,128.8,0.1258,0.0,0.0,1,1
2026-05-20T12:33:22.098900,69.54,99.15,0.0968,0.0,0.0,1,0
2026-05-20T12:33:25.338304,83.95,152.75,0.1492,0.0,0.0,1,1
2026-05-20T12:33:28.647262,74.7,97.11,0.0948,0.0,0.0,1,0
2026-05-20T12:33:31.839541,52.42,229.28,0.2239,0.0,0.0,1,1
2026-05-20T12:33:37.308232,64.8,91.73,0.0896,0.0,0.0,1,0
2026-05-20T12:33:40.522919,51.39,197.36,0.1927,0.0,0.0,1,1
2026-05-20T12:33:43.754618,56.71,196.28,0.1917,0.0,0.0,1,1
2026-05-20T12:33:47.399705,166.68,208.53,0.2036,0.0,0.0,1,1
2026-05-20T12:33:50.630268,83.17,228.01,0.2227,0.0,0.0,1,1
2026-05-20T12:33:53.895948,57.25,184.38,0.1801,0.0,0.0,1,1
2026-05-20T12:33:57.134903,54.27,148.39,0.1449,0.0,0.0,1,1
2026-05-20T12:34:00.553972,78.6,56.69,0.0554,0.0,0.0,1,0
2026-05-20T12:34:03.825551,102.5,99.84,0.0975,0.0,0.0,1,0
2026-05-20T12:34:07.114764,69.96,169.18,0.1652,0.0,0.0,1,1
2026-05-20T12:34:11.373108,49.27,121.04,0.1182,0.0,25.0,0,1
2026-05-20T12:34:14.671893,50.56,101.97,0.0996,0.0,0.0,1,1
2026-05-20T12:34:17.855136,50.02,192.43,0.1879,0.0,0.0,1,1
2026-05-20T12:34:22.021867,53.43,164.8,0.1609,0.0,25.0,0,1
2026-05-20T12:34:25.332268,66.44,88.42,0.0863,0.0,0.0,1,0
2026-05-20T12:34:28.594213,72.71,151.92,0.1484,0.0,0.0,1,1
2026-05-20T12:34:32.053645,107.46,166.3,0.1624,0.0,0.0,1,1
2026-05-20T12:34:35.325673,61.47,162.13,0.1583,0.0,0.0,1,1
2026-05-20T12:34:43.402240,79.02,105.75,0.1033,0.0,0.0,1,1
2026-05-20T12:34:46.666155,68.42,141.24,0.1379,0.0,0.0,1,1
2026-05-20T12:34:49.946512,69.24,111.17,0.1086,0.0,0.0,1,1
2026-05-20T12:34:55.096177,69.7,93.51,0.0913,0.0,0.0,1,0
2026-05-20T12:34:58.341943,85.17,140.06,0.1368,0.0,0.0,1,1
2026-05-20T12:35:01.527234,57.12,190.28,0.1858,0.0,0.0,1,1
2026-05-20T12:35:05.369957,64.28,126.83,0.1239,0.0,0.0,1,1
2026-05-20T12:35:08.595879,58.96,193.11,0.1886,0.0,0.0,1,1
2026-05-20T12:35:11.919276,74.61,139.93,0.1366,0.0,0.0,1,1
2026-05-20T12:35:15.174510,67.59,151.67,0.1481,0.0,0.0,1,1
2026-05-20T12:35:18.965522,272.85,144.82,0.1414,0.0,0.0,0,1
2026-05-20T12:35:22.225985,63.75,132.93,0.1298,0.0,0.0,1,1
2026-05-20T12:35:25.490198,63.78,153.17,0.1496,0.0,0.0,1,1
2026-05-20T12:35:28.764626,92.43,146.99,0.1435,0.0,0.0,1,1
2026-05-20T12:35:32.086044,180.93,109.36,0.1068,0.0,0.0,1,1
2026-05-20T12:35:35.839915,298.9,93.17,0.091,0.0,0.0,0,0
2026-05-20T12:35:39.120810,104.19,112.27,0.1096,0.0,0.0,1,1
2026-05-20T12:35:42.416617,134.32,96.58,0.0943,0.0,0.0,1,0
2026-05-20T12:35:45.701083,78.09,98.1,0.0958,0.0,0.0,1,0
2026-05-20T12:35:48.969929,71.67,177.41,0.1733,0.0,0.0,1,1
2026-05-20T12:35:52.210815,281.31,133.81,0.1307,0.0,0.0,0,1
2026-05-20T12:35:55.428642,53.62,209.99,0.2051,0.0,0.0,1,1
2026-05-20T12:35:58.709455,57.33,148.42,0.1449,0.0,0.0,1,1
2026-05-20T12:36:02.099496,64.84,90.78,0.0886,0.0,0.0,1,0
2026-05-20T12:36:08.697328,79.29,91.68,0.0895,0.0,0.0,1,0
2026-05-20T12:36:11.920164,59.22,200.92,0.1962,0.0,0.0,1,1
2026-05-20T12:36:15.160117,52.27,238.08,0.2325,0.0,0.0,1,1
2026-05-20T12:36:18.479406,52.3,91.73,0.0896,0.0,0.0,1,0
2026-05-20T12:36:31.628335,88.4,7.34,0.0072,0.0,0.0,1,0
2026-05-20T12:36:34.968756,77.33,99.81,0.0975,0.0,0.0,1,0
2026-05-20T12:36:38.271835,82.18,102.14,0.0997,0.0,0.0,1,1
2026-05-20T12:36:42.491447,81.85,72.69,0.071,0.0,25.0,0,0
2026-05-20T12:36:45.849220,92.56,81.61,0.0797,0.0,0.0,1,0
2026-05-20T12:36:49.170589,93.79,91.88,0.0897,0.0,0.0,1,0
2026-05-20T12:36:52.470558,91.46,97.24,0.095,0.0,0.0,1,0
2026-05-20T12:36:55.821276,93.89,73.69,0.072,0.0,0.0,1,0
2026-05-20T12:36:59.130232,92.69,97.56,0.0953,0.0,0.0,1,0
2026-05-20T12:37:02.470762,94.94,83.84,0.0819,0.0,0.0,1,0
2026-05-20T12:44:04.927413,78.83,131.7,0.1286,0.0,0.0,1,1
2026-05-20T12:44:08.166556,85.14,260.4,0.2543,0.0,0.0,1,1
2026-05-20T12:44:11.352420,65.93,162.66,0.1588,0.0,0.0,1,1
2026-05-20T12:44:14.551133,71.01,128.52,0.1255,0.0,0.0,1,1
2026-05-20T12:44:17.783323,75.15,122.57,0.1197,0.0,0.0,1,1
2026-05-20T14:59:06.826754,11.27,3027.01,2.9561,0.0,0.0,1,1
2026-05-20T14:59:10.018959,0.48,1196.19,1.1682,0.0,0.0,1,1
2026-05-20T14:59:13.185641,0.52,188.95,0.1845,0.0,0.0,1,1
2026-05-20T14:59:16.399804,10.92,151.86,0.1483,0.0,0.0,1,1
2026-05-20T14:59:19.513672,13.18,6136.51,5.9927,0.0,0.0,1,1
2026-05-20T14:59:22.642916,0.54,7206.71,7.0378,0.0,0.0,1,1
2026-05-20T14:59:25.799735,0.5,6569.0,6.415,0.0,0.0,1,1
2026-05-20T14:59:28.949773,0.57,292.6,0.2857,0.0,0.0,1,1
2026-05-20T14:59:32.032841,22.97,7115.02,6.9483,0.0,0.0,1,1
2026-05-20T14:59:35.300927,0.53,1123.76,1.0974,0.0,0.0,1,1
2026-05-20T14:59:38.881332,113.43,39.44,0.0385,0.0,0.0,1,0
2026-05-20T14:59:42.039094,86.09,190.59,0.1861,0.0,0.0,1,1
2026-05-20T14:59:45.256951,46.4,176.62,0.1725,0.0,0.0,1,1
2026-05-20T14:59:48.757925,75.56,42.93,0.0419,0.0,0.0,1,0
2026-05-20T14:59:51.965093,166.09,198.71,0.1941,0.0,0.0,1,1
2026-05-20T14:59:55.162938,35.78,293.01,0.2861,0.0,0.0,1,1
2026-05-20T14:59:58.739182,121.45,41.13,0.0402,0.0,0.0,1,0
2026-05-20T15:00:01.910333,132.3,185.35,0.181,0.0,0.0,1,1
2026-05-20T15:00:05.161324,41.48,183.2,0.1789,0.0,0.0,1,1
2026-05-20T15:00:08.390805,35.32,208.09,0.2032,0.0,0.0,1,1
2026-05-20T15:00:11.521090,29.4,927.82,0.9061,0.0,0.0,1,1
2026-05-20T15:00:14.707309,0.51,7163.63,6.9957,0.0,0.0,1,1
2026-05-20T15:00:17.912678,0.58,6511.63,6.359,0.0,0.0,1,1
2026-05-20T15:00:21.106905,22.3,7160.57,6.9927,0.0,0.0,1,1
2026-05-20T15:00:24.678367,149.97,38.01,0.0371,0.0,0.0,1,0
2026-05-20T15:00:27.897165,122.92,186.6,0.1822,0.0,0.0,1,1
2026-05-20T15:00:29.026117,43.57,216.53,0.2115,0.0,0.0,1,1
2026-05-20T15:01:37.595631,0.47,1431.38,1.3978,0.0,0.0,1,1
2026-05-20T15:01:40.755127,0.54,7108.99,6.9424,0.0,0.0,1,1
2026-05-20T15:01:43.888076,29.52,6702.84,6.5457,0.0,0.0,1,1
2026-05-20T15:01:47.293045,69.56,53.29,0.052,0.0,0.0,1,0
2026-05-20T15:01:50.488623,101.64,163.37,0.1595,0.0,0.0,1,1
2026-05-20T15:01:53.913285,64.69,52.93,0.0517,0.0,0.0,1,0
2026-05-20T15:01:57.345566,175.57,55.95,0.0546,0.0,0.0,1,0
2026-05-20T15:02:01.543993,65.27,7699.5,7.519,0.0,25.0,0,1
2026-05-20T15:02:04.851593,11.69,187.65,0.1833,0.0,0.0,1,1
2026-05-20T15:02:08.018841,6.08,7128.62,6.9615,0.0,0.0,1,1
2026-05-20T15:02:11.387149,9.27,113.59,0.1109,0.0,0.0,1,1
2026-05-20T15:02:17.869747,77.25,190.86,0.1864,0.0,0.0,1,1
2026-05-20T15:02:21.027904,32.83,312.45,0.3051,0.0,0.0,1,1
2026-05-20T15:02:27.742041,72.77,204.64,0.1998,0.0,0.0,1,1
2026-05-20T15:02:30.945053,45.37,191.26,0.1868,0.0,0.0,1,1
2026-05-20T15:02:34.466864,71.15,41.87,0.0409,0.0,0.0,1,0
2026-05-20T15:02:37.658524,154.47,196.62,0.192,0.0,0.0,1,1
2026-05-20T15:02:40.891796,40.83,176.28,0.1721,0.0,0.0,1,1
2026-05-20T15:02:44.092968,40.39,128.01,0.125,0.0,0.0,1,1
2026-05-20T15:02:47.412263,50.07,74.57,0.0728,0.0,0.0,1,0
2026-05-20T15:02:51.594847,0.49,6788.27,6.6292,0.0,25.0,0,1
2026-05-20T15:02:54.882428,0.54,6852.04,6.6914,0.0,0.0,1,1
2026-05-20T15:02:58.147571,7.41,182.1,0.1778,0.0,0.0,1,1
2026-05-20T15:03:01.419430,46.21,134.88,0.1317,0.0,0.0,1,1
2026-05-20T15:03:04.633827,37.48,160.16,0.1564,0.0,0.0,1,1
2026-05-20T15:03:07.842450,39.77,189.48,0.185,0.0,0.0,1,1
2026-05-20T15:03:11.003139,39.33,4215.91,4.1171,0.0,0.0,1,1
2026-05-20T15:03:14.491736,150.56,48.13,0.047,0.0,0.0,1,0
2026-05-20T15:03:17.695575,106.88,191.75,0.1873,0.0,0.0,1,1
2026-05-20T15:03:20.888405,38.13,209.3,0.2044,0.0,0.0,1,1
2026-05-20T15:03:24.274819,60.37,61.6,0.0602,0.0,0.0,1,0
2026-05-20T15:03:30.302337,66.58,172.89,0.1688,0.0,0.0,1,1
2026-05-20T15:03:33.677759,63.76,56.52,0.0552,0.0,0.0,1,0
2026-05-20T15:03:37.198997,170.21,42.24,0.0412,0.0,0.0,1,0
2026-05-20T15:03:40.401635,70.88,201.64,0.1969,0.0,0.0,1,1
2026-05-20T15:03:43.671254,35.9,285.54,0.2789,0.0,0.0,1,1
2026-05-20T15:03:46.903487,29.32,175.39,0.1713,0.0,0.0,1,1
2026-05-20T15:03:50.213841,37.08,179.73,0.1755,0.0,0.0,1,1
2026-05-20T15:03:53.425792,40.87,191.03,0.1865,0.0,0.0,1,1
2026-05-20T15:03:56.665632,40.2,141.42,0.1381,0.0,0.0,1,1
2026-05-20T15:03:59.782853,28.2,7047.77,6.8826,0.0,0.0,1,1
2026-05-20T15:04:02.930659,39.9,217.45,0.2123,0.0,0.0,1,1
2026-05-20T15:04:06.100054,39.48,128.36,0.1254,0.0,0.0,1,1
2026-05-20T15:04:09.290086,32.76,119.62,0.1168,0.0,0.0,1,1
2026-05-20T15:04:13.496075,41.17,205.4,0.2006,0.0,25.0,0,1
2026-05-20T15:04:16.694340,31.59,150.03,0.1465,0.0,0.0,1,1
2026-05-20T15:04:19.900568,42.48,151.0,0.1475,0.0,0.0,1,1
2026-05-20T15:04:23.070793,30.54,212.47,0.2075,0.0,0.0,1,1
2026-05-20T15:04:26.255263,38.36,106.15,0.1037,0.0,0.0,1,1
2026-05-20T15:04:29.424059,43.2,181.51,0.1773,0.0,0.0,1,1
2026-05-20T15:04:32.618877,40.38,211.13,0.2062,0.0,0.0,1,1
2026-05-20T15:04:35.810091,38.73,121.37,0.1185,0.0,0.0,1,1
2026-05-20T15:04:39.017921,40.14,153.57,0.15,0.0,0.0,1,1
2026-05-20T15:04:42.202175,44.0,145.87,0.1425,0.0,0.0,1,1
2026-05-20T15:04:45.415180,37.31,106.42,0.1039,0.0,0.0,1,1
2026-05-20T15:04:48.590339,38.07,186.75,0.1824,0.0,0.0,1,1
2026-05-20T15:04:51.769551,40.43,195.1,0.1905,0.0,0.0,1,1
2026-05-20T15:04:54.992455,39.64,185.47,0.1811,0.0,0.0,1,1
2026-05-20T15:04:58.228658,42.65,148.85,0.1454,0.0,0.0,1,1
2026-05-20T15:05:01.385149,39.59,236.64,0.2311,0.0,0.0,1,1
2026-05-20T15:05:04.555676,8.43,1213.94,1.1855,0.0,0.0,1,1
2026-05-20T15:05:07.742410,0.53,3157.77,3.0838,0.0,0.0,1,1
2026-05-20T15:05:10.936740,0.59,6688.15,6.5314,0.0,0.0,1,1
2026-05-20T15:05:14.101063,0.62,3854.62,3.7643,0.0,0.0,1,1
2026-05-20T15:05:17.239265,13.36,3187.16,3.1125,0.0,0.0,1,1
2026-05-20T15:05:20.435388,0.52,278.14,0.2716,0.0,0.0,1,1
2026-05-20T15:05:23.620911,0.51,5831.5,5.6948,0.0,0.0,1,1
2026-05-20T15:05:26.775546,0.97,2290.56,2.2369,0.0,0.0,1,1
2026-05-20T15:05:29.846959,11.25,1291.45,1.2612,0.0,0.0,1,1
2026-05-20T15:05:32.979612,0.52,5994.0,5.8535,0.0,0.0,1,1
2026-05-20T15:05:36.099873,0.51,7198.98,7.0303,0.0,0.0,1,1
2026-05-20T15:05:39.226470,0.52,5778.27,5.6428,0.0,0.0,1,1
2026-05-20T15:05:42.437826,11.97,208.8,0.2039,0.0,0.0,1,1
2026-05-20T15:05:45.522679,22.75,7565.82,7.3885,0.0,0.0,1,1
2026-05-20T15:05:48.670994,0.48,714.7,0.6979,0.0,0.0,1,1
2026-05-20T15:05:51.833929,0.48,1023.31,0.9993,0.0,0.0,1,1
2026-05-20T15:05:54.990257,0.7,963.05,0.9405,0.0,0.0,1,1
2026-05-20T15:05:58.114923,21.22,6735.13,6.5773,0.0,0.0,1,1
2026-05-20T15:06:01.259310,0.52,2503.88,2.4452,0.0,0.0,1,1
2026-05-20T15:06:04.410490,0.52,4192.73,4.0945,0.0,0.0,1,1
2026-05-20T15:06:07.596634,0.53,1327.57,1.2965,0.0,0.0,1,1
2026-05-20T15:06:10.823000,9.9,167.82,0.1639,0.0,0.0,1,1
2026-05-20T15:06:14.327137,164.17,37.16,0.0363,0.0,0.0,1,0
2026-05-20T15:06:17.494672,70.94,217.79,0.2127,0.0,0.0,1,1
2026-05-20T15:06:20.653498,10.18,1255.64,1.2262,0.0,0.0,1,1
2026-05-20T15:06:23.831664,0.51,3573.8,3.49,0.0,0.0,1,1
2026-05-20T15:06:27.054790,20.81,7228.44,7.059,0.0,0.0,1,1
2026-05-20T15:06:30.676409,85.94,43.34,0.0423,0.0,0.0,1,0
2026-05-20T15:06:33.895100,146.86,188.28,0.1839,0.0,0.0,1,1
2026-05-20T15:06:37.126933,41.28,160.43,0.1567,0.0,0.0,1,1
2026-05-20T15:06:40.580657,103.37,44.27,0.0432,0.0,0.0,1,0
2026-05-20T15:06:43.818596,117.57,183.69,0.1794,0.0,0.0,1,1
2026-05-20T15:06:47.035789,40.44,203.72,0.1989,0.0,0.0,1,1
2026-05-20T15:06:50.503500,91.31,53.05,0.0518,0.0,0.0,1,0
2026-05-20T15:06:53.758964,98.49,145.2,0.1418,0.0,0.0,1,1
2026-05-20T15:06:56.986651,42.36,296.27,0.2893,0.0,0.0,1,1
2026-05-20T15:07:00.181145,34.93,227.62,0.2223,0.0,0.0,1,1
2026-05-20T15:07:03.469167,39.64,172.17,0.1681,0.0,0.0,1,1
2026-05-20T15:07:06.706832,0.51,7284.94,7.1142,0.0,0.0,1,1
2026-05-20T15:07:10.024495,12.86,174.5,0.1704,0.0,0.0,1,1
2026-05-20T15:07:13.267029,10.64,7261.29,7.0911,0.0,0.0,1,1
2026-05-20T15:07:16.868563,45.82,42.42,0.0414,0.0,0.0,1,0
2026-05-20T15:07:22.065876,72.33,186.66,0.1823,0.0,0.0,1,1
2026-05-20T15:07:25.283744,41.05,211.35,0.2064,0.0,0.0,1,1
2026-05-20T15:07:28.825042,85.93,51.55,0.0503,0.0,0.0,1,0
2026-05-20T15:07:32.200951,136.04,202.85,0.1981,0.0,0.0,1,1
2026-05-20T15:07:35.452748,34.38,219.41,0.2143,0.0,0.0,1,1
2026-05-20T15:07:38.943161,101.39,45.1,0.044,0.0,0.0,1,0
2026-05-20T15:07:42.205564,114.69,185.4,0.1811,0.0,0.0,1,1
2026-05-20T15:07:45.471969,40.48,166.13,0.1622,0.0,0.0,1,1
2026-05-20T15:07:48.674194,38.17,167.92,0.164,0.0,0.0,1,1
2026-05-20T15:07:51.814146,30.52,6603.9,6.4491,0.0,0.0,1,1
2026-05-20T15:07:55.002982,0.52,6627.38,6.4721,0.0,0.0,1,1
2026-05-20T15:07:58.249768,0.55,5936.74,5.7976,0.0,0.0,1,1
2026-05-20T15:08:01.373539,30.75,8260.57,8.067,0.0,0.0,1,1
2026-05-20T15:08:04.917698,79.49,45.76,0.0447,0.0,0.0,1,0
2026-05-20T15:08:09.128253,141.3,185.12,0.1808,0.0,25.0,0,1
2026-05-20T15:08:12.253442,19.77,229.85,0.2245,0.0,0.0,1,1
2026-05-20T15:08:15.329406,19.54,6977.42,6.8139,0.0,0.0,1,1
2026-05-20T15:08:18.547054,0.53,6732.43,6.5746,0.0,0.0,1,1
2026-05-20T15:08:21.685449,0.49,6623.46,6.4682,0.0,0.0,1,1
2026-05-20T15:08:24.819306,0.51,6619.54,6.4644,0.0,0.0,1,1
2026-05-20T15:08:28.058088,13.46,184.02,0.1797,0.0,0.0,1,1
2026-05-20T15:08:31.159090,10.67,6120.84,5.9774,0.0,0.0,1,1
2026-05-20T15:08:34.291056,0.49,6777.3,6.6185,0.0,0.0,1,1
2026-05-20T15:08:37.441104,0.5,3068.82,2.9969,0.0,0.0,1,1
2026-05-20T15:08:40.598730,1.13,2583.89,2.5233,0.0,0.0,1,1
2026-05-20T15:08:43.699097,9.64,6722.99,6.5654,0.0,0.0,1,1
2026-05-20T15:08:46.805578,0.54,3124.83,3.0516,0.0,0.0,1,1
2026-05-20T15:08:50.035988,0.55,4666.17,4.5568,0.0,0.0,1,1
2026-05-20T15:08:53.649510,43.21,46.48,0.0454,0.0,0.0,1,0
2026-05-20T15:08:59.835511,86.28,505.23,0.4934,0.0,25.0,0,1
2026-05-20T15:09:03.169871,16.24,7237.8,7.0682,0.0,0.0,1,1
2026-05-20T15:09:06.386833,1.07,7461.51,7.2866,0.0,0.0,1,1
2026-05-20T15:09:09.972582,40.62,49.25,0.0481,0.0,0.0,1,0
2026-05-20T15:09:15.251183,83.23,178.55,0.1744,0.0,0.0,1,1
2026-05-20T15:09:18.574427,41.71,188.3,0.1839,0.0,0.0,1,1
2026-05-20T15:09:22.040151,94.52,49.12,0.048,0.0,0.0,1,0
2026-05-20T15:09:25.240178,105.26,192.25,0.1877,0.0,0.0,1,1
2026-05-20T15:09:28.497033,40.86,186.17,0.1818,0.0,0.0,1,1
2026-05-20T15:09:32.000224,109.56,47.07,0.046,0.0,0.0,1,0
2026-05-20T15:09:35.211655,113.83,185.84,0.1815,0.0,0.0,1,1
2026-05-20T15:09:39.410858,35.76,207.92,0.203,0.0,25.0,0,1
2026-05-20T15:09:42.618688,30.21,222.77,0.2176,0.0,0.0,1,1
2026-05-20T15:09:45.815222,9.37,3893.98,3.8027,0.0,0.0,1,1
2026-05-20T15:09:49.031702,19.17,170.27,0.1663,0.0,0.0,1,1
2026-05-20T15:09:52.295997,11.28,2918.79,2.8504,0.0,0.0,1,1
2026-05-20T15:09:55.487824,0.48,8052.42,7.8637,0.0,0.0,1,1
2026-05-20T15:09:58.675115,0.49,6756.83,6.5985,0.0,0.0,1,1
2026-05-20T15:10:03.223854,143.03,6.5,0.0063,0.0,0.0,1,0
2026-05-20T15:10:06.438076,47.03,184.9,0.1806,0.0,0.0,1,1
2026-05-20T15:10:09.690741,39.52,200.6,0.1959,0.0,0.0,1,1
2026-05-20T15:10:13.140440,128.92,47.29,0.0462,0.0,0.0,1,0
2026-05-20T15:10:16.352017,74.09,195.77,0.1912,0.0,0.0,1,1
2026-05-20T15:10:19.588302,42.41,172.44,0.1684,0.0,0.0,1,1
2026-05-20T15:10:23.131856,149.63,39.72,0.0388,0.0,0.0,1,0
2026-05-20T15:10:26.445119,81.73,182.49,0.1782,0.0,0.0,1,1
2026-05-20T15:10:29.658079,39.32,201.95,0.1972,0.0,0.0,1,1
2026-05-20T15:10:32.829460,30.55,3487.99,3.4062,0.0,0.0,1,1
2026-05-20T15:10:35.988394,0.68,3994.58,3.901,0.0,0.0,1,1
2026-05-20T15:10:39.144705,14.11,4258.18,4.1584,0.0,0.0,1,1
2026-05-20T15:10:42.424946,0.51,1165.17,1.1379,0.0,0.0,1,1
2026-05-20T15:10:45.937696,39.21,48.83,0.0477,0.0,0.0,1,0
2026-05-20T15:10:49.530263,197.69,39.42,0.0385,0.0,0.0,1,0
2026-05-20T15:10:52.781242,35.14,194.99,0.1904,0.0,0.0,1,1
2026-05-20T15:10:55.989553,20.37,393.09,0.3839,0.0,0.0,1,1
2026-05-20T15:10:59.526280,83.61,43.89,0.0429,0.0,0.0,1,0
2026-05-20T15:11:02.761962,153.19,205.98,0.2012,0.0,0.0,1,1
2026-05-20T15:11:05.986787,39.83,192.52,0.188,0.0,0.0,1,1
2026-05-20T15:11:09.494935,108.35,53.92,0.0527,0.0,0.0,1,0
2026-05-20T15:11:12.666913,113.21,177.64,0.1735,0.0,0.0,1,1
2026-05-20T15:11:15.967911,41.22,184.74,0.1804,0.0,0.0,1,1
2026-05-20T15:11:19.376751,88.14,57.51,0.0562,0.0,0.0,1,0
2026-05-20T15:11:22.569887,92.36,198.47,0.1938,0.0,0.0,1,1
2026-05-20T15:11:25.903818,40.64,203.99,0.1992,0.0,0.0,1,1
2026-05-20T15:11:29.128072,36.51,300.35,0.2933,0.0,0.0,1,1
2026-05-20T15:11:32.372394,39.09,6820.01,6.6602,0.0,0.0,1,1
2026-05-20T15:11:35.602738,0.49,7941.88,7.7557,0.0,0.0,1,1
2026-05-20T15:11:38.885979,0.51,1638.64,1.6002,0.0,0.0,1,1
2026-05-20T15:11:42.239110,13.02,138.97,0.1357,0.0,0.0,1,1
2026-05-20T15:11:45.722898,57.27,45.13,0.0441,0.0,0.0,1,0
2026-05-20T15:11:49.041049,145.89,183.94,0.1796,0.0,0.0,1,1
2026-05-20T15:11:52.309550,39.94,198.24,0.1936,0.0,0.0,1,1
2026-05-20T15:11:55.836010,104.14,43.62,0.0426,0.0,0.0,1,0
2026-05-20T15:11:59.240326,110.88,186.12,0.1818,0.0,0.0,1,1
2026-05-20T15:12:02.514089,38.84,202.13,0.1974,0.0,0.0,1,1
2026-05-20T15:12:06.031111,109.61,44.38,0.0433,0.0,0.0,1,0
2026-05-20T15:12:09.291957,145.87,182.83,0.1785,0.0,0.0,1,1
2026-05-20T15:12:12.567714,38.95,156.39,0.1527,0.0,0.0,1,1
2026-05-20T15:12:15.834568,38.45,202.46,0.1977,0.0,0.0,1,1
2026-05-20T15:12:19.065350,38.64,186.31,0.1819,0.0,0.0,1,1
2026-05-20T15:12:22.325220,0.55,6610.41,6.4555,0.0,0.0,1,1
2026-05-20T15:12:25.527697,0.51,7107.48,6.9409,0.0,0.0,1,1
2026-05-20T15:12:28.730232,0.58,5570.12,5.4396,0.0,0.0,1,1
2026-05-20T15:12:32.285290,91.61,37.8,0.0369,0.0,0.0,1,0
2026-05-20T15:12:35.628102,148.92,181.2,0.177,0.0,0.0,1,1
2026-05-20T15:12:38.899728,38.64,184.74,0.1804,0.0,0.0,1,1
2026-05-20T15:12:43.319124,129.92,44.97,0.0439,0.0,25.0,0,0
2026-05-20T15:12:46.583816,82.53,170.94,0.1669,0.0,0.0,1,1
2026-05-20T15:12:49.880000,43.12,201.52,0.1968,0.0,0.0,1,1
2026-05-20T15:12:53.478521,105.53,44.54,0.0435,0.0,0.0,1,0
2026-05-20T15:12:57.898427,78.47,197.35,0.1927,0.0,0.0,1,1
2026-05-20T15:13:01.112226,42.05,180.54,0.1763,0.0,0.0,1,1
2026-05-20T15:13:05.327567,37.31,201.36,0.1966,0.0,25.0,0,1
2026-05-20T15:13:08.531885,11.04,4348.68,4.2468,0.0,0.0,1,1
2026-05-20T15:13:11.698567,0.53,7761.84,7.5799,0.0,0.0,1,1
2026-05-20T15:13:14.859969,0.52,415.74,0.406,0.0,0.0,1,1
2026-05-20T15:13:18.091089,22.29,8120.63,7.9303,0.0,0.0,1,1
2026-05-20T15:13:21.338936,0.52,7464.83,7.2899,0.0,0.0,1,1
2026-05-20T15:13:24.990718,53.18,38.41,0.0375,0.0,0.0,1,0
2026-05-20T15:13:30.283871,82.47,188.57,0.1841,0.0,0.0,1,1
2026-05-20T15:13:33.504838,41.63,166.63,0.1627,0.0,0.0,1,1
2026-05-20T15:13:37.095699,112.2,40.24,0.0393,0.0,0.0,1,0
2026-05-20T15:13:41.935735,72.55,204.26,0.1995,0.0,0.0,1,1
2026-05-20T15:13:45.420437,73.16,44.19,0.0432,0.0,0.0,1,0
2026-05-20T15:13:48.866404,180.57,51.29,0.0501,0.0,0.0,1,0
2026-05-20T15:13:52.018672,40.87,285.58,0.2789,0.0,0.0,1,1
2026-05-20T15:13:55.252981,18.73,5537.95,5.4082,0.0,0.0,1,1
2026-05-20T15:13:58.552162,0.53,6316.72,6.1687,0.0,0.0,1,1
2026-05-20T15:14:01.788111,0.59,7783.45,7.601,0.0,0.0,1,1
2026-05-20T15:14:05.138313,16.24,122.88,0.12,0.0,0.0,1,1
2026-05-20T15:14:08.353829,14.18,8000.58,7.8131,0.0,0.0,1,1
2026-05-20T15:14:11.972474,82.37,43.34,0.0423,0.0,0.0,1,0
2026-05-20T15:14:15.227440,158.87,187.12,0.1827,0.0,0.0,1,1
2026-05-20T15:14:18.475483,44.02,172.52,0.1685,0.0,0.0,1,1
2026-05-20T15:14:22.892614,51.35,41.08,0.0401,0.0,25.0,0,0
2026-05-20T15:14:26.398867,195.42,46.89,0.0458,0.0,0.0,1,0
2026-05-20T15:14:29.631927,38.77,169.98,0.166,0.0,0.0,1,1
2026-05-20T15:14:32.888150,5.55,6099.7,5.9567,0.0,0.0,1,1
2026-05-20T15:14:36.499682,57.36,41.24,0.0403,0.0,0.0,1,0
2026-05-20T15:14:39.856983,162.79,195.88,0.1913,0.0,0.0,1,1
2026-05-20T15:14:43.152577,41.15,192.52,0.188,0.0,0.0,1,1
2026-05-20T15:14:46.696942,144.49,46.92,0.0458,0.0,0.0,1,0
2026-05-20T15:14:49.952597,113.72,209.69,0.2048,0.0,0.0,1,1
2026-05-20T15:14:53.173514,38.63,272.73,0.2663,0.0,0.0,1,1
2026-05-20T15:14:56.680658,68.94,46.04,0.045,0.0,0.0,1,0
2026-05-20T15:15:01.984128,75.12,191.85,0.1873,0.0,0.0,1,1
2026-05-20T15:15:05.207950,38.49,207.1,0.2022,0.0,0.0,1,1
2026-05-20T15:15:08.403002,31.0,7884.03,7.6992,0.0,0.0,1,1
2026-05-20T15:15:11.667966,0.53,6463.96,6.3125,0.0,0.0,1,1
2026-05-20T15:15:14.933779,0.51,6668.21,6.5119,0.0,0.0,1,1
2026-05-20T15:15:18.174370,0.53,637.49,0.6226,0.0,0.0,1,1
2026-05-20T15:15:21.671257,93.71,47.89,0.0468,0.0,0.0,1,0
2026-05-20T15:15:25.980034,80.95,188.1,0.1837,0.0,0.0,1,1
2026-05-20T15:15:29.485351,69.36,47.17,0.0461,0.0,0.0,1,0
2026-05-20T15:15:32.901197,175.16,117.08,0.1143,0.0,0.0,1,1
2026-05-20T15:15:36.123754,40.41,188.88,0.1845,0.0,0.0,1,1
2026-05-20T15:15:39.694103,103.58,45.07,0.044,0.0,0.0,1,0
2026-05-20T15:15:42.967678,146.48,195.67,0.1911,0.0,0.0,1,1
2026-05-20T15:15:46.253861,39.16,198.49,0.1938,0.0,0.0,1,1
2026-05-20T15:15:49.535531,39.41,170.72,0.1667,0.0,0.0,1,1
2026-05-20T15:15:52.754527,8.98,8494.79,8.2957,0.0,0.0,1,1
2026-05-20T15:15:55.891461,0.49,5662.24,5.5295,0.0,0.0,1,1
2026-05-20T15:15:59.059134,0.51,7508.26,7.3323,0.0,0.0,1,1
2026-05-20T15:16:02.710983,47.65,39.89,0.039,0.0,0.0,1,0
2026-05-20T15:16:06.145967,178.72,638.12,0.6232,0.0,0.0,1,1
2026-05-20T15:16:09.416244,37.91,173.0,0.1689,0.0,0.0,1,1
2026-05-20T15:16:12.911598,114.83,49.15,0.048,0.0,0.0,1,0
2026-05-20T15:16:16.099938,135.89,186.86,0.1825,0.0,0.0,1,1
2026-05-20T15:16:19.335877,37.06,269.34,0.263,0.0,0.0,1,1
2026-05-20T15:16:22.874997,137.99,45.83,0.0448,0.0,0.0,1,0
2026-05-20T15:16:26.097978,113.78,173.28,0.1692,0.0,0.0,1,1
2026-05-20T15:16:29.464238,34.28,242.67,0.237,0.0,0.0,1,1
2026-05-20T15:16:32.684106,38.06,170.82,0.1668,0.0,0.0,1,1
2026-05-20T15:16:35.862547,10.71,5252.73,5.1296,0.0,0.0,1,1
2026-05-20T15:16:39.095678,0.86,2671.32,2.6087,0.0,0.0,1,1
2026-05-20T15:16:42.323942,0.85,5126.73,5.0066,0.0,0.0,1,1
2026-05-20T15:16:45.830192,95.4,52.85,0.0516,0.0,0.0,1,0
2026-05-20T15:16:49.097312,148.95,191.28,0.1868,0.0,0.0,1,1
2026-05-20T15:16:52.282762,40.98,204.99,0.2002,0.0,0.0,1,1
2026-05-20T15:16:55.739975,77.04,54.02,0.0528,0.0,0.0,1,0
2026-05-20T15:16:58.975929,128.71,229.13,0.2238,0.0,0.0,1,1
2026-05-20T15:17:02.283729,41.78,199.88,0.1952,0.0,0.0,1,1
2026-05-20T15:17:05.741816,143.51,52.23,0.051,0.0,0.0,1,0
2026-05-20T15:17:08.965945,103.72,175.95,0.1718,0.0,0.0,1,1
2026-05-20T15:17:12.189684,37.29,269.32,0.263,0.0,0.0,1,1
2026-05-20T15:17:15.381163,22.42,4915.68,4.8005,0.0,0.0,1,1
2026-05-20T15:17:18.588460,0.67,6042.58,5.901,0.0,0.0,1,1
2026-05-20T15:17:21.816283,0.75,6036.06,5.8946,0.0,0.0,1,1
2026-05-20T15:17:24.984153,0.8,5368.71,5.2429,0.0,0.0,1,1
2026-05-20T15:17:28.567805,88.32,44.66,0.0436,0.0,0.0,1,0
2026-05-20T15:17:31.852983,137.85,186.02,0.1817,0.0,0.0,1,1
2026-05-20T15:17:35.090669,40.22,200.01,0.1953,0.0,0.0,1,1
2026-05-20T15:17:38.644917,147.58,38.55,0.0376,0.0,0.0,1,0
2026-05-20T15:17:41.933818,106.13,225.17,0.2199,0.0,0.0,1,1
2026-05-20T15:17:45.180848,36.71,299.88,0.2929,0.0,0.0,1,1
2026-05-20T15:17:48.660952,147.67,49.95,0.0488,0.0,0.0,1,0
2026-05-20T15:17:51.857590,71.68,195.76,0.1912,0.0,0.0,1,1
2026-05-20T15:17:55.064391,37.11,6941.34,6.7787,0.0,0.0,1,1
2026-05-20T15:17:58.251435,28.99,5264.27,5.1409,0.0,0.0,1,1
2026-05-20T15:18:01.453294,0.81,5963.11,5.8234,0.0,0.0,1,1
2026-05-20T15:18:04.660067,2.44,5694.91,5.5614,0.0,0.0,1,1
2026-05-20T15:18:07.824562,0.76,5323.57,5.1988,0.0,0.0,1,1
2026-05-20T15:18:11.371188,92.0,44.11,0.0431,0.0,0.0,1,0
2026-05-20T15:18:14.605460,116.48,180.72,0.1765,0.0,0.0,1,1
2026-05-20T15:18:17.861402,40.71,203.94,0.1992,0.0,0.0,1,1
2026-05-20T15:18:21.357511,134.98,44.55,0.0435,0.0,0.0,1,0
2026-05-20T15:18:24.581647,111.33,203.8,0.199,0.0,0.0,1,1
2026-05-20T15:18:28.036032,61.45,47.66,0.0465,0.0,0.0,1,0
2026-05-20T15:18:31.561170,190.48,39.75,0.0388,0.0,0.0,1,0
2026-05-20T15:18:34.773664,63.38,185.37,0.181,0.0,0.0,1,1
2026-05-20T15:18:37.993243,0.82,2764.41,2.6996,0.0,0.0,1,1
2026-05-20T15:18:41.550290,82.59,40.98,0.04,0.0,0.0,1,0
2026-05-20T15:18:46.259132,103.19,187.16,0.1828,0.0,0.0,1,1
2026-05-20T15:18:49.626165,66.0,75.45,0.0737,0.0,0.0,1,0
2026-05-20T15:18:55.828158,61.9,203.27,0.1985,0.0,0.0,1,1
2026-05-20T15:18:59.225087,63.48,62.53,0.0611,0.0,0.0,1,0
2026-05-20T15:19:02.632980,154.09,183.04,0.1788,0.0,0.0,1,1
2026-05-20T15:19:05.850652,42.7,175.94,0.1718,0.0,0.0,1,1
2026-05-20T15:19:09.091722,35.67,171.03,0.167,0.0,0.0,1,1
2026-05-20T15:19:12.218095,20.95,5875.4,5.7377,0.0,0.0,1,1
2026-05-20T15:19:15.475134,0.81,6192.0,6.0469,0.0,0.0,1,1
2026-05-20T15:19:18.680205,0.75,6463.96,6.3125,0.0,0.0,1,1
2026-05-20T15:19:21.879087,0.84,5989.72,5.8493,0.0,0.0,1,1
2026-05-20T15:19:25.349878,96.06,46.29,0.0452,0.0,0.0,1,0
2026-05-20T15:19:29.897931,79.31,186.93,0.1826,0.0,0.0,1,1
2026-05-20T15:19:33.364522,68.6,50.33,0.0491,0.0,0.0,1,0
2026-05-20T15:19:36.798773,156.59,54.11,0.0528,0.0,0.0,1,0
2026-05-20T15:19:39.991621,59.14,192.69,0.1882,0.0,0.0,1,1
2026-05-20T15:19:43.219683,40.76,175.98,0.1719,0.0,0.0,1,1
2026-05-20T15:19:46.706602,62.6,50.98,0.0498,0.0,0.0,1,0
2026-05-20T15:19:50.246808,168.99,40.22,0.0393,0.0,0.0,1,0
2026-05-20T15:19:53.491826,79.83,211.95,0.207,0.0,0.0,1,1
2026-05-20T15:19:56.723928,39.89,184.97,0.1806,0.0,0.0,1,1
2026-05-20T15:20:00.215111,73.22,55.21,0.0539,0.0,0.0,1,0
2026-05-20T15:20:03.480311,124.81,177.41,0.1733,0.0,0.0,1,1
2026-05-20T15:20:06.694800,41.68,205.84,0.201,0.0,0.0,1,1
2026-05-20T15:20:10.202377,95.57,49.26,0.0481,0.0,0.0,1,0
2026-05-20T15:20:13.393463,125.56,186.63,0.1823,0.0,0.0,1,1
2026-05-20T15:20:16.581865,44.08,186.45,0.1821,0.0,0.0,1,1
2026-05-20T15:20:20.090003,139.02,43.44,0.0424,0.0,0.0,1,0
2026-05-20T15:20:23.336321,123.27,172.09,0.1681,0.0,0.0,1,1
2026-05-20T15:20:26.559526,38.11,298.42,0.2914,0.0,0.0,1,1
2026-05-20T15:20:29.753953,30.94,5634.67,5.5026,0.0,0.0,1,1
2026-05-20T15:20:32.979282,0.79,5777.28,5.6419,0.0,0.0,1,1
2026-05-20T15:20:36.167135,0.9,5652.7,5.5202,0.0,0.0,1,1
2026-05-20T15:20:39.347212,0.82,5863.08,5.7257,0.0,0.0,1,1
2026-05-20T15:20:42.876703,86.56,52.37,0.0511,0.0,0.0,1,0
2026-05-20T15:20:46.085365,138.65,181.97,0.1777,0.0,0.0,1,1
2026-05-20T15:20:49.305865,39.4,213.57,0.2086,0.0,0.0,1,1
2026-05-20T15:20:52.810012,108.43,43.37,0.0424,0.0,0.0,1,0
2026-05-20T15:20:56.004966,126.91,210.86,0.2059,0.0,0.0,1,1
2026-05-20T15:20:59.250848,38.57,180.59,0.1764,0.0,0.0,1,1
2026-05-20T15:21:02.755528,150.45,44.75,0.0437,0.0,0.0,1,0
2026-05-20T15:21:05.994277,117.89,193.02,0.1885,0.0,0.0,1,1
2026-05-20T15:21:09.208082,34.77,291.78,0.2849,0.0,0.0,1,1
2026-05-20T15:21:12.455714,29.4,2440.32,2.3831,0.0,0.0,1,1
2026-05-20T15:21:15.704433,0.83,1291.75,1.2615,0.0,0.0,1,1
2026-05-20T15:21:18.971666,0.8,4969.55,4.8531,0.0,0.0,1,1
2026-05-20T15:21:22.104807,0.83,5887.78,5.7498,0.0,0.0,1,1
2026-05-20T15:21:25.685672,101.49,45.46,0.0444,0.0,0.0,1,0
2026-05-20T15:21:28.946308,130.99,167.59,0.1637,0.0,0.0,1,1
2026-05-20T15:21:32.212221,41.8,200.03,0.1953,0.0,0.0,1,1
2026-05-20T15:21:35.698964,142.55,46.3,0.0452,0.0,0.0,1,0
2026-05-20T15:21:38.914082,108.11,197.05,0.1924,0.0,0.0,1,1
2026-05-20T15:21:42.135744,37.23,327.55,0.3199,0.0,0.0,1,1
2026-05-20T15:21:45.660069,143.19,44.27,0.0432,0.0,0.0,1,0
2026-05-20T15:21:48.891171,78.13,198.25,0.1936,0.0,0.0,1,1
2026-05-20T15:21:52.184852,42.5,108.69,0.1061,0.0,0.0,1,1
2026-05-20T15:21:55.386985,27.79,6202.3,6.0569,0.0,0.0,1,1
2026-05-20T15:21:58.523919,0.81,5761.41,5.6264,0.0,0.0,1,1
2026-05-20T15:22:01.779711,0.77,5264.27,5.1409,0.0,0.0,1,1
2026-05-20T15:22:05.011465,0.84,5472.02,5.3438,0.0,0.0,1,1
2026-05-20T15:22:08.498369,130.47,51.64,0.0504,0.0,0.0,1,0
2026-05-20T15:22:12.453708,73.78,198.6,0.1939,0.0,0.0,1,1
2026-05-20T15:22:15.900196,61.59,51.61,0.0504,0.0,0.0,1,0
2026-05-20T15:22:19.220532,161.95,211.55,0.2066,0.0,0.0,1,1
2026-05-20T15:22:22.501354,39.77,197.91,0.1933,0.0,0.0,1,1
2026-05-20T15:22:26.010098,98.89,46.41,0.0453,0.0,0.0,1,0
2026-05-20T15:22:29.235422,138.79,184.13,0.1798,0.0,0.0,1,1
2026-05-20T15:22:32.445399,34.84,199.35,0.1947,0.0,0.0,1,1
2026-05-20T15:22:35.669365,41.39,168.03,0.1641,0.0,0.0,1,1
2026-05-20T15:22:38.925739,21.38,351.78,0.3435,0.0,0.0,1,1
2026-05-20T15:22:42.109370,0.79,5279.17,5.1554,0.0,0.0,1,1
2026-05-20T15:22:45.334724,0.81,409.61,0.4,0.0,0.0,1,1
2026-05-20T15:22:48.876950,42.81,39.68,0.0388,0.0,0.0,1,0
2026-05-20T15:22:52.437778,184.51,48.6,0.0475,0.0,0.0,1,0
2026-05-20T15:22:55.687651,33.64,192.24,0.1877,0.0,0.0,1,1
2026-05-20T15:22:58.870443,0.82,6293.03,6.1455,0.0,0.0,1,1
2026-05-20T15:23:02.449835,81.11,46.21,0.0451,0.0,0.0,1,0
2026-05-20T15:23:05.766729,144.76,176.37,0.1722,0.0,0.0,1,1
2026-05-20T15:23:09.050925,39.95,184.87,0.1805,0.0,0.0,1,1
2026-05-20T15:23:12.560894,153.82,51.84,0.0506,0.0,0.0,1,0
2026-05-20T15:23:15.798510,98.85,174.55,0.1705,0.0,0.0,1,1
2026-05-20T15:23:19.004750,37.24,266.26,0.26,0.0,0.0,1,1
2026-05-20T15:23:25.224129,82.98,211.94,0.207,0.0,0.0,1,1
2026-05-20T15:23:28.501213,40.02,137.45,0.1342,0.0,0.0,1,1
2026-05-20T15:23:31.828248,37.13,226.6,0.2213,0.0,0.0,1,1
2026-05-20T15:23:35.086414,0.8,5649.85,5.5174,0.0,0.0,1,1
2026-05-20T15:23:38.336725,0.77,3563.93,3.4804,0.0,0.0,1,1
2026-05-20T15:23:41.590430,0.86,5337.11,5.212,0.0,0.0,1,1
2026-05-20T15:23:45.233283,106.23,40.45,0.0395,0.0,0.0,1,0
2026-05-20T15:23:48.504342,110.89,205.72,0.2009,0.0,0.0,1,1
2026-05-20T15:23:51.728015,40.67,307.22,0.3,0.0,0.0,1,1
2026-05-20T15:23:55.209523,144.24,51.15,0.05,0.0,0.0,1,0
2026-05-20T15:23:58.447021,77.3,218.02,0.2129,0.0,0.0,1,1
2026-05-20T15:24:01.958700,72.85,43.87,0.0428,0.0,0.0,1,0
2026-05-20T15:24:07.792064,77.28,188.42,0.184,0.0,0.0,1,1
2026-05-20T15:24:11.088796,41.6,135.14,0.132,0.0,0.0,1,1
2026-05-20T15:24:14.247927,29.08,6041.49,5.8999,0.0,0.0,1,1
2026-05-20T15:24:17.523913,0.83,5318.5,5.1939,0.0,0.0,1,1
2026-05-20T15:24:20.788156,0.8,5813.31,5.6771,0.0,0.0,1,1
2026-05-20T15:24:24.023583,0.79,698.37,0.682,0.0,0.0,1,1
2026-05-20T15:24:27.714111,137.99,37.93,0.037,0.0,0.0,1,0
2026-05-20T15:24:31.016022,117.01,187.16,0.1828,0.0,0.0,1,1
2026-05-20T15:24:34.196450,37.24,8031.22,7.843,0.0,0.0,1,1
2026-05-20T15:24:37.686148,152.13,48.45,0.0473,0.0,0.0,1,0
2026-05-20T15:24:40.958453,71.79,197.6,0.193,0.0,0.0,1,1
2026-05-20T15:24:44.499082,75.72,45.1,0.044,0.0,0.0,1,0
2026-05-20T15:24:50.033589,83.2,204.31,0.1995,0.0,0.0,1,1
2026-05-20T15:24:53.321110,41.82,132.19,0.1291,0.0,0.0,1,1
2026-05-20T15:24:56.483815,27.64,5724.06,5.5899,0.0,0.0,1,1
2026-05-20T15:24:59.804631,0.82,5125.16,5.005,0.0,0.0,1,1
2026-05-20T15:25:03.011229,0.86,747.33,0.7298,0.0,0.0,1,1
2026-05-20T15:25:06.227790,0.77,6243.85,6.0975,0.0,0.0,1,1
2026-05-20T15:25:09.839829,117.17,37.36,0.0365,0.0,0.0,1,0
2026-05-20T15:25:13.115391,113.62,186.58,0.1822,0.0,0.0,1,1
2026-05-20T15:25:14.699709,40.82,206.95,0.2021,0.0,0.0,1,1
2026-05-20T15:38:34.570382,0.91,3111.5,3.0386,0.0,0.0,1,1
2026-05-20T15:38:37.605040,0.81,6882.96,6.7216,0.0,0.0,1,1
2026-05-20T15:38:40.640973,1.25,3108.91,3.036,0.0,0.0,1,1
2026-05-20T15:38:43.689944,0.94,3065.17,2.9933,0.0,0.0,1,1
2026-05-20T15:38:46.729986,0.87,4047.58,3.9527,0.0,0.0,1,1
2026-05-20T15:38:49.773777,0.85,2551.86,2.4921,0.0,0.0,1,1
2026-05-20T15:38:52.812462,1.01,3192.01,3.1172,0.0,0.0,1,1
2026-05-20T15:38:55.850455,0.94,3043.21,2.9719,0.0,0.0,1,1
2026-05-20T15:38:58.889948,0.89,2824.92,2.7587,0.0,0.0,1,1
2026-05-20T15:39:01.927974,0.85,3487.99,3.4062,0.0,0.0,1,1
2026-05-20T15:39:04.970789,0.91,2628.63,2.567,0.0,0.0,1,1
2026-05-20T15:39:08.009954,0.96,2950.36,2.8812,0.0,0.0,1,1
2026-05-20T15:39:11.050631,2.39,2886.4,2.8188,0.0,0.0,1,1
2026-05-20T15:39:14.090067,0.84,2703.17,2.6398,0.0,0.0,1,1
2026-05-20T15:39:17.127792,0.83,4026.69,3.9323,0.0,0.0,1,1
2026-05-20T15:39:20.170203,0.82,2619.19,2.5578,0.0,0.0,1,1
2026-05-20T15:39:23.210480,0.97,2893.12,2.8253,0.0,0.0,1,1
2026-05-20T15:39:26.248486,0.91,3400.33,3.3206,0.0,0.0,1,1
2026-05-20T15:39:29.290175,0.92,2756.69,2.6921,0.0,0.0,1,1
2026-05-20T15:39:32.328104,0.85,4054.43,3.9594,0.0,0.0,1,1
2026-05-20T15:39:35.370152,0.97,3225.15,3.1496,0.0,0.0,1,1
2026-05-20T15:39:38.432564,0.78,3024.01,2.9531,0.0,0.0,1,1
2026-05-20T15:39:41.481519,0.95,3644.84,3.5594,0.0,0.0,1,1
2026-05-20T15:39:44.522373,0.91,2605.16,2.5441,0.0,0.0,1,1
2026-05-20T15:39:47.563862,1.0,2561.99,2.5019,0.0,0.0,1,1
2026-05-20T15:39:50.602062,0.77,2719.16,2.6554,0.0,0.0,1,1
2026-05-20T15:39:53.642021,0.86,2786.45,2.7211,0.0,0.0,1,1
2026-05-20T15:39:56.682409,0.93,2656.51,2.5943,0.0,0.0,1,1
2026-05-20T15:39:59.722879,0.98,2852.54,2.7857,0.0,0.0,1,1
2026-05-20T15:40:02.762170,0.88,2894.12,2.8263,0.0,0.0,1,1
2026-05-20T15:40:05.802955,0.81,3114.39,3.0414,0.0,0.0,1,1
2026-05-20T15:40:08.841725,0.8,2995.66,2.9255,0.0,0.0,1,1
2026-05-20T15:40:11.882065,0.85,2933.59,2.8648,0.0,0.0,1,1
2026-05-20T15:40:14.922998,0.92,2656.09,2.5938,0.0,0.0,1,1
2026-05-20T15:40:17.962362,0.94,2724.9,2.661,0.0,0.0,1,1
2026-05-20T15:40:21.002640,0.87,2782.98,2.7178,0.0,0.0,1,1
2026-05-20T15:40:24.042490,0.95,2626.36,2.5648,0.0,0.0,1,1
2026-05-20T15:40:27.082332,0.96,2776.31,2.7112,0.0,0.0,1,1
2026-05-20T15:40:30.122357,0.84,2632.34,2.5706,0.0,0.0,1,1
2026-05-20T15:40:33.160133,0.87,3176.3,3.1019,0.0,0.0,1,1
2026-05-20T15:40:36.202726,0.92,3537.63,3.4547,0.0,0.0,1,1
2026-05-20T15:40:39.242455,0.93,2605.76,2.5447,0.0,0.0,1,1
2026-05-20T15:40:42.282190,0.85,2646.87,2.5848,0.0,0.0,1,1
2026-05-20T15:40:45.326888,0.87,2585.49,2.5249,0.0,0.0,1,1
2026-05-20T15:40:48.361775,0.89,2995.4,2.9252,0.0,0.0,1,1
2026-05-20T15:40:51.402250,0.85,3636.94,3.5517,0.0,0.0,1,1
2026-05-20T15:40:54.442098,0.85,2737.13,2.673,0.0,0.0,1,1
2026-05-20T15:40:57.482684,0.89,3475.34,3.3939,0.0,0.0,1,1
2026-05-20T15:41:00.522395,0.86,2985.54,2.9156,0.0,0.0,1,1
2026-05-20T15:41:03.561337,0.93,3204.51,3.1294,0.0,0.0,1,1
2026-05-20T15:41:06.602398,0.81,3461.0,3.3799,0.0,0.0,1,1
2026-05-20T15:41:09.656187,0.84,2826.11,2.7599,0.0,0.0,1,1
2026-05-20T15:41:12.714279,0.97,3221.43,3.1459,0.0,0.0,1,1
2026-05-20T15:41:15.754152,0.81,2846.73,2.78,0.0,0.0,1,1
2026-05-20T15:41:18.793701,0.94,2961.03,2.8916,0.0,0.0,1,1
2026-05-20T15:41:21.833403,0.88,3199.32,3.1243,0.0,0.0,1,1
2026-05-20T15:41:24.874554,0.82,3437.25,3.3567,0.0,0.0,1,1
2026-05-20T15:41:27.913964,0.85,2779.99,2.7148,0.0,0.0,1,1
2026-05-20T15:41:30.955113,0.87,3028.11,2.9571,0.0,0.0,1,1
2026-05-20T15:41:33.994336,0.88,3563.18,3.4797,0.0,0.0,1,1
2026-05-20T15:41:37.034516,0.88,2904.89,2.8368,0.0,0.0,1,1
2026-05-20T15:41:40.072845,0.78,3116.7,3.0437,0.0,0.0,1,1
2026-05-20T15:41:43.380308,33.34,57.59,0.0562,0.0,0.0,1,0
2026-05-20T15:41:46.824558,190.52,38.13,0.0372,0.0,0.0,1,0
2026-05-20T15:41:50.256197,193.11,39.66,0.0387,0.0,0.0,1,0
2026-05-20T15:41:53.693405,200.75,38.25,0.0374,0.0,0.0,0,0
2026-05-20T15:41:57.123297,199.37,39.22,0.0383,0.0,0.0,1,0
2026-05-20T15:42:00.372911,129.55,71.05,0.0694,0.0,0.0,1,0
2026-05-20T15:42:03.560773,75.49,97.55,0.0953,0.0,0.0,1,0
2026-05-20T15:42:06.792594,96.8,77.5,0.0757,0.0,0.0,1,0
2026-05-20T15:42:10.060448,85.51,69.17,0.0675,0.0,0.0,1,0
2026-05-20T15:42:13.329991,117.5,64.9,0.0634,0.0,0.0,1,0
2026-05-20T15:42:16.602480,121.97,65.31,0.0638,0.0,0.0,1,0
2026-05-20T15:42:19.715786,102.54,190.64,0.1862,0.0,0.0,1,1
2026-05-20T15:42:22.934411,68.58,80.67,0.0788,0.0,0.0,1,0
2026-05-20T15:42:26.148288,102.9,83.32,0.0814,0.0,0.0,1,0
2026-05-20T15:42:29.274158,95.79,3350.08,3.2716,0.0,0.0,1,1
2026-05-20T15:42:32.496123,69.49,77.99,0.0762,0.0,0.0,1,0
2026-05-20T15:42:35.718239,100.65,80.79,0.0789,0.0,0.0,1,0
2026-05-20T15:42:38.934416,96.54,87.04,0.085,0.0,0.0,1,0
2026-05-20T15:42:42.164694,85.46,81.89,0.08,0.0,0.0,1,0
2026-05-20T15:42:45.400953,105.69,73.88,0.0722,0.0,0.0,1,0
2026-05-20T15:42:48.624609,97.28,80.5,0.0786,0.0,0.0,1,0
2026-05-20T15:42:51.849302,89.68,80.96,0.0791,0.0,0.0,1,0
2026-05-20T15:42:55.068430,97.91,79.63,0.0778,0.0,0.0,1,0
2026-05-20T15:42:58.285600,99.79,83.73,0.0818,0.0,0.0,1,0
2026-05-20T15:43:01.498991,74.58,86.84,0.0848,0.0,0.0,1,0
2026-05-20T15:43:04.702594,92.6,91.95,0.0898,0.0,0.0,1,0
2026-05-20T15:43:07.915244,93.61,84.74,0.0828,0.0,0.0,1,0
2026-05-20T15:43:10.989595,78.73,287.07,0.2803,0.0,0.0,1,1
2026-05-20T15:43:14.200256,89.65,80.54,0.0787,0.0,0.0,1,0
2026-05-20T15:43:17.421664,95.51,81.56,0.0797,0.0,0.0,1,0
2026-05-20T15:43:20.640231,97.93,82.76,0.0808,0.0,0.0,1,0
2026-05-20T15:43:23.859597,91.56,82.07,0.0801,0.0,0.0,1,0
2026-05-20T15:43:27.077811,96.1,82.29,0.0804,0.0,0.0,1,0
2026-05-20T15:43:30.294895,98.2,82.9,0.081,0.0,0.0,1,0
2026-05-20T15:43:33.521739,71.51,80.46,0.0786,0.0,0.0,1,0
2026-05-20T15:43:36.752481,97.92,77.85,0.076,0.0,0.0,1,0
2026-05-20T15:43:40.005360,110.31,71.58,0.0699,0.0,0.0,1,0
2026-05-20T15:43:43.244833,85.13,68.57,0.067,0.0,0.0,1,0
2026-05-20T15:43:46.457262,96.36,84.22,0.0822,0.0,0.0,1,0
2026-05-20T15:43:49.673209,92.37,82.59,0.0807,0.0,0.0,1,0
2026-05-20T15:43:52.896991,93.78,77.72,0.0759,0.0,0.0,1,0
2026-05-20T15:43:56.122697,111.55,80.02,0.0781,0.0,0.0,1,0
2026-05-20T15:43:59.336479,99.79,82.38,0.0804,0.0,0.0,1,0
2026-05-20T15:44:02.368321,70.24,1811.79,1.7693,0.0,0.0,1,1
2026-05-20T15:44:05.574426,60.51,85.63,0.0836,0.0,0.0,1,0
2026-05-20T15:44:08.785574,91.22,85.2,0.0832,0.0,0.0,1,0
2026-05-20T15:44:12.007679,96.72,85.22,0.0832,0.0,0.0,1,0
2026-05-20T15:44:15.227065,81.76,82.85,0.0809,0.0,0.0,1,0
2026-05-20T15:44:18.437548,102.87,84.13,0.0822,0.0,0.0,1,0
2026-05-20T15:44:21.661351,94.89,83.98,0.082,0.0,0.0,1,0
2026-05-20T15:44:24.879198,91.48,85.14,0.0831,0.0,0.0,1,0
2026-05-20T15:44:28.099176,95.81,82.95,0.081,0.0,0.0,1,0
2026-05-20T15:44:31.306439,94.23,82.26,0.0803,0.0,0.0,1,0
2026-05-20T15:44:34.550933,74.03,81.91,0.08,0.0,0.0,1,0
2026-05-20T15:44:37.772652,97.39,83.15,0.0812,0.0,0.0,1,0
2026-05-20T15:44:40.985514,94.52,88.07,0.086,0.0,0.0,1,0
2026-05-20T15:44:44.097225,80.61,186.07,0.1817,0.0,0.0,1,1
2026-05-20T15:44:47.314275,84.92,85.24,0.0832,0.0,0.0,1,0
2026-05-20T15:44:50.486919,80.2,98.13,0.0958,0.0,0.0,1,0
2026-05-20T15:44:53.535766,44.29,723.31,0.7064,0.0,0.0,1,1
2026-05-20T15:44:56.570255,20.8,7410.43,7.2367,0.0,0.0,1,1
2026-05-20T15:44:59.666342,0.56,7318.31,7.1468,0.0,0.0,1,1
2026-05-20T15:45:02.738618,0.61,6278.9,6.1317,0.0,0.0,1,1
2026-05-20T15:45:05.842410,0.67,6690.81,6.534,0.0,0.0,1,1
2026-05-20T15:45:08.882663,0.77,6512.89,6.3602,0.0,0.0,1,1
2026-05-20T15:45:11.954604,0.59,6451.53,6.3003,0.0,0.0,1,1
2026-05-20T15:45:15.003233,0.67,5077.08,4.9581,0.0,0.0,1,1
2026-05-20T15:45:18.076118,0.61,6394.97,6.2451,0.0,0.0,1,1
2026-05-20T15:45:21.139149,0.76,5639.4,5.5072,0.0,0.0,1,1
2026-05-20T15:45:24.242645,0.7,6440.39,6.2894,0.0,0.0,1,1
2026-05-20T15:45:27.318380,0.67,7572.65,7.3952,0.0,0.0,1,1
2026-05-20T15:45:30.386822,0.67,5813.31,5.6771,0.0,0.0,1,1
2026-05-20T15:45:33.446061,0.86,5800.25,5.6643,0.0,0.0,1,1
2026-05-20T15:45:36.484806,0.82,6935.6,6.773,0.0,0.0,1,1
2026-05-20T15:45:39.525489,0.82,5126.73,5.0066,0.0,0.0,1,1
2026-05-20T15:45:42.578927,0.86,5477.38,5.349,0.0,0.0,1,1
2026-05-20T15:45:45.651162,0.74,5198.21,5.0764,0.0,0.0,1,1
2026-05-20T15:45:48.723125,0.81,5692.02,5.5586,0.0,0.0,1,1
2026-05-20T15:45:51.794576,0.68,6182.87,6.038,0.0,0.0,1,1
2026-05-20T15:45:54.866988,0.76,5258.49,5.1352,0.0,0.0,1,1
2026-05-20T15:45:57.970580,0.68,6553.6,6.4,0.0,0.0,1,1
2026-05-20T15:46:01.042881,0.76,6052.39,5.9105,0.0,0.0,1,1
2026-05-20T15:46:04.146559,0.71,6371.9,6.2226,0.0,0.0,1,1
2026-05-20T15:46:07.201383,0.66,6186.29,6.0413,0.0,0.0,1,1
2026-05-20T15:46:10.290778,0.62,5989.72,5.8493,0.0,0.0,1,1
2026-05-20T15:46:13.363027,0.68,6957.17,6.7941,0.0,0.0,1,1
2026-05-20T15:46:16.467273,0.82,5275.02,5.1514,0.0,0.0,1,1
2026-05-20T15:46:19.539481,0.75,5290.83,5.1668,0.0,0.0,1,1
2026-05-20T15:46:22.590700,0.69,5953.59,5.8141,0.0,0.0,1,1
2026-05-20T15:46:25.686120,1.49,5979.05,5.8389,0.0,0.0,1,1
2026-05-20T15:46:28.741414,0.82,5388.54,5.2622,0.0,0.0,1,1
2026-05-20T15:46:31.826881,0.73,5753.5,5.6187,0.0,0.0,1,1
2026-05-20T15:46:34.899179,0.72,5006.63,4.8893,0.0,0.0,1,1
2026-05-20T15:46:37.970807,0.69,5748.57,5.6138,0.0,0.0,1,1
2026-05-20T15:46:41.042746,0.77,5914.76,5.7761,0.0,0.0,1,1
2026-05-20T15:46:44.092427,0.76,5414.63,5.2877,0.0,0.0,1,1
2026-05-20T15:46:47.154208,0.68,6843.65,6.6833,0.0,0.0,1,1
2026-05-20T15:46:50.194634,0.7,6729.73,6.572,0.0,0.0,1,1
2026-05-20T15:46:53.275699,0.74,6134.27,5.9905,0.0,0.0,1,1
2026-05-20T15:46:56.338654,0.64,5996.15,5.8556,0.0,0.0,1,1
2026-05-20T15:46:59.443180,0.73,5361.85,5.2362,0.0,0.0,1,1
2026-05-20T15:47:02.523707,0.78,5628.99,5.4971,0.0,0.0,1,1
2026-05-20T15:47:05.587195,0.77,5480.96,5.3525,0.0,0.0,1,1
2026-05-20T15:47:08.659122,0.76,5319.35,5.1947,0.0,0.0,1,1
2026-05-20T15:47:11.740014,0.77,6277.72,6.1306,0.0,0.0,1,1
2026-05-20T15:47:14.780159,0.78,5358.42,5.2328,0.0,0.0,1,1
2026-05-20T15:47:17.874814,0.71,5976.92,5.8368,0.0,0.0,1,1
2026-05-20T15:47:20.914622,0.78,6747.32,6.5892,0.0,0.0,1,1
2026-05-20T15:47:23.963699,0.77,6346.59,6.1978,0.0,0.0,1,1
2026-05-20T15:47:27.058735,0.7,6282.43,6.1352,0.0,0.0,1,1
2026-05-20T15:47:30.162682,0.73,5901.24,5.7629,0.0,0.0,1,1
2026-05-20T15:47:33.234454,0.73,6432.98,6.2822,0.0,0.0,1,1
2026-05-20T15:47:36.338801,0.72,5475.59,5.3473,0.0,0.0,1,1
2026-05-20T15:47:39.443185,0.77,5236.33,5.1136,0.0,0.0,1,1
2026-05-20T15:47:42.469127,0.78,5923.11,5.7843,0.0,0.0,1,1
2026-05-20T15:47:45.499766,0.78,6019.81,5.8787,0.0,0.0,1,1
2026-05-20T15:47:48.530953,0.78,5670.85,5.5379,0.0,0.0,1,1
2026-05-20T15:47:51.612138,0.81,5412.01,5.2852,0.0,0.0,1,1
2026-05-20T15:47:54.707020,0.75,5895.02,5.7569,0.0,0.0,1,1
2026-05-20T15:47:57.778908,0.71,5881.58,5.7437,0.0,0.0,1,1
2026-05-20T15:48:00.882678,0.67,6521.76,6.3689,0.0,0.0,1,1
2026-05-20T15:48:03.954728,0.69,6040.4,5.8988,0.0,0.0,1,1
2026-05-20T15:48:07.005293,0.78,5799.25,5.6633,0.0,0.0,1,1
2026-05-20T15:48:10.066479,0.67,6824.17,6.6642,0.0,0.0,1,1
2026-05-20T15:48:13.115830,0.74,6233.41,6.0873,0.0,0.0,1,1
2026-05-20T15:48:16.210877,0.7,5836.57,5.6998,0.0,0.0,1,1
2026-05-20T15:48:19.251027,0.76,5450.69,5.3229,0.0,0.0,1,1
2026-05-20T15:48:22.322988,0.77,5922.07,5.7833,0.0,0.0,1,1
2026-05-20T15:48:25.394957,0.73,5276.68,5.153,0.0,0.0,1,1
2026-05-20T15:48:28.498674,0.69,6190.85,6.0458,0.0,0.0,1,1
2026-05-20T15:48:31.570544,0.73,6297.75,6.1502,0.0,0.0,1,1
2026-05-20T15:48:34.674481,0.75,6806.17,6.6467,0.0,0.0,1,1
2026-05-20T15:48:37.724212,0.78,5298.35,5.1742,0.0,0.0,1,1
2026-05-20T15:48:40.818983,0.77,5844.7,5.7077,0.0,0.0,1,1
2026-05-20T15:48:43.858210,0.8,7456.54,7.2818,0.0,0.0,1,1
2026-05-20T15:48:46.962707,0.73,6062.23,5.9201,0.0,0.0,1,1
2026-05-20T15:48:50.038732,0.7,6554.88,6.4013,0.0,0.0,1,1
2026-05-20T15:48:53.106662,0.71,6235.72,6.0896,0.0,0.0,1,1
2026-05-20T15:48:56.178943,0.65,5788.24,5.6526,0.0,0.0,1,1
2026-05-20T15:48:59.282560,0.72,6954.29,6.7913,0.0,0.0,1,1
2026-05-20T15:49:02.354916,0.78,6168.09,6.0235,0.0,0.0,1,1
2026-05-20T15:49:05.427367,0.79,5426.89,5.2997,0.0,0.0,1,1
2026-05-20T15:49:08.507700,0.83,6091.94,5.9492,0.0,0.0,1,1
2026-05-20T15:49:11.547812,0.7,5741.69,5.6071,0.0,0.0,1,1
2026-05-20T15:49:14.610884,0.74,5923.11,5.7843,0.0,0.0,1,1
2026-05-20T15:49:17.659984,0.76,6309.6,6.1617,0.0,0.0,1,1
2026-05-20T15:49:20.754702,0.64,6114.15,5.9708,0.0,0.0,1,1
2026-05-20T15:49:23.826698,0.74,6313.16,6.1652,0.0,0.0,1,1
2026-05-20T15:49:26.898501,0.79,7932.49,7.7466,0.0,0.0,1,1
2026-05-20T15:49:30.002432,0.69,6773.2,6.6145,0.0,0.0,1,1
2026-05-20T15:49:33.052063,0.75,5421.62,5.2946,0.0,0.0,1,1
2026-05-20T15:49:36.146834,0.71,5886.74,5.7488,0.0,0.0,1,1
2026-05-20T15:49:39.219209,0.7,5318.5,5.1939,0.0,0.0,1,1
2026-05-20T15:49:42.290635,0.67,6075.4,5.933,0.0,0.0,1,1
2026-05-20T15:49:45.362813,0.69,6501.54,6.3492,0.0,0.0,1,1
2026-05-20T15:49:48.434897,0.73,5895.02,5.7569,0.0,0.0,1,1
2026-05-20T15:49:51.483574,0.7,6430.52,6.2798,0.0,0.0,1,1
2026-05-20T15:49:54.514592,0.83,6781.41,6.6225,0.0,0.0,1,1
2026-05-20T15:49:57.586640,0.68,6713.57,6.5562,0.0,0.0,1,1
2026-05-20T15:50:00.659192,0.78,5727.97,5.5937,0.0,0.0,1,1
2026-05-20T15:50:03.762827,0.75,5938.84,5.7996,0.0,0.0,1,1
2026-05-20T15:50:06.843547,0.79,7292.86,7.1219,0.0,0.0,1,1
2026-05-20T15:50:09.907236,0.77,5477.38,5.349,0.0,0.0,1,1
2026-05-20T15:50:12.978391,0.72,7540.32,7.3636,0.0,0.0,1,1
2026-05-20T15:50:16.051124,0.7,5124.38,5.0043,0.0,0.0,1,1
2026-05-20T15:50:19.090842,2.19,5643.19,5.5109,0.0,0.0,1,1
2026-05-20T15:50:22.162433,0.66,6813.08,6.6534,0.0,0.0,1,1
2026-05-20T15:50:25.235156,1.36,5329.48,5.2046,0.0,0.0,1,1
2026-05-20T15:50:28.338950,0.74,5665.11,5.5323,0.0,0.0,1,1
2026-05-20T15:50:31.442368,0.69,6847.84,6.6873,0.0,0.0,1,1
2026-05-20T15:50:34.515255,0.73,5317.66,5.193,0.0,0.0,1,1
2026-05-20T15:50:37.586552,1.77,6626.07,6.4708,0.0,0.0,1,1
2026-05-20T15:50:40.658988,0.69,5596.14,5.465,0.0,0.0,1,1
2026-05-20T15:50:43.763087,0.75,5476.49,5.3481,0.0,0.0,1,1
2026-05-20T15:50:46.813984,0.76,2210.87,2.1591,0.0,0.0,1,1
2026-05-20T15:50:49.907066,0.77,5684.3,5.5511,0.0,0.0,1,1
2026-05-20T15:50:52.978794,0.71,6206.89,6.0614,0.0,0.0,1,1
2026-05-20T15:50:56.028112,0.76,5634.67,5.5026,0.0,0.0,1,1
2026-05-20T15:50:59.058569,0.74,7867.39,7.683,0.0,0.0,1,1
2026-05-20T15:51:02.162738,0.76,6033.88,5.8925,0.0,0.0,1,1
2026-05-20T15:51:05.266882,0.74,5666.06,5.5333,0.0,0.0,1,1
2026-05-20T15:51:08.370275,0.71,7430.12,7.256,0.0,0.0,1,1
2026-05-20T15:51:11.442794,0.69,6097.48,5.9546,0.0,0.0,1,1
2026-05-20T15:51:14.546617,0.77,6264.83,6.118,0.0,0.0,1,1
2026-05-20T15:51:17.620330,0.63,2623.69,2.5622,0.0,0.0,1,1
2026-05-20T15:51:20.700330,0.77,5125.94,5.0058,0.0,0.0,1,1
2026-05-20T15:51:23.763074,0.76,5315.13,5.1906,0.0,0.0,1,1
2026-05-20T15:51:26.811427,0.8,6849.24,6.6887,0.0,0.0,1,1
2026-05-20T15:51:29.860847,0.76,6468.95,6.3173,0.0,0.0,1,1
2026-05-20T15:51:32.915420,0.81,5131.43,5.0112,0.0,0.0,1,1
2026-05-20T15:51:35.949187,0.89,5735.8,5.6014,0.0,0.0,1,1
2026-05-20T15:51:39.003616,0.77,6007.96,5.8671,0.0,0.0,1,1
2026-05-20T15:51:42.098820,0.73,5946.2,5.8068,0.0,0.0,1,1
2026-05-20T15:51:45.157329,0.84,5609.23,5.4778,0.0,0.0,1,1
2026-05-20T15:51:48.242894,0.71,5878.49,5.7407,0.0,0.0,1,1
2026-05-20T15:51:51.315021,0.69,5437.44,5.31,0.0,0.0,1,1
2026-05-20T15:51:54.373846,0.8,6075.4,5.933,0.0,0.0,1,1
2026-05-20T15:51:57.428118,0.69,2901.38,2.8334,0.0,0.0,1,1
2026-05-20T15:52:00.498595,0.73,6897.11,6.7355,0.0,0.0,1,1
2026-05-20T15:52:03.602263,0.64,7200.52,7.0318,0.0,0.0,1,1
2026-05-20T15:52:06.674705,0.69,6320.29,6.1722,0.0,0.0,1,1
2026-05-20T15:52:09.778777,0.66,5684.3,5.5511,0.0,0.0,1,1
2026-05-20T15:52:12.850645,0.7,5939.89,5.8007,0.0,0.0,1,1
2026-05-20T15:52:15.923121,0.79,5257.67,5.1344,0.0,0.0,1,1
2026-05-20T15:52:18.963086,0.79,5351.58,5.2262,0.0,0.0,1,1
2026-05-20T15:52:22.011821,0.74,6190.85,6.0458,0.0,0.0,1,1
2026-05-20T15:52:25.074535,0.72,6428.05,6.2774,0.0,0.0,1,1
2026-05-20T15:52:28.124386,0.83,5186.16,5.0646,0.0,0.0,1,1
2026-05-20T15:52:31.186928,0.73,5416.37,5.2894,0.0,0.0,1,1
2026-05-20T15:52:34.259103,0.71,5314.29,5.1897,0.0,0.0,1,1
2026-05-20T15:52:37.363105,0.77,5620.51,5.4888,0.0,0.0,1,1
2026-05-20T15:52:40.467201,0.81,5385.08,5.2589,0.0,0.0,1,1
2026-05-20T15:52:43.524883,0.81,6172.63,6.028,0.0,0.0,1,1
2026-05-20T15:52:46.610672,0.7,5918.93,5.7802,0.0,0.0,1,1
2026-05-20T15:52:49.714761,0.7,5946.2,5.8068,0.0,0.0,1,1
2026-05-20T15:52:52.786410,0.63,7262.86,7.0926,0.0,0.0,1,1
2026-05-20T15:52:55.858851,0.69,6021.97,5.8808,0.0,0.0,1,1
2026-05-20T15:52:58.899154,0.76,5353.29,5.2278,0.0,0.0,1,1
2026-05-20T15:53:01.979724,0.73,6269.51,6.1226,0.0,0.0,1,1
2026-05-20T15:53:05.042747,0.81,6082.01,5.9395,0.0,0.0,1,1
2026-05-20T15:53:08.091473,0.73,6905.63,6.7438,0.0,0.0,1,1
2026-05-20T15:53:11.155222,0.72,5228.99,5.1064,0.0,0.0,1,1
2026-05-20T15:53:14.181792,0.78,5532.47,5.4028,0.0,0.0,1,1
2026-05-20T15:53:17.244224,0.74,5451.57,5.3238,0.0,0.0,1,1
2026-05-20T15:53:20.339077,0.72,5490.83,5.3621,0.0,0.0,1,1
2026-05-20T15:56:25.947926,98.07,0.0,0.0,0.0,0.0,1,0
2026-05-20T15:56:32.093227,101.93,0.0,0.0,0.0,0.0,1,0
2026-05-20T15:56:38.163578,29.97,0.0,0.0,0.0,0.0,1,0
2026-05-20T15:59:17.911884,48.92,0.0,0.0,0.0,0.0,1,0
2026-05-20T15:59:24.027628,78.71,0.0,0.0,0.0,0.0,1,0
2026-05-20T15:59:30.168320,82.58,0.0,0.0,0.0,0.0,1,0
2026-05-20T15:59:36.315713,59.26,0.0,0.0,0.0,0.0,1,0
2026-05-20T16:00:48.531230,0.84,5201.43,5.0795,0.0,0.0,1,1
2026-05-20T16:00:51.634872,0.68,6370.69,6.2214,0.0,0.0,1,1
2026-05-20T16:00:54.684238,0.81,5291.66,5.1676,0.0,0.0,1,1
2026-05-20T16:00:57.723705,0.75,6281.25,6.134,0.0,0.0,1,1
2026-05-20T16:01:00.787179,0.8,5326.1,5.2013,0.0,0.0,1,1
2026-05-20T16:01:03.858774,0.69,5647.94,5.5156,0.0,0.0,1,1
2026-05-20T16:01:06.962900,0.79,5689.12,5.5558,0.0,0.0,1,1
2026-05-20T16:01:10.066746,0.72,5806.27,5.6702,0.0,0.0,1,1
2026-05-20T16:01:13.170827,0.71,5921.02,5.7822,0.0,0.0,1,1
2026-05-20T16:01:16.220274,0.79,5074.01,4.9551,0.0,0.0,1,1
2026-05-20T16:01:19.282617,0.76,6770.47,6.6118,0.0,0.0,1,1
2026-05-20T16:01:22.354860,0.72,6057.85,5.9159,0.0,0.0,1,1
2026-05-20T16:01:25.426908,0.77,5743.65,5.609,0.0,0.0,1,1
2026-05-20T16:01:28.479906,4.1,6804.79,6.6453,0.0,0.0,1,1
2026-05-20T16:01:31.595094,38.45,200.14,0.1955,0.0,0.0,1,1
2026-05-20T16:01:34.693385,34.74,222.4,0.2172,0.0,0.0,1,1
2026-05-20T16:01:37.769214,38.06,1053.51,1.0288,0.0,0.0,1,1
2026-05-20T16:01:40.882983,0.7,5496.22,5.3674,0.0,0.0,1,1
2026-05-20T16:01:43.954828,0.78,6224.16,6.0783,0.0,0.0,1,1
2026-05-20T16:01:47.002594,0.73,6115.26,5.9719,0.0,0.0,1,1
2026-05-20T16:01:50.066137,0.77,7364.89,7.1923,0.0,0.0,1,1
2026-05-20T16:01:53.170640,0.69,6737.84,6.5799,0.0,0.0,1,1
2026-05-20T16:01:56.274861,0.68,6482.7,6.3308,0.0,0.0,1,1
2026-05-20T16:01:59.378887,0.7,6057.85,5.9159,0.0,0.0,1,1
2026-05-20T16:02:02.482527,0.7,6414.53,6.2642,0.0,0.0,1,1
2026-05-20T16:02:05.532216,0.76,5344.76,5.2195,0.0,0.0,1,1
2026-05-20T16:02:08.569418,0.82,7930.61,7.7447,0.0,0.0,1,1
2026-05-20T16:02:11.635132,0.76,6123.07,5.9796,0.0,0.0,1,1
2026-05-20T16:02:14.707168,0.81,5520.64,5.3912,0.0,0.0,1,1
2026-05-20T16:02:17.755914,0.73,6217.24,6.0715,0.0,0.0,1,1
2026-05-20T16:02:20.819278,0.76,5125.94,5.0058,0.0,0.0,1,1
2026-05-20T16:02:23.923053,0.75,6085.32,5.9427,0.0,0.0,1,1
2026-05-20T16:02:26.962921,0.74,5990.79,5.8504,0.0,0.0,1,1
2026-05-20T16:02:30.034788,0.66,6610.41,6.4555,0.0,0.0,1,1
2026-05-20T16:02:33.083929,0.67,7253.44,7.0834,0.0,0.0,1,1
2026-05-20T16:02:36.126024,0.69,6075.4,5.933,0.0,0.0,1,1
2026-05-20T16:02:39.186714,0.78,6428.05,6.2774,0.0,0.0,1,1
2026-05-20T16:02:42.235894,0.77,5966.29,5.8265,0.0,0.0,1,1
2026-05-20T16:02:45.277242,0.77,5215.99,5.0937,0.0,0.0,1,1
2026-05-20T16:02:48.370226,0.73,7219.11,7.0499,0.0,0.0,1,1
2026-05-20T16:02:51.442468,0.69,6840.86,6.6805,0.0,0.0,1,1
2026-05-20T16:02:54.491795,0.82,6504.06,6.3516,0.0,0.0,1,1
2026-05-20T16:02:57.555130,0.77,5631.83,5.4998,0.0,0.0,1,1
2026-05-20T16:03:14.780861,0.84,4714.69,4.6042,0.0,0.0,1,1
2026-05-20T16:03:17.875119,0.76,6576.72,6.4226,0.0,0.0,1,1
2026-05-20T16:03:20.978984,0.75,5977.99,5.8379,0.0,0.0,1,1
2026-05-20T16:03:24.082860,0.81,6428.05,6.2774,0.0,0.0,1,1
2026-05-20T16:03:27.155380,0.71,5498.02,5.3692,0.0,0.0,1,1
2026-05-20T16:03:30.259088,0.77,6091.94,5.9492,0.0,0.0,1,1
2026-05-20T16:03:33.370037,0.73,4686.37,4.5765,0.0,0.0,1,1
2026-05-20T16:03:36.467071,0.71,5629.94,5.498,0.0,0.0,1,1
2026-05-20T16:03:39.580896,0.75,5120.47,5.0005,0.0,0.0,1,1
2026-05-20T16:03:42.675772,0.81,6365.86,6.2167,0.0,0.0,1,1
2026-05-20T16:03:45.746365,0.82,5195.79,5.074,0.0,0.0,1,1
2026-05-20T16:03:48.866138,0.75,4177.07,4.0792,0.0,0.0,1,1
2026-05-20T16:03:51.937972,0.86,6026.3,5.8851,0.0,0.0,1,1
2026-05-20T16:03:55.013098,0.71,5087.86,4.9686,0.0,0.0,1,1
2026-05-20T16:03:58.163166,0.77,5973.73,5.8337,0.0,0.0,1,1
2026-05-20T16:04:01.308371,0.8,5723.08,5.5889,0.0,0.0,1,1
2026-05-20T16:04:04.403095,0.78,5545.27,5.4153,0.0,0.0,1,1
2026-05-20T16:04:07.484276,0.69,5517.01,5.3877,0.0,0.0,1,1
2026-05-20T16:04:10.611051,0.72,5976.92,5.8368,0.0,0.0,1,1
2026-05-20T16:04:13.700713,0.73,6441.63,6.2907,0.0,0.0,1,1
2026-05-20T16:04:16.801188,0.68,1716.78,1.6765,0.0,0.0,1,1
2026-05-20T16:04:19.847670,0.79,6510.37,6.3578,0.0,0.0,1,1
2026-05-20T16:04:22.912115,0.88,5987.59,5.8473,0.0,0.0,1,1
2026-05-20T16:04:26.034800,0.75,6020.89,5.8798,0.0,0.0,1,1
2026-05-20T16:04:29.138469,0.76,7275.46,7.1049,0.0,0.0,1,1
2026-05-20T16:04:32.252433,0.76,4919.28,4.804,0.0,0.0,1,1
2026-05-20T16:04:35.388090,0.85,5930.44,5.7914,0.0,0.0,1,1
2026-05-20T16:04:38.483282,0.77,5988.65,5.8483,0.0,0.0,1,1
2026-05-20T16:04:41.554639,0.82,6460.23,6.3088,0.0,0.0,1,1
2026-05-20T16:04:44.659326,0.78,5481.85,5.3534,0.0,0.0,1,1
2026-05-20T16:04:47.762441,0.85,7572.65,7.3952,0.0,0.0,1,1
2026-05-20T16:04:50.867241,0.87,5604.55,5.4732,0.0,0.0,1,1
2026-05-20T16:04:53.980546,0.81,3960.63,3.8678,0.0,0.0,1,1
2026-05-20T16:04:57.074822,0.72,6853.44,6.6928,0.0,0.0,1,1
2026-05-20T16:05:00.179395,0.79,5799.25,5.6633,0.0,0.0,1,1
2026-05-20T16:05:03.293231,0.73,5753.5,5.6187,0.0,0.0,1,1
2026-05-20T16:05:06.386837,0.89,7489.83,7.3143,0.0,0.0,1,1
2026-05-20T16:05:09.456380,0.92,5404.16,5.2775,0.0,0.0,1,1
2026-05-20T16:05:12.563292,0.75,6999.26,6.8352,0.0,0.0,1,1
2026-05-20T16:05:15.666955,0.71,5361.85,5.2362,0.0,0.0,1,1
2026-05-20T16:05:18.771264,0.83,5507.05,5.378,0.0,0.0,1,1
2026-05-20T16:05:21.843204,0.79,5464.0,5.3359,0.0,0.0,1,1
2026-05-20T16:05:24.983260,0.8,5785.25,5.6497,0.0,0.0,1,1
2026-05-20T16:05:28.082712,0.83,6867.46,6.7065,0.0,0.0,1,1
2026-05-20T16:05:31.155566,0.77,5059.47,4.9409,0.0,0.0,1,1
2026-05-20T16:05:34.258839,0.73,6470.2,6.3185,0.0,0.0,1,1
2026-05-20T16:05:37.363017,0.77,6196.57,6.0513,0.0,0.0,1,1
2026-05-20T16:05:40.437132,0.82,6043.67,5.902,0.0,0.0,1,1
2026-05-20T16:05:43.506855,0.76,6298.94,6.1513,0.0,0.0,1,1
2026-05-20T16:05:46.587557,0.72,6991.96,6.8281,0.0,0.0,1,1
2026-05-20T16:05:49.682725,0.72,6101.92,5.9589,0.0,0.0,1,1
2026-05-20T16:05:52.787128,0.76,5600.81,5.4695,0.0,0.0,1,1
2026-05-20T16:05:55.923796,0.85,3469.95,3.3886,0.0,0.0,1,1
2026-05-20T16:05:59.020757,0.82,5933.59,5.7945,0.0,0.0,1,1
2026-05-20T16:06:02.130577,0.74,6623.46,6.4682,0.0,0.0,1,1
2026-05-20T16:06:05.235410,0.76,5377.31,5.2513,0.0,0.0,1,1
2026-05-20T16:06:08.370921,0.8,6515.42,6.3627,0.0,0.0,1,1
2026-05-20T16:06:11.477721,0.79,6504.06,6.3516,0.0,0.0,1,1
2026-05-20T16:06:14.580809,0.73,6388.89,6.2391,0.0,0.0,1,1
2026-05-20T16:06:17.683175,0.7,5667.98,5.5351,0.0,0.0,1,1
2026-05-20T16:06:20.787301,0.8,5361.85,5.2362,0.0,0.0,1,1
2026-05-20T16:06:23.900212,0.89,6123.07,5.9796,0.0,0.0,1,1
2026-05-20T16:06:27.003658,0.87,1236.94,1.2079,0.0,0.0,1,1
2026-05-20T16:06:30.131183,0.71,5064.06,4.9454,0.0,0.0,1,1
2026-05-20T16:06:33.266448,0.71,6818.62,6.6588,0.0,0.0,1,1
2026-05-20T16:06:36.412627,0.81,736.29,0.719,0.0,0.0,1,1
2026-05-20T16:06:39.516208,0.81,5571.97,5.4414,0.0,0.0,1,1
2026-05-20T16:06:42.646949,0.7,7461.51,7.2866,0.0,0.0,1,1
2026-05-20T16:06:45.746932,0.89,6142.13,5.9982,0.0,0.0,1,1
2026-05-20T16:06:47.810540,0.72,6463.96,6.3125,0.0,0.0,1,1
2026-05-20T16:09:31.758514,0.86,6945.65,6.7829,0.0,0.0,1,1
2026-05-20T16:09:34.867123,0.85,5925.2,5.7863,0.0,0.0,1,1
2026-05-20T16:09:37.939180,0.88,5764.38,5.6293,0.0,0.0,1,1
2026-05-20T16:09:41.026342,0.87,5308.41,5.184,0.0,0.0,1,1
2026-05-20T16:09:44.115797,0.83,5248.62,5.1256,0.0,0.0,1,1
2026-05-20T16:09:47.219497,0.82,4408.68,4.3053,0.0,0.0,1,1
2026-05-20T16:09:50.271432,0.89,5703.63,5.5699,0.0,0.0,1,1
2026-05-20T16:09:53.362810,0.76,6666.88,6.5106,0.0,0.0,1,1
2026-05-20T16:09:56.443726,0.82,6758.19,6.5998,0.0,0.0,1,1
2026-05-20T16:09:59.514982,0.93,5561.82,5.4315,0.0,0.0,1,1
2026-05-20T16:10:02.611161,0.93,5857.97,5.7207,0.0,0.0,1,1
2026-05-20T16:10:05.724247,0.84,746.18,0.7287,0.0,0.0,1,1
2026-05-20T16:10:08.825237,0.84,5525.18,5.3957,0.0,0.0,1,1
2026-05-20T16:10:11.955248,0.85,5852.86,5.7157,0.0,0.0,1,1
2026-05-20T16:10:15.027230,0.86,5115.0,4.9951,0.0,0.0,1,1
2026-05-20T16:10:18.098621,0.75,6466.45,6.3149,0.0,0.0,1,1
2026-05-20T16:10:21.203427,0.86,5050.34,4.932,0.0,0.0,1,1
2026-05-20T16:10:24.310466,0.82,6660.27,6.5042,0.0,0.0,1,1
2026-05-20T16:10:27.444929,0.77,6115.26,5.9719,0.0,0.0,1,1
2026-05-20T16:10:30.533290,0.84,5532.47,5.4028,0.0,0.0,1,1
2026-05-20T16:10:33.651041,0.85,5765.37,5.6302,0.0,0.0,1,1
2026-05-20T16:10:36.728348,0.89,5444.5,5.3169,0.0,0.0,1,1
2026-05-20T16:10:39.836551,0.86,4906.34,4.7913,0.0,0.0,1,1
2026-05-20T16:10:42.915096,0.86,6078.7,5.9362,0.0,0.0,1,1
2026-05-20T16:10:46.004501,0.86,5380.76,5.2547,0.0,0.0,1,1
2026-05-20T16:10:49.138674,0.76,6457.74,6.3064,0.0,0.0,1,1
2026-05-20T16:10:52.210542,0.78,7027.11,6.8624,0.0,0.0,1,1
2026-05-20T16:10:55.314712,0.8,6462.72,6.3112,0.0,0.0,1,1
2026-05-20T16:10:58.483150,0.83,5726.01,5.5918,0.0,0.0,1,1
2026-05-20T16:11:01.669144,20.85,221.46,0.2163,0.0,0.0,1,1
2026-05-20T16:11:04.792375,9.7,5631.83,5.4998,0.0,0.0,1,1
2026-05-20T16:11:07.922976,0.86,6168.09,6.0235,0.0,0.0,1,1
2026-05-20T16:11:10.997659,0.8,4152.26,4.0549,0.0,0.0,1,1
2026-05-20T16:11:14.101849,0.79,6449.05,6.2979,0.0,0.0,1,1
2026-05-20T16:11:17.203197,0.85,5373.01,5.2471,0.0,0.0,1,1
2026-05-20T16:11:20.275289,0.85,5417.25,5.2903,0.0,0.0,1,1
2026-05-20T16:11:23.410680,0.77,6475.19,6.3234,0.0,0.0,1,1
2026-05-20T16:11:26.464141,0.8,6439.15,6.2882,0.0,0.0,1,1
2026-05-20T16:11:29.564238,0.91,5467.56,5.3394,0.0,0.0,1,1
2026-05-20T16:11:32.629309,0.85,5682.38,5.5492,0.0,0.0,1,1
2026-05-20T16:11:35.745587,0.89,5332.02,5.2071,0.0,0.0,1,1
2026-05-20T16:11:38.806910,0.94,5194.18,5.0724,0.0,0.0,1,1
2026-05-20T16:11:41.917162,0.88,3581.05,3.4971,0.0,0.0,1,1
2026-05-20T16:11:45.043191,0.92,5282.5,5.1587,0.0,0.0,1,1
2026-05-20T16:11:48.147390,0.83,5203.04,5.0811,0.0,0.0,1,1
2026-05-20T16:11:51.220228,0.82,3548.11,3.4649,0.0,0.0,1,1
2026-05-20T16:11:54.355268,0.78,6128.66,5.985,0.0,0.0,1,1
2026-05-20T16:11:57.433435,0.91,5174.96,5.0537,0.0,0.0,1,1
2026-05-20T16:12:00.544579,0.9,5111.89,4.9921,0.0,0.0,1,1
2026-05-20T16:12:03.635319,0.91,5741.69,5.6071,0.0,0.0,1,1
2026-05-20T16:12:06.749210,0.86,6530.64,6.3776,0.0,0.0,1,1
2026-05-20T16:12:09.852288,0.85,5865.13,5.7277,0.0,0.0,1,1
2026-05-20T16:12:12.956045,0.91,6001.51,5.8608,0.0,0.0,1,1
2026-05-20T16:12:16.060566,0.89,5142.44,5.0219,0.0,0.0,1,1
2026-05-20T16:12:19.164270,9.71,6146.63,6.0026,0.0,0.0,1,1
2026-05-20T16:12:22.259451,0.87,1084.11,1.0587,0.0,0.0,1,1
2026-05-20T16:12:25.350723,0.86,4982.1,4.8653,0.0,0.0,1,1
2026-05-20T16:12:28.468773,0.89,3602.97,3.5185,0.0,0.0,1,1
2026-05-20T16:12:31.570674,0.8,7371.36,7.1986,0.0,0.0,1,1
2026-05-20T16:12:34.687559,0.86,5425.13,5.298,0.0,0.0,1,1
2026-05-20T16:12:37.750734,0.93,6785.53,6.6265,0.0,0.0,1,1
2026-05-20T16:12:40.823942,0.88,1342.23,1.3108,0.0,0.0,1,1
2026-05-20T16:12:43.937582,0.95,575.67,0.5622,0.0,0.0,1,1
2026-05-20T16:12:47.027161,0.89,5754.49,5.6196,0.0,0.0,1,1
2026-05-20T16:12:50.130898,0.89,5675.65,5.5426,0.0,0.0,1,1
2026-05-20T16:12:53.183707,0.83,5636.56,5.5045,0.0,0.0,1,1
2026-05-20T16:12:56.306974,0.81,6298.94,6.1513,0.0,0.0,1,1
2026-05-20T16:12:59.475646,0.81,5280.01,5.1563,0.0,0.0,1,1
2026-05-20T16:13:02.557503,0.94,6078.7,5.9362,0.0,0.0,1,1
2026-05-20T16:13:05.652294,0.91,3242.29,3.1663,0.0,0.0,1,1
2026-05-20T16:13:08.755045,0.88,5951.48,5.812,0.0,0.0,1,1
2026-05-20T16:13:11.828137,0.93,5757.45,5.6225,0.0,0.0,1,1
2026-05-20T16:13:14.953535,0.83,5140.08,5.0196,0.0,0.0,1,1
2026-05-20T16:13:18.035153,0.92,5870.26,5.7327,0.0,0.0,1,1
2026-05-20T16:13:21.141459,0.86,5270.05,5.1465,0.0,0.0,1,1
2026-05-20T16:13:24.274955,0.86,6322.67,6.1745,0.0,0.0,1,1
2026-05-20T16:13:27.353649,0.81,2477.8,2.4197,0.0,0.0,1,1
2026-05-20T16:13:30.460133,0.86,5810.29,5.6741,0.0,0.0,1,1
2026-05-20T16:13:33.557117,0.87,5665.11,5.5323,0.0,0.0,1,1
2026-05-20T16:13:36.635568,0.82,6217.24,6.0715,0.0,0.0,1,1
2026-05-20T16:13:39.763700,0.8,3448.2,3.3674,0.0,0.0,1,1
2026-05-20T16:13:42.843929,0.93,5896.05,5.7579,0.0,0.0,1,1
2026-05-20T16:13:45.909104,0.93,1915.75,1.8709,0.0,0.0,1,1
2026-05-20T16:13:49.018310,0.81,5425.13,5.298,0.0,0.0,1,1
2026-05-20T16:13:52.146993,0.9,5429.52,5.3023,0.0,0.0,1,1
2026-05-20T16:13:55.250762,0.67,6134.27,5.9905,0.0,0.0,1,1
2026-05-20T16:13:58.331757,0.76,6990.51,6.8267,0.0,0.0,1,1
2026-05-20T16:14:01.395141,0.76,5137.72,5.0173,0.0,0.0,1,1
2026-05-20T16:14:04.461567,0.87,5546.19,5.4162,0.0,0.0,1,1
2026-05-20T16:14:07.603525,0.8,5012.61,4.8951,0.0,0.0,1,1
2026-05-20T16:14:10.675548,0.77,4998.43,4.8813,0.0,0.0,1,1
2026-05-20T16:14:13.783046,0.86,6694.82,6.5379,0.0,0.0,1,1
2026-05-20T16:14:16.877859,0.95,5403.29,5.2767,0.0,0.0,1,1
2026-05-20T16:14:19.955820,0.9,4567.71,4.4607,0.0,0.0,1,1
2026-05-20T16:14:23.100975,0.82,5669.89,5.537,0.0,0.0,1,1
2026-05-20T16:14:26.224787,0.73,5627.11,5.4952,0.0,0.0,1,1
2026-05-20T16:14:29.330349,0.83,5644.14,5.5119,0.0,0.0,1,1
2026-05-20T16:14:32.444313,0.86,5768.34,5.6331,0.0,0.0,1,1
2026-05-20T16:14:35.508116,0.91,4870.02,4.7559,0.0,0.0,1,1
2026-05-20T16:14:38.616876,0.9,5569.2,5.4387,0.0,0.0,1,1
2026-05-20T16:14:41.719216,0.94,6491.47,6.3393,0.0,0.0,1,1
2026-05-20T16:14:44.799506,0.91,4993.96,4.8769,0.0,0.0,1,1
2026-05-20T16:14:47.890947,0.82,6045.84,5.9041,0.0,0.0,1,1
2026-05-20T16:14:50.995524,0.79,4884.2,4.7697,0.0,0.0,1,1
2026-05-20T16:14:54.099713,0.77,5956.76,5.8171,0.0,0.0,1,1
2026-05-20T16:14:57.183125,0.86,5908.51,5.77,0.0,0.0,1,1
2026-05-20T16:15:00.274964,0.83,5931.49,5.7925,0.0,0.0,1,1
2026-05-20T16:15:03.417256,0.77,6744.61,6.5865,0.0,0.0,1,1
2026-05-20T16:15:06.514810,0.86,5693.95,5.5605,0.0,0.0,1,1
2026-05-20T16:15:09.617851,0.84,4991.73,4.8747,0.0,0.0,1,1
2026-05-20T16:15:12.723683,0.81,5574.75,5.4441,0.0,0.0,1,1
2026-05-20T16:15:15.827267,0.7,5331.18,5.2062,0.0,0.0,1,1
2026-05-20T16:15:18.940552,0.87,5522.45,5.393,0.0,0.0,1,1
2026-05-20T16:15:22.099468,0.82,5123.6,5.0035,0.0,0.0,1,1
2026-05-20T16:15:25.160887,0.87,5565.51,5.4351,0.0,0.0,1,1
2026-05-20T16:15:28.275156,0.84,5826.43,5.6899,0.0,0.0,1,1
2026-05-20T16:15:31.411559,0.84,5118.13,4.9982,0.0,0.0,1,1
2026-05-20T16:15:34.508523,0.87,5653.65,5.5211,0.0,0.0,1,1
2026-05-20T16:15:37.663665,0.71,6804.79,6.6453,0.0,0.0,1,1
2026-05-20T16:15:40.787001,0.7,5337.96,5.2129,0.0,0.0,1,1
2026-05-20T16:15:43.861423,0.87,6445.34,6.2943,0.0,0.0,1,1
2026-05-20T16:15:46.931293,0.98,5334.57,5.2095,0.0,0.0,1,1
2026-05-20T16:15:50.012096,0.75,6682.82,6.5262,0.0,0.0,1,1
2026-05-20T16:15:53.083450,0.75,6771.83,6.6131,0.0,0.0,1,1
2026-05-20T16:15:56.210926,0.78,6001.51,5.8608,0.0,0.0,1,1
2026-05-20T16:15:59.315063,0.71,5982.25,5.842,0.0,0.0,1,1
2026-05-20T16:16:02.451248,0.79,5646.99,5.5146,0.0,0.0,1,1
2026-05-20T16:16:05.557010,0.9,5584.03,5.4532,0.0,0.0,1,1
2026-05-20T16:16:08.627318,0.85,5225.73,5.1033,0.0,0.0,1,1
2026-05-20T16:16:11.712603,0.91,5721.13,5.587,0.0,0.0,1,1
2026-05-20T16:16:14.786771,0.93,5090.17,4.9709,0.0,0.0,1,1
2026-05-20T16:16:17.909095,0.77,6290.67,6.1432,0.0,0.0,1,1
2026-05-20T16:16:20.988024,0.81,6316.72,6.1687,0.0,0.0,1,1
2026-05-20T16:16:24.057621,0.9,3104.59,3.0318,0.0,0.0,1,1
2026-05-20T16:16:27.186558,0.75,6382.81,6.2332,0.0,0.0,1,1
2026-05-20T16:16:30.244815,0.68,7098.46,6.9321,0.0,0.0,1,1
2026-05-20T16:16:33.303071,0.88,7236.24,7.0666,0.0,0.0,1,1
2026-05-20T16:16:36.375699,0.82,6874.5,6.7134,0.0,0.0,1,1
2026-05-20T16:16:39.441461,0.86,5101.01,4.9815,0.0,0.0,1,1
2026-05-20T16:16:42.547034,0.88,6111.92,5.9687,0.0,0.0,1,1
2026-05-20T16:16:45.619507,0.9,5082.46,4.9633,0.0,0.0,1,1
2026-05-20T16:16:48.722709,0.81,6441.63,6.2907,0.0,0.0,1,1
2026-05-20T16:16:51.802343,0.89,5394.6,5.2682,0.0,0.0,1,1
2026-05-20T16:16:54.876332,0.9,5312.61,5.1881,0.0,0.0,1,1
2026-05-20T16:16:57.989130,0.78,6258.99,6.1123,0.0,0.0,1,1
2026-05-20T16:17:01.107427,0.87,5369.57,5.2437,0.0,0.0,1,1
2026-05-20T16:17:04.202770,0.85,3300.65,3.2233,0.0,0.0,1,1
2026-05-20T16:17:07.315857,0.83,5076.31,4.9573,0.0,0.0,1,1
2026-05-20T16:17:10.451415,0.79,4688.34,4.5785,0.0,0.0,1,1
2026-05-20T16:17:13.555302,0.89,5330.33,5.2054,0.0,0.0,1,1
2026-05-20T16:17:16.690592,0.88,6241.52,6.0952,0.0,0.0,1,1
2026-05-20T16:17:19.795094,0.81,5681.41,5.5483,0.0,0.0,1,1
2026-05-20T16:17:22.940296,0.86,5688.16,5.5548,0.0,0.0,1,1
2026-05-20T16:17:26.044433,0.76,6110.81,5.9676,0.0,0.0,1,1
2026-05-20T16:17:29.170951,0.79,5886.74,5.7488,0.0,0.0,1,1
2026-05-20T16:17:32.284115,0.83,5999.36,5.8588,0.0,0.0,1,1
2026-05-20T16:17:35.410994,0.8,6032.8,5.8914,0.0,0.0,1,1
2026-05-20T16:17:38.514916,0.77,6263.66,6.1169,0.0,0.0,1,1
2026-05-20T16:17:41.687064,0.79,1517.13,1.4816,0.0,0.0,1,1
2026-05-20T16:17:44.823510,0.77,5123.6,5.0035,0.0,0.0,1,1
2026-05-20T16:17:47.924034,0.87,6006.88,5.8661,0.0,0.0,1,1
2026-05-20T16:17:50.971990,0.79,6551.04,6.3975,0.0,0.0,1,1
2026-05-20T16:17:54.047254,0.91,1904.34,1.8597,0.0,0.0,1,1
2026-05-20T16:17:57.139178,0.89,5485.44,5.3569,0.0,0.0,1,1
2026-05-20T16:18:00.283640,0.88,791.6,0.773,0.0,0.0,1,1
2026-05-20T16:18:03.410978,0.81,5735.8,5.6014,0.0,0.0,1,1
2026-05-20T16:18:06.546914,0.84,5844.7,5.7077,0.0,0.0,1,1
2026-05-20T16:18:09.629730,0.91,5317.66,5.193,0.0,0.0,1,1
2026-05-20T16:18:12.691267,0.91,5795.24,5.6594,0.0,0.0,1,1
2026-05-20T16:18:15.781476,0.83,6044.75,5.9031,0.0,0.0,1,1
2026-05-20T16:18:18.876582,0.82,5517.91,5.3886,0.0,0.0,1,1
2026-05-20T16:18:21.970856,0.84,6334.61,6.1861,0.0,0.0,1,1
2026-05-20T16:18:25.108798,0.78,3590.25,3.5061,0.0,0.0,1,1
2026-05-20T16:18:28.170784,18.63,5402.42,5.2758,0.0,0.0,1,1
2026-05-20T16:18:31.251020,0.79,5644.14,5.5119,0.0,0.0,1,1
2026-05-20T16:18:34.386998,0.74,6041.49,5.8999,0.0,0.0,1,1
2026-05-20T16:18:37.526949,0.79,5507.05,5.378,0.0,0.0,1,1
2026-05-20T16:18:40.658790,0.87,5837.58,5.7008,0.0,0.0,1,1
2026-05-20T16:18:43.794768,0.78,6331.02,6.1826,0.0,0.0,1,1
2026-05-20T16:18:46.881430,0.84,6365.86,6.2167,0.0,0.0,1,1
2026-05-20T16:18:49.955781,0.92,2633.99,2.5723,0.0,0.0,1,1
2026-05-20T16:18:53.052171,0.86,5219.23,5.0969,0.0,0.0,1,1
2026-05-20T16:18:56.156576,0.88,5553.53,5.4234,0.0,0.0,1,1
2026-05-20T16:18:59.251203,0.83,5975.86,5.8358,0.0,0.0,1,1
2026-05-20T16:19:02.386963,0.83,6017.65,5.8766,0.0,0.0,1,1
2026-05-20T16:19:05.475975,0.86,6391.32,6.2415,0.0,0.0,1,1
2026-05-20T16:19:08.595718,0.81,5300.02,5.1758,0.0,0.0,1,1
2026-05-20T16:19:11.685214,0.84,5998.29,5.8577,0.0,0.0,1,1
2026-05-20T16:19:14.771403,0.83,5252.73,5.1296,0.0,0.0,1,1
2026-05-20T16:19:17.833685,0.87,6861.85,6.701,0.0,0.0,1,1
2026-05-20T16:19:20.956322,0.82,5710.42,5.5766,0.0,0.0,1,1
2026-05-20T16:19:24.060217,0.81,5911.63,5.7731,0.0,0.0,1,1
2026-05-20T16:19:27.142563,0.81,5041.23,4.9231,0.0,0.0,1,1
2026-05-20T16:19:30.247170,0.77,5392.0,5.2656,0.0,0.0,1,1
2026-05-20T16:19:33.365400,1.05,2097.02,2.0479,0.0,0.0,1,1
2026-05-20T16:19:36.443590,0.87,7021.22,6.8567,0.0,0.0,1,1
2026-05-20T16:19:39.533612,0.9,5245.34,5.1224,0.0,0.0,1,1
2026-05-20T16:19:42.643160,0.8,5422.5,5.2954,0.0,0.0,1,1
2026-05-20T16:19:45.777108,1.06,2609.62,2.5485,0.0,0.0,1,1
2026-05-20T16:19:48.883219,0.79,5660.33,5.5277,0.0,0.0,1,1
2026-05-20T16:19:51.986679,0.77,7116.53,6.9497,0.0,0.0,1,1
2026-05-20T16:19:55.090837,0.76,6103.03,5.96,0.0,0.0,1,1
2026-05-20T16:19:58.226625,0.81,6826.94,6.6669,0.0,0.0,1,1
2026-05-20T16:20:01.367666,0.73,1379.93,1.3476,0.0,0.0,1,1
2026-05-20T16:20:04.481151,0.84,6128.66,5.985,0.0,0.0,1,1
2026-05-20T16:20:07.580076,0.75,6914.16,6.7521,0.0,0.0,1,1
2026-05-20T16:20:10.684517,0.86,5023.87,4.9061,0.0,0.0,1,1
2026-05-20T16:20:13.757748,0.84,7531.86,7.3553,0.0,0.0,1,1
2026-05-20T16:20:16.822316,0.75,3649.6,3.5641,0.0,0.0,1,1
2026-05-20T16:20:19.899841,0.82,6328.64,6.1803,0.0,0.0,1,1
2026-05-20T16:20:23.002711,0.79,6226.47,6.0805,0.0,0.0,1,1
2026-05-20T16:20:26.108155,0.81,5986.52,5.8462,0.0,0.0,1,1
2026-05-20T16:20:29.203400,0.9,5268.4,5.1449,0.0,0.0,1,1
2026-05-20T16:20:32.284060,0.79,6339.4,6.1908,0.0,0.0,1,1
2026-05-20T16:20:35.411196,0.8,5683.34,5.5501,0.0,0.0,1,1
2026-05-20T16:20:38.514960,0.9,5768.34,5.6331,0.0,0.0,1,1
2026-05-20T16:20:41.637431,0.76,7253.44,7.0834,0.0,0.0,1,1
2026-05-20T16:20:44.790995,0.69,5692.02,5.5586,0.0,0.0,1,1
2026-05-20T16:20:47.890464,0.83,6724.34,6.5667,0.0,0.0,1,1
2026-05-20T16:20:51.036789,0.83,5299.18,5.175,0.0,0.0,1,1
2026-05-20T16:20:54.107942,0.79,6233.41,6.0873,0.0,0.0,1,1
2026-05-20T16:20:57.189227,0.81,6107.47,5.9643,0.0,0.0,1,1
2026-05-20T16:21:00.307560,0.84,4900.6,4.7857,0.0,0.0,1,1
2026-05-20T16:21:03.443420,0.83,5427.76,5.3005,0.0,0.0,1,1
2026-05-20T16:21:06.546582,0.89,6852.04,6.6914,0.0,0.0,1,1
2026-05-20T16:21:09.587526,0.78,4987.28,4.8704,0.0,0.0,1,1
2026-05-20T16:21:12.671906,0.86,6137.63,5.9938,0.0,0.0,1,1
2026-05-20T16:21:15.763137,0.84,6308.41,6.1606,0.0,0.0,1,1
2026-05-20T16:21:18.835815,0.84,4944.66,4.8288,0.0,0.0,1,1
2026-05-20T16:21:21.939201,0.82,5676.61,5.5436,0.0,0.0,1,1
2026-05-20T16:21:25.056699,0.93,5228.99,5.1064,0.0,0.0,1,1
2026-05-20T16:21:28.181623,10.3,207.67,0.2028,0.0,0.0,1,1
2026-05-20T16:21:31.283160,19.3,5406.77,5.2801,0.0,0.0,1,1
2026-05-20T16:21:34.363233,0.91,5994.0,5.8535,0.0,0.0,1,1
2026-05-20T16:21:37.415600,0.88,5003.64,4.8864,0.0,0.0,1,1
2026-05-20T16:21:40.498153,0.92,3720.0,3.6328,0.0,0.0,1,1
2026-05-20T16:21:43.603055,0.77,4998.43,4.8813,0.0,0.0,1,1
2026-05-20T16:21:46.673899,0.85,7098.46,6.9321,0.0,0.0,1,1
2026-05-20T16:21:49.716295,0.81,5874.38,5.7367,0.0,0.0,1,1
2026-05-20T16:21:52.773611,0.84,5385.08,5.2589,0.0,0.0,1,1
2026-05-20T16:21:55.858555,0.91,5088.63,4.9694,0.0,0.0,1,1
2026-05-20T16:21:58.994687,0.73,6261.32,6.1146,0.0,0.0,1,1
2026-05-20T16:22:02.130884,0.82,6185.15,6.0402,0.0,0.0,1,1
2026-05-20T16:22:05.267533,0.83,4873.56,4.7593,0.0,0.0,1,1
2026-05-20T16:22:08.388510,0.77,3579.14,3.4953,0.0,0.0,1,1
2026-05-20T16:22:11.463108,0.88,6381.6,6.232,0.0,0.0,1,1
2026-05-20T16:22:14.578940,0.82,6556.16,6.4025,0.0,0.0,1,1
2026-05-20T16:22:17.682883,0.87,6533.18,6.3801,0.0,0.0,1,1
2026-05-20T16:22:20.776446,14.07,5546.19,5.4162,0.0,0.0,1,1
2026-05-20T16:22:23.891079,0.83,5473.81,5.3455,0.0,0.0,1,1
2026-05-20T16:22:26.980684,0.89,6437.92,6.287,0.0,0.0,1,1
2026-05-20T16:22:30.099043,0.91,5689.12,5.5558,0.0,0.0,1,1
2026-05-20T16:22:33.181403,0.84,6270.68,6.1237,0.0,0.0,1,1
2026-05-20T16:22:36.242635,0.91,5549.86,5.4198,0.0,0.0,1,1
2026-05-20T16:22:39.353017,0.91,2524.41,2.4652,0.0,0.0,1,1
2026-05-20T16:22:42.486230,26.36,230.71,0.2253,0.0,0.0,1,1
2026-05-20T16:22:45.590193,0.78,6897.11,6.7355,0.0,0.0,1,1
2026-05-20T16:22:48.635869,0.78,6396.19,6.2463,0.0,0.0,1,1
2026-05-20T16:22:51.762304,0.86,7426.83,7.2528,0.0,0.0,1,1
2026-05-20T16:22:54.857266,0.93,7242.48,7.0727,0.0,0.0,1,1
2026-05-20T16:22:57.916594,0.86,5464.0,5.3359,0.0,0.0,1,1
2026-05-20T16:23:01.020551,0.9,5259.32,5.1361,0.0,0.0,1,1
2026-05-20T16:23:04.099168,0.93,5557.21,5.427,0.0,0.0,1,1
2026-05-20T16:23:07.218745,0.84,6139.88,5.996,0.0,0.0,1,1
2026-05-20T16:23:10.262736,0.87,6233.41,6.0873,0.0,0.0,1,1
2026-05-20T16:23:13.331495,1.08,5487.23,5.3586,0.0,0.0,1,1
2026-05-20T16:23:16.401322,0.94,5949.37,5.8099,0.0,0.0,1,1
2026-05-20T16:23:19.509704,0.71,5851.84,5.7147,0.0,0.0,1,1
2026-05-20T16:23:22.581251,0.81,5742.67,5.6081,0.0,0.0,1,1
2026-05-20T16:23:25.715175,0.83,5701.69,5.5681,0.0,0.0,1,1
2026-05-20T16:23:28.832237,0.9,6270.68,6.1237,0.0,0.0,1,1
2026-05-20T16:23:30.603995,0.92,7030.05,6.8653,0.0,0.0,1,1
2026-05-20T16:24:29.417669,0.99,3066.57,2.9947,0.0,0.0,1,1
2026-05-20T16:24:32.465857,0.86,2433.42,2.3764,0.0,0.0,1,1
2026-05-20T16:24:35.496403,0.75,3634.58,3.5494,0.0,0.0,1,1
2026-05-20T16:24:38.536561,0.89,3718.35,3.6312,0.0,0.0,1,1
2026-05-20T16:24:41.576142,0.85,3597.94,3.5136,0.0,0.0,1,1
2026-05-20T16:24:44.617748,0.83,3433.03,3.3526,0.0,0.0,1,1
2026-05-20T16:24:47.658817,16.59,3464.94,3.3837,0.0,0.0,1,1
2026-05-20T16:24:50.697702,0.88,3096.28,3.0237,0.0,0.0,1,1
2026-05-20T16:24:53.737449,0.83,3263.41,3.1869,0.0,0.0,1,1
2026-05-20T16:24:56.778619,0.88,3089.16,3.0168,0.0,0.0,1,1
2026-05-20T16:24:59.815785,0.79,3653.97,3.5683,0.0,0.0,1,1
2026-05-20T16:25:02.857528,0.92,3238.22,3.1623,0.0,0.0,1,1
2026-05-20T16:25:05.896900,0.86,3342.74,3.2644,0.0,0.0,1,1
2026-05-20T16:25:08.936360,0.88,3750.77,3.6629,0.0,0.0,1,1
2026-05-20T16:25:11.977860,0.9,3678.0,3.5918,0.0,0.0,1,1
2026-05-20T16:25:15.039169,0.81,4126.73,4.03,0.0,0.0,1,1
2026-05-20T16:25:18.089391,0.88,3279.68,3.2028,0.0,0.0,1,1
2026-05-20T16:25:21.127453,0.84,4442.53,4.3384,0.0,0.0,1,1
2026-05-20T16:26:49.779311,0.86,6253.16,6.1066,0.0,0.0,1,1
2026-05-20T16:26:52.882786,0.77,6104.14,5.9611,0.0,0.0,1,1
2026-05-20T16:26:55.913216,0.86,3238.53,3.1626,0.0,0.0,1,1
2026-05-20T16:26:58.958006,0.94,5182.15,5.0607,0.0,0.0,1,1
2026-05-20T16:27:01.994001,0.87,3022.38,2.9515,0.0,0.0,1,1
2026-05-20T16:27:05.063211,0.91,4661.63,4.5524,0.0,0.0,1,1
2026-05-20T16:27:08.116119,0.84,5041.23,4.9231,0.0,0.0,1,1
2026-05-20T16:27:11.173436,0.8,5589.61,5.4586,0.0,0.0,1,1
2026-05-20T16:27:14.282565,0.86,1706.22,1.6662,0.0,0.0,1,1
2026-05-20T16:27:17.395209,0.9,6255.49,6.1089,0.0,0.0,1,1
2026-05-20T16:27:20.571874,0.8,392.28,0.3831,0.0,0.0,1,1
2026-05-20T16:27:23.763191,0.72,6328.64,6.1803,0.0,0.0,1,1
2026-05-20T16:27:26.964378,10.53,185.98,0.1816,0.0,0.0,1,1
2026-05-20T16:27:30.084960,20.18,4040.27,3.9456,0.0,0.0,1,1
2026-05-20T16:27:33.189264,0.91,4996.19,4.8791,0.0,0.0,1,1
2026-05-20T16:27:36.319898,0.78,4503.35,4.3978,0.0,0.0,1,1
2026-05-20T16:27:39.449134,0.91,3384.55,3.3052,0.0,0.0,1,1
2026-05-20T16:27:42.565915,0.84,6231.09,6.0851,0.0,0.0,1,1
2026-05-20T16:27:45.715475,0.85,6005.8,5.865,0.0,0.0,1,1
2026-05-20T16:27:48.865901,0.82,3902.13,3.8107,0.0,0.0,1,1
2026-05-20T16:27:51.987316,0.91,6061.13,5.9191,0.0,0.0,1,1
2026-05-20T16:27:55.123523,0.87,5857.97,5.7207,0.0,0.0,1,1
2026-05-20T16:27:58.285145,0.91,4138.95,4.0419,0.0,0.0,1,1
2026-05-20T16:28:01.413685,0.89,5757.45,5.6225,0.0,0.0,1,1
2026-05-20T16:28:04.533783,0.85,5237.97,5.1152,0.0,0.0,1,1
2026-05-20T16:28:07.716310,0.84,486.59,0.4752,0.0,0.0,1,1
2026-05-20T16:28:10.835631,0.79,4825.2,4.7121,0.0,0.0,1,1
2026-05-20T16:28:13.985380,0.83,5385.08,5.2589,0.0,0.0,1,1
2026-05-20T16:28:17.087591,0.9,5347.32,5.222,0.0,0.0,1,1
2026-05-20T16:28:20.211605,0.79,5237.15,5.1144,0.0,0.0,1,1
2026-05-20T16:28:23.379676,0.9,7436.71,7.2624,0.0,0.0,1,1
2026-05-20T16:28:26.515256,0.68,6585.76,6.4314,0.0,0.0,1,1
2026-05-20T16:28:29.735047,10.3,204.37,0.1996,0.0,0.0,1,1
2026-05-20T16:28:32.832249,17.43,5750.55,5.6158,0.0,0.0,1,1
2026-05-20T16:28:35.987478,0.84,6365.86,6.2167,0.0,0.0,1,1
2026-05-20T16:28:39.123892,0.87,5140.87,5.0204,0.0,0.0,1,1
2026-05-20T16:28:42.291427,0.77,6062.23,5.9201,0.0,0.0,1,1
2026-05-20T16:28:45.404639,0.86,5440.08,5.3126,0.0,0.0,1,1
2026-05-20T16:28:48.587918,0.83,242.17,0.2365,0.0,0.0,1,1
2026-05-20T16:28:51.782704,0.9,291.41,0.2846,0.0,0.0,1,1
2026-05-20T16:28:54.899833,0.86,6019.81,5.8787,0.0,0.0,1,1
2026-05-20T16:28:58.035794,0.91,5278.34,5.1546,0.0,0.0,1,1
2026-05-20T16:29:01.285512,12.24,131.81,0.1287,0.0,0.0,1,1
2026-05-20T16:29:04.530560,29.76,205.69,0.2009,0.0,0.0,1,1
2026-05-20T16:29:07.743634,48.48,115.03,0.1123,0.0,0.0,1,1
2026-05-20T16:29:10.850418,17.7,5836.57,5.6998,0.0,0.0,1,1
2026-05-20T16:29:13.981125,0.78,4709.39,4.599,0.0,0.0,1,1
2026-05-20T16:29:17.084458,0.92,5971.6,5.8316,0.0,0.0,1,1
2026-05-20T16:29:20.219141,0.92,3722.89,3.6356,0.0,0.0,1,1
2026-05-20T16:29:23.381017,0.83,396.05,0.3868,0.0,0.0,1,1
2026-05-20T16:29:26.492190,0.85,6106.36,5.9632,0.0,0.0,1,1
2026-05-20T16:29:29.628681,0.85,5199.01,5.0772,0.0,0.0,1,1
2026-05-20T16:29:32.732921,0.85,5869.24,5.7317,0.0,0.0,1,1
2026-05-20T16:29:35.870381,0.85,5011.86,4.8944,0.0,0.0,1,1
2026-05-20T16:29:39.000383,0.84,3433.73,3.3533,0.0,0.0,1,1
2026-05-20T16:29:42.108304,0.82,6248.5,6.102,0.0,0.0,1,1
2026-05-20T16:29:45.256444,0.89,819.06,0.7999,0.0,0.0,1,1
2026-05-20T16:29:48.484543,2.95,1636.8,1.5984,0.0,0.0,1,1
2026-05-20T16:29:51.681235,0.87,773.71,0.7556,0.0,0.0,1,1
2026-05-20T16:29:54.819671,0.92,983.6,0.9605,0.0,0.0,1,1
2026-05-20T16:29:57.966672,0.92,4775.07,4.6632,0.0,0.0,1,1
2026-05-20T16:30:01.069180,0.91,4015.61,3.9215,0.0,0.0,1,1
2026-05-20T16:30:04.176023,0.84,4555.31,4.4485,0.0,0.0,1,1
2026-05-20T16:30:07.317924,0.83,5838.6,5.7018,0.0,0.0,1,1
2026-05-20T16:30:10.429066,0.88,4433.14,4.3292,0.0,0.0,1,1
2026-05-20T16:30:13.587684,0.74,5848.78,5.7117,0.0,0.0,1,1
2026-05-20T16:30:16.759732,0.9,4538.06,4.4317,0.0,0.0,1,1
2026-05-20T16:30:19.898001,0.93,1411.63,1.3785,0.0,0.0,1,1
2026-05-20T16:30:23.010709,0.86,5353.29,5.2278,0.0,0.0,1,1
2026-05-20T16:30:26.109338,0.84,4527.65,4.4215,0.0,0.0,1,1
2026-05-20T16:30:29.211610,0.92,5610.17,5.4787,0.0,0.0,1,1
2026-05-20T16:30:32.371836,0.82,5685.26,5.552,0.0,0.0,1,1
2026-05-20T16:30:35.516597,0.86,808.46,0.7895,0.0,0.0,1,1
2026-05-20T16:30:38.675622,0.85,5731.88,5.5975,0.0,0.0,1,1
2026-05-20T16:30:41.812022,0.85,6056.76,5.9148,0.0,0.0,1,1
2026-05-20T16:30:44.915281,0.86,5727.97,5.5937,0.0,0.0,1,1
2026-05-20T16:30:48.006755,0.9,4280.99,4.1807,0.0,0.0,1,1
2026-05-20T16:30:51.179868,0.81,5354.15,5.2287,0.0,0.0,1,1
2026-05-20T16:30:54.310143,0.92,4242.03,4.1426,0.0,0.0,1,1
2026-05-20T16:30:57.427850,0.8,5477.38,5.349,0.0,0.0,1,1
2026-05-20T16:31:00.576683,0.84,706.39,0.6898,0.0,0.0,1,1
2026-05-20T16:31:03.662528,0.86,6155.65,6.0114,0.0,0.0,1,1
2026-05-20T16:31:06.804203,0.82,5809.29,5.6731,0.0,0.0,1,1
2026-05-20T16:31:09.945432,0.84,5291.66,5.1676,0.0,0.0,1,1
2026-05-20T16:31:13.075272,0.86,5945.15,5.8058,0.0,0.0,1,1
2026-05-20T16:31:16.211916,0.86,5005.88,4.8886,0.0,0.0,1,1
2026-05-20T16:31:19.324706,0.88,7214.46,7.0454,0.0,0.0,1,1
2026-05-20T16:31:22.465900,0.78,6614.32,6.4593,0.0,0.0,1,1
2026-05-20T16:31:25.615431,0.86,5832.51,5.6958,0.0,0.0,1,1
2026-05-20T16:31:28.712007,0.86,3974.23,3.8811,0.0,0.0,1,1
2026-05-20T16:31:31.811435,0.94,5118.13,4.9982,0.0,0.0,1,1
2026-05-20T16:31:34.944445,0.82,5588.68,5.4577,0.0,0.0,1,1
2026-05-20T16:31:38.068481,0.89,3675.99,3.5898,0.0,0.0,1,1
2026-05-20T16:31:41.225536,0.88,4131.81,4.035,0.0,0.0,1,1
2026-05-20T16:31:44.312628,0.91,5202.24,5.0803,0.0,0.0,1,1
2026-05-20T16:31:47.475365,0.84,5632.77,5.5008,0.0,0.0,1,1
2026-05-20T16:31:50.611319,0.75,6189.71,6.0446,0.0,0.0,1,1
2026-05-20T16:31:53.725081,0.83,4435.48,4.3315,0.0,0.0,1,1
2026-05-20T16:31:56.849078,0.88,5444.5,5.3169,0.0,0.0,1,1
2026-05-20T16:32:00.019395,0.86,6072.1,5.9298,0.0,0.0,1,1
2026-05-20T16:32:03.156161,0.79,5584.03,5.4532,0.0,0.0,1,1
2026-05-20T16:32:06.236988,0.88,5997.22,5.8567,0.0,0.0,1,1
2026-05-20T16:32:09.395152,0.73,7081.98,6.916,0.0,0.0,1,1
2026-05-20T16:32:12.508566,0.84,5866.16,5.7287,0.0,0.0,1,1
2026-05-20T16:32:15.667667,0.73,5690.09,5.5567,0.0,0.0,1,1
2026-05-20T16:32:18.803668,0.85,5719.18,5.5851,0.0,0.0,1,1
2026-05-20T16:32:21.939557,0.9,5576.6,5.4459,0.0,0.0,1,1
2026-05-20T16:32:25.075535,0.84,6210.33,6.0648,0.0,0.0,1,1
2026-05-20T16:32:28.226266,0.75,3715.88,3.6288,0.0,0.0,1,1
2026-05-20T16:32:31.306683,0.87,5832.51,5.6958,0.0,0.0,1,1
2026-05-20T16:32:34.431913,0.84,3012.07,2.9415,0.0,0.0,1,1
2026-05-20T16:32:37.618130,0.7,3632.22,3.5471,0.0,0.0,1,1
2026-05-20T16:32:40.723591,0.87,5505.24,5.3762,0.0,0.0,1,1
2026-05-20T16:32:43.891248,0.8,6860.44,6.6997,0.0,0.0,1,1
2026-05-20T16:32:47.010309,0.84,5453.35,5.3255,0.0,0.0,1,1
2026-05-20T16:32:50.145060,0.76,3530.56,3.4478,0.0,0.0,1,1
2026-05-20T16:32:53.320079,0.79,3828.23,3.7385,0.0,0.0,1,1
2026-05-20T16:32:56.436265,0.9,4803.78,4.6912,0.0,0.0,1,1
2026-05-20T16:32:59.602251,0.84,5372.15,5.2462,0.0,0.0,1,1
2026-05-20T16:33:02.707719,0.9,5264.27,5.1409,0.0,0.0,1,1
2026-05-20T16:33:05.811539,0.88,5172.57,5.0513,0.0,0.0,1,1
2026-05-20T16:33:08.947226,0.78,6867.46,6.7065,0.0,0.0,1,1
2026-05-20T16:33:12.115281,0.81,5746.61,5.6119,0.0,0.0,1,1
2026-05-20T16:33:15.244845,0.88,298.64,0.2916,0.0,0.0,1,1
2026-05-20T16:33:18.424030,0.84,1586.57,1.5494,0.0,0.0,1,1
2026-05-20T16:33:18.503658,0.0,6189.71,6.0446,0.0,0.0,1,1
2026-05-20T17:01:51.347010,0.75,6093.05,5.9502,0.0,0.0,1,1
2026-05-20T17:01:54.450137,0.71,8388.61,8.192,0.0,0.0,1,1
2026-05-20T17:01:57.536142,0.86,3241.03,3.1651,0.0,0.0,1,1
2026-05-20T17:02:00.582945,0.82,4779.83,4.6678,0.0,0.0,1,1
2026-05-20T17:02:03.623006,0.81,5197.4,5.0756,0.0,0.0,1,1
2026-05-20T17:02:06.739629,0.78,5283.33,5.1595,0.0,0.0,1,1
2026-05-20T17:02:09.798092,0.74,4891.32,4.7767,0.0,0.0,1,1
2026-05-20T17:02:12.883120,0.86,5952.53,5.813,0.0,0.0,1,1
2026-05-20T17:02:16.057522,0.91,758.62,0.7408,0.0,0.0,1,1
2026-05-20T17:02:19.180246,0.89,726.44,0.7094,0.0,0.0,1,1
2026-05-20T17:02:22.358208,0.75,4526.43,4.4203,0.0,0.0,1,1
2026-05-20T17:02:25.541596,0.69,1209.78,1.1814,0.0,0.0,1,1
2026-05-20T17:02:28.694127,0.8,3408.96,3.3291,0.0,0.0,1,1
2026-05-20T17:02:31.855137,0.86,4346.43,4.2446,0.0,0.0,1,1
2026-05-20T17:02:34.980422,0.93,5471.13,5.3429,0.0,0.0,1,1
2026-05-20T17:02:38.085687,0.87,5473.81,5.3455,0.0,0.0,1,1
2026-05-20T17:02:41.241593,0.87,1051.99,1.0273,0.0,0.0,1,1
2026-05-20T17:02:44.399022,0.89,3905.31,3.8138,0.0,0.0,1,1
2026-05-20T17:02:47.555691,0.65,5188.56,5.067,0.0,0.0,1,1
2026-05-20T17:02:50.679936,0.87,3101.44,3.0287,0.0,0.0,1,1
2026-05-20T17:02:53.811722,0.77,5621.45,5.4897,0.0,0.0,1,1
2026-05-20T17:02:56.948177,0.91,2132.88,2.0829,0.0,0.0,1,1
2026-05-20T17:03:00.146665,0.79,3332.12,3.254,0.0,0.0,1,1
2026-05-20T17:03:03.315305,0.76,5808.28,5.6721,0.0,0.0,1,1
2026-05-20T17:03:06.478304,0.68,4240.42,4.141,0.0,0.0,1,1
2026-05-20T17:03:09.693245,0.8,649.84,0.6346,0.0,0.0,1,1
2026-05-20T17:03:12.869954,0.83,5824.41,5.6879,0.0,0.0,1,1
2026-05-20T17:03:15.988188,0.87,5633.72,5.5017,0.0,0.0,1,1
2026-05-20T17:03:19.150325,0.85,231.08,0.2257,0.0,0.0,1,1
2026-05-20T17:03:22.268874,0.82,5337.96,5.2129,0.0,0.0,1,1
2026-05-20T17:03:25.472486,0.79,384.86,0.3758,0.0,0.0,1,1
2026-05-20T17:03:28.595777,0.97,5983.32,5.8431,0.0,0.0,1,1
2026-05-20T17:03:31.756480,0.79,238.11,0.2325,0.0,0.0,1,1
2026-05-20T17:03:34.934473,0.85,1521.19,1.4855,0.0,0.0,1,1
2026-05-20T17:03:38.040422,0.94,732.61,0.7154,0.0,0.0,1,1
2026-05-20T17:03:41.204113,0.83,5293.33,5.1693,0.0,0.0,1,1
2026-05-20T17:03:44.326582,0.81,816.21,0.7971,0.0,0.0,1,1
2026-05-20T17:03:47.541350,0.71,837.5,0.8179,0.0,0.0,1,1
2026-05-20T17:03:50.785503,0.9,5081.69,4.9626,0.0,0.0,1,1
2026-05-20T17:03:53.996481,30.92,226.17,0.2209,0.0,0.0,1,1
2026-05-20T17:03:57.302479,36.53,187.27,0.1829,0.0,0.0,1,1
2026-05-20T17:04:00.556509,42.65,161.74,0.1579,0.0,0.0,1,1
2026-05-20T17:04:03.815693,43.09,209.98,0.2051,0.0,0.0,1,1
2026-05-20T17:04:07.008017,11.03,6637.87,6.4823,0.0,0.0,1,1
2026-05-20T17:04:10.227379,0.81,5762.4,5.6273,0.0,0.0,1,1
2026-05-20T17:04:13.427096,0.77,6002.58,5.8619,0.0,0.0,1,1
2026-05-20T17:04:16.627303,0.76,5919.98,5.7812,0.0,0.0,1,1
2026-05-20T17:04:19.867758,0.77,6257.82,6.1112,0.0,0.0,1,1
2026-05-20T17:04:23.059843,0.85,5703.63,5.5699,0.0,0.0,1,1
2026-05-20T17:04:26.323805,0.86,5847.76,5.7107,0.0,0.0,1,1
2026-05-20T17:04:29.556905,0.79,2941.31,2.8724,0.0,0.0,1,1
2026-05-20T17:04:32.755189,0.83,6189.71,6.0446,0.0,0.0,1,1
2026-05-20T17:04:35.999666,0.86,5415.5,5.2886,0.0,0.0,1,1
2026-05-20T17:04:39.211658,0.83,1452.07,1.418,0.0,0.0,1,1
2026-05-20T17:04:42.451162,0.77,6644.44,6.4887,0.0,0.0,1,1
2026-05-20T17:04:45.747452,0.82,5518.82,5.3895,0.0,0.0,1,1
2026-05-20T17:04:48.992576,0.88,6275.38,6.1283,0.0,0.0,1,1
2026-05-20T17:04:52.158876,0.87,4648.07,4.5391,0.0,0.0,1,1
2026-05-20T17:04:55.360352,0.86,6461.47,6.31,0.0,0.0,1,1
2026-05-20T17:04:58.617177,0.74,4451.37,4.347,0.0,0.0,1,1
2026-05-20T17:05:01.885494,0.9,4642.93,4.5341,0.0,0.0,1,1
2026-05-20T17:05:05.086766,0.9,5445.38,5.3178,0.0,0.0,1,1
2026-05-20T17:05:08.253277,0.85,5463.11,5.3351,0.0,0.0,1,1
2026-05-20T17:05:11.571510,0.72,5519.73,5.3904,0.0,0.0,1,1
2026-05-20T17:05:14.776016,0.82,2150.93,2.1005,0.0,0.0,1,1
2026-05-20T17:05:17.918488,0.87,5317.66,5.193,0.0,0.0,1,1
2026-05-20T17:05:21.171291,0.79,5805.27,5.6692,0.0,0.0,1,1
2026-05-20T17:05:24.371829,0.88,5824.41,5.6879,0.0,0.0,1,1
2026-05-20T17:05:27.606023,0.77,7794.29,7.6116,0.0,0.0,1,1
2026-05-20T17:05:30.842698,0.8,1517.06,1.4815,0.0,0.0,1,1
2026-05-20T17:05:34.056995,0.95,5622.39,5.4906,0.0,0.0,1,1
2026-05-20T17:05:37.240862,0.91,5709.45,5.5756,0.0,0.0,1,1
2026-05-20T17:05:40.414078,0.88,7323.1,7.1515,0.0,0.0,1,1
2026-05-20T17:05:43.666940,0.73,6585.76,6.4314,0.0,0.0,1,1
2026-05-20T17:05:46.876743,0.85,6097.48,5.9546,0.0,0.0,1,1
2026-05-20T17:05:50.074936,0.9,5491.72,5.363,0.0,0.0,1,1
2026-05-20T17:05:53.244624,0.89,5343.06,5.2178,0.0,0.0,1,1
2026-05-20T17:05:56.466897,0.69,6859.04,6.6983,0.0,0.0,1,1
2026-05-20T17:05:59.667532,0.77,5638.45,5.5063,0.0,0.0,1,1
2026-05-20T17:06:02.859149,0.92,5599.87,5.4686,0.0,0.0,1,1
2026-05-20T17:06:06.053575,0.88,5377.31,5.2513,0.0,0.0,1,1
2026-05-20T17:06:09.326994,0.82,5077.08,4.9581,0.0,0.0,1,1
2026-05-20T17:06:12.595880,0.95,8695.11,8.4913,0.0,0.0,1,1
2026-05-20T17:06:15.795691,0.88,5610.17,5.4787,0.0,0.0,1,1
2026-05-20T17:06:18.981624,0.84,6121.95,5.9785,0.0,0.0,1,1
2026-05-20T17:06:22.195227,0.88,6104.14,5.9611,0.0,0.0,1,1
2026-05-20T17:06:25.412913,0.8,3763.82,3.6756,0.0,0.0,1,1
2026-05-20T17:06:28.691083,0.73,6283.6,6.1363,0.0,0.0,1,1
2026-05-20T17:06:31.900498,0.98,5452.46,5.3247,0.0,0.0,1,1
2026-05-20T17:06:35.068780,0.9,5388.54,5.2622,0.0,0.0,1,1
2026-05-20T17:06:38.236123,0.94,5484.54,5.356,0.0,0.0,1,1
2026-05-20T17:06:41.427694,0.9,5360.99,5.2353,0.0,0.0,1,1
2026-05-20T17:06:44.668930,0.74,4478.7,4.3737,0.0,0.0,1,1
2026-05-20T17:06:47.824119,0.89,4841.91,4.7284,0.0,0.0,1,1
2026-05-20T17:06:51.003730,0.86,5246.98,5.124,0.0,0.0,1,1
2026-05-20T17:06:54.202286,0.89,6315.53,6.1675,0.0,0.0,1,1
2026-05-20T17:06:57.461866,0.73,2653.57,2.5914,0.0,0.0,1,1
2026-05-20T17:07:00.659651,0.7,6009.03,5.8682,0.0,0.0,1,1
2026-05-20T17:07:03.860570,0.87,3665.95,3.58,0.0,0.0,1,1
2026-05-20T17:07:07.065550,0.83,5449.8,5.3221,0.0,0.0,1,1
2026-05-20T17:07:10.302180,0.83,7035.95,6.871,0.0,0.0,1,1
2026-05-20T17:07:13.491583,0.72,5775.29,5.6399,0.0,0.0,1,1
2026-05-20T17:07:16.733594,0.82,5480.96,5.3525,0.0,0.0,1,1
2026-05-20T17:07:19.964482,0.85,5836.57,5.6998,0.0,0.0,1,1
2026-05-20T17:07:23.187715,0.78,5240.42,5.1176,0.0,0.0,1,1
2026-05-20T17:07:26.452262,0.86,3986.98,3.8935,0.0,0.0,1,1
2026-05-20T17:07:29.730154,0.81,1464.3,1.43,0.0,0.0,1,1
2026-05-20T17:07:32.925205,0.81,5710.42,5.5766,0.0,0.0,1,1
2026-05-20T17:07:36.180192,0.91,5741.69,5.6071,0.0,0.0,1,1
2026-05-20T17:07:39.379789,0.88,6342.99,6.1943,0.0,0.0,1,1
2026-05-20T17:07:42.643087,0.88,6275.38,6.1283,0.0,0.0,1,1
2026-05-20T17:07:45.821950,0.81,6128.66,5.985,0.0,0.0,1,1
2026-05-20T17:07:48.957162,0.9,5549.86,5.4198,0.0,0.0,1,1
2026-05-20T17:07:52.179328,0.89,5956.76,5.8171,0.0,0.0,1,1
2026-05-20T17:07:55.411496,0.82,6631.31,6.4759,0.0,0.0,1,1
2026-05-20T17:07:58.587971,0.85,6729.73,6.572,0.0,0.0,1,1
2026-05-20T17:08:01.767961,0.89,5539.78,5.4099,0.0,0.0,1,1
2026-05-20T17:08:04.957117,0.91,4043.68,3.9489,0.0,0.0,1,1
2026-05-20T17:08:05.127296,0.0,5349.88,5.2245,0.0,0.0,1,1
2026-05-20T17:14:24.554036,0.91,3281.93,3.205,0.0,0.0,1,1
2026-05-20T17:14:27.675639,0.73,7160.57,6.9927,0.0,0.0,1,1
2026-05-20T17:14:30.846908,0.92,3950.37,3.8578,0.0,0.0,1,1
2026-05-20T17:14:33.977299,0.84,451.63,0.441,0.0,0.0,1,1
2026-05-20T17:14:37.084573,0.89,5802.25,5.6663,0.0,0.0,1,1
2026-05-20T17:14:40.252801,0.82,581.78,0.5681,0.0,0.0,1,1
2026-05-20T17:14:43.389576,2.63,5497.12,5.3683,0.0,0.0,1,1
2026-05-20T17:14:46.551043,0.8,294.73,0.2878,0.0,0.0,1,1
2026-05-20T17:14:49.772267,0.85,346.97,0.3388,0.0,0.0,1,1
2026-05-20T17:14:53.023620,0.86,5801.25,5.6653,0.0,0.0,1,1
2026-05-20T17:14:56.539558,80.79,44.91,0.0439,0.0,0.0,1,0
2026-05-20T17:15:00.240388,79.62,202.87,0.1981,0.0,0.0,1,1
2026-05-20T17:15:03.765132,71.25,48.01,0.0469,0.0,0.0,1,0
2026-05-20T17:15:07.215147,181.3,186.85,0.1825,0.0,0.0,1,1
2026-05-20T17:15:10.441945,39.71,203.06,0.1983,0.0,0.0,1,1
2026-05-20T17:15:14.033616,111.13,39.98,0.039,0.0,0.0,1,0
2026-05-20T17:15:17.276445,108.28,195.32,0.1907,0.0,0.0,1,1
2026-05-20T17:15:20.545594,42.5,182.27,0.178,0.0,0.0,1,1
2026-05-20T17:15:23.892789,40.3,134.03,0.1309,0.0,0.0,1,1
2026-05-20T17:15:27.141418,10.58,2452.09,2.3946,0.0,0.0,1,1
2026-05-20T17:15:30.355618,0.77,5608.3,5.4769,0.0,0.0,1,1
2026-05-20T17:15:33.568339,0.84,2937.19,2.8683,0.0,0.0,1,1
2026-05-20T17:15:37.199730,46.18,42.81,0.0418,0.0,0.0,1,0
2026-05-20T17:15:42.556742,78.76,184.18,0.1799,0.0,0.0,1,1
2026-05-20T17:15:46.193848,79.93,40.02,0.0391,0.0,0.0,1,0
2026-05-20T17:15:49.687630,184.66,54.6,0.0533,0.0,0.0,1,0
2026-05-20T17:15:52.962071,37.96,216.29,0.2112,0.0,0.0,1,1
2026-05-20T17:15:56.246696,0.78,1786.05,1.7442,0.0,0.0,1,1
2026-05-20T17:15:59.778939,54.58,44.25,0.0432,0.0,0.0,1,0
2026-05-20T17:16:03.065683,163.5,139.45,0.1362,0.0,0.0,1,1
2026-05-20T17:16:06.303803,44.82,192.5,0.188,0.0,0.0,1,1
2026-05-20T17:16:09.841434,82.38,50.38,0.0492,0.0,0.0,1,0
2026-05-20T17:16:14.291505,71.08,183.92,0.1796,0.0,0.0,1,1
2026-05-20T17:16:17.829684,72.29,45.16,0.0441,0.0,0.0,1,0
2026-05-20T17:16:21.124333,146.1,182.22,0.1779,0.0,0.0,1,1
2026-05-20T17:16:24.407138,41.8,191.91,0.1874,0.0,0.0,1,1
2026-05-20T17:16:27.685864,42.23,220.86,0.2157,0.0,0.0,1,1
2026-05-20T17:16:30.931873,19.82,5710.42,5.5766,0.0,0.0,1,1
2026-05-20T17:16:34.163570,0.8,5447.15,5.3195,0.0,0.0,1,1
2026-05-20T17:16:37.432397,0.76,6633.93,6.4784,0.0,0.0,1,1
2026-05-20T17:16:40.670943,0.85,5456.01,5.3281,0.0,0.0,1,1
2026-05-20T17:16:44.230841,133.79,46.42,0.0453,0.0,0.0,1,0
2026-05-20T17:16:47.530361,119.25,199.79,0.1951,0.0,0.0,1,1
2026-05-20T17:16:50.731576,34.07,439.96,0.4296,0.0,0.0,1,1
2026-05-20T17:16:54.336530,135.83,45.48,0.0444,0.0,0.0,1,0
2026-05-20T17:16:57.526839,75.9,194.68,0.1901,0.0,0.0,1,1
2026-05-20T17:17:01.062046,72.0,45.64,0.0446,0.0,0.0,1,0
2026-05-20T17:17:04.474461,183.58,191.86,0.1874,0.0,0.0,1,1
2026-05-20T17:17:07.798727,41.21,181.87,0.1776,0.0,0.0,1,1
2026-05-20T17:17:11.134117,42.81,152.85,0.1493,0.0,0.0,1,1
2026-05-20T17:17:14.396439,20.15,921.34,0.8998,0.0,0.0,1,1
2026-05-20T17:17:17.651412,0.82,6552.32,6.3988,0.0,0.0,1,1
2026-05-20T17:17:20.875722,0.84,1207.78,1.1795,0.0,0.0,1,1
2026-05-20T17:17:24.084526,0.86,4737.32,4.6263,0.0,0.0,1,1
2026-05-20T17:17:27.675089,146.42,38.67,0.0378,0.0,0.0,1,0
2026-05-20T17:17:30.930427,98.51,200.73,0.196,0.0,0.0,1,1
2026-05-20T17:17:34.522419,68.11,49.99,0.0488,0.0,0.0,1,0
2026-05-20T17:17:40.342958,77.37,210.92,0.206,0.0,0.0,1,1
2026-05-20T17:17:43.901842,72.43,44.81,0.0438,0.0,0.0,1,0
2026-05-20T17:17:49.520690,85.91,157.56,0.1539,0.0,0.0,1,1
2026-05-20T17:17:52.766975,37.6,240.68,0.235,0.0,0.0,1,1
2026-05-20T17:17:56.016899,35.8,6160.17,6.0158,0.0,0.0,1,1
2026-05-20T17:17:59.229174,0.84,4155.86,4.0585,0.0,0.0,1,1
2026-05-20T17:18:02.498148,0.75,5873.35,5.7357,0.0,0.0,1,1
2026-05-20T17:18:05.853556,0.84,5976.92,5.8368,0.0,0.0,1,1
2026-05-20T17:18:09.493113,101.22,39.44,0.0385,0.0,0.0,1,0
2026-05-20T17:18:12.876174,111.0,222.56,0.2173,0.0,0.0,1,1
2026-05-20T17:18:16.171697,36.64,321.96,0.3144,0.0,0.0,1,1
2026-05-20T17:18:22.755699,66.36,185.98,0.1816,0.0,0.0,1,1
2026-05-20T17:18:26.030329,38.88,204.05,0.1993,0.0,0.0,1,1
2026-05-20T17:18:29.626634,132.12,46.39,0.0453,0.0,0.0,1,0
2026-05-20T17:18:32.899745,80.77,205.3,0.2005,0.0,0.0,1,1
2026-05-20T17:18:36.112237,37.23,310.03,0.3028,0.0,0.0,1,1
2026-05-20T17:18:39.391909,18.66,931.03,0.9092,0.0,0.0,1,1
2026-05-20T17:18:42.773449,0.8,4069.18,3.9738,0.0,0.0,1,1
2026-05-20T17:18:46.005657,0.85,2132.74,2.0828,0.0,0.0,1,1
2026-05-20T17:18:49.346794,0.79,6179.45,6.0346,0.0,0.0,1,1
2026-05-20T17:18:52.932182,107.17,50.12,0.0489,0.0,0.0,1,0
2026-05-20T17:18:56.314122,108.14,154.6,0.151,0.0,0.0,1,1
2026-05-20T17:18:59.874109,71.98,46.94,0.0458,0.0,0.0,1,0
2026-05-20T17:19:03.275070,139.44,167.38,0.1635,0.0,0.0,1,1
2026-05-20T17:19:06.594394,40.7,199.45,0.1948,0.0,0.0,1,1
2026-05-21T04:53:47.480803,49.38,130.91,0.1278,0.0,0.0,1,1
2026-05-21T04:53:50.615901,36.56,150.17,0.1467,0.0,0.0,1,1
2026-05-21T04:53:53.801242,39.25,202.58,0.1978,0.0,0.0,1,1
2026-05-21T04:53:56.947195,36.19,147.54,0.1441,0.0,0.0,1,1
2026-05-21T04:53:57.121050,33.41,249.01,0.2432,0.0,0.0,1,1
2026-05-21T04:54:51.338746,42.75,241.72,0.2361,0.0,0.0,1,1
2026-05-21T04:54:54.481112,37.88,206.8,0.202,0.0,0.0,1,1
2026-05-21T04:54:57.726913,43.86,94.8,0.0926,0.0,0.0,1,0
2026-05-21T04:55:00.921051,35.13,159.99,0.1562,0.0,0.0,1,1
2026-05-21T04:55:04.105587,35.97,196.47,0.1919,0.0,0.0,1,1
2026-05-21T04:55:05.340602,33.26,219.85,0.2147,0.0,0.0,1,1
2026-05-21T04:55:57.641462,42.86,141.46,0.1381,0.0,0.0,1,1
2026-05-21T04:56:00.790347,46.11,286.47,0.2798,0.0,0.0,1,1
2026-05-21T04:56:03.963922,38.23,250.56,0.2447,0.0,0.0,1,1
2026-05-21T04:56:07.130379,36.62,228.98,0.2236,0.0,0.0,1,1
2026-05-21T04:56:10.280734,34.4,253.06,0.2471,0.0,0.0,1,1
2026-05-21T04:56:13.452904,38.18,225.83,0.2205,0.0,0.0,1,1
2026-05-21T04:56:16.669693,35.79,212.8,0.2078,0.0,0.0,1,1
2026-05-21T04:56:19.832151,30.17,254.0,0.248,0.0,0.0,1,1
2026-05-21T04:56:22.990851,29.94,205.68,0.2009,0.0,0.0,1,1
2026-05-21T04:56:26.176302,35.53,191.09,0.1866,0.0,0.0,1,1
2026-05-21T04:56:29.329650,33.04,282.6,0.276,0.0,0.0,1,1
2026-05-21T04:56:32.485022,34.13,277.57,0.2711,0.0,0.0,1,1
2026-05-21T04:56:35.654594,44.1,200.74,0.196,0.0,0.0,1,1
2026-05-21T04:56:38.868993,37.19,189.98,0.1855,0.0,0.0,1,1
2026-05-21T04:56:42.030287,33.82,272.39,0.266,0.0,0.0,1,1
2026-05-21T04:56:45.184887,36.49,342.19,0.3342,0.0,0.0,1,1
2026-05-21T04:56:49.345108,131.39,224.75,0.2195,0.0,25.0,0,1
2026-05-21T04:56:52.476303,34.59,330.99,0.3232,0.0,0.0,1,1
2026-05-21T04:56:55.670321,32.41,210.27,0.2053,0.0,0.0,1,1
2026-05-21T04:56:58.850410,32.46,164.16,0.1603,0.0,0.0,1,1
2026-05-21T04:57:02.030183,39.17,242.74,0.2371,0.0,0.0,1,1
2026-05-21T04:57:05.233511,35.97,249.54,0.2437,0.0,0.0,1,1
2026-05-21T04:57:08.392106,36.23,168.11,0.1642,0.0,0.0,1,1
2026-05-21T04:57:11.561086,34.6,280.02,0.2735,0.0,0.0,1,1
2026-05-21T04:57:14.754984,35.43,186.96,0.1826,0.0,0.0,1,1
2026-05-21T04:57:17.930533,36.34,205.74,0.2009,0.0,0.0,1,1
2026-05-21T04:57:19.926821,38.39,283.39,0.2767,0.0,0.0,1,1
2026-05-21T11:28:46.985587,0.53,656.72,0.6413,0.0,0.0,1,1
2026-05-21T11:28:50.046007,0.63,9063.87,8.8514,0.0,0.0,1,1
2026-05-21T11:28:53.151861,0.53,5953.59,5.8141,0.0,0.0,1,1
2026-05-21T11:28:56.253811,0.56,9540.64,9.317,0.0,0.0,1,1
2026-05-21T11:28:59.327626,0.57,5533.38,5.4037,0.0,0.0,1,1
2026-05-21T11:29:02.430972,0.58,6290.67,6.1432,0.0,0.0,1,1
2026-05-21T11:29:05.534065,0.57,8466.93,8.2685,0.0,0.0,1,1
2026-05-21T11:29:08.610663,2.74,6968.73,6.8054,0.0,0.0,1,1
2026-05-21T11:29:11.742363,0.55,8902.74,8.6941,0.0,0.0,1,1
2026-05-21T11:29:14.910693,0.53,8210.04,8.0176,0.0,0.0,1,1
2026-05-21T11:29:18.078629,0.53,7713.66,7.5329,0.0,0.0,1,1
2026-05-21T11:29:21.214411,0.53,8428.64,8.2311,0.0,0.0,1,1
2026-05-21T11:29:24.382432,0.54,9425.4,9.2045,0.0,0.0,1,1
2026-05-21T11:29:27.543172,0.53,805.51,0.7866,0.0,0.0,1,1
2026-05-21T11:29:30.686409,0.53,8848.74,8.6414,0.0,0.0,1,1
2026-05-21T11:29:33.856026,0.55,7223.77,7.0545,0.0,0.0,1,1
2026-05-21T11:29:37.010344,0.8,1318.29,1.2874,0.0,0.0,1,1
2026-05-21T11:29:40.254590,0.54,8919.31,8.7103,0.0,0.0,1,1
2026-05-21T11:29:43.390690,0.54,8274.83,8.0809,0.0,0.0,1,1
2026-05-21T11:29:46.526613,0.56,7008.03,6.8438,0.0,0.0,1,1
2026-05-21T11:29:49.662594,0.57,8546.72,8.3464,0.0,0.0,1,1
2026-05-21T11:29:52.830593,0.54,9351.85,9.1327,0.0,0.0,1,1
2026-05-21T11:29:56.009100,0.49,1739.74,1.699,0.0,0.0,1,1
2026-05-21T11:29:59.168325,0.53,6968.73,6.8054,0.0,0.0,1,1
2026-05-21T11:30:02.302292,7.13,8719.97,8.5156,0.0,0.0,1,1
2026-05-21T11:30:05.472184,0.53,7498.2,7.3225,0.0,0.0,1,1
2026-05-21T11:30:08.663095,0.54,320.9,0.3134,0.0,0.0,1,1
2026-05-21T11:30:11.870720,0.56,8033.14,7.8449,0.0,0.0,1,1
2026-05-21T11:30:15.006635,0.54,8781.58,8.5758,0.0,0.0,1,1
2026-05-21T11:30:18.174444,0.53,8774.69,8.569,0.0,0.0,1,1
2026-05-21T11:30:21.325063,0.54,7810.62,7.6276,0.0,0.0,1,1
2026-05-21T11:30:24.583841,0.51,5277.51,5.1538,0.0,0.0,1,1
2026-05-21T11:30:27.838468,0.49,9090.88,8.8778,0.0,0.0,1,1
2026-05-21T11:30:31.007385,0.54,6486.46,6.3344,0.0,0.0,1,1
2026-05-21T11:30:34.174237,0.52,9058.97,8.8467,0.0,0.0,1,1
2026-05-21T11:30:37.379018,0.53,7270.73,7.1003,0.0,0.0,1,1
2026-05-21T11:30:40.576484,11.81,4454.92,4.3505,0.0,0.0,1,1
2026-05-21T11:30:43.839284,0.55,7056.66,6.8913,0.0,0.0,1,1
2026-05-21T11:30:46.974383,0.65,8652.51,8.4497,0.0,0.0,1,1
2026-05-21T11:30:50.200507,11.19,195.3,0.1907,0.0,0.0,1,1
2026-05-21T11:30:53.363051,35.02,224.25,0.219,0.0,0.0,1,1
2026-05-21T11:30:56.509283,22.23,562.89,0.5497,0.0,0.0,1,1
2026-05-21T11:30:59.646579,20.96,7758.25,7.5764,0.0,0.0,1,1
2026-05-21T11:31:02.792848,4.53,6245.01,6.0986,0.0,0.0,1,1
2026-05-21T11:31:05.951571,0.75,7947.52,7.7613,0.0,0.0,1,1
2026-05-21T11:31:09.134394,1.14,1281.14,1.2511,0.0,0.0,1,1
2026-05-21T11:31:12.319891,0.52,7018.29,6.8538,0.0,0.0,1,1
2026-05-21T11:31:15.492074,0.51,1413.77,1.3806,0.0,0.0,1,1
2026-05-21T11:31:18.680443,0.78,723.09,0.7061,0.0,0.0,1,1
2026-05-21T11:31:21.867537,1.51,2165.36,2.1146,0.0,0.0,1,1
2026-05-21T11:31:25.022426,1.05,8581.7,8.3806,0.0,0.0,1,1
2026-05-21T11:31:28.190372,0.52,9243.65,9.027,0.0,0.0,1,1
2026-05-21T11:31:31.397403,0.52,1063.77,1.0388,0.0,0.0,1,1
2026-05-21T11:31:34.560934,0.54,4825.2,4.7121,0.0,0.0,1,1
2026-05-21T11:31:37.713791,0.56,8636.92,8.4345,0.0,0.0,1,1
2026-05-21T11:31:40.973282,7.66,10944.04,10.6875,0.0,0.0,1,1
2026-05-21T11:31:44.190850,0.7,8514.19,8.3146,0.0,0.0,1,1
2026-05-21T11:31:47.454428,0.5,8645.82,8.4432,0.0,0.0,1,1
2026-05-21T11:31:51.023607,38.25,50.29,0.0491,0.0,0.0,1,0
2026-05-21T11:31:54.632074,131.97,38.63,0.0377,0.0,0.0,1,0
2026-05-21T11:45:29.458346,0.54,5464.0,5.3359,0.0,0.0,1,1
2026-05-21T11:45:32.615421,0.53,3230.74,3.155,0.0,0.0,1,1
2026-05-21T11:45:36.336806,0.49,493.46,0.4819,0.0,0.0,1,1
2026-05-21T11:45:39.728867,0.54,914.56,0.8931,0.0,0.0,1,1
2026-05-21T11:45:42.942444,0.49,8592.68,8.3913,0.0,0.0,1,1
2026-05-21T11:45:46.162615,0.5,9167.88,8.953,0.0,0.0,1,1
2026-05-21T11:45:49.484797,0.98,659.95,0.6445,0.0,0.0,1,1
2026-05-21T11:45:52.717301,0.52,9071.22,8.8586,0.0,0.0,1,1
2026-05-21T11:51:21.501253,0.52,8264.64,8.0709,0.0,0.0,1,1
2026-05-21T11:51:24.697803,0.56,8272.79,8.0789,0.0,0.0,1,1
2026-05-21T11:51:28.054769,0.55,111.99,0.1094,0.0,0.0,1,1
2026-05-21T11:51:31.277544,14.88,3039.35,2.9681,0.0,0.0,1,1
2026-05-21T11:51:34.552807,16.87,249.76,0.2439,0.0,0.0,1,1
2026-05-21T11:51:37.832225,15.9,8033.14,7.8449,0.0,0.0,1,1
2026-05-21T11:51:41.029839,20.23,403.37,0.3939,0.0,0.0,1,1
2026-05-21T11:51:44.316887,26.57,406.2,0.3967,0.0,0.0,1,1
2026-05-21T11:51:47.678956,27.15,235.87,0.2303,0.0,0.0,1,1
2026-05-21T11:51:48.827235,0.54,6169.23,6.0246,0.0,0.0,1,1
2026-05-21T13:12:11.915928,0.55,2740.48,2.6762,0.0,0.0,1,1
2026-05-21T13:12:15.133105,0.54,4197.98,4.0996,0.0,0.0,1,1
2026-05-21T13:12:18.303947,0.57,8202.01,8.0098,0.0,0.0,1,1
2026-05-21T13:12:21.517969,4.06,495.88,0.4843,0.0,0.0,1,1
2026-05-21T13:12:24.674196,0.53,5289.99,5.166,0.0,0.0,1,1
2026-05-21T13:12:27.838272,0.58,9851.57,9.6207,0.0,0.0,1,1
2026-05-21T13:12:31.070932,0.53,8099.07,7.9092,0.0,0.0,1,1
2026-05-21T13:12:34.223675,0.54,988.29,0.9651,0.0,0.0,1,1
2026-05-21T13:12:37.456484,10.3,333.56,0.3257,0.0,0.0,1,1
2026-05-21T13:12:40.679969,16.87,7648.61,7.4693,0.0,0.0,1,1
2026-05-21T13:12:43.923257,15.59,358.53,0.3501,0.0,0.0,1,1
2026-05-21T13:12:47.181014,15.63,340.78,0.3328,0.0,0.0,1,1
2026-05-21T13:12:50.445338,11.85,1259.74,1.2302,0.0,0.0,1,1
2026-05-21T13:12:53.671683,12.04,8909.83,8.701,0.0,0.0,1,1
2026-05-21T13:12:55.222056,24.18,253.22,0.2473,0.0,0.0,1,1
2026-05-21T13:16:39.803663,0.54,3210.95,3.1357,0.0,0.0,1,1
2026-05-21T13:16:42.974152,7.21,8496.94,8.2978,0.0,0.0,1,1
2026-05-21T13:16:46.351325,6.26,348.48,0.3403,0.0,0.0,1,1
2026-05-21T13:16:49.630967,5.99,8399.11,8.2023,0.0,0.0,1,1
2026-05-21T13:16:52.819736,11.8,9274.3,9.0569,0.0,0.0,1,1
2026-05-21T13:16:56.043964,12.5,8947.85,8.7381,0.0,0.0,1,1
2026-05-21T13:16:59.254751,17.38,417.9,0.4081,0.0,0.0,1,1
2026-05-21T13:17:02.455908,15.98,3248.57,3.1724,0.0,0.0,1,1
2026-05-21T13:17:05.650997,23.76,161.36,0.1576,0.0,0.0,1,1
2026-05-21T13:17:08.798854,0.64,7987.25,7.8,0.0,0.0,1,1
2026-05-21T13:17:11.982315,0.65,689.19,0.673,0.0,0.0,1,1
2026-05-21T13:17:15.178528,0.6,5901.24,5.7629,0.0,0.0,1,1
2026-05-21T13:17:18.396859,0.67,3595.63,3.5114,0.0,0.0,1,1
2026-05-21T13:17:21.566693,0.69,7294.44,7.1235,0.0,0.0,1,1
2026-05-21T13:17:21.898912,0.55,6554.88,6.4013,0.0,0.0,1,1
2026-05-21T13:20:48.974938,0.53,1404.24,1.3713,0.0,0.0,1,1
2026-05-21T13:20:52.071798,5.45,8154.18,7.9631,0.0,0.0,1,1
2026-05-21T13:20:55.383110,0.51,497.87,0.4862,0.0,0.0,1,1
2026-05-21T13:20:58.526344,5.66,9603.44,9.3784,0.0,0.0,1,1
2026-05-21T13:21:01.741424,19.95,391.96,0.3828,0.0,0.0,1,1
2026-05-21T13:21:05.002796,16.1,332.77,0.325,0.0,0.0,1,1
2026-05-21T13:21:08.223102,16.87,456.06,0.4454,0.0,0.0,1,1
2026-05-21T13:21:11.398893,18.85,358.42,0.35,0.0,0.0,1,1
2026-05-21T13:21:14.534982,8.22,10052.26,9.8167,0.0,0.0,1,1
2026-05-21T13:21:17.835894,17.04,531.9,0.5194,0.0,0.0,1,1
2026-05-21T13:21:21.169599,20.54,360.2,0.3518,0.0,0.0,1,1
2026-05-21T13:21:24.274244,14.67,9020.01,8.8086,0.0,0.0,1,1
2026-05-21T13:21:27.522603,11.99,153.23,0.1496,0.0,0.0,1,1
2026-05-21T13:21:30.705082,9.68,364.75,0.3562,0.0,0.0,1,1
2026-05-21T13:21:33.946581,17.77,346.09,0.338,0.0,0.0,1,1
2026-05-21T13:21:37.036823,17.23,9391.11,9.171,0.0,0.0,1,1
2026-05-21T13:21:40.200342,10.57,8909.83,8.701,0.0,0.0,1,1
2026-05-21T13:21:43.444821,22.3,345.46,0.3374,0.0,0.0,1,1
2026-05-21T13:21:46.693716,21.31,328.01,0.3203,0.0,0.0,1,1
2026-05-21T13:21:49.849715,14.46,338.14,0.3302,0.0,0.0,1,1
2026-05-21T13:21:53.023721,0.55,7449.92,7.2753,0.0,0.0,1,1
2026-05-21T13:21:56.190514,0.54,8579.5,8.3784,0.0,0.0,1,1
2026-05-21T13:21:59.390410,0.54,9054.08,8.8419,0.0,0.0,1,1
2026-05-21T13:22:02.552369,0.54,4346.99,4.2451,0.0,0.0,1,1
2026-05-21T13:22:05.729895,0.54,1287.29,1.2571,0.0,0.0,1,1
2026-05-21T13:22:08.895651,0.55,4350.37,4.2484,0.0,0.0,1,1
2026-05-21T13:22:12.066317,0.54,1272.74,1.2429,0.0,0.0,1,1
2026-05-21T13:22:15.199146,0.55,7189.72,7.0212,0.0,0.0,1,1
2026-05-21T13:22:18.339124,0.6,1521.54,1.4859,0.0,0.0,1,1
2026-05-21T13:22:21.358615,3.17,8140.33,7.9495,0.0,0.0,1,1
2026-05-21T15:03:42.209594,0.55,7182.03,7.0137,0.0,0.0,1,1
2026-05-21T15:03:45.342840,0.59,7680.12,7.5001,0.0,0.0,1,1
2026-05-21T15:03:48.586599,0.58,7180.49,7.0122,0.0,0.0,1,1
2026-05-21T15:03:51.752147,0.56,6051.3,5.9095,0.0,0.0,1,1
2026-05-21T15:03:54.926124,0.54,7256.58,7.0865,0.0,0.0,1,1
2026-05-21T15:03:58.144861,0.54,7371.36,7.1986,0.0,0.0,1,1
2026-05-21T15:04:01.332917,0.58,6589.64,6.4352,0.0,0.0,1,1
2026-05-21T15:04:04.510835,0.54,6533.18,6.3801,0.0,0.0,1,1
2026-05-21T15:04:07.679112,0.55,7666.08,7.4864,0.0,0.0,1,1
2026-05-21T15:04:10.847623,0.55,5368.71,5.2429,0.0,0.0,1,1
2026-05-21T15:04:14.061599,0.58,489.05,0.4776,0.0,0.0,1,1
2026-05-21T15:04:17.187452,0.58,5469.35,5.3412,0.0,0.0,1,1
2026-05-21T15:04:20.387929,0.59,621.89,0.6073,0.0,0.0,1,1
2026-05-21T15:04:23.600505,0.58,180.76,0.1765,0.0,0.0,1,1
2026-05-21T15:04:26.754280,0.58,7402.26,7.2288,0.0,0.0,1,1
2026-05-21T15:04:27.154535,0.61,7858.18,7.674,0.0,0.0,1,1
2026-05-21T16:38:36.949537,0.93,3390.02,3.3106,0.0,0.0,1,1
2026-05-21T16:38:40.002238,0.9,3714.24,3.6272,0.0,0.0,1,1
2026-05-21T16:38:43.029344,0.83,3094.29,3.0218,0.0,0.0,1,1
2026-05-21T16:38:46.057912,0.84,4449.01,4.3447,0.0,0.0,1,1
2026-05-21T16:38:49.105796,16.2,5720.16,5.5861,0.0,0.0,1,1
2026-05-21T16:38:52.137844,1.08,4839.12,4.7257,0.0,0.0,1,1
2026-05-21T16:38:55.187237,0.83,3942.94,3.8505,0.0,0.0,1,1
2026-05-21T16:38:58.226179,0.76,4951.95,4.8359,0.0,0.0,1,1
2026-05-21T16:39:01.287713,0.79,6170.36,6.0257,0.0,0.0,1,1
2026-05-21T16:39:04.329719,0.82,4378.19,4.2756,0.0,0.0,1,1
2026-05-21T16:39:07.394366,0.79,3492.71,3.4108,0.0,0.0,1,1
2026-05-21T16:39:10.420357,0.9,3967.18,3.8742,0.0,0.0,1,1
2026-05-21T16:39:13.460243,0.84,3051.24,2.9797,0.0,0.0,1,1
2026-05-21T16:39:16.502812,1.06,3957.82,3.8651,0.0,0.0,1,1
2026-05-21T16:39:19.538520,1.06,6345.39,6.1967,0.0,0.0,1,1
2026-05-21T16:39:22.556294,1.15,3092.86,3.0204,0.0,0.0,1,1
2026-05-21T16:39:25.683805,9.18,218.27,0.2132,0.0,0.0,1,1
2026-05-21T16:39:28.710977,20.07,3240.72,3.1648,0.0,0.0,1,1
2026-05-21T16:39:31.764670,0.8,3472.11,3.3907,0.0,0.0,1,1
2026-05-21T16:39:34.804614,0.83,3709.72,3.6228,0.0,0.0,1,1
2026-05-21T16:39:37.858136,0.75,3743.24,3.6555,0.0,0.0,1,1
2026-05-21T16:39:40.884844,0.79,3146.81,3.0731,0.0,0.0,1,1
2026-05-21T16:39:43.924589,0.77,3375.02,3.2959,0.0,0.0,1,1
2026-05-21T16:39:46.964223,0.87,3493.43,3.4116,0.0,0.0,1,1
2026-05-21T16:39:50.000881,0.78,6677.5,6.521,0.0,0.0,1,1
2026-05-21T16:39:53.044723,0.86,3264.68,3.1882,0.0,0.0,1,1
2026-05-21T16:39:56.103317,0.7,7543.71,7.3669,0.0,0.0,1,1
2026-05-21T16:39:59.147663,0.82,3268.5,3.1919,0.0,0.0,1,1
2026-05-21T16:40:02.203014,1.25,2943.63,2.8746,0.0,0.0,1,1
2026-05-21T16:40:05.240695,0.91,4183.84,4.0858,0.0,0.0,1,1
2026-05-21T16:40:08.303595,3.16,2758.28,2.6936,0.0,0.0,1,1
2026-05-21T16:40:11.358204,0.88,6752.75,6.5945,0.0,0.0,1,1
2026-05-21T16:40:14.403125,28.75,3123.96,3.0507,0.0,0.0,1,1
2026-05-21T16:40:17.556035,39.32,119.87,0.1171,0.0,0.0,1,1
2026-05-21T16:40:20.663936,44.74,190.84,0.1864,0.0,0.0,1,1
2026-05-21T16:40:23.751846,36.61,269.32,0.263,0.0,0.0,1,1
2026-05-21T16:40:26.862375,38.13,194.41,0.1899,0.0,0.0,1,1
2026-05-21T16:40:29.981411,35.35,164.41,0.1606,0.0,0.0,1,1
2026-05-21T16:40:33.104867,31.88,202.52,0.1978,0.0,0.0,1,1
2026-05-21T16:40:36.210349,42.49,192.83,0.1883,0.0,0.0,1,1
2026-05-21T16:40:39.301361,39.92,215.26,0.2102,0.0,0.0,1,1
2026-05-21T16:40:42.412295,43.47,177.99,0.1738,0.0,0.0,1,1
2026-05-21T16:40:45.535760,42.02,156.86,0.1532,0.0,0.0,1,1
2026-05-21T16:40:48.612673,40.14,295.22,0.2883,0.0,0.0,1,1
2026-05-21T16:40:51.696105,38.97,226.72,0.2214,0.0,0.0,1,1
2026-05-21T16:40:54.769075,37.94,450.04,0.4395,0.0,0.0,1,1
2026-05-21T16:40:57.912870,34.13,151.65,0.1481,0.0,0.0,1,1
2026-05-21T16:41:01.020450,41.73,189.56,0.1851,0.0,0.0,1,1
2026-05-21T16:41:04.124986,44.49,194.8,0.1902,0.0,0.0,1,1
2026-05-21T16:41:07.230728,42.48,176.8,0.1727,0.0,0.0,1,1
2026-05-21T16:41:10.346675,45.46,162.58,0.1588,0.0,0.0,1,1
2026-05-21T16:41:13.482833,40.01,139.93,0.1366,0.0,0.0,1,1
2026-05-21T16:41:16.582530,36.81,236.09,0.2306,0.0,0.0,1,1
2026-05-21T16:41:19.689047,40.63,188.67,0.1842,0.0,0.0,1,1
2026-05-21T16:41:22.800893,44.6,172.67,0.1686,0.0,0.0,1,1
2026-05-21T16:41:25.939835,45.18,140.64,0.1373,0.0,0.0,1,1
2026-05-21T16:41:29.040133,46.81,190.56,0.1861,0.0,0.0,1,1
2026-05-21T16:41:32.156882,34.04,190.78,0.1863,0.0,0.0,1,1
2026-05-21T16:41:35.255443,40.76,191.09,0.1866,0.0,0.0,1,1
2026-05-21T16:41:38.392520,43.65,144.97,0.1416,0.0,0.0,1,1
2026-05-21T16:41:41.501001,44.72,181.81,0.1776,0.0,0.0,1,1
2026-05-21T16:41:44.598785,41.55,214.38,0.2094,0.0,0.0,1,1
2026-05-21T16:41:47.700495,42.52,248.21,0.2424,0.0,0.0,1,1
2026-05-21T16:41:50.843590,36.68,148.79,0.1453,0.0,0.0,1,1
2026-05-21T16:41:53.951620,44.83,177.89,0.1737,0.0,0.0,1,1
2026-05-21T16:41:57.066007,43.65,167.5,0.1636,0.0,0.0,1,1
2026-05-21T16:42:00.170863,39.91,191.03,0.1866,0.0,0.0,1,1
2026-05-21T16:42:03.267109,40.44,211.49,0.2065,0.0,0.0,1,1
2026-05-21T16:42:06.388214,42.04,159.49,0.1557,0.0,0.0,1,1
2026-05-21T16:42:09.492568,40.96,190.76,0.1863,0.0,0.0,1,1
2026-05-21T16:42:12.602367,39.98,205.02,0.2002,0.0,0.0,1,1
2026-05-21T16:42:15.710017,41.76,189.7,0.1853,0.0,0.0,1,1
2026-05-21T16:42:18.809940,38.28,208.93,0.204,0.0,0.0,1,1
2026-05-21T16:42:21.910060,38.01,205.75,0.2009,0.0,0.0,1,1
2026-05-21T16:42:25.012281,42.31,202.73,0.198,0.0,0.0,1,1
2026-05-21T16:42:28.034986,31.86,6027.38,5.8861,0.0,0.0,1,1
2026-05-21T16:42:31.159735,33.14,149.6,0.1461,0.0,0.0,1,1
2026-05-21T16:42:34.301288,36.35,193.23,0.1887,0.0,0.0,1,1
2026-05-21T16:42:37.406026,41.42,195.8,0.1912,0.0,0.0,1,1
2026-05-21T16:42:40.516460,40.92,196.87,0.1923,0.0,0.0,1,1
2026-05-21T16:42:43.634594,43.36,180.06,0.1758,0.0,0.0,1,1
2026-05-21T16:42:46.764800,43.46,150.57,0.147,0.0,0.0,1,1
2026-05-21T16:42:49.853364,41.84,266.1,0.2599,0.0,0.0,1,1
2026-05-21T16:42:53.001735,29.98,175.79,0.1717,0.0,0.0,1,1
2026-05-21T16:42:56.096775,41.69,198.61,0.194,0.0,0.0,1,1
2026-05-21T16:42:59.216958,40.88,160.03,0.1563,0.0,0.0,1,1
2026-05-21T16:43:02.333719,46.93,167.46,0.1635,0.0,0.0,1,1
2026-05-21T16:43:05.448976,42.07,173.37,0.1693,0.0,0.0,1,1
2026-05-21T16:43:08.553867,43.94,185.03,0.1807,0.0,0.0,1,1
2026-05-21T16:43:11.668310,40.88,173.95,0.1699,0.0,0.0,1,1
2026-05-21T16:43:14.784128,38.74,186.83,0.1824,0.0,0.0,1,1
2026-05-21T16:43:17.873793,40.8,208.39,0.2035,0.0,0.0,1,1
2026-05-21T16:43:21.011327,49.14,176.8,0.1727,0.0,0.0,1,1
2026-05-21T16:43:24.136214,43.38,162.66,0.1588,0.0,0.0,1,1
2026-05-21T16:43:27.239762,42.03,185.0,0.1807,0.0,0.0,1,1
2026-05-21T16:43:30.325683,42.69,220.88,0.2157,0.0,0.0,1,1
2026-05-21T16:43:33.435848,42.84,186.74,0.1824,0.0,0.0,1,1
2026-05-21T16:43:36.552832,44.23,165.32,0.1614,0.0,0.0,1,1
2026-05-21T16:43:39.661908,42.05,193.66,0.1891,0.0,0.0,1,1
2026-05-21T16:43:42.737843,34.25,279.56,0.273,0.0,0.0,1,1
2026-05-21T16:43:45.844175,37.73,205.56,0.2007,0.0,0.0,1,1
2026-05-21T16:43:48.960368,41.34,169.68,0.1657,0.0,0.0,1,1
2026-05-21T16:43:52.097700,45.65,133.92,0.1308,0.0,0.0,1,1
2026-05-21T16:43:55.203317,46.58,187.4,0.183,0.0,0.0,1,1
2026-05-21T16:43:58.318166,32.42,222.64,0.2174,0.0,0.0,1,1
2026-05-21T16:44:01.428773,42.51,175.06,0.171,0.0,0.0,1,1
2026-05-21T16:44:04.548717,39.66,168.33,0.1644,0.0,0.0,1,1
2026-05-21T16:44:07.654292,40.43,177.6,0.1734,0.0,0.0,1,1
2026-05-21T16:44:10.772087,41.55,167.18,0.1633,0.0,0.0,1,1
2026-05-21T16:44:13.858060,39.46,252.7,0.2468,0.0,0.0,1,1
2026-05-21T16:44:16.986540,38.57,144.86,0.1415,0.0,0.0,1,1
2026-05-21T16:44:20.090460,44.52,185.81,0.1815,0.0,0.0,1,1
2026-05-21T16:44:23.176512,40.45,231.64,0.2262,0.0,0.0,1,1
2026-05-21T16:44:26.279061,37.44,193.08,0.1886,0.0,0.0,1,1
2026-05-21T16:44:29.376509,41.98,193.5,0.189,0.0,0.0,1,1
2026-05-21T16:44:32.506544,32.28,174.01,0.1699,0.0,0.0,1,1
2026-05-21T16:44:35.603973,43.4,187.82,0.1834,0.0,0.0,1,1
2026-05-21T16:44:38.702181,38.74,221.76,0.2166,0.0,0.0,1,1
2026-05-21T16:44:41.807703,40.92,169.25,0.1653,0.0,0.0,1,1
2026-05-21T16:44:44.911778,39.57,173.71,0.1696,0.0,0.0,1,1
2026-05-21T16:44:48.004976,42.97,203.66,0.1989,0.0,0.0,1,1
2026-05-21T16:44:51.101869,31.11,191.65,0.1872,0.0,0.0,1,1
2026-05-21T16:44:54.180088,41.69,256.13,0.2501,0.0,0.0,1,1
2026-05-21T16:44:57.294562,40.81,160.22,0.1565,0.0,0.0,1,1
2026-05-21T16:45:00.337686,34.87,522.87,0.5106,0.0,0.0,1,1
2026-05-21T16:45:03.437335,36.54,190.8,0.1863,0.0,0.0,1,1
2026-05-21T16:45:06.554552,31.11,198.24,0.1936,0.0,0.0,1,1
2026-05-21T16:45:09.650721,41.11,200.0,0.1953,0.0,0.0,1,1
2026-05-21T16:45:12.762908,43.67,167.27,0.1634,0.0,0.0,1,1
2026-05-21T16:45:15.858558,41.31,202.6,0.1979,0.0,0.0,1,1
2026-05-21T16:45:18.964643,42.68,182.66,0.1784,0.0,0.0,1,1
2026-05-21T16:45:21.985071,35.51,8355.19,8.1594,0.0,0.0,1,1
2026-05-21T16:45:25.092358,34.42,184.09,0.1798,0.0,0.0,1,1
2026-05-21T16:45:28.212607,32.79,186.64,0.1823,0.0,0.0,1,1
2026-05-21T16:45:31.327688,45.96,160.96,0.1572,0.0,0.0,1,1
2026-05-21T16:45:34.423737,41.94,188.02,0.1836,0.0,0.0,1,1
2026-05-21T16:45:37.497588,39.1,248.1,0.2423,0.0,0.0,1,1
2026-05-21T16:45:40.620484,41.84,143.51,0.1401,0.0,0.0,1,1
2026-05-21T16:45:43.715650,45.52,185.7,0.1814,0.0,0.0,1,1
2026-05-21T16:45:46.806266,42.03,207.31,0.2024,0.0,0.0,1,1
2026-05-21T16:45:49.916928,38.91,166.28,0.1624,0.0,0.0,1,1
2026-05-21T16:45:53.039561,44.82,143.79,0.1404,0.0,0.0,1,1
2026-05-21T16:45:56.137375,46.18,189.6,0.1852,0.0,0.0,1,1
2026-05-21T16:45:59.240335,37.92,179.99,0.1758,0.0,0.0,1,1
2026-05-21T16:46:02.291558,39.86,6999.26,6.8352,0.0,0.0,1,1
2026-05-21T16:46:05.416507,36.82,178.61,0.1744,0.0,0.0,1,1
2026-05-21T16:46:08.511841,41.58,183.16,0.1789,0.0,0.0,1,1
2026-05-21T16:46:11.608651,43.23,188.79,0.1844,0.0,0.0,1,1
2026-05-21T16:46:14.695500,40.14,222.35,0.2171,0.0,0.0,1,1
2026-05-21T16:46:17.804554,41.84,161.41,0.1576,0.0,0.0,1,1
2026-05-21T16:46:20.927034,49.22,144.27,0.1409,0.0,0.0,1,1
2026-05-21T16:46:24.024910,46.55,183.49,0.1792,0.0,0.0,1,1
2026-05-21T16:46:27.110687,40.45,222.27,0.2171,0.0,0.0,1,1
2026-05-21T16:46:30.185829,38.84,250.65,0.2448,0.0,0.0,1,1
2026-05-21T16:46:33.287978,38.97,178.09,0.1739,0.0,0.0,1,1
2026-05-21T16:46:36.378610,41.58,200.66,0.196,0.0,0.0,1,1
2026-05-21T16:46:39.470885,40.66,194.26,0.1897,0.0,0.0,1,1
2026-05-21T16:46:42.526925,40.04,1405.66,1.3727,0.0,0.0,1,1
2026-05-21T16:46:45.632138,34.5,173.32,0.1693,0.0,0.0,1,1
2026-05-21T16:46:48.725483,40.17,194.63,0.1901,0.0,0.0,1,1
2026-05-21T16:46:51.819284,36.14,194.23,0.1897,0.0,0.0,1,1
2026-05-21T16:46:54.912463,40.41,206.67,0.2018,0.0,0.0,1,1
2026-05-21T16:46:57.994262,41.85,228.67,0.2233,0.0,0.0,1,1
2026-05-21T16:47:01.109966,38.82,156.85,0.1532,0.0,0.0,1,1
2026-05-21T16:47:04.203732,42.71,194.72,0.1902,0.0,0.0,1,1
2026-05-21T16:47:08.275183,41.0,171.53,0.1675,0.0,25.0,0,1
2026-05-21T16:47:11.383167,40.22,150.37,0.1468,0.0,0.0,1,1
2026-05-21T16:47:14.475614,45.34,199.7,0.195,0.0,0.0,1,1
2026-05-21T16:47:17.572846,44.08,193.5,0.189,0.0,0.0,1,1
2026-05-21T16:47:20.662617,41.72,208.21,0.2033,0.0,0.0,1,1
2026-05-21T16:47:23.782657,43.23,148.59,0.1451,0.0,0.0,1,1
2026-05-21T16:47:26.877358,46.06,194.58,0.19,0.0,0.0,1,1
2026-05-21T16:47:29.979150,33.24,202.95,0.1982,0.0,0.0,1,1
2026-05-21T16:47:32.991557,31.7,8317.91,8.123,0.0,0.0,1,1
2026-05-21T16:47:36.109195,32.08,164.8,0.1609,0.0,0.0,1,1
2026-05-21T16:47:39.211648,43.84,181.69,0.1774,0.0,0.0,1,1
2026-05-21T16:47:42.305887,40.88,203.99,0.1992,0.0,0.0,1,1
2026-05-21T16:47:45.402973,38.99,189.47,0.185,0.0,0.0,1,1
2026-05-21T16:47:48.498193,41.72,195.28,0.1907,0.0,0.0,1,1
2026-05-21T16:47:51.618958,36.74,144.77,0.1414,0.0,0.0,1,1
2026-05-21T16:47:54.721364,44.12,157.29,0.1536,0.0,0.0,1,1
2026-05-21T16:47:57.811290,37.49,214.18,0.2092,0.0,0.0,1,1
2026-05-21T16:48:00.899769,38.37,236.61,0.2311,0.0,0.0,1,1
2026-05-21T16:48:04.007266,41.04,172.17,0.1681,0.0,0.0,1,1
2026-05-21T16:48:07.119563,42.27,165.46,0.1616,0.0,0.0,1,1
2026-05-21T16:48:10.215195,44.92,188.38,0.184,0.0,0.0,1,1
2026-05-21T16:48:13.304589,39.74,206.94,0.2021,0.0,0.0,1,1
2026-05-21T16:48:16.319194,26.3,7711.89,7.5311,0.0,0.0,1,1
2026-05-21T16:48:19.422103,32.97,175.9,0.1718,0.0,0.0,1,1
2026-05-21T16:48:22.525459,42.97,185.18,0.1808,0.0,0.0,1,1
2026-05-21T16:48:25.621706,37.1,196.13,0.1915,0.0,0.0,1,1
2026-05-21T16:48:28.713207,41.73,223.77,0.2185,0.0,0.0,1,1
2026-05-21T16:48:31.842725,30.93,206.12,0.2013,0.0,0.0,1,1
2026-05-21T16:48:34.941318,37.74,193.95,0.1894,0.0,0.0,1,1
2026-05-21T16:48:38.033246,40.85,190.43,0.186,0.0,0.0,1,1
2026-05-21T16:48:41.091395,36.82,843.22,0.8235,0.0,0.0,1,1
2026-05-21T16:48:44.204908,32.05,168.96,0.165,0.0,0.0,1,1
2026-05-21T16:48:47.307501,43.15,193.38,0.1888,0.0,0.0,1,1
2026-05-21T16:48:50.403522,40.28,190.0,0.1855,0.0,0.0,1,1
2026-05-21T16:48:53.501538,41.04,182.84,0.1785,0.0,0.0,1,1
2026-05-21T16:48:56.587183,31.21,214.79,0.2098,0.0,0.0,1,1
2026-05-21T16:48:59.681015,38.72,203.95,0.1992,0.0,0.0,1,1
2026-05-21T16:49:02.771978,40.96,203.4,0.1986,0.0,0.0,1,1
2026-05-21T16:49:05.865391,40.26,202.66,0.1979,0.0,0.0,1,1
2026-05-21T16:49:08.963235,38.11,183.92,0.1796,0.0,0.0,1,1
2026-05-21T16:49:12.087719,29.79,175.88,0.1718,0.0,0.0,1,1
2026-05-21T16:49:15.180545,40.4,201.03,0.1963,0.0,0.0,1,1
2026-05-21T16:49:18.264543,39.59,213.52,0.2085,0.0,0.0,1,1
2026-05-21T16:49:21.358673,41.61,191.1,0.1866,0.0,0.0,1,1
2026-05-21T16:49:24.471179,40.03,161.26,0.1575,0.0,0.0,1,1
2026-05-21T16:49:27.562843,43.44,201.08,0.1964,0.0,0.0,1,1
2026-05-21T16:49:30.646244,29.85,228.4,0.223,0.0,0.0,1,1
2026-05-21T16:49:33.662014,27.89,6566.43,6.4125,0.0,0.0,1,1
2026-05-21T16:49:36.768338,36.29,196.45,0.1918,0.0,0.0,1,1
2026-05-21T16:49:39.861352,41.1,209.8,0.2049,0.0,0.0,1,1
2026-05-21T16:49:42.920260,34.12,352.77,0.3445,0.0,0.0,1,1
2026-05-21T16:49:46.001624,34.71,236.37,0.2308,0.0,0.0,1,1
2026-05-21T16:49:49.098550,42.34,187.86,0.1835,0.0,0.0,1,1
2026-05-21T16:49:52.181918,37.18,229.11,0.2237,0.0,0.0,1,1
2026-05-21T16:49:55.271968,35.07,206.53,0.2017,0.0,0.0,1,1
2026-05-21T16:49:58.392984,30.12,202.72,0.198,0.0,0.0,1,1
2026-05-21T16:50:01.490006,41.38,201.65,0.1969,0.0,0.0,1,1
2026-05-21T16:50:04.606419,40.6,161.89,0.1581,0.0,0.0,1,1
2026-05-21T16:50:07.708363,42.47,198.25,0.1936,0.0,0.0,1,1
2026-05-21T16:50:10.809682,39.35,198.06,0.1934,0.0,0.0,1,1
2026-05-21T16:50:13.920287,39.01,176.38,0.1722,0.0,0.0,1,1
2026-05-21T16:50:17.029537,41.32,188.76,0.1843,0.0,0.0,1,1
2026-05-21T16:50:20.128194,41.89,185.91,0.1816,0.0,0.0,1,1
2026-05-21T16:50:23.229950,40.25,201.92,0.1972,0.0,0.0,1,1
2026-05-21T16:50:26.338049,38.8,182.17,0.1779,0.0,0.0,1,1
2026-05-21T16:50:29.454530,40.11,169.71,0.1657,0.0,0.0,1,1
2026-05-21T16:50:32.553331,40.27,205.57,0.2008,0.0,0.0,1,1
2026-05-21T16:50:35.645422,39.8,205.35,0.2005,0.0,0.0,1,1
2026-05-21T16:50:38.741309,40.82,188.01,0.1836,0.0,0.0,1,1
2026-05-21T16:50:41.856611,31.98,188.83,0.1844,0.0,0.0,1,1
2026-05-21T16:50:44.957731,39.03,196.16,0.1916,0.0,0.0,1,1
2026-05-21T16:50:48.000105,30.67,4264.67,4.1647,0.0,0.0,1,1
2026-05-21T16:50:51.098901,28.59,216.38,0.2113,0.0,0.0,1,1
2026-05-21T16:50:54.201570,40.16,190.45,0.186,0.0,0.0,1,1
2026-05-21T16:50:57.306762,41.46,179.93,0.1757,0.0,0.0,1,1
2026-05-21T16:51:00.408099,38.31,193.95,0.1894,0.0,0.0,1,1
2026-05-21T16:51:03.514485,41.48,187.04,0.1827,0.0,0.0,1,1
2026-05-21T16:51:06.622567,39.83,185.41,0.1811,0.0,0.0,1,1
2026-05-21T16:51:09.720866,40.01,212.23,0.2073,0.0,0.0,1,1
2026-05-21T16:51:12.819307,38.06,219.27,0.2141,0.0,0.0,1,1
2026-05-21T16:51:15.925982,40.38,182.1,0.1778,0.0,0.0,1,1
2026-05-21T16:51:19.029671,32.17,196.01,0.1914,0.0,0.0,1,1
2026-05-21T16:51:22.130235,42.27,195.34,0.1908,0.0,0.0,1,1
2026-05-21T16:51:25.235010,38.87,199.86,0.1952,0.0,0.0,1,1
2026-05-21T16:51:28.341548,39.66,190.74,0.1863,0.0,0.0,1,1
2026-05-21T16:51:31.449403,34.05,186.86,0.1825,0.0,0.0,1,1
2026-05-21T16:51:34.555596,37.55,187.5,0.1831,0.0,0.0,1,1
2026-05-21T16:51:37.666083,41.65,181.15,0.1769,0.0,0.0,1,1
2026-05-21T16:51:40.789618,43.33,157.52,0.1538,0.0,0.0,1,1
2026-05-21T16:51:43.901653,35.13,182.71,0.1784,0.0,0.0,1,1
2026-05-21T16:51:47.008632,41.26,190.33,0.1859,0.0,0.0,1,1
2026-05-21T16:51:50.108343,39.61,203.6,0.1988,0.0,0.0,1,1
2026-05-21T16:51:53.216614,38.09,179.72,0.1755,0.0,0.0,1,1
2026-05-21T16:51:56.319303,42.92,186.94,0.1826,0.0,0.0,1,1
2026-05-21T16:51:59.419991,40.19,208.61,0.2037,0.0,0.0,1,1
2026-05-21T16:52:02.514597,36.9,222.28,0.2171,0.0,0.0,1,1
2026-05-21T16:52:05.622387,41.24,167.64,0.1637,0.0,0.0,1,1
2026-05-21T16:52:08.728009,43.84,195.73,0.1911,0.0,0.0,1,1
2026-05-21T16:52:11.820341,39.09,231.17,0.2257,0.0,0.0,1,1
2026-05-21T16:52:14.846957,26.66,3571.9,3.4882,0.0,0.0,1,1
2026-05-21T16:52:17.876748,0.7,3587.17,3.5031,0.0,0.0,1,1
2026-05-21T16:52:20.917647,0.74,3078.39,3.0062,0.0,0.0,1,1
2026-05-21T16:52:23.956175,0.71,3458.15,3.3771,0.0,0.0,1,1
2026-05-21T16:52:26.996816,0.72,3570.76,3.4871,0.0,0.0,1,1
2026-05-21T16:52:30.036951,0.72,3484.73,3.4031,0.0,0.0,1,1
2026-05-21T16:52:33.090364,0.65,3446.78,3.366,0.0,0.0,1,1
2026-05-21T16:52:36.171816,0.63,3826.05,3.7364,0.0,0.0,1,1
2026-05-21T16:52:39.234605,0.69,4471.54,4.3667,0.0,0.0,1,1
2026-05-21T16:52:42.284579,0.67,3927.71,3.8357,0.0,0.0,1,1
2026-05-21T16:52:45.355783,0.72,3419.04,3.3389,0.0,0.0,1,1
2026-05-21T16:52:48.405252,0.69,3325.18,3.2473,0.0,0.0,1,1
2026-05-21T16:52:51.445363,0.71,2840.95,2.7744,0.0,0.0,1,1
2026-05-21T16:52:54.485076,0.68,3406.54,3.3267,0.0,0.0,1,1
2026-05-21T16:52:57.538140,0.73,3890.82,3.7996,0.0,0.0,1,1
2026-05-21T16:53:00.577718,0.67,3518.71,3.4362,0.0,0.0,1,1
2026-05-21T16:53:17.981813,0.55,8499.1,8.2999,0.0,0.0,1,1
2026-05-21T16:53:21.021776,0.66,8955.01,8.7451,0.0,0.0,1,1
2026-05-21T16:53:24.042818,0.77,3770.16,3.6818,0.0,0.0,1,1
2026-05-21T16:53:27.105909,1.21,3722.89,3.6356,0.0,0.0,1,1
2026-05-21T16:53:30.177810,0.62,3784.62,3.6959,0.0,0.0,1,1
2026-05-21T16:53:33.313033,27.84,203.38,0.1986,0.0,0.0,1,1
2026-05-21T16:53:36.385535,10.59,3671.16,3.5851,0.0,0.0,1,1
2026-05-21T16:53:39.489886,0.66,3764.24,3.676,0.0,0.0,1,1
2026-05-21T16:53:42.560089,0.57,5186.96,5.0654,0.0,0.0,1,1
2026-05-21T16:53:45.633421,0.6,3699.9,3.6132,0.0,0.0,1,1
2026-05-21T16:53:48.673788,0.64,3333.44,3.2553,0.0,0.0,1,1
2026-05-21T16:53:51.722942,1.06,4588.95,4.4814,0.0,0.0,1,1
2026-05-21T16:53:54.792663,0.64,5830.48,5.6938,0.0,0.0,1,1
2026-05-21T16:53:57.857346,0.64,3878.23,3.7873,0.0,0.0,1,1
2026-05-21T16:54:00.906969,0.68,4662.28,4.553,0.0,0.0,1,1
2026-05-21T16:54:03.975343,0.65,9349.24,9.1301,0.0,0.0,1,1
2026-05-21T16:54:06.994228,0.62,5509.76,5.3806,0.0,0.0,1,1
2026-05-21T16:54:10.081717,0.58,3765.93,3.6777,0.0,0.0,1,1
2026-05-21T16:54:13.152279,0.68,5295.84,5.1717,0.0,0.0,1,1
2026-05-21T16:54:16.194010,0.69,3727.44,3.6401,0.0,0.0,1,1
2026-05-21T16:54:19.276051,0.66,4416.22,4.3127,0.0,0.0,1,1
2026-05-21T16:54:22.365712,0.53,9130.46,8.9165,0.0,0.0,1,1
2026-05-21T16:54:25.405907,0.81,8542.37,8.3422,0.0,0.0,1,1
2026-05-21T16:54:28.446033,0.67,8132.44,7.9418,0.0,0.0,1,1
2026-05-21T16:54:31.489773,0.78,3384.89,3.3056,0.0,0.0,1,1
2026-05-21T16:54:34.571006,0.68,4459.65,4.3551,0.0,0.0,1,1
2026-05-21T16:54:37.665369,0.65,3744.5,3.6567,0.0,0.0,1,1
2026-05-21T16:54:40.737608,0.67,4051.98,3.957,0.0,0.0,1,1
2026-05-21T16:54:43.809599,0.67,3711.77,3.6248,0.0,0.0,1,1
2026-05-21T16:54:46.891993,0.69,3734.08,3.6466,0.0,0.0,1,1
2026-05-21T16:54:49.941140,0.74,3421.48,3.3413,0.0,0.0,1,1
2026-05-21T16:54:52.981600,0.74,3116.7,3.0437,0.0,0.0,1,1
2026-05-21T16:54:56.065532,0.65,3685.28,3.5989,0.0,0.0,1,1
2026-05-21T16:54:59.169745,0.62,3836.98,3.7471,0.0,0.0,1,1
2026-05-21T16:55:02.273554,0.66,3602.58,3.5181,0.0,0.0,1,1
2026-05-21T16:55:05.349503,5.3,2207.09,2.1554,0.0,0.0,1,1
2026-05-21T16:55:08.386949,0.66,3698.27,3.6116,0.0,0.0,1,1
2026-05-21T16:55:11.456335,0.57,4585.82,4.4783,0.0,0.0,1,1
2026-05-21T16:55:14.495912,0.69,4634.59,4.526,0.0,0.0,1,1
2026-05-21T16:55:17.547074,0.72,3432.33,3.3519,0.0,0.0,1,1
2026-05-21T16:55:20.576190,0.74,3744.91,3.6571,0.0,0.0,1,1
2026-05-21T16:55:23.627562,0.7,3610.72,3.5261,0.0,0.0,1,1
2026-05-21T16:55:26.689639,0.62,3942.48,3.8501,0.0,0.0,1,1
2026-05-21T16:55:29.761584,0.59,4043.19,3.9484,0.0,0.0,1,1
2026-05-21T16:55:32.877179,7.59,447.95,0.4374,0.0,0.0,1,1
2026-05-21T16:55:35.965692,0.57,9236.01,9.0195,0.0,0.0,1,1
2026-05-21T16:55:39.038216,0.56,7511.63,7.3356,0.0,0.0,1,1
2026-05-21T16:55:42.110502,0.57,6863.25,6.7024,0.0,0.0,1,1
2026-05-21T16:55:45.182268,0.54,7405.52,7.232,0.0,0.0,1,1
2026-05-21T16:55:48.255668,0.64,4925.78,4.8103,0.0,0.0,1,1
2026-05-21T16:55:51.329643,0.65,4489.49,4.3843,0.0,0.0,1,1
2026-05-21T16:55:54.398566,0.61,8661.44,8.4584,0.0,0.0,1,1
2026-05-21T16:55:57.473761,0.58,4101.51,4.0054,0.0,0.0,1,1
2026-05-21T16:56:00.543253,0.56,6096.37,5.9535,0.0,0.0,1,1
2026-05-21T16:56:03.615714,0.54,4728.64,4.6178,0.0,0.0,1,1
2026-05-21T16:56:06.689908,0.62,3749.52,3.6616,0.0,0.0,1,1
2026-05-21T16:56:09.758502,0.59,7259.72,7.0896,0.0,0.0,1,1
2026-05-21T16:56:12.829892,0.53,8802.32,8.596,0.0,0.0,1,1
2026-05-21T16:56:15.902202,0.57,6984.69,6.821,0.0,0.0,1,1
2026-05-21T16:56:18.974804,0.56,7371.36,7.1986,0.0,0.0,1,1
2026-05-21T16:56:22.049745,0.49,8330.3,8.1351,0.0,0.0,1,1
2026-05-21T16:56:25.085963,0.5,8144.28,7.9534,0.0,0.0,1,1
2026-05-21T16:56:28.158298,0.53,6952.85,6.7899,0.0,0.0,1,1
2026-05-21T16:56:31.263584,0.57,7168.22,7.0002,0.0,0.0,1,1
2026-05-21T16:56:34.302598,0.54,6347.79,6.199,0.0,0.0,1,1
2026-05-21T16:56:37.373961,0.53,7678.36,7.4984,0.0,0.0,1,1
2026-05-21T16:56:40.446071,0.51,7692.44,7.5122,0.0,0.0,1,1
2026-05-21T16:56:43.529618,0.54,634.3,0.6194,0.0,0.0,1,1
2026-05-21T16:56:46.590357,2.66,7296.03,7.125,0.0,0.0,1,1
2026-05-21T16:56:49.629926,0.52,8332.36,8.1371,0.0,0.0,1,1
2026-05-21T16:56:52.702044,0.57,8256.5,8.063,0.0,0.0,1,1
2026-05-21T16:56:55.773980,0.55,8326.16,8.131,0.0,0.0,1,1
2026-05-21T16:56:58.847101,0.55,3960.63,3.8678,0.0,0.0,1,1
2026-05-21T16:57:01.918336,0.54,7790.67,7.6081,0.0,0.0,1,1
2026-05-21T16:57:04.970406,6.72,4664.87,4.5555,0.0,0.0,1,1
2026-05-21T16:57:08.030960,0.53,6290.67,6.1432,0.0,0.0,1,1
2026-05-21T16:57:11.104058,0.55,5223.29,5.1009,0.0,0.0,1,1
2026-05-21T16:57:14.173790,0.55,8432.88,8.2352,0.0,0.0,1,1
2026-05-21T16:57:17.213927,0.56,8214.06,8.0215,0.0,0.0,1,1
2026-05-21T16:57:20.286032,0.54,7763.64,7.5817,0.0,0.0,1,1
2026-05-21T16:57:23.357758,0.52,8802.32,8.596,0.0,0.0,1,1
2026-05-21T16:57:26.398141,0.61,6614.32,6.4593,0.0,0.0,1,1
2026-05-21T16:57:29.470098,0.56,8087.35,7.8978,0.0,0.0,1,1
2026-05-21T16:57:32.541993,0.51,8097.11,7.9073,0.0,0.0,1,1
2026-05-21T16:57:35.583699,0.69,3335.76,3.2576,0.0,0.0,1,1
2026-05-21T16:57:38.654183,0.55,8905.1,8.6964,0.0,0.0,1,1
2026-05-21T16:57:41.729760,0.54,8348.95,8.1533,0.0,0.0,1,1
2026-05-21T16:57:44.797873,0.56,8735.86,8.5311,0.0,0.0,1,1
2026-05-21T16:57:47.870299,0.55,7797.92,7.6152,0.0,0.0,1,1
2026-05-21T16:57:50.942084,0.52,8054.35,7.8656,0.0,0.0,1,1
2026-05-21T16:57:54.013607,0.56,9871.85,9.6405,0.0,0.0,1,1
2026-05-21T16:57:57.088144,0.57,5318.5,5.1939,0.0,0.0,1,1
2026-05-21T16:58:00.243897,11.11,179.55,0.1753,0.0,0.0,1,1
2026-05-21T16:58:03.258261,19.75,7816.08,7.6329,0.0,0.0,1,1
2026-05-21T16:58:06.302035,0.61,8110.81,7.9207,0.0,0.0,1,1
2026-05-21T16:58:09.375236,0.57,3642.47,3.5571,0.0,0.0,1,1
2026-05-21T16:58:12.446228,0.57,7435.06,7.2608,0.0,0.0,1,1
2026-05-21T16:58:15.518110,0.61,7885.88,7.7011,0.0,0.0,1,1
2026-05-21T16:58:18.590031,0.63,7430.12,7.256,0.0,0.0,1,1
2026-05-21T16:58:21.639514,0.58,6751.39,6.5932,0.0,0.0,1,1
2026-05-21T16:58:24.702225,0.63,8326.16,8.131,0.0,0.0,1,1
2026-05-21T16:58:27.774146,0.6,6605.2,6.4504,0.0,0.0,1,1
2026-05-21T16:58:30.856624,0.68,724.56,0.7076,0.0,0.0,1,1
2026-05-21T16:58:33.918323,0.6,7002.18,6.8381,0.0,0.0,1,1
2026-05-21T16:58:36.991207,0.62,5680.45,5.5473,0.0,0.0,1,1
2026-05-21T16:58:40.063998,0.66,4906.34,4.7913,0.0,0.0,1,1
2026-05-21T16:58:43.134315,0.56,7182.03,7.0137,0.0,0.0,1,1
2026-05-21T16:58:46.206748,0.52,8359.35,8.1634,0.0,0.0,1,1
2026-05-21T16:58:49.277984,0.52,7589.78,7.4119,0.0,0.0,1,1
2026-05-21T16:58:52.331229,0.56,8566.36,8.3656,0.0,0.0,1,1
2026-05-21T16:58:55.421765,0.53,8779.29,8.5735,0.0,0.0,1,1
2026-05-21T16:58:58.463522,0.5,6391.32,6.2415,0.0,0.0,1,1
2026-05-21T16:59:01.565833,0.53,8170.06,7.9786,0.0,0.0,1,1
2026-05-21T16:59:04.637840,0.52,8278.91,8.0849,0.0,0.0,1,1
2026-05-21T16:59:07.678305,0.59,6519.22,6.3664,0.0,0.0,1,1
2026-05-21T16:59:10.750363,0.51,7067.07,6.9014,0.0,0.0,1,1
2026-05-21T16:59:13.821926,0.55,7657.33,7.4779,0.0,0.0,1,1
2026-05-21T16:59:16.893770,0.56,8783.88,8.578,0.0,0.0,1,1
2026-05-21T16:59:19.966482,0.52,7035.95,6.871,0.0,0.0,1,1
2026-05-21T16:59:23.037686,0.61,9253.84,9.037,0.0,0.0,1,1
2026-05-21T16:59:26.078177,0.7,6413.31,6.263,0.0,0.0,1,1
2026-05-21T16:59:29.127059,0.58,7200.52,7.0318,0.0,0.0,1,1
2026-05-21T16:59:32.167660,0.63,6104.14,5.9611,0.0,0.0,1,1
2026-05-21T16:59:35.209834,0.64,3711.77,3.6248,0.0,0.0,1,1
2026-05-21T16:59:38.225257,18.27,3238.53,3.1626,0.0,0.0,1,1
2026-05-21T16:59:41.241352,0.63,5768.34,5.6331,0.0,0.0,1,1
2026-05-21T16:59:44.268305,0.66,3432.68,3.3522,0.0,0.0,1,1
2026-05-21T16:59:47.327147,0.63,8021.62,7.8336,0.0,0.0,1,1
2026-05-21T16:59:50.343842,0.66,6558.72,6.405,0.0,0.0,1,1
2026-05-21T16:59:53.375756,0.63,3436.19,3.3557,0.0,0.0,1,1
2026-05-21T16:59:56.423112,0.66,7872.93,7.6884,0.0,0.0,1,1
2026-05-21T16:59:59.440584,0.62,6579.3,6.4251,0.0,0.0,1,1
2026-05-21T17:00:02.494110,0.62,7326.3,7.1546,0.0,0.0,1,1
2026-05-21T17:00:05.534624,0.59,6086.42,5.9438,0.0,0.0,1,1
2026-05-21T17:00:08.573801,0.56,10007.29,9.7727,0.0,0.0,1,1
2026-05-21T17:00:11.646517,0.56,6829.72,6.6697,0.0,0.0,1,1
2026-05-21T17:00:14.686997,0.54,4704.77,4.5945,0.0,0.0,1,1
2026-05-21T17:00:17.735766,0.53,7343.93,7.1718,0.0,0.0,1,1
2026-05-21T17:00:20.799859,0.5,2984.47,2.9145,0.0,0.0,1,1
2026-05-21T17:00:23.870019,0.54,8307.61,8.1129,0.0,0.0,1,1
2026-05-21T17:00:26.910211,0.52,8503.4,8.3041,0.0,0.0,1,1
2026-05-21T17:00:29.930871,0.52,9370.13,9.1505,0.0,0.0,1,1
2026-05-21T17:00:32.989837,0.51,8742.69,8.5378,0.0,0.0,1,1
2026-05-21T17:00:36.029879,0.52,8779.29,8.5735,0.0,0.0,1,1
2026-05-21T17:00:39.069846,0.52,8525.01,8.3252,0.0,0.0,1,1
2026-05-21T17:00:42.110978,0.58,5757.45,5.6225,0.0,0.0,1,1
2026-05-21T17:00:45.150166,0.6,7343.93,7.1718,0.0,0.0,1,1
2026-05-21T17:00:48.167998,0.62,5426.89,5.2997,0.0,0.0,1,1
2026-05-21T17:00:51.198612,0.63,7234.68,7.0651,0.0,0.0,1,1
2026-05-21T17:00:54.269936,0.6,7727.87,7.5468,0.0,0.0,1,1
2026-05-21T17:00:57.342428,0.62,7848.99,7.665,0.0,0.0,1,1
2026-05-21T17:01:00.413938,0.57,8553.26,8.3528,0.0,0.0,1,1
2026-05-21T17:01:03.486106,0.62,7548.8,7.3719,0.0,0.0,1,1
2026-05-21T17:01:06.558181,0.57,7055.18,6.8898,0.0,0.0,1,1
2026-05-21T17:01:09.598278,0.65,7805.17,7.6222,0.0,0.0,1,1
2026-05-21T17:01:12.722384,6.71,280.0,0.2734,0.0,0.0,1,1
2026-05-21T17:01:15.738911,25.63,7347.15,7.175,0.0,0.0,1,1
2026-05-21T17:01:18.814568,0.61,7095.46,6.9292,0.0,0.0,1,1
2026-05-21T17:01:21.885599,0.55,9658.73,9.4324,0.0,0.0,1,1
2026-05-21T17:01:24.959484,0.57,6145.5,6.0015,0.0,0.0,1,1
2026-05-21T17:01:28.080591,6.51,292.65,0.2858,0.0,0.0,1,1
2026-05-21T17:01:31.133908,6.84,8208.03,8.0157,0.0,0.0,1,1
2026-05-21T17:01:34.174104,0.65,8322.03,8.127,0.0,0.0,1,1
2026-05-21T17:01:37.245998,0.61,8336.5,8.1411,0.0,0.0,1,1
2026-05-21T17:01:40.318236,0.64,8291.19,8.0969,0.0,0.0,1,1
2026-05-21T17:01:43.390038,0.56,7076.01,6.9102,0.0,0.0,1,1
2026-05-21T17:01:46.462291,0.54,7506.58,7.3306,0.0,0.0,1,1
2026-05-21T17:01:49.501792,0.54,8916.94,8.7079,0.0,0.0,1,1
2026-05-21T17:01:52.574164,0.6,7956.94,7.7705,0.0,0.0,1,1
2026-05-21T17:01:55.645907,0.53,9049.2,8.8371,0.0,0.0,1,1
2026-05-21T17:01:58.718050,0.54,8154.18,7.9631,0.0,0.0,1,1
2026-05-21T17:02:01.757771,0.63,8971.77,8.7615,0.0,0.0,1,1
2026-05-21T17:02:04.830238,0.62,7230.0,7.0605,0.0,0.0,1,1
2026-05-21T17:02:07.901960,0.6,8380.23,8.1838,0.0,0.0,1,1
2026-05-21T17:02:10.975090,0.67,6096.37,5.9535,0.0,0.0,1,1
2026-05-21T17:02:14.047880,0.71,5460.44,5.3325,0.0,0.0,1,1
2026-05-21T17:02:17.119082,0.69,5939.89,5.8007,0.0,0.0,1,1
2026-05-21T17:02:20.190887,0.62,5104.89,4.9852,0.0,0.0,1,1
2026-05-21T17:02:23.262259,0.6,6968.73,6.8054,0.0,0.0,1,1
2026-05-21T17:02:26.311194,0.59,6350.2,6.2014,0.0,0.0,1,1
2026-05-21T17:02:29.374171,0.57,6581.88,6.4276,0.0,0.0,1,1
2026-05-21T17:02:32.424020,0.6,7742.14,7.5607,0.0,0.0,1,1
2026-05-21T17:02:35.485929,0.58,7697.74,7.5173,0.0,0.0,1,1
2026-05-21T17:02:38.558419,0.59,6306.04,6.1582,0.0,0.0,1,1
2026-05-21T17:02:41.630182,0.55,6740.54,6.5826,0.0,0.0,1,1
2026-05-21T17:02:44.670875,0.57,5168.58,5.0474,0.0,0.0,1,1
2026-05-21T17:02:47.742011,0.56,7151.41,6.9838,0.0,0.0,1,1
2026-05-21T17:02:50.813776,0.5,8909.83,8.701,0.0,0.0,1,1
2026-05-21T17:02:53.885985,0.48,8692.86,8.4891,0.0,0.0,1,1
2026-05-21T17:02:56.958108,0.5,8403.31,8.2064,0.0,0.0,1,1
2026-05-21T17:03:00.030400,0.56,7494.85,7.3192,0.0,0.0,1,1
2026-05-21T17:03:03.105728,0.65,3776.1,3.6876,0.0,0.0,1,1
2026-05-21T17:03:06.174573,0.57,5440.97,5.3134,0.0,0.0,1,1
2026-05-21T17:03:09.246163,0.57,9058.97,8.8467,0.0,0.0,1,1
2026-05-21T17:03:12.318835,0.47,7453.23,7.2785,0.0,0.0,1,1
2026-05-21T17:03:15.390647,0.55,5289.99,5.166,0.0,0.0,1,1
2026-05-21T17:03:18.430046,0.77,8283.0,8.0889,0.0,0.0,1,1
2026-05-21T17:03:21.502202,0.55,7116.53,6.9497,0.0,0.0,1,1
2026-05-21T17:03:24.574352,0.65,7133.17,6.966,0.0,0.0,1,1
2026-05-21T17:03:27.614129,0.61,7278.62,7.108,0.0,0.0,1,1
2026-05-21T17:03:30.654681,0.63,6186.29,6.0413,0.0,0.0,1,1
2026-05-21T17:03:33.726536,0.56,7044.81,6.8797,0.0,0.0,1,1
2026-05-21T17:03:36.797984,0.55,8166.08,7.9747,0.0,0.0,1,1
2026-05-21T17:03:39.870336,0.59,6348.99,6.2002,0.0,0.0,1,1
2026-05-21T17:03:42.941841,0.63,7601.82,7.4237,0.0,0.0,1,1
2026-05-21T17:03:46.014806,0.69,5883.65,5.7457,0.0,0.0,1,1
2026-05-21T17:03:49.089578,0.66,3726.2,3.6389,0.0,0.0,1,1
2026-05-21T17:03:52.126303,7.09,6973.07,6.8096,0.0,0.0,1,1
2026-05-21T17:03:55.198004,0.59,8332.36,8.1371,0.0,0.0,1,1
2026-05-21T17:03:58.270076,0.57,8336.5,8.1411,0.0,0.0,1,1
2026-05-21T17:04:01.342118,0.54,8439.24,8.2414,0.0,0.0,1,1
2026-05-21T17:04:04.381889,0.55,7934.37,7.7484,0.0,0.0,1,1
2026-05-21T17:04:07.454323,0.56,6099.7,5.9567,0.0,0.0,1,1
2026-05-21T17:04:10.526106,0.51,8355.19,8.1594,0.0,0.0,1,1
2026-05-21T17:04:13.597747,0.54,9037.01,8.8252,0.0,0.0,1,1
2026-05-21T17:04:16.670545,0.52,5387.67,5.2614,0.0,0.0,1,1
2026-05-21T17:04:19.709952,0.54,8661.44,8.4584,0.0,0.0,1,1
2026-05-21T17:04:22.781924,0.53,7876.63,7.692,0.0,0.0,1,1
2026-05-21T17:04:25.821959,0.7,8415.96,8.2187,0.0,0.0,1,1
2026-05-21T17:04:28.893976,0.56,8681.61,8.4781,0.0,0.0,1,1
2026-05-21T17:04:31.935423,0.77,6609.11,6.4542,0.0,0.0,1,1
2026-05-21T17:04:34.973930,0.58,8142.3,7.9515,0.0,0.0,1,1
2026-05-21T17:04:38.047655,0.57,5583.1,5.4522,0.0,0.0,1,1
2026-05-21T17:04:41.117974,0.6,8079.56,7.8902,0.0,0.0,1,1
2026-05-21T17:04:44.189520,0.51,11428.62,11.1608,0.0,0.0,1,1
2026-05-21T17:04:47.262178,0.5,8130.47,7.9399,0.0,0.0,1,1
2026-05-21T17:04:50.302080,0.51,10180.35,9.9417,0.0,0.0,1,1
2026-05-21T17:04:53.374361,0.57,7248.74,7.0789,0.0,0.0,1,1
2026-05-21T17:04:56.446079,0.52,8790.79,8.5848,0.0,0.0,1,1
2026-05-21T17:04:59.518054,0.48,8733.58,8.5289,0.0,0.0,1,1
2026-05-21T17:05:02.589746,0.51,9412.18,9.1916,0.0,0.0,1,1
2026-05-21T17:05:05.662661,0.5,4907.05,4.792,0.0,0.0,1,1
2026-05-21T17:05:08.734155,0.51,8811.56,8.605,0.0,0.0,1,1
2026-05-21T17:05:11.805788,0.47,8551.08,8.3507,0.0,0.0,1,1
2026-05-21T17:05:14.877764,0.51,8830.11,8.6232,0.0,0.0,1,1
2026-05-21T17:05:17.918259,0.74,7733.22,7.552,0.0,0.0,1,1
2026-05-21T17:05:20.991659,0.66,4848.91,4.7353,0.0,0.0,1,1
2026-05-21T17:05:24.065291,0.66,4150.21,4.0529,0.0,0.0,1,1
2026-05-21T17:05:27.134170,0.65,7949.4,7.7631,0.0,0.0,1,1
2026-05-21T17:05:30.205793,0.57,7858.18,7.674,0.0,0.0,1,1
2026-05-21T17:05:33.277858,0.59,8619.17,8.4172,0.0,0.0,1,1
2026-05-21T17:05:36.350487,0.62,7302.38,7.1312,0.0,0.0,1,1
2026-05-21T17:05:39.422150,0.63,7593.22,7.4153,0.0,0.0,1,1
2026-05-21T17:05:42.494116,0.62,6744.61,6.5865,0.0,0.0,1,1
2026-05-21T17:05:45.566422,0.6,6733.78,6.576,0.0,0.0,1,1
2026-05-21T17:05:48.642164,0.58,6583.17,6.4289,0.0,0.0,1,1
2026-05-21T17:05:51.677842,0.58,7799.73,7.6169,0.0,0.0,1,1
2026-05-21T17:05:54.750113,0.57,6689.48,6.5327,0.0,0.0,1,1
2026-05-21T17:05:57.789892,0.55,8120.63,7.9303,0.0,0.0,1,1
2026-05-21T17:06:00.862443,0.52,6137.63,5.9938,0.0,0.0,1,1
2026-05-21T17:06:03.902310,6.99,7987.25,7.8,0.0,0.0,1,1
2026-05-21T17:06:06.974969,0.54,6294.21,6.1467,0.0,0.0,1,1
2026-05-21T17:06:10.047775,0.55,5146.39,5.0258,0.0,0.0,1,1
2026-05-21T17:06:13.118025,0.57,7426.83,7.2528,0.0,0.0,1,1
2026-05-21T17:06:16.189702,0.47,9414.82,9.1942,0.0,0.0,1,1
2026-05-21T17:06:19.248835,0.55,6623.46,6.4682,0.0,0.0,1,1
2026-05-21T17:11:55.069987,0.63,7449.92,7.2753,0.0,0.0,1,1
2026-05-21T17:11:58.142460,0.57,6034.97,5.8935,0.0,0.0,1,1
2026-05-21T17:12:01.182396,0.61,6877.32,6.7161,0.0,0.0,1,1
2026-05-21T17:12:04.254526,0.56,6542.1,6.3888,0.0,0.0,1,1
2026-05-21T17:12:07.325996,0.56,7681.88,7.5018,0.0,0.0,1,1
2026-05-21T17:12:10.398438,0.59,6029.55,5.8882,0.0,0.0,1,1
2026-05-21T17:12:13.469995,0.58,7735.0,7.5537,0.0,0.0,1,1
2026-05-21T17:12:16.510722,0.6,4700.82,4.5906,0.0,0.0,1,1
2026-05-21T17:12:19.550459,6.97,6046.93,5.9052,0.0,0.0,1,1
2026-05-21T17:12:22.621865,0.56,8192.0,8.0,0.0,0.0,1,1
2026-05-21T17:12:25.694001,0.56,8120.63,7.9303,0.0,0.0,1,1
2026-05-21T17:12:28.743590,4.74,7526.79,7.3504,0.0,0.0,1,1
2026-05-21T17:12:31.805684,0.47,9401.63,9.1813,0.0,0.0,1,1
2026-05-21T17:12:34.878135,0.57,7889.59,7.7047,0.0,0.0,1,1
2026-05-21T17:12:37.950523,0.54,7358.43,7.186,0.0,0.0,1,1
2026-05-21T17:12:41.023101,0.55,5856.94,5.7197,0.0,0.0,1,1
2026-05-21T17:12:44.097433,0.62,3636.94,3.5517,0.0,0.0,1,1
2026-05-21T17:12:47.166427,0.63,6267.17,6.1203,0.0,0.0,1,1
2026-05-21T17:12:50.218537,0.56,7810.62,7.6276,0.0,0.0,1,1
2026-05-21T17:12:53.278159,0.75,7149.89,6.9823,0.0,0.0,1,1
2026-05-21T17:12:56.317949,0.98,7523.42,7.3471,0.0,0.0,1,1
2026-05-21T17:12:59.390011,0.57,8276.87,8.0829,0.0,0.0,1,1
2026-05-21T17:13:02.462723,0.6,4956.34,4.8402,0.0,0.0,1,1
2026-05-21T17:13:05.534594,0.59,7053.7,6.8884,0.0,0.0,1,1
2026-05-21T17:13:08.606027,0.59,7203.61,7.0348,0.0,0.0,1,1
2026-05-21T17:13:11.678398,0.59,7627.74,7.449,0.0,0.0,1,1
2026-05-21T17:13:14.754125,0.6,7484.82,7.3094,0.0,0.0,1,1
2026-05-21T17:13:17.789822,0.6,8258.54,8.065,0.0,0.0,1,1
2026-05-21T17:13:20.862083,0.56,7270.73,7.1003,0.0,0.0,1,1
2026-05-21T17:13:23.934079,0.52,9157.87,8.9432,0.0,0.0,1,1
2026-05-21T17:13:27.007290,0.58,5956.76,5.8171,0.0,0.0,1,1
2026-05-21T17:13:30.080227,0.5,5638.45,5.5063,0.0,0.0,1,1
2026-05-21T17:13:33.127047,0.49,8971.77,8.7615,0.0,0.0,1,1
2026-05-21T17:13:36.189707,0.5,9475.98,9.2539,0.0,0.0,1,1
2026-05-21T17:13:39.262401,0.59,5667.02,5.5342,0.0,0.0,1,1
2026-05-21T17:13:42.333905,0.56,8126.53,7.9361,0.0,0.0,1,1
2026-05-21T17:13:45.373959,0.68,8184.01,7.9922,0.0,0.0,1,1
2026-05-21T17:13:48.446040,0.58,7632.95,7.454,0.0,0.0,1,1
2026-05-21T17:13:51.518600,0.62,7090.96,6.9248,0.0,0.0,1,1
2026-05-21T17:13:54.590176,0.59,7327.9,7.1561,0.0,0.0,1,1
2026-05-21T17:13:57.630431,0.61,7557.3,7.3802,0.0,0.0,1,1
2026-05-21T17:14:00.702461,0.57,6706.86,6.5497,0.0,0.0,1,1
2026-05-21T17:14:03.741991,0.58,7825.19,7.6418,0.0,0.0,1,1
2026-05-21T17:14:06.814288,0.6,7137.72,6.9704,0.0,0.0,1,1
2026-05-21T17:14:09.886276,0.54,6220.7,6.0749,0.0,0.0,1,1
2026-05-21T17:14:12.926961,0.76,6957.17,6.7941,0.0,0.0,1,1
2026-05-21T17:14:15.966386,0.69,7015.35,6.8509,0.0,0.0,1,1
2026-05-21T17:14:19.037557,0.58,10180.35,9.9417,0.0,0.0,1,1
2026-05-21T17:14:22.081442,0.73,4847.51,4.7339,0.0,0.0,1,1
2026-05-21T17:14:25.150257,0.54,9320.68,9.1022,0.0,0.0,1,1
2026-05-21T17:14:28.221808,0.53,8754.09,8.5489,0.0,0.0,1,1
2026-05-21T17:14:31.261970,0.5,8188.0,7.9961,0.0,0.0,1,1
2026-05-21T17:14:34.333885,0.47,7938.12,7.7521,0.0,0.0,1,1
2026-05-21T17:14:37.373805,0.53,9983.47,9.7495,0.0,0.0,1,1
2026-05-21T17:14:40.445632,0.47,8921.68,8.7126,0.0,0.0,1,1
2026-05-21T17:14:43.495281,0.48,6571.57,6.4175,0.0,0.0,1,1
2026-05-21T17:14:46.558013,0.53,7812.44,7.6293,0.0,0.0,1,1
2026-05-21T17:14:49.598352,0.62,8093.21,7.9035,0.0,0.0,1,1
2026-05-21T17:14:52.669706,0.49,9287.14,9.0695,0.0,0.0,1,1
2026-05-21T17:14:55.741828,0.52,8654.74,8.4519,0.0,0.0,1,1
2026-05-21T17:14:58.814947,0.51,8390.71,8.194,0.0,0.0,1,1
2026-05-21T17:15:01.853835,5.28,8319.97,8.125,0.0,0.0,1,1
2026-05-21T17:15:04.925982,0.51,7983.45,7.7963,0.0,0.0,1,1
2026-05-21T17:15:07.999759,0.58,5350.73,5.2253,0.0,0.0,1,1
2026-05-21T17:15:11.069845,0.57,8933.55,8.7242,0.0,0.0,1,1
2026-05-21T17:15:14.173847,0.52,8692.86,8.4891,0.0,0.0,1,1
2026-05-21T17:15:17.245884,0.51,8616.96,8.415,0.0,0.0,1,1
2026-05-21T17:15:20.317802,0.54,8681.61,8.4781,0.0,0.0,1,1
2026-05-21T17:15:23.389967,0.51,8697.36,8.4935,0.0,0.0,1,1
2026-05-21T17:15:26.463015,0.5,3962.5,3.8696,0.0,0.0,1,1
2026-05-21T17:15:29.534008,0.55,7548.8,7.3719,0.0,0.0,1,1
2026-05-21T17:15:32.606082,0.56,8038.92,7.8505,0.0,0.0,1,1
2026-05-21T17:15:35.678389,0.6,7884.03,7.6992,0.0,0.0,1,1
2026-05-21T17:15:38.750163,0.61,7159.04,6.9913,0.0,0.0,1,1
2026-05-21T17:15:41.821959,0.66,8388.61,8.192,0.0,0.0,1,1
2026-05-21T17:15:44.894156,0.61,7847.15,7.6632,0.0,0.0,1,1
2026-05-21T17:15:47.934826,0.72,7453.23,7.2785,0.0,0.0,1,1
2026-05-21T17:15:50.975165,0.77,5545.27,5.4153,0.0,0.0,1,1
2026-05-21T17:15:54.047957,0.67,4381.05,4.2784,0.0,0.0,1,1
2026-05-21T17:15:57.119489,0.67,5047.3,4.929,0.0,0.0,1,1
2026-05-21T17:16:00.190124,0.62,8332.36,8.1371,0.0,0.0,1,1
2026-05-21T17:21:06.338380,0.56,7340.72,7.1687,0.0,0.0,1,1
2026-05-21T17:21:09.405978,0.63,7911.92,7.7265,0.0,0.0,1,1
2026-05-21T17:21:12.446345,0.59,6832.5,6.6724,0.0,0.0,1,1
2026-05-21T17:21:15.518358,0.67,6733.78,6.576,0.0,0.0,1,1
2026-05-21T17:21:18.558747,0.53,5256.84,5.1336,0.0,0.0,1,1
2026-05-21T17:21:21.631412,0.58,3711.77,3.6248,0.0,0.0,1,1
2026-05-21T17:21:24.702124,0.54,9135.43,8.9213,0.0,0.0,1,1
2026-05-21T17:21:27.774184,0.47,6034.97,5.8935,0.0,0.0,1,1
2026-05-21T17:21:30.845866,0.52,8168.07,7.9766,0.0,0.0,1,1
2026-05-21T17:21:33.917563,0.52,9947.95,9.7148,0.0,0.0,1,1
2026-05-21T17:21:36.990041,0.61,8278.91,8.0849,0.0,0.0,1,1
2026-05-21T17:21:40.063685,0.64,5877.46,5.7397,0.0,0.0,1,1
2026-05-21T17:21:43.134064,0.56,7296.03,7.125,0.0,0.0,1,1
2026-05-21T17:21:46.206305,0.58,6614.32,6.4593,0.0,0.0,1,1
2026-05-21T17:21:49.278242,0.65,7648.61,7.4693,0.0,0.0,1,1
2026-05-21T17:21:52.350019,0.57,7473.15,7.298,0.0,0.0,1,1
2026-05-21T17:21:55.421967,0.58,7763.64,7.5817,0.0,0.0,1,1
2026-05-21T17:21:58.494329,0.55,6106.36,5.9632,0.0,0.0,1,1
2026-05-21T17:22:01.520761,17.36,7195.89,7.0272,0.0,0.0,1,1
2026-05-21T17:22:04.606198,0.57,6384.02,6.2344,0.0,0.0,1,1
2026-05-21T17:22:07.678270,0.63,7339.11,7.1671,0.0,0.0,1,1
2026-05-21T17:22:10.749854,0.62,8044.7,7.8561,0.0,0.0,1,1
2026-05-21T17:22:13.790769,0.72,6912.74,6.7507,0.0,0.0,1,1
2026-05-21T17:22:16.862127,0.59,7155.99,6.9883,0.0,0.0,1,1
2026-05-21T17:22:19.934088,0.57,7569.24,7.3918,0.0,0.0,1,1
2026-05-21T17:22:23.007622,0.63,5619.57,5.4879,0.0,0.0,1,1
2026-05-21T17:22:26.133169,7.08,276.73,0.2702,0.0,0.0,1,1
2026-05-21T17:22:29.181896,1.57,8674.88,8.4716,0.0,0.0,1,1
2026-05-21T17:22:32.253720,0.56,8742.69,8.5378,0.0,0.0,1,1
2026-05-21T17:22:35.325930,0.51,8781.58,8.5758,0.0,0.0,1,1
2026-05-21T17:22:38.365842,0.58,8443.49,8.2456,0.0,0.0,1,1
2026-05-21T17:22:41.437775,0.51,8816.19,8.6096,0.0,0.0,1,1
2026-05-21T17:22:44.509850,0.51,8955.01,8.7451,0.0,0.0,1,1
2026-05-21T17:22:47.559652,6.83,8075.68,7.8864,0.0,0.0,1,1
2026-05-21T17:22:50.623889,0.48,6983.23,6.8196,0.0,0.0,1,1
2026-05-21T17:22:53.695063,0.49,6101.92,5.9589,0.0,0.0,1,1
2026-05-21T17:22:56.797921,0.53,9233.47,9.0171,0.0,0.0,1,1
2026-05-21T17:22:59.870786,0.56,4712.7,4.6022,0.0,0.0,1,1
2026-05-21T17:23:02.942309,0.62,7166.69,6.9987,0.0,0.0,1,1
2026-05-21T17:23:06.014136,0.63,7987.25,7.8,0.0,0.0,1,1
2026-05-21T17:23:09.118391,0.62,7506.58,7.3306,0.0,0.0,1,1
2026-05-21T17:23:12.171834,0.94,6877.32,6.7161,0.0,0.0,1,1
2026-05-21T17:23:15.211622,0.63,5883.65,5.7457,0.0,0.0,1,1
2026-05-21T17:23:18.247753,0.62,6480.19,6.3283,0.0,0.0,1,1
2026-05-21T17:23:21.310841,0.63,5042.75,4.9246,0.0,0.0,1,1
2026-05-21T17:23:24.383661,0.61,4055.9,3.9608,0.0,0.0,1,1
2026-05-21T17:23:27.454491,0.59,7345.54,7.1734,0.0,0.0,1,1
2026-05-21T17:23:30.528899,0.62,7112.0,6.9453,0.0,0.0,1,1
2026-05-21T17:23:33.598600,0.59,7351.98,7.1797,0.0,0.0,1,1
2026-05-21T17:23:36.672039,0.59,4663.58,4.5543,0.0,0.0,1,1
2026-05-21T17:23:39.741894,0.55,9010.32,8.7991,0.0,0.0,1,1
2026-05-21T17:23:40.396148,0.53,5468.45,5.3403,0.0,0.0,1,1
2026-05-21T17:27:12.029819,7.36,8486.2,8.2873,0.0,0.0,1,1
2026-05-21T17:27:15.102248,0.55,6537.0,6.3838,0.0,0.0,1,1
2026-05-21T17:27:18.174492,0.57,6670.86,6.5145,0.0,0.0,1,1
2026-05-21T17:27:21.246675,0.64,7169.75,7.0017,0.0,0.0,1,1
2026-05-21T17:27:24.318396,0.65,8071.79,7.8826,0.0,0.0,1,1
2026-05-21T17:27:27.391726,0.64,3623.2,3.5383,0.0,0.0,1,1
2026-05-21T17:27:30.462387,0.6,7198.98,7.0303,0.0,0.0,1,1
2026-05-21T17:27:33.534352,2.86,7321.5,7.1499,0.0,0.0,1,1
2026-05-21T17:27:34.210177,0.65,5701.69,5.5681,0.0,0.0,1,1
